Store,Date,Weekly_Sales,IsHoliday,Temperature,Fuel_Price,MarkDown1,MarkDown2,MarkDown3,MarkDown4,MarkDown5,CPI,Unemployment,Type,Size,WeekOfYear,Month,Quarter,Year,HolidayName,lag_1,lag_2,lag_52,rolling_mean_4,rolling_std_4
1,2011-02-04,1606629.58,False,42.27,2.989,,,,,,212.5668812,7.742,A,151315,5,2,1,2011,,1316899.31,1327405.42,1643690.9,1370012.7425,59611.18760559322
1,2011-02-11,1649614.93,True,36.39,3.022,,,,,,212.9367046,7.742,A,151315,6,2,1,2011,Super Bowl,1606629.58,1316899.31,1641957.44,1410487.0675,134799.00547446244
1,2011-02-18,1686842.78,False,57.36,3.045,,,,,,213.2478853,7.742,A,151315,7,2,1,2011,,1649614.93,1606629.58,1611968.17,1475137.31,177573.11444171303
1,2011-02-25,1456800.28,False,62.9,3.065,,,,,,213.535609,7.742,A,151315,8,2,1,2011,,1686842.78,1649614.93,1409727.59,1564996.65,168614.2774516193
1,2011-03-04,1636263.41,False,59.58,3.288,,,,,,213.8233327,7.742,A,151315,9,3,1,2011,,1456800.28,1686842.78,1554806.68,1599971.8924999998,100918.14784923608
1,2011-03-11,1553191.63,False,53.56,3.459,,,,,,214.1110564,7.742,A,151315,10,3,1,2011,,1636263.41,1456800.28,1439541.59,1607380.35,102642.7886173674
1,2011-03-18,1576818.06,False,62.76,3.488,,,,,,214.3627114,7.742,A,151315,11,3,1,2011,,1553191.63,1636263.41,1472515.79,1583274.525,100722.259369
1,2011-03-25,1541102.38,False,69.97,3.473,,,,,,214.5999389,7.742,A,151315,12,3,1,2011,,1576818.06,1553191.63,1404429.92,1555768.3450000002,74663.38536161272
1,2011-04-01,1495064.75,False,59.17,3.524,,,,,,214.8371664,7.682,A,151315,13,4,2,2011,,1541102.38,1576818.06,1594968.28,1576843.87,42298.79810902612
1,2011-04-08,1614259.35,False,67.84,3.622,,,,,,215.0743939,7.682,A,151315,14,4,2,2011,,1495064.75,1541102.38,1545418.53,1541544.205,34353.27399302004
1,2011-04-15,1559889.0,False,71.27,3.743,,,,,,215.2918561,7.682,A,151315,15,4,2,2011,,1614259.35,1495064.75,1466058.28,1556811.135,50859.13716288444
1,2011-04-22,1564819.81,False,72.99,3.807,,,,,,215.4599053,7.682,A,151315,16,4,2,2011,,1559889.0,1614259.35,1391256.12,1552578.87,49320.39279291069
1,2011-04-29,1455090.69,False,72.03,3.81,,,,,,215.6279544,7.682,A,151315,17,4,2,2011,,1564819.81,1559889.0,1425100.71,1558508.2275,48904.68656360464
1,2011-05-06,1629391.28,False,64.61,3.906,,,,,,215.7960035,7.682,A,151315,18,5,2,2011,,1455090.69,1564819.81,1603955.12,1548514.7125,66946.83452985478
1,2011-05-13,1604775.58,False,75.64,3.899,,,,,,215.9640526,7.682,A,151315,19,5,2,2011,,1629391.28,1455090.69,1494251.5,1552297.695,72127.32710260303
1,2011-05-20,1428218.27,False,67.63,3.907,,,,,,215.7339202,7.682,A,151315,20,5,2,2011,,1604775.58,1629391.28,1399662.07,1563519.34,77027.38296939983
1,2011-05-27,1466046.67,False,77.72,3.786,,,,,,215.5037878,7.682,A,151315,21,5,2,2011,,1428218.27,1604775.58,1432069.95,1529368.955,102370.806905867
1,2011-06-03,1635078.41,False,83.0,3.699,,,,,,215.2736553,7.682,A,151315,22,6,2,2011,,1466046.67,1428218.27,1615524.71,1532107.95,99836.18093564716
1,2011-06-10,1588948.32,False,83.13,3.648,,,,,,215.0435229,7.682,A,151315,23,6,2,2011,,1635078.41,1466046.67,1542561.09,1533529.7325,101706.3953188446
1,2011-06-17,1532114.86,False,86.41,3.637,,,,,,214.9980596,7.682,A,151315,24,6,2,2011,,1588948.32,1635078.41,1503284.06,1529572.9175,98260.19211085142
1,2011-06-24,1438830.15,False,83.58,3.594,,,,,,215.0910982,7.682,A,151315,25,6,2,2011,,1532114.86,1588948.32,1422711.6,1555547.065,73030.28506357533
1,2011-07-01,1488538.09,False,85.55,3.524,,,,,,215.1841368,7.962,A,151315,26,7,3,2011,,1438830.15,1532114.86,1492418.14,1548742.935,84513.5105789499
1,2011-07-08,1534849.64,False,85.83,3.48,,,,,,215.2771754,7.962,A,151315,27,7,3,2011,,1488538.09,1438830.15,1546074.18,1512107.855,63848.500850862445
1,2011-07-15,1455119.97,False,88.54,3.575,,,,,,215.3611087,7.962,A,151315,28,7,3,2011,,1534849.64,1488538.09,1448938.92,1498583.185,45132.98170164172
1,2011-07-22,1396926.82,False,85.77,3.651,,,,,,215.4222784,7.962,A,151315,29,7,3,2011,,1455119.97,1534849.64,1385065.2,1479334.4625,42401.189724443655
1,2011-07-29,1352219.79,False,86.83,3.682,,,,,,215.4834482,7.962,A,151315,30,7,3,2011,,1396926.82,1455119.97,1371986.6,1468858.63,58037.43221744261
1,2011-08-05,1624383.75,False,91.65,3.684,,,,,,215.544618,7.962,A,151315,31,8,3,2011,,1352219.79,1396926.82,1605491.78,1434779.0550000002,78902.25754504606
1,2011-08-12,1525147.09,False,90.76,3.638,,,,,,215.6057878,7.962,A,151315,32,8,3,2011,,1624383.75,1352219.79,1508237.76,1457162.5825,119175.5398666774
1,2011-08-19,1530761.43,False,89.94,3.554,,,,,,215.6693107,7.962,A,151315,33,8,3,2011,,1525147.09,1624383.75,1513080.49,1474669.3625,123828.10601510032
1,2011-08-26,1464693.46,False,87.96,3.523,,,,,,215.7332258,7.962,A,151315,34,8,3,2011,,1530761.43,1525147.09,1449142.92,1508128.015,113467.60320528776
1,2011-09-02,1550229.22,False,87.83,3.533,,,,,,215.7971409,7.962,A,151315,35,9,3,2011,,1464693.46,1530761.43,1540163.53,1536246.4325,65932.52931605662
1,2011-09-09,1540471.24,True,76.0,3.546,,,,,,215.861056,7.962,A,151315,36,9,3,2011,Labor Day,1550229.22,1464693.46,1507460.69,1517707.8,36940.95873296639
1,2011-09-16,1514259.78,False,79.94,3.526,,,,,,216.0410526,7.962,A,151315,37,9,3,2011,,1540471.24,1550229.22,1430378.67,1521538.8375,38721.342383566014
1,2011-09-23,1380020.27,False,75.8,3.467,,,,,,216.3758246,7.962,A,151315,38,9,3,2011,,1514259.78,1540471.24,1351791.03,1517413.425,38287.85456008505
1,2011-09-30,1394561.83,False,79.69,3.355,,,,,,216.7105965,7.962,A,151315,39,9,3,2011,,1380020.27,1514259.78,1453329.5,1496245.1275,78957.74497687885
1,2011-10-07,1630989.95,False,69.31,3.285,,,,,,217.0453684,7.866,A,151315,40,10,4,2011,,1394561.83,1380020.27,1508239.93,1457328.28,81792.63036397507
1,2011-10-14,1493525.93,False,71.74,3.274,,,,,,217.3552733,7.866,A,151315,41,10,4,2011,,1630989.95,1394561.83,1459409.1,1479957.9575,117285.00580521044
1,2011-10-21,1502562.78,False,63.71,3.353,,,,,,217.5159762,7.866,A,151315,42,10,4,2011,,1493525.93,1630989.95,1345454.0,1474774.495,115711.30667479931
1,2011-10-28,1445249.09,False,66.57,3.372,,,,,,217.6766791,7.866,A,151315,43,10,4,2011,,1502562.78,1493525.93,1384209.22,1505410.1225,96965.5925501134
1,2011-11-04,1697229.58,False,54.98,3.332,,,,,,217.837382,7.866,A,151315,44,11,4,2011,,1445249.09,1502562.78,1551659.28,1518081.9375,79365.57758354135
1,2011-11-11,1594938.89,False,59.11,3.297,10382.9,6115.67,215.07,2406.62,6551.42,217.9980849,7.866,A,151315,45,11,4,2011,,1697229.58,1445249.09,1494479.49,1534641.845,111273.5684345579
1,2011-11-18,1539483.7,False,62.25,3.308,6074.12,254.39,51.98,427.39,5988.57,218.2205088,7.866,A,151315,46,11,4,2011,,1594938.89,1697229.58,1483784.18,1559995.085,110332.05812747712
1,2011-11-25,2033320.66,True,60.14,3.236,410.31,98.0,55805.51,8.0,554.92,218.4676211,7.866,A,151315,47,11,4,2011,Thanksgiving,1539483.7,1594938.89,1955624.11,1569225.315,105358.0369114898
1,2011-12-02,1584083.95,False,48.91,3.172,5629.51,68.0,1398.11,2084.64,20475.32,218.7147333,7.866,A,151315,48,12,4,2011,,2033320.66,1539483.7,1548033.78,1716243.2075,221252.7136182967
1,2011-12-09,1799682.38,False,43.93,3.158,4640.65,19.0,105.02,3639.42,14461.82,218.9618456,7.866,A,151315,49,12,4,2011,,1584083.95,2033320.66,1682614.26,1687956.8,231489.6381882628
1,2011-12-16,1881176.67,False,51.63,3.159,5011.32,67.0,347.37,225.79,4011.37,219.1794533,7.866,A,151315,50,12,4,2011,,1799682.38,1584083.95,1891034.93,1739142.6725,226651.4631446424
1,2011-12-23,2270188.99,False,47.96,3.112,2725.36,40.48,634.7,24.9,2739.43,219.3577216,7.866,A,151315,51,12,4,2011,,1881176.67,1799682.38,2387950.2,1824565.915,187291.29446403368
1,2011-12-30,1497462.72,True,44.55,3.129,5762.1,46011.38,260.36,983.65,4735.78,219.5359898,7.866,A,151315,52,12,4,2011,Christmas,2270188.99,1881176.67,1367320.01,1883782.9975,286477.9322037641
1,2012-01-06,1550369.92,False,49.01,3.157,6277.39,21813.16,143.1,1450.13,8483.0,219.7142581,7.348,A,151315,1,1,1,2012,,1497462.72,2270188.99,1444732.28,1862127.69,318201.6369551573
1,2012-01-13,1459601.17,False,48.53,3.261,5183.29,8025.87,42.24,453.08,3719.38,219.8925263,7.348,A,151315,2,1,1,2012,,1550369.92,1497462.72,1391013.96,1799799.575,356609.5717631956
1,2012-01-20,1394393.84,False,54.11,3.268,4139.87,2807.19,33.88,500.62,3400.21,219.9856893,7.348,A,151315,3,1,1,2012,,1459601.17,1550369.92,1327405.42,1694405.7,385656.3269904229
1,2012-01-27,1319325.59,False,54.26,3.29,1164.46,1082.74,44.0,11.0,1222.19,220.0788523,7.348,A,151315,4,1,1,2012,,1394393.84,1459601.17,1316899.31,1475456.9125,65622.25371977451
1,2012-02-03,1636339.65,False,56.55,3.36,34577.06,3579.21,160.53,32403.87,5630.4,220.1720153,7.348,A,151315,5,2,1,2012,,1319325.59,1394393.84,1606629.58,1430922.63,98112.80171398
1,2012-02-10,1802477.43,True,48.02,3.409,13925.06,6927.23,101.64,8471.88,6886.04,220.2651783,7.348,A,151315,6,2,1,2012,Super Bowl,1636339.65,1319325.59,1649614.93,1452415.0625,135350.36507618325
1,2012-02-17,1819870.0,False,45.32,3.51,9873.33,11062.27,9.8,8409.31,3402.66,220.4257586,7.348,A,151315,7,2,1,2012,,1802477.43,1636339.65,1686842.78,1538134.1275,222156.21572786308
1,2012-02-24,1539387.83,False,57.25,3.555,9349.61,7556.01,3.2,1219.92,8143.59,220.636902,7.348,A,151315,8,2,1,2012,,1819870.0,1802477.43,1456800.28,1644503.1675,232031.96150547985
1,2012-03-02,1688420.76,False,60.96,3.63,15441.4,1569.0,10.8,25390.88,8067.61,220.8480454,7.348,A,151315,9,3,1,2012,,1539387.83,1819870.0,1636263.41,1699518.7275,135053.59847206002
1,2012-03-09,1675431.16,False,58.76,3.669,10331.04,151.88,6.0,671.43,5509.84,221.0591887,7.348,A,151315,10,3,1,2012,,1688420.76,1539387.83,1553191.63,1712539.005,129321.15310977964
1,2012-03-16,1677472.78,False,64.74,3.734,4298.16,7.5,2.02,2724.65,2017.69,221.2118132,7.348,A,151315,11,3,1,2012,,1675431.16,1688420.76,1576818.06,1680777.4375,114636.7671005024
1,2012-03-23,1511068.07,False,65.93,3.787,6118.56,9.48,4.97,426.72,3657.22,221.2864126,7.348,A,151315,12,3,1,2012,,1677472.78,1675431.16,1541102.38,1645178.1324999998,70757.10297962656
1,2012-03-30,1649604.63,False,67.61,3.845,10309.58,0.5,10.25,1654.17,2642.78,221.3610119,7.348,A,151315,13,3,1,2012,,1511068.07,1677472.78,1495064.75,1638098.1925,84878.58274285388
1,2012-04-06,1899676.88,False,70.43,3.891,10121.97,,77.98,3750.59,4510.72,221.4356112,7.143,A,151315,14,4,2,2012,,1649604.63,1511068.07,1614259.35,1628394.16,79239.059691568
1,2012-04-13,1621031.7,False,69.07,3.891,6186.19,3288.69,17.07,1822.55,1063.78,221.5102105,7.143,A,151315,15,4,2,2012,,1899676.88,1649604.63,1559889.0,1684455.59,160879.6494375326
1,2012-04-20,1521577.87,False,66.76,3.877,2230.8,612.02,19.75,275.13,5747.1,221.5640737,7.143,A,151315,16,4,2,2012,,1621031.7,1899676.88,1564819.81,1670345.32,164138.3726400529
1,2012-04-27,1468928.37,False,67.23,3.814,3221.25,,35.49,577.14,6222.25,221.6179368,7.143,A,151315,17,4,2,2012,,1521577.87,1621031.7,1455090.69,1672972.77,160788.79931627135
1,2012-05-04,1684519.99,False,75.55,3.749,21290.13,,69.89,4977.35,3261.04,221.6718,7.143,A,151315,18,5,2,2012,,1468928.37,1521577.87,1629391.28,1627803.705,191908.1233551689
1,2012-05-11,1611096.05,False,73.77,3.688,8351.4,,10.52,2443.14,3127.88,221.7256632,7.143,A,151315,19,5,2,2012,,1684519.99,1468928.37,1604775.58,1574014.4825,96978.99308632268
1,2012-05-18,1595901.87,False,70.33,3.63,6154.14,,45.11,1675.49,5508.18,221.742674,7.143,A,151315,20,5,2,2012,,1611096.05,1684519.99,1428218.27,1571530.57,95489.12664398884
1,2012-05-25,1555444.55,False,77.22,3.561,4039.39,,745.19,1429.96,3631.13,221.744944,7.143,A,151315,21,5,2,2012,,1595901.87,1611096.05,1466046.67,1590111.57,89577.14311157566
1,2012-06-01,1624477.58,False,77.95,3.501,6086.21,12.0,370.51,148.75,3690.85,221.7472139,7.143,A,151315,22,6,2,2012,,1555444.55,1595901.87,1635078.41,1611740.615,53905.36666878143
1,2012-06-08,1697230.96,False,78.3,3.452,8813.81,116.8,64.55,2652.04,7161.91,221.7494839,7.143,A,151315,23,6,2,2012,,1624477.58,1555444.55,1588948.32,1596730.0125000002,29896.966231018472
1,2012-06-15,1630607.0,False,79.35,3.393,5621.99,109.6,0.25,2420.28,3083.26,221.7626421,7.143,A,151315,24,6,2,2012,,1697230.96,1624477.58,1532114.86,1618263.74,59779.420941282624
1,2012-06-22,1527845.81,False,78.39,3.346,8624.56,171.25,3.05,2524.07,7063.68,221.8030211,7.143,A,151315,25,6,2,2012,,1630607.0,1697230.96,1438830.15,1626940.0225,57942.29551797378
1,2012-06-29,1540421.49,False,84.88,3.286,3965.73,161.6,,435.99,4212.97,221.8434,7.143,A,151315,26,6,2,2012,,1527845.81,1630607.0,1488538.09,1620040.3375,69736.56759614874
1,2012-07-06,1769854.16,False,81.57,3.227,12218.76,94.4,192.83,4066.01,6149.04,221.8837789,6.908,A,151315,27,7,3,2012,,1540421.49,1527845.81,1534849.64,1599026.315,79880.49776589034
1,2012-07-13,1527014.04,False,77.12,3.256,7218.13,45.2,36.24,3909.38,2596.37,221.9241579,6.908,A,151315,28,7,3,2012,,1769854.16,1540421.49,1455119.97,1617182.115,111597.71473643936
1,2012-07-20,1497954.76,False,80.42,3.311,3213.0,313.72,9.53,2262.02,3228.19,221.9327267,6.908,A,151315,29,7,3,2012,,1527014.04,1769854.16,1396926.82,1591283.875,119204.76594882054
1,2012-07-27,1439123.71,False,82.66,3.407,7146.9,389.02,1.59,10267.54,4325.19,221.9412954,6.908,A,151315,30,7,3,2012,,1497954.76,1527014.04,1352219.79,1583811.1124999998,125288.86033609518
1,2012-08-03,1631135.79,False,86.11,3.417,27584.78,119.98,30.23,12007.04,4661.71,221.9498642,6.908,A,151315,31,8,3,2012,,1439123.71,1497954.76,1624383.75,1558486.6675,145577.4371439765
1,2012-08-10,1592409.97,False,85.05,3.494,11436.22,245.0,6.85,6964.26,4836.22,221.9584329,6.908,A,151315,32,8,3,2012,,1631135.79,1439123.71,1525147.09,1523807.075,80352.0424686347
1,2012-08-17,1597868.05,False,84.85,3.571,3662.06,137.86,4.84,2752.2,3446.15,222.0384109,6.908,A,151315,33,8,3,2012,,1592409.97,1631135.79,1530761.43,1540156.0575,87552.39926157038
1,2012-08-24,1494122.38,False,77.66,3.62,6237.83,260.06,2.97,3463.03,7988.25,222.1719457,6.908,A,151315,34,8,3,2012,,1597868.05,1592409.97,1464693.46,1565134.38,85732.77482455326
1,2012-08-31,1582083.4,False,80.49,3.638,21442.73,102.32,21.7,13209.64,3032.96,222.3054805,6.908,A,151315,35,8,3,2012,,1494122.38,1597868.05,1550229.22,1578884.0475,59042.71843917039
1,2012-09-07,1661767.33,True,83.96,3.73,5204.68,35.74,50.94,4120.32,2737.17,222.4390153,6.908,A,151315,36,9,3,2012,Labor Day,1582083.4,1494122.38,1540471.24,1566620.95,48773.574891247714
1,2012-09-14,1517428.87,False,74.97,3.717,17212.52,7.0,18.79,1523.11,7992.72,222.5820193,6.908,A,151315,37,9,3,2012,,1661767.33,1582083.4,1514259.78,1583960.29,69093.49716391067
1,2012-09-21,1506126.06,False,69.87,3.721,6352.3,7.64,4.69,1010.06,6456.71,222.7818386,6.908,A,151315,38,9,3,2012,,1517428.87,1661767.33,1380020.27,1563850.495,75137.92360330603
1,2012-09-28,1437059.26,False,76.08,3.666,3666.27,7.64,1.65,1417.96,4744.28,222.9816579,6.908,A,151315,39,9,3,2012,,1506126.06,1517428.87,1394561.83,1566851.415,71580.26027120216
1,2012-10-05,1670785.97,False,68.55,3.617,8077.89,,18.22,3617.43,3626.14,223.1814772,6.573,A,151315,40,10,4,2012,,1437059.26,1506126.06,1630989.95,1530595.38,94387.8361130258
1,2012-10-12,1573072.81,False,62.99,3.601,2086.18,,8.11,602.36,5926.45,223.3812965,6.573,A,151315,41,10,4,2012,,1670785.97,1437059.26,1493525.93,1532850.04,98580.21760505742
1,2012-10-19,1508068.77,False,67.97,3.594,950.33,,4.93,80.25,2312.85,223.4257233,6.573,A,151315,42,10,4,2012,,1573072.81,1670785.97,1502562.78,1546761.025,99599.48901609964
1,2012-10-26,1493659.74,False,69.16,3.506,2585.85,31.75,6.0,1057.16,1305.01,223.4442513,6.573,A,151315,43,10,4,2012,,1508068.77,1573072.81,1445249.09,1547246.7025,99339.6888168776
2,2011-02-04,1929346.23,False,38.25,2.989,,,,,,212.2240646,8.028,A,202307,5,2,1,2011,,1695371.68,1751384.9,2136989.46,1737250.2374999998,28486.69427207372
2,2011-02-11,2168041.61,True,33.19,3.022,,,,,,212.5928624,8.028,A,202307,6,2,1,2011,Super Bowl,1929346.23,1695371.68,2137809.5,1780074.0975,102578.67007116695
2,2011-02-18,2080884.82,False,57.83,3.045,,,,,,212.9033115,8.028,A,202307,7,2,1,2011,,2168041.61,1929346.23,2124451.54,1886036.105,212827.58416643043
2,2011-02-25,1833511.08,False,60.8,3.065,,,,,,213.190421,8.028,A,202307,8,2,1,2011,,2080884.82,2168041.61,1865097.27,1968411.085,207025.9783662865
2,2011-03-04,1981607.78,False,57.77,3.288,,,,,,213.4775305,8.028,A,202307,9,3,1,2011,,1833511.08,2080884.82,1991013.13,2002945.935,149951.25692894365
2,2011-03-11,1879107.31,False,52.7,3.459,,,,,,213.7646401,8.028,A,202307,10,3,1,2011,,1981607.78,1833511.08,1990483.78,2016011.3225,143540.61126190796
2,2011-03-18,1902557.66,False,62.32,3.488,,,,,,214.0156238,8.028,A,202307,11,3,1,2011,,1879107.31,1981607.78,1946070.88,1943777.7475,110409.03365285513
2,2011-03-25,1766162.05,False,69.42,3.473,,,,,,214.2521573,8.028,A,202307,12,3,1,2011,,1902557.66,1879107.31,1750197.81,1899195.9575,61970.60169156294
2,2011-04-01,1800171.36,False,55.43,3.524,,,,,,214.4886908,7.931,A,202307,13,4,2,2011,,1766162.05,1902557.66,2066187.72,1882358.7,89014.25143216562
2,2011-04-08,1847552.61,False,67.0,3.622,,,,,,214.7252242,7.931,A,202307,14,4,2,2011,,1800171.36,1766162.05,1954689.21,1836999.595,64408.06425676737
2,2011-04-15,1856467.84,False,69.48,3.743,,,,,,214.9420631,7.931,A,202307,15,4,2,2011,,1847552.61,1800171.36,1874957.94,1829110.92,59258.13000187725
2,2011-04-22,1886339.6,False,69.39,3.807,,,,,,215.1096657,7.931,A,202307,16,4,2,2011,,1856467.84,1847552.61,1821990.93,1817588.465,42259.07197399124
2,2011-04-29,1745545.28,False,69.21,3.81,,,,,,215.2772683,7.931,A,202307,17,4,2,2011,,1886339.6,1856467.84,1802450.29,1847632.8525000005,35725.19659542002
2,2011-05-06,1837743.6,False,61.48,3.906,,,,,,215.4448709,7.931,A,202307,18,5,2,2011,,1745545.28,1886339.6,2042581.71,1833976.3325,61243.084099126005
2,2011-05-13,1838513.07,False,74.61,3.899,,,,,,215.6124735,7.931,A,202307,19,5,2,2011,,1837743.6,1745545.28,1880752.36,1831524.08,60712.35150083381
2,2011-05-20,1688281.86,False,67.14,3.907,,,,,,215.3834778,7.931,A,202307,20,5,2,2011,,1838513.07,1837743.6,1896937.1,1827035.3875,58889.81307245669
2,2011-05-27,1797732.56,False,76.42,3.786,,,,,,215.1544822,7.931,A,202307,21,5,2,2011,,1688281.86,1838513.07,1957113.89,1777520.9525,73785.42071687311
2,2011-06-03,1933756.21,False,83.07,3.699,,,,,,214.9254865,7.931,A,202307,22,6,2,2011,,1797732.56,1688281.86,2102539.93,1790567.7725000002,70800.31150721275
2,2011-06-10,1929153.16,False,83.4,3.648,,,,,,214.6964908,7.931,A,202307,23,6,2,2011,,1933756.21,1797732.56,2025538.76,1814570.925,101670.73807506217
2,2011-06-17,1953771.99,False,86.53,3.637,,,,,,214.6513538,7.931,A,202307,24,6,2,2011,,1929153.16,1933756.21,2001636.96,1837230.9475,117633.28997889422
2,2011-06-24,1790925.8,False,85.17,3.594,,,,,,214.7441108,7.931,A,202307,25,6,2,2011,,1953771.99,1929153.16,1939927.09,1903603.48,71385.11602994426
2,2011-07-01,1866243.0,False,85.69,3.524,,,,,,214.8368678,7.852,A,202307,26,7,3,2011,,1790925.8,1953771.99,2003940.64,1901901.79,74751.87677674592
2,2011-07-08,1853161.99,False,87.7,3.48,,,,,,214.9296249,7.852,A,202307,27,7,3,2011,,1866243.0,1790925.8,1880902.62,1885023.4875,72757.28163911181
2,2011-07-15,1785187.29,False,89.83,3.575,,,,,,215.0134426,7.852,A,202307,28,7,3,2011,,1853161.99,1866243.0,1845879.79,1866025.695,67094.28351961674
2,2011-07-22,1743816.41,False,89.34,3.651,,,,,,215.0749122,7.852,A,202307,29,7,3,2011,,1785187.29,1853161.99,1781717.71,1823879.52,41773.85071719179
2,2011-07-29,1680693.06,False,90.07,3.682,,,,,,215.1363819,7.852,A,202307,30,7,3,2011,,1743816.41,1785187.29,1804246.16,1812102.1725,57747.9987408434
2,2011-08-05,1876704.26,False,93.34,3.684,,,,,,215.1978515,7.852,A,202307,31,8,3,2011,,1680693.06,1743816.41,1991909.98,1765714.6875,72421.04819012512
2,2011-08-12,1812768.26,False,91.58,3.638,,,,,,215.2593211,7.852,A,202307,32,8,3,2011,,1876704.26,1680693.06,1895601.05,1771600.255,82193.91610268831
2,2011-08-19,1844094.59,False,89.86,3.554,,,,,,215.3229307,7.852,A,202307,33,8,3,2011,,1812768.26,1876704.26,1964335.23,1778495.4975,84828.33483363302
2,2011-08-26,1821139.91,False,90.45,3.523,,,,,,215.386897,7.852,A,202307,34,8,3,2011,,1844094.59,1812768.26,1863840.49,1803565.0425,85973.27618297774
2,2011-09-02,1809119.7,False,89.64,3.533,,,,,,215.4508632,7.852,A,202307,35,9,3,2011,,1821139.91,1844094.59,1904608.09,1838676.755,28602.06937930284
2,2011-09-09,1748000.65,True,77.97,3.546,,,,,,215.5148295,7.852,A,202307,36,9,3,2011,Labor Day,1809119.7,1821139.91,1839128.83,1821780.615,15703.98351252478
2,2011-09-16,1691439.52,False,78.85,3.526,,,,,,215.6944378,7.852,A,202307,37,9,3,2011,,1748000.65,1809119.7,1793903.6,1805588.7125,41042.23499828007
2,2011-09-23,1669299.78,False,75.58,3.467,,,,,,216.0282356,7.852,A,202307,38,9,3,2011,,1691439.52,1748000.65,1724557.22,1767424.945,59930.06509853218
2,2011-09-30,1650394.44,False,78.14,3.355,,,,,,216.3620333,7.852,A,202307,39,9,3,2011,,1669299.78,1691439.52,1827440.43,1729464.9125,62594.54816479537
2,2011-10-07,1837553.43,False,69.92,3.285,,,,,,216.6958311,7.441,A,202307,40,10,4,2011,,1650394.44,1669299.78,1849921.44,1689783.5975,42281.04299033163
2,2011-10-14,1743882.19,False,71.67,3.274,,,,,,217.0048261,7.441,A,202307,41,10,4,2011,,1837553.43,1650394.44,1794355.49,1712171.7925,85254.19419381292
2,2011-10-21,1834680.25,False,64.53,3.353,,,,,,217.1650042,7.441,A,202307,42,10,4,2011,,1743882.19,1837553.43,1737947.64,1725282.46,85035.28024751584
2,2011-10-28,1769296.25,False,65.87,3.372,,,,,,217.3251824,7.441,A,202307,43,10,4,2011,,1834680.25,1743882.19,1802755.11,1766627.5775,88861.57342156269
2,2011-11-04,1959707.9,False,55.53,3.332,,,,,,217.4853605,7.441,A,202307,44,11,4,2011,,1769296.25,1834680.25,1939061.41,1796353.03,47087.53248779263
2,2011-11-11,1920725.15,False,59.33,3.297,10797.64,20445.0,443.32,4754.07,4787.16,217.6455387,7.441,A,202307,45,11,4,2011,,1959707.9,1769296.25,1916812.74,1826891.6475,96451.40245166398
2,2011-11-18,1902762.5,False,62.01,3.308,6490.92,1217.76,152.12,873.82,7656.42,217.8670218,7.441,A,202307,46,11,4,2011,,1920725.15,1959707.9,1956739.17,1871102.3875,85643.48026608427
2,2011-11-25,2614202.3,True,56.36,3.236,919.71,62.0,77451.26,23.0,1589.43,218.1130269,7.441,A,202307,47,11,4,2011,Thanksgiving,1902762.5,1920725.15,2658725.29,1888122.95,82707.13304272229
2,2011-12-02,1954952.0,False,48.74,3.172,8010.99,83.47,1897.27,4444.0,28238.93,218.3590319,7.441,A,202307,48,12,4,2011,,2614202.3,1902762.5,2015781.27,2099349.4625,344057.305837425
2,2011-12-09,2290549.32,False,41.76,3.158,11472.59,40.0,306.43,4160.55,8899.08,218.605037,7.441,A,202307,49,12,4,2011,,1954952.0,2614202.3,2378726.55,2098160.4875,344708.32871338114
2,2011-12-16,2432736.52,False,50.13,3.159,4908.83,61.03,341.49,469.8,4744.27,218.8217928,7.441,A,202307,50,12,4,2011,,2290549.32,1954952.0,2609166.75,2190616.53,330559.71742437314
2,2011-12-23,3224369.8,False,46.66,3.112,2971.04,15.18,1501.75,88.76,6437.61,218.9995495,7.441,A,202307,51,12,4,2011,,2432736.52,2290549.32,3436007.68,2323110.035,278898.55494585814
2,2011-12-30,1874226.52,True,44.57,3.129,8321.44,92523.94,139.53,1515.4,3027.69,219.1773063,7.441,A,202307,52,12,4,2011,Christmas,3224369.8,2432736.52,1750434.55,2475651.91,537838.7535943049
2,2012-01-06,1799520.14,False,46.75,3.157,5886.72,37454.29,121.16,2388.92,7103.97,219.355063,7.057,A,202307,1,1,1,2012,,1874226.52,3224369.8,1758050.79,2455470.54,564731.9503640534
2,2012-01-13,1744725.48,False,45.99,3.261,4414.72,12092.63,98.38,708.18,4245.6,219.5328198,7.057,A,202307,2,1,1,2012,,1799520.14,1874226.52,1744193.58,2332713.245,658169.4391357914
2,2012-01-20,1711769.11,False,51.7,3.268,6552.26,4355.69,105.97,1703.1,3376.03,219.6258417,7.057,A,202307,3,1,1,2012,,1744725.48,1799520.14,1751384.9,2160710.485,711089.8185870441
2,2012-01-27,1660906.14,False,50.5,3.29,1920.15,1507.56,86.09,43.4,2613.53,219.7188636,7.057,A,202307,4,1,1,2012,,1711769.11,1744725.48,1695371.68,1782560.3125,71023.93551465256
2,2012-02-03,1935299.94,False,55.21,3.36,75149.79,3818.85,221.4,48159.86,7423.61,219.8118854,7.057,A,202307,5,2,1,2012,,1660906.14,1711769.11,1929346.23,1729230.2175,58177.44753871312
2,2012-02-10,2103322.68,True,46.98,3.409,13510.89,6674.42,94.07,14114.9,9577.83,219.9049073,7.057,A,202307,6,2,1,2012,Super Bowl,1935299.94,1660906.14,2168041.61,1763175.1675,119817.72964315444
2,2012-02-17,2196688.46,False,43.82,3.51,13942.54,14273.24,15.76,4927.14,6650.08,220.0651993,7.057,A,202307,7,2,1,2012,,2103322.68,1935299.94,2080884.82,1852824.4675,205167.2621217871
2,2012-02-24,1861802.7,False,54.63,3.555,13048.36,12059.1,10.2,5299.73,10380.03,220.275944,7.057,A,202307,8,2,1,2012,,2196688.46,2103322.68,1833511.08,1974054.305,235116.9594032808
2,2012-03-02,1952555.66,False,58.79,3.63,23901.27,2144.7,9.0,9799.63,4929.53,220.4866886,7.057,A,202307,9,3,1,2012,,1861802.7,2196688.46,1981607.78,2024278.445,153067.2471218476
2,2012-03-09,1937628.26,False,57.11,3.669,11784.91,368.32,3.0,2498.17,7746.0,220.6974332,7.057,A,202307,10,3,1,2012,,1952555.66,1861802.7,1879107.31,2028592.375,149934.75246733596
2,2012-03-16,1976082.13,False,63.68,3.734,5965.99,230.42,3.0,2650.77,2073.81,220.8498468,7.057,A,202307,11,3,1,2012,,1937628.26,1952555.66,1902557.66,1987168.77,145221.07459534466
2,2012-03-23,1790439.16,False,64.01,3.787,6008.98,139.93,6.63,1650.49,5263.08,220.9244858,7.057,A,202307,12,3,1,2012,,1976082.13,1937628.26,1766162.05,1932017.1875,49413.58247707559
2,2012-03-30,1857480.84,False,66.83,3.845,14369.3,164.77,17.0,1017.31,3470.49,220.9991248,7.057,A,202307,13,3,1,2012,,1790439.16,1976082.13,1800171.36,1914176.3025,83996.39140111212
2,2012-04-06,2129035.91,False,68.43,3.891,12132.59,1.3,32.58,4874.69,5535.13,221.0737638,6.891,A,202307,14,4,2,2012,,1857480.84,1790439.16,1847552.61,1890407.5975,82961.38929585351
2,2012-04-13,1935869.1,False,68.08,3.891,8994.04,6573.08,20.21,4162.2,1966.38,221.1484028,6.891,A,202307,15,4,2,2012,,2129035.91,1857480.84,1856467.84,1938259.51,148551.04036629136
2,2012-04-20,1847344.45,False,65.69,3.877,7311.02,2236.2,33.53,878.07,4080.32,221.2021074,6.891,A,202307,16,4,2,2012,,1935869.1,2129035.91,1886339.6,1928206.2525,146484.50010448328
2,2012-04-27,1764133.09,False,67.2,3.814,3076.68,,38.32,108.71,2708.9,221.255812,6.891,A,202307,17,4,2,2012,,1847344.45,1935869.1,1745545.28,1942432.575,130540.45686137618
2,2012-05-04,1923957.09,False,76.73,3.749,23731.47,,78.09,7931.42,4443.52,221.3095166,6.891,A,202307,18,5,2,2012,,1764133.09,1847344.45,1837743.6,1919095.6375,156543.80760346274
2,2012-05-11,1917520.99,False,73.87,3.688,16519.5,,117.38,5131.02,3634.25,221.3632212,6.891,A,202307,19,5,2,2012,,1923957.09,1764133.09,1838513.07,1867825.9325,79482.23322826592
2,2012-05-18,2000940.67,False,71.27,3.63,9262.12,,42.67,3694.8,4612.01,221.380331,6.891,A,202307,20,5,2,2012,,1917520.99,1923957.09,1688281.86,1863238.9050000005,74627.60661714405
2,2012-05-25,1912791.09,False,78.19,3.561,10701.32,,1030.53,3595.04,14920.27,221.3828029,6.891,A,202307,21,5,2,2012,,2000940.67,1917520.99,1797732.56,1901637.96,99195.14721498152
2,2012-06-01,1910092.37,False,78.38,3.501,13091.33,21.0,245.37,2993.15,5521.72,221.3852748,6.891,A,202307,22,6,2,2012,,1912791.09,2000940.67,1933756.21,1938802.46,41677.46988116187
2,2012-06-08,2010216.49,False,78.69,3.452,12162.04,463.6,78.39,3610.78,10877.64,221.3877467,6.891,A,202307,23,6,2,2012,,1910092.37,1912791.09,1929153.16,1935336.28,43843.89402295024
2,2012-06-15,1962924.3,False,80.56,3.393,8573.41,195.0,0.19,4455.38,5288.61,221.4009901,6.891,A,202307,24,6,2,2012,,2010216.49,1910092.37,1953771.99,1958510.1550000005,54492.83895181237
2,2012-06-22,1887733.21,False,81.04,3.346,12126.02,314.0,60.99,6058.6,36430.33,221.4411622,6.891,A,202307,25,6,2,2012,,1962924.3,2010216.49,1790925.8,1949006.0625,47491.16923880376
2,2012-06-29,1881046.12,False,86.32,3.286,8495.34,275.8,,1935.16,5686.13,221.4813343,6.891,A,202307,26,6,2,2012,,1887733.21,1962924.3,1866243.0,1942741.5925,54930.554186759415
2,2012-07-06,2041507.4,False,84.2,3.227,12355.5,295.05,100.15,6720.4,5506.53,221.5215064,6.565,A,202307,27,7,3,2012,,1881046.12,1887733.21,1853161.99,1935480.03,62133.01802630569
2,2012-07-13,1830075.13,False,80.17,3.256,8354.65,342.25,20.53,5674.44,5012.22,221.5616784,6.565,A,202307,28,7,3,2012,,2041507.4,1881046.12,1785187.29,1943302.7575,75261.81028206338
2,2012-07-20,1819666.46,False,83.23,3.311,6961.58,241.2,24.97,3401.36,2453.42,221.5701123,6.565,A,202307,29,7,3,2012,,1830075.13,2041507.4,1743816.41,1910090.465,91316.82113677503
2,2012-07-27,1757923.88,False,86.37,3.407,6999.14,197.72,2.53,6319.33,5007.01,221.5785461,6.565,A,202307,30,7,3,2012,,1819666.46,1830075.13,1680693.06,1893073.7775,102525.88076967324
2,2012-08-03,1946104.64,False,90.22,3.417,27650.68,164.58,43.02,21801.9,6652.98,221.5869799,6.565,A,202307,31,8,3,2012,,1757923.88,1819666.46,1876704.26,1862293.2175,123646.9806026559
2,2012-08-10,1866719.96,False,88.55,3.494,5554.54,142.3,13.43,4187.43,5286.19,221.5954138,6.565,A,202307,32,8,3,2012,,1946104.64,1757923.88,1812768.26,1838442.5275,78521.62571522701
2,2012-08-17,1928016.01,False,84.79,3.571,4774.16,330.78,10.53,4253.28,4927.26,221.6751459,6.565,A,202307,33,8,3,2012,,1866719.96,1946104.64,1844094.59,1847603.735,79353.27355424261
2,2012-08-24,1876788.15,False,76.91,3.62,4759.7,211.38,6.62,2972.88,5102.26,221.8083518,6.565,A,202307,34,8,3,2012,,1928016.01,1866719.96,1821139.91,1874691.1225,84934.41089309762
2,2012-08-31,1947083.3,False,82.64,3.638,17500.26,73.22,21.38,12878.62,4756.5,221.9415576,6.565,A,202307,35,8,3,2012,,1876788.15,1928016.01,1809119.7,1904407.19,38640.18803394637
2,2012-09-07,1898777.07,True,87.65,3.73,10658.86,149.28,60.97,2920.9,3275.57,222.0747635,6.565,A,202307,36,9,3,2012,Labor Day,1947083.3,1876788.15,1748000.65,1904651.855,38993.70025306185
2,2012-09-14,1814806.63,False,75.88,3.717,8325.93,,37.32,1808.69,9314.55,222.2174395,6.565,A,202307,37,9,3,2012,,1898777.07,1947083.3,1691439.52,1912666.1325,31092.849356907594
2,2012-09-21,1829415.67,False,71.09,3.721,6707.94,3.82,15.55,1001.42,7607.94,222.4169362,6.565,A,202307,38,9,3,2012,,1814806.63,1898777.07,1669299.78,1884363.7875,54884.9354063588
2,2012-09-28,1746470.56,False,79.45,3.666,7106.05,1.91,1.65,1549.1,3946.03,222.6164329,6.565,A,202307,39,9,3,2012,,1829415.67,1814806.63,1650394.44,1872520.6675,61746.62142337662
2,2012-10-05,1998321.04,False,70.27,3.617,6037.76,,10.04,3027.37,3853.4,222.8159296,6.17,A,202307,40,10,4,2012,,1746470.56,1829415.67,1837553.43,1822367.4825,62464.95375931513
2,2012-10-12,1900745.13,False,60.97,3.601,2145.5,,33.31,586.83,10421.01,223.0154263,6.17,A,202307,41,10,4,2012,,1998321.04,1746470.56,1743882.19,1847253.475,107004.03448562964
2,2012-10-19,1847990.41,False,68.08,3.594,4461.89,,1.14,1579.67,2642.29,223.0598077,6.17,A,202307,42,10,4,2012,,1900745.13,1998321.04,1834680.25,1868738.1,106945.14660520726
2,2012-10-26,1834458.35,False,69.79,3.506,6152.59,129.77,200.0,272.29,2924.15,223.0783366,6.17,A,202307,43,10,4,2012,,1847990.41,1900745.13,1769296.25,1873381.785,105055.14590750595
3,2011-02-04,438516.53,False,45.95,2.989,,,,,,215.8863367,7.551,B,37392,5,2,1,2011,,364866.2400000001,350876.7,461622.22,368761.345,13858.651305196812
3,2011-02-11,430526.21,True,43.57,3.022,,,,,,216.2660913,7.551,B,37392,6,2,1,2011,Super Bowl,438516.53,364866.2400000001,420728.96,383830.1425,38487.34659944429
3,2011-02-18,432782.1,False,61.58,3.045,,,,,,216.5843571,7.551,B,37392,7,2,1,2011,,430526.21,438516.53,421642.19,396196.42,44739.92769911825
3,2011-02-25,397211.19,False,67.4,3.065,,,,,,216.8780275,7.551,B,37392,8,2,1,2011,,432782.1,430526.21,407204.86,416672.77,34701.079303392326
3,2011-03-04,437084.51,False,65.11,3.288,,,,,,217.1716979,7.551,B,37392,9,3,1,2011,,397211.19,432782.1,415202.04,424759.0075,18670.67497700473
3,2011-03-11,404753.3,False,61.29,3.459,,,,,,217.4653683,7.551,B,37392,10,3,1,2011,,437084.51,397211.19,384200.69,424401.0025,18329.55926466184
3,2011-03-18,392109.51,False,69.47,3.488,,,,,,217.7235226,7.551,B,37392,11,3,1,2011,,404753.3,437084.51,375328.59,417957.775,19919.60134016809
3,2011-03-25,380683.67,False,72.94,3.473,,,,,,217.9674705,7.551,B,37392,12,3,1,2011,,392109.51,404753.3,359949.27,407789.6275,20208.73449881888
3,2011-04-01,374556.08,False,68.76,3.524,,,,,,218.2114184,7.574,B,37392,13,4,2,2011,,380683.67,392109.51,423294.4,403657.7475,24356.50982690295
3,2011-04-08,384075.31,False,72.55,3.622,,,,,,218.4553663,7.574,B,37392,14,4,2,2011,,374556.08,380683.67,415870.28,388025.64,13314.48050466097
3,2011-04-15,366250.69,False,75.88,3.743,,,,,,218.6788642,7.574,B,37392,15,4,2,2011,,384075.31,374556.08,354993.26,382856.1425,7319.422876845539
3,2011-04-22,391860.04,False,76.91,3.807,,,,,,218.851237,7.574,B,37392,16,4,2,2011,,366250.69,384075.31,339976.65,376391.4375,7824.501122369246
3,2011-04-29,367405.4,False,78.69,3.81,,,,,,219.0236099,7.574,B,37392,17,4,2,2011,,391860.04,366250.69,361248.39,379185.53,11154.894969124489
3,2011-05-06,413042.12,False,69.45,3.906,,,,,,219.1959827,7.574,B,37392,18,5,2,2011,,367405.4,391860.04,399323.86,377397.86,12620.77182948012
3,2011-05-13,386312.68,False,79.87,3.899,,,,,,219.3683556,7.574,B,37392,19,5,2,2011,,413042.12,367405.4,384357.94,384639.5625,22315.97004215045
3,2011-05-20,364603.13,False,75.79,3.907,,,,,,219.127216,7.574,B,37392,20,5,2,2011,,386312.68,413042.12,343763.17,389655.06,18779.73541190957
3,2011-05-27,369350.6,False,84.41,3.786,,,,,,218.8860765,7.574,B,37392,21,5,2,2011,,364603.13,386312.68,350089.23,382840.8325,22323.66353343069
3,2011-06-03,394507.84,False,84.29,3.699,,,,,,218.6449369,7.574,B,37392,22,6,2,2011,,369350.6,364603.13,396968.8,383327.1325,21892.355639533715
3,2011-06-10,391638.75,False,84.84,3.648,,,,,,218.4037974,7.574,B,37392,23,6,2,2011,,394507.84,369350.6,355017.09,378693.5625,14070.934115393971
3,2011-06-17,403423.34,False,86.96,3.637,,,,,,218.3551748,7.574,B,37392,24,6,2,2011,,391638.75,394507.84,364076.85,380025.08,15236.017996394798
3,2011-06-24,385520.71,False,84.94,3.594,,,,,,218.45094,7.574,B,37392,25,6,2,2011,,403423.34,391638.75,357346.48,389730.1325,14483.30747531411
3,2011-07-01,368962.72,False,85.1,3.524,,,,,,218.5467052,7.567,B,37392,26,7,3,2011,,385520.71,403423.34,381151.72,393772.66,7445.901888184087
3,2011-07-08,395146.24,False,85.38,3.48,,,,,,218.6424704,7.567,B,37392,27,7,3,2011,,368962.72,385520.71,349214.18,387386.38,14354.775152111051
3,2011-07-15,373454.33,False,87.14,3.575,,,,,,218.7275216,7.567,B,37392,28,7,3,2011,,395146.24,368962.72,352728.78,388263.25250000006,14801.304718173433
3,2011-07-22,360617.37,False,86.19,3.651,,,,,,218.7857881,7.567,B,37392,29,7,3,2011,,373454.33,395146.24,352864.49,380771.0,11862.776608492584
3,2011-07-29,345381.29,False,88.07,3.682,,,,,,218.8440545,7.567,B,37392,30,7,3,2011,,360617.37,373454.33,347955.05,374545.165,14727.993503222571
3,2011-08-05,409981.25,False,88.45,3.684,,,,,,218.9023209,7.567,B,37392,31,8,3,2011,,345381.29,360617.37,402635.76,368649.8075,21064.095284941428
3,2011-08-12,380376.85,False,88.88,3.638,,,,,,218.9605873,7.567,B,37392,32,8,3,2011,,409981.25,345381.29,339597.38,372358.56000000006,27581.975720858
3,2011-08-19,379716.91,False,88.44,3.554,,,,,,219.023271,7.567,B,37392,33,8,3,2011,,380376.85,409981.25,351728.21,374089.19,27889.11433900092
3,2011-08-26,366367.55,False,87.67,3.523,,,,,,219.0866908,7.567,B,37392,34,8,3,2011,,379716.91,380376.85,362134.09,378864.075,26409.539230327995
3,2011-09-02,375988.69,False,89.12,3.533,,,,,,219.1501106,7.567,B,37392,35,9,3,2011,,366367.55,379716.91,366473.97,384110.64,18415.136487838823
3,2011-09-09,377347.49,True,81.72,3.546,,,,,,219.2135305,7.567,B,37392,36,9,3,2011,Labor Day,375988.69,366367.55,352260.97,375612.5,6458.994549958961
3,2011-09-16,375629.51,False,83.63,3.526,,,,,,219.3972867,7.567,B,37392,37,9,3,2011,,377347.49,375988.69,363064.64,374855.16,5864.376513162584
3,2011-09-23,365248.94,False,80.19,3.467,,,,,,219.7414914,7.567,B,37392,38,9,3,2011,,375629.51,377347.49,355626.87,373833.31,5031.866149332651
3,2011-09-30,368477.93,False,82.58,3.355,,,,,,220.085696,7.567,B,37392,39,9,3,2011,,365248.94,375629.51,358784.1,373553.6575,5585.697350396337
3,2011-10-07,403342.4,False,75.54,3.285,,,,,,220.4299007,7.197,B,37392,40,10,4,2011,,368477.93,365248.94,395107.35,371675.9675,5754.151895355632
3,2011-10-14,368282.57,False,73.75,3.274,,,,,,220.7486167,7.197,B,37392,41,10,4,2011,,403342.4,368477.93,345584.39,378174.695,17330.067661307618
3,2011-10-21,394976.36,False,69.03,3.353,,,,,,220.9144005,7.197,B,37392,42,10,4,2011,,368282.57,403342.4,348895.98,376337.96,18063.550074916067
3,2011-10-28,389540.62,False,71.04,3.372,,,,,,221.0801842,7.197,B,37392,43,10,4,2011,,394976.36,368282.57,348591.74,383769.815,18095.756767471743
3,2011-11-04,459443.22,False,59.31,3.332,,,,,,221.245968,7.197,B,37392,44,11,4,2011,,389540.62,394976.36,423175.56,389035.4875,14954.6030254709
3,2011-11-11,407764.25,False,61.7,3.297,8787.59,2006.62,200.01,570.57,1005.33,221.4117517,7.197,B,37392,45,11,4,2011,,459443.22,389540.62,386635.03,403060.6925,39313.50914672573
3,2011-11-18,398838.97,False,63.91,3.308,1383.53,23.27,19.95,865.09,2926.05,221.6432852,7.197,B,37392,46,11,4,2011,,407764.25,459443.22,372545.32,412931.1125,31935.14724622524
3,2011-11-25,556925.1900000001,True,68.0,3.236,41.74,10.47,37612.74,,135.16,221.9011185,7.197,B,37392,47,11,4,2011,Thanksgiving,398838.97,407764.25,565567.84,413896.765,31262.577697172743
3,2011-12-02,472511.32,False,54.97,3.172,850.86,18.94,781.71,394.29,7297.1,222.1589519,7.197,B,37392,48,12,4,2011,,556925.1900000001,398838.97,476420.77,455742.9075,72552.40929381935
3,2011-12-09,468772.8,False,49.26,3.158,4059.38,6.47,123.42,833.44,3018.08,222.4167852,7.197,B,37392,49,12,4,2011,,472511.32,556925.1900000001,467642.03,459009.9325,73066.97799230431
3,2011-12-16,510747.62,False,57.95,3.159,1864.61,,170.36,187.42,1500.38,222.6426418,7.197,B,37392,50,12,4,2011,,468772.8,472511.32,498159.39,474262.07,64691.66003033097
3,2011-12-23,551221.21,False,53.41,3.112,89.98,0.24,411.52,,586.66,222.8258628,7.197,B,37392,51,12,4,2011,,510747.62,468772.8,605990.41,502239.2325,41096.21836384544
3,2011-12-30,410553.88,True,48.29,3.129,1449.16,14356.07,66.66,81.43,777.35,223.0090839,7.197,B,37392,52,12,4,2011,Christmas,551221.21,510747.62,382677.76,500813.2375000001,38588.61583673434
3,2012-01-06,398178.21,False,52.42,3.157,3824.22,9389.98,15.0,415.36,1476.85,223.1923049,6.833,B,37392,1,1,1,2012,,410553.88,551221.21,378241.34,485323.8775,60147.91713180325
3,2012-01-13,367438.62,False,51.86,3.261,3927.76,3323.64,,226.97,1725.19,223.3755259,6.833,B,37392,2,1,1,2012,,398178.21,410553.88,381061.1,467675.23,75117.34369011229
3,2012-01-20,365818.61,False,56.2,3.268,720.82,1629.26,1.46,16.05,799.5,223.4700552,6.833,B,37392,3,1,1,2012,,367438.62,398178.21,350876.7,431847.98,81620.3116119703
3,2012-01-27,349518.1,False,58.06,3.29,774.55,349.99,,4.0,328.72,223.5645845,6.833,B,37392,4,1,1,2012,,365818.61,367438.62,364866.2400000001,385497.33,22375.6150245416
3,2012-02-03,424960.66,False,59.33,3.36,9667.5,268.29,0.6,8368.15,804.24,223.6591137,6.833,B,37392,5,2,1,2012,,349518.1,365818.61,438516.53,370238.385,20308.75941244564
3,2012-02-10,473292.47,True,51.65,3.409,8687.47,1594.87,2.2,2144.87,2577.83,223.753643,6.833,B,37392,6,2,1,2012,Super Bowl,424960.66,349518.1,430526.21,376933.9975,33024.7673711825
3,2012-02-17,475591.08,False,52.39,3.51,2706.87,3128.74,1.88,2396.68,1631.28,223.9170153,6.833,B,37392,7,2,1,2012,,473292.47,424960.66,432782.1,403397.46,56761.0177806102
3,2012-02-24,418925.47,False,60.12,3.555,6129.28,1802.84,,301.48,1929.71,224.1320199,6.833,B,37392,8,2,1,2012,,475591.08,473292.47,397211.19,430840.5775,59027.36491769128
3,2012-03-02,469752.56,False,61.65,3.63,3552.58,601.32,,2666.22,1524.87,224.3470245,6.833,B,37392,9,3,1,2012,,418925.47,475591.08,437084.51,448192.42,30424.595942527445
3,2012-03-09,445162.05,False,60.71,3.669,8368.5,298.46,1.39,1340.29,1416.22,224.5620291,6.833,B,37392,10,3,1,2012,,469752.56,418925.47,404753.3,459390.395,27083.29437443961
3,2012-03-16,411775.8,False,64.0,3.734,2588.06,80.89,3.2,909.76,491.83,224.7166953,6.833,B,37392,11,3,1,2012,,445162.05,469752.56,392109.51,452357.79,25896.347762486803
3,2012-03-23,413907.25,False,66.53,3.787,737.08,36.1,1.43,92.11,583.9,224.7909104,6.833,B,37392,12,3,1,2012,,411775.8,445162.05,380683.67,436403.97,26463.03799688278
3,2012-03-30,407488.84,False,69.36,3.845,825.1,99.83,1.25,113.25,388.39,224.8651254,6.833,B,37392,13,3,1,2012,,413907.25,411775.8,374556.08,435149.415,27659.75388893694
3,2012-04-06,503232.13,False,73.01,3.891,4433.71,,24.45,1282.3,1062.83,224.9393405,6.664,B,37392,14,4,2,2012,,407488.84,413907.25,384075.31,419583.485,17260.002066142268
3,2012-04-13,420789.74,False,72.83,3.891,5359.22,1673.42,3.0,682.03,1371.55,225.0135556,6.664,B,37392,15,4,2,2012,,503232.13,407488.84,366250.69,434101.005,46164.64119159054
3,2012-04-20,434822.13,False,72.05,3.877,2784.82,130.68,1.75,425.29,904.8,225.0689541,6.664,B,37392,16,4,2,2012,,420789.74,503232.13,391860.04,436354.49,44914.67654739814
3,2012-04-27,394616.11,False,73.39,3.814,1178.7,,2.95,36.5,351.97,225.1243526,6.664,B,37392,17,4,2,2012,,434822.13,420789.74,367405.4,441583.21,42587.54121520591
3,2012-05-04,439913.57,False,79.51,3.749,2430.23,,30.92,1159.71,1432.53,225.1797511,6.664,B,37392,18,5,2,2012,,394616.11,434822.13,413042.12,438365.0275,46343.46995557723
3,2012-05-11,431985.36,False,75.19,3.688,3794.95,,0.25,813.77,618.46,225.2351496,6.664,B,37392,19,5,2,2012,,439913.57,394616.11,386312.68,422535.3875,20293.665757085266
3,2012-05-18,418112.76,False,72.38,3.63,3208.73,,0.3,143.23,805.06,225.2512024,6.664,B,37392,20,5,2,2012,,431985.36,439913.57,364603.13,425334.2925,20739.79932272956
3,2012-05-25,413701.29,False,78.58,3.561,3032.03,,291.17,536.82,580.87,225.2515168,6.664,B,37392,21,5,2,2012,,418112.76,431985.36,369350.6,421156.95,19855.717376566143
3,2012-06-01,432268.53,False,81.55,3.501,2664.55,10.0,220.03,618.49,1940.77,225.2518313,6.664,B,37392,22,6,2,2012,,413701.29,418112.76,394507.84,425928.245,12149.872315325028
3,2012-06-08,446336.8,False,81.65,3.452,5770.48,28.6,30.18,283.7,2093.48,225.2521458,6.664,B,37392,23,6,2,2012,,432268.53,413701.29,391638.75,424016.985,9536.883334564942
3,2012-06-15,442074.79,False,84.66,3.393,2014.47,31.8,1.0,631.17,835.34,225.2644795,6.664,B,37392,24,6,2,2012,,446336.8,432268.53,403423.34,427604.845,14787.884851982752
3,2012-06-22,419497.95,False,82.7,3.346,1843.45,11.2,0.51,421.71,1743.54,225.3068615,6.664,B,37392,25,6,2,2012,,442074.79,446336.8,385520.71,433595.3525,14511.828800580472
3,2012-06-29,422965.33,False,86.42,3.286,2297.32,8.0,,395.28,1182.52,225.3492435,6.664,B,37392,26,6,2,2012,,419497.95,442074.79,368962.72,435044.5175,11921.161060851247
3,2012-07-06,411206.5,False,83.14,3.227,2625.99,30.7,28.16,703.16,1962.17,225.3916254,6.334,B,37392,27,7,3,2012,,422965.33,419497.95,395146.24,432718.7175,13452.45361283301
3,2012-07-13,416913.1,False,82.28,3.256,3196.9,20.8,2.02,302.29,451.1,225.4340074,6.334,B,37392,28,7,3,2012,,411206.5,422965.33,373454.33,423936.1425,13060.045442548371
3,2012-07-20,432424.85,False,81.38,3.311,1266.72,66.2,3.83,149.62,558.02,225.4438827,6.334,B,37392,29,7,3,2012,,416913.1,411206.5,360617.37,417645.72,4957.462146361491
3,2012-07-27,389427.9,False,84.94,3.407,3447.28,31.0,2.46,1791.7,1107.97,225.4537579,6.334,B,37392,30,7,3,2012,,432424.85,416913.1,345381.29,420877.445,9072.762065275663
3,2012-08-03,419990.29,False,86.55,3.417,5683.49,37.2,0.04,2484.22,639.29,225.4636332,6.334,B,37392,31,8,3,2012,,389427.9,432424.85,409981.25,412493.0875,17799.530411988417
3,2012-08-10,391811.6,False,85.85,3.494,3375.44,28.4,2.4,1880.43,555.9,225.4735085,6.334,B,37392,32,8,3,2012,,419990.29,389427.9,380376.85,414689.035,18126.7191819307
3,2012-08-17,394918.83,False,87.36,3.571,990.08,44.2,,401.46,430.69,225.5558664,6.334,B,37392,33,8,3,2012,,391811.6,419990.29,379716.91,408413.66,21186.81261535292
3,2012-08-24,412449.67,False,83.01,3.62,3062.02,26.8,,1004.51,1285.29,225.6925864,6.334,B,37392,34,8,3,2012,,394918.83,391811.6,366367.55,399037.155,14148.508682860604
3,2012-08-31,408838.73,False,85.18,3.638,6599.69,27.8,24.7,1743.76,428.74,225.8293063,6.334,B,37392,35,8,3,2012,,412449.67,394918.83,375988.69,404792.5975,13608.798591767933
3,2012-09-07,408229.73,True,84.99,3.73,2266.83,19.0,8.31,419.87,926.86,225.9660263,6.334,B,37392,36,9,3,2012,Labor Day,408838.73,412449.67,377347.49,402004.7075,10163.828110977976
3,2012-09-14,407589.16,False,78.36,3.717,3589.7,,3.72,2080.29,1760.69,226.1122067,6.334,B,37392,37,9,3,2012,,408229.73,408838.73,375629.51,406109.24,7689.233209565133
3,2012-09-21,414392.09,False,72.78,3.721,3233.34,1.91,7.69,878.66,1602.11,226.3151496,6.334,B,37392,38,9,3,2012,,407589.16,408229.73,365248.94,409276.8225,2175.890140786006
3,2012-09-28,389813.02,False,77.46,3.666,2493.82,,1.5,890.65,715.52,226.5180926,6.334,B,37392,39,9,3,2012,,414392.09,407589.16,368477.93,409762.4275,3128.324641535213
3,2012-10-05,443557.65,False,72.74,3.617,1750.8,,3.01,480.24,646.82,226.7210356,6.034,B,37392,40,10,4,2012,,389813.02,414392.09,403342.4,405006.0,10582.85527739778
3,2012-10-12,410804.39,False,70.31,3.601,775.31,,2.78,498.54,328.16,226.9239785,6.034,B,37392,41,10,4,2012,,443557.65,389813.02,368282.57,413837.98,22359.280528041963
3,2012-10-19,424513.08,False,73.44,3.594,629.25,,7.5,75.11,3010.32,226.9688442,6.034,B,37392,42,10,4,2012,,410804.39,443557.65,394976.36,414641.7875,22116.22909466035
3,2012-10-26,405432.7,False,74.66,3.506,370.99,6.35,4.0,5.94,180.07,226.9873637,6.034,B,37392,43,10,4,2012,,424513.08,410804.39,389540.62,417172.035,22650.638145804525
4,2011-02-04,2119086.04,False,34.61,2.996,,,,,,127.7195806,6.51,A,205863,5,2,1,2011,,1814240.85,1886393.94,2135143.87,1857153.38,30520.680829628043
4,2011-02-11,2187847.29,True,33.29,3.033,,,,,,127.859129,6.51,A,205863,6,2,1,2011,Super Bowl,2119086.04,1814240.85,2188307.39,1921305.8225,135293.23409637844
4,2011-02-18,2316495.56,False,48.17,3.058,,,,,,127.99525,6.51,A,205863,7,2,1,2011,,2187847.29,2119086.04,2049860.26,2001892.03,179691.00223308094
4,2011-02-25,2078094.69,False,49.0,3.087,,,,,,128.13,6.51,A,205863,8,2,1,2011,,2316495.56,2187847.29,1925728.84,2109417.435,213116.0014825604
4,2011-03-04,2103455.75,False,46.56,3.305,,,,,,128.26475,6.51,A,205863,9,3,1,2011,,2078094.69,2316495.56,1971057.44,2175380.895,104407.01774805892
4,2011-03-11,2039818.41,False,50.93,3.461,,,,,,128.3995,6.51,A,205863,10,3,1,2011,,2103455.75,2078094.69,1894324.09,2171473.3225,107463.97126100672
4,2011-03-18,2116475.38,False,51.86,3.495,,,,,,128.5121935,6.51,A,205863,11,3,1,2011,,2039818.41,2103455.75,1897429.36,2134466.1025,124140.09183544392
4,2011-03-25,1944164.32,False,59.1,3.48,,,,,,128.6160645,6.51,A,205863,12,3,1,2011,,2116475.38,2039818.41,1762539.3,2084461.0575,33759.99505952148
4,2011-04-01,1900246.47,False,56.99,3.521,,,,,,128.7199355,5.946,A,205863,13,4,2,2011,,1944164.32,2116475.38,1979247.12,2050978.465,78692.48103677842
4,2011-04-08,2074953.46,False,62.61,3.605,,,,,,128.8238065,5.946,A,205863,14,4,2,2011,,1900246.47,1944164.32,1818452.72,2000176.145,96988.46275262193
4,2011-04-15,1960587.76,False,62.34,3.724,,,,,,128.9107333,5.946,A,205863,15,4,2,2011,,2074953.46,1900246.47,1851519.69,2008959.9075,103169.44872555308
4,2011-04-22,2220600.76,False,68.8,3.781,,,,,,128.9553,5.946,A,205863,16,4,2,2011,,1960587.76,2074953.46,1802677.9,1969988.0025,74468.91020318684
4,2011-04-29,1878167.44,False,64.22,3.781,,,,,,128.9998667,5.946,A,205863,17,4,2,2011,,2220600.76,1960587.76,1817273.28,2039097.1125,141034.83147137283
4,2011-05-06,2063682.76,False,63.41,3.866,,,,,,129.0444333,5.946,A,205863,18,5,2,2011,,1878167.44,2220600.76,2000626.14,2033577.355,148514.26277334985
4,2011-05-13,2002362.37,False,70.65,3.872,,,,,,129.089,5.946,A,205863,19,5,2,2011,,2063682.76,1878167.44,1875597.28,2030759.68,147571.51364333535
4,2011-05-20,2015563.48,False,70.49,3.881,,,,,,129.0756774,5.946,A,205863,20,5,2,2011,,2002362.37,2063682.76,1903752.6,2041203.3325,142335.3835904739
4,2011-05-27,1986597.95,False,73.65,3.771,,,,,,129.0623548,5.946,A,205863,21,5,2,2011,,2015563.48,2002362.37,1857533.7,1989944.0125,79040.02732939884
4,2011-06-03,2065377.15,False,78.26,3.683,,,,,,129.0490323,5.946,A,205863,22,6,2,2011,,1986597.95,2015563.48,1903290.58,2017051.64,33265.98793756931
4,2011-06-10,2073951.38,False,80.05,3.64,,,,,,129.0357097,5.946,A,205863,23,6,2,2011,,2065377.15,1986597.95,1870619.23,2017475.2375,34059.035440076645
4,2011-06-17,2141210.62,False,83.51,3.618,,,,,,129.0432,5.946,A,205863,24,6,2,2011,,2073951.38,2065377.15,1929736.35,2035372.49,41472.73403389257
4,2011-06-24,2008344.92,False,81.85,3.57,,,,,,129.0663,5.946,A,205863,25,6,2,2011,,2141210.62,2073951.38,1846651.95,2066784.275,63304.75216998594
4,2011-07-01,2051533.53,False,84.54,3.504,,,,,,129.0894,5.644,A,205863,26,7,3,2011,,2008344.92,2141210.62,1881337.21,2072221.0175,54435.14110595359
4,2011-07-08,2066541.86,False,84.59,3.469,,,,,,129.1125,5.644,A,205863,27,7,3,2011,,2051533.53,2008344.92,1812208.22,2068760.1125,55445.99752523237
4,2011-07-15,2049046.95,False,83.27,3.563,,,,,,129.1338387,5.644,A,205863,28,7,3,2011,,2066541.86,2051533.53,1898427.66,2066907.7325,55338.41963754722
4,2011-07-22,2036231.39,False,82.84,3.627,,,,,,129.1507742,5.644,A,205863,29,7,3,2011,,2049046.95,2066541.86,1848426.78,2043866.815,24910.33927007792
4,2011-07-29,1989674.07,False,84.36,3.659,,,,,,129.1677097,5.644,A,205863,30,7,3,2011,,2036231.39,2049046.95,1796637.61,2050838.4325,12431.893070185266
4,2011-08-05,2160057.39,False,86.09,3.662,,,,,,129.1846452,5.644,A,205863,31,8,3,2011,,1989674.07,2036231.39,1907638.58,2035373.5675,32901.89344880481
4,2011-08-12,2105668.74,False,82.98,3.617,,,,,,129.2015806,5.644,A,205863,32,8,3,2011,,2160057.39,1989674.07,2007050.75,2058752.45,72193.97095233625
4,2011-08-19,2232892.1,False,82.77,3.55,,,,,,129.2405806,5.644,A,205863,33,8,3,2011,,2105668.74,2160057.39,1997181.09,2072907.8975,75147.28446416286
4,2011-08-26,1988490.21,False,81.47,3.523,,,,,,129.2832581,5.644,A,205863,34,8,3,2011,,2232892.1,2105668.74,1848403.92,2122073.075,102505.71239326287
4,2011-09-02,2078420.31,False,77.99,3.533,,,,,,129.3259355,5.644,A,205863,35,9,3,2011,,1988490.21,2232892.1,1935857.58,2121777.11,103015.85336772888
4,2011-09-09,2093139.01,True,73.34,3.554,,,,,,129.3686129,5.644,A,205863,36,9,3,2011,Labor Day,2078420.31,1988490.21,1865820.81,2101367.84,100970.42008574282
4,2011-09-16,2075577.33,False,72.76,3.532,,,,,,129.4306,5.644,A,205863,37,9,3,2011,,2093139.01,2078420.31,1899959.61,2098235.4075,100986.87136746172
4,2011-09-23,2031406.41,False,69.23,3.473,,,,,,129.5183333,5.644,A,205863,38,9,3,2011,,2075577.33,2093139.01,1810684.68,2058906.715,47571.08362469351
4,2011-09-30,1929486.63,False,72.15,3.371,,,,,,129.6060667,5.644,A,205863,39,9,3,2011,,2031406.41,2075577.33,1842821.02,2069635.765,26623.025965949117
4,2011-10-07,2166737.65,False,65.79,3.299,,,,,,129.6938,5.143,A,205863,40,10,4,2011,,1929486.63,2031406.41,1951494.85,2032402.345,73361.33878630314
4,2011-10-14,2074548.85,False,63.75,3.283,,,,,,129.7706452,5.143,A,205863,41,10,4,2011,,2166737.65,1929486.63,1867345.09,2050802.005,98570.6173718698
4,2011-10-21,2207742.13,False,64.79,3.361,,,,,,129.7821613,5.143,A,205863,42,10,4,2011,,2074548.85,2166737.65,1927610.06,2050544.885,98485.75413570482
4,2011-10-28,2151659.59,False,55.31,3.362,,,,,,129.7936774,5.143,A,205863,43,10,4,2011,,2207742.13,2074548.85,1933333.0,2094628.815,123382.13319645124
4,2011-11-04,2281217.31,False,49.86,3.322,,,,,,129.8051935,5.143,A,205863,44,11,4,2011,,2151659.59,2207742.13,2013115.79,2150172.055,55707.01442384911
4,2011-11-11,2203028.96,False,47.12,3.286,12851.52,16658.47,430.13,5630.01,9213.39,129.8167097,5.143,A,205863,45,11,4,2011,,2281217.31,2151659.59,1999794.26,2178791.97,87429.69775756802
4,2011-11-18,2243946.59,False,50.44,3.294,4539.94,840.56,372.9,613.96,5358.13,129.8268333,5.143,A,205863,46,11,4,2011,,2203028.96,2281217.31,2097809.4,2210911.9975,53310.02126074096
4,2011-11-25,3004702.33,True,47.96,3.225,561.45,137.88,83340.33,44.04,9239.23,129.8364,5.143,A,205863,47,11,4,2011,Thanksgiving,2243946.59,2203028.96,2789469.45,2219963.1125,55616.00672217357
4,2011-12-02,2180999.26,False,38.71,3.176,9762.39,160.94,2260.29,4767.86,28604.2,129.8459667,5.143,A,205863,48,12,4,2011,,3004702.33,2243946.59,2102530.17,2433223.7975,382321.5094834409
4,2011-12-09,2508955.24,False,31.64,3.153,5857.72,30.0,984.98,4692.5,13503.99,129.8555333,5.143,A,205863,49,12,4,2011,,2180999.26,3004702.33,2302504.86,2408169.285,398542.9882834226
4,2011-12-16,2771397.17,False,36.44,3.149,2756.67,72.3,1790.15,777.65,10261.95,129.8980645,5.143,A,205863,50,12,4,2011,,2508955.24,2180999.26,2740057.14,2484650.855,374694.1304206841
4,2011-12-23,3676388.98,False,35.92,3.103,2461.94,69.05,2938.24,52.0,4396.76,129.9845484,5.143,A,205863,51,12,4,2011,,2771397.17,2508955.24,3526713.39,2616513.5,353987.2650752862
4,2011-12-30,2007105.86,True,36.89,3.119,3496.13,72413.71,399.77,776.26,5012.53,130.0710323,5.143,A,205863,52,12,4,2011,Christmas,3676388.98,2771397.17,1794868.74,2784435.1625,641814.0119816252
4,2012-01-06,2047766.07,False,38.64,3.158,7857.71,38677.72,234.0,863.22,8682.95,130.1575161,4.607,A,205863,1,1,1,2012,,2007105.86,3676388.98,1862476.27,2740961.8125,699600.3395716028
4,2012-01-13,1941676.61,False,34.41,3.263,3666.28,14553.37,76.37,820.37,5955.28,130.244,4.607,A,205863,2,1,1,2012,,2047766.07,2007105.86,1865502.46,2625664.52,783547.7714625342
4,2012-01-20,2005097.76,False,42.09,3.273,2109.41,7040.02,44.16,918.36,1116.83,130.2792258,4.607,A,205863,3,1,1,2012,,1941676.61,2047766.07,1886393.94,2418234.3800000004,839907.4818732869
4,2012-01-27,1928720.51,False,40.31,3.29,1346.06,3740.12,46.16,445.47,2451.89,130.3144516,4.607,A,205863,4,1,1,2012,,2005097.76,1941676.61,1814240.85,2000411.575,43814.06962672988
4,2012-02-03,2173373.91,False,41.81,3.354,50820.76,4033.29,285.11,48086.64,7456.15,130.3496774,4.607,A,205863,5,2,1,2012,,1928720.51,2005097.76,2119086.04,1980815.2375,55730.744558950704
4,2012-02-10,2374660.64,True,33.0,3.411,11374.63,7208.51,118.37,12869.78,10618.93,130.3849032,4.607,A,205863,6,2,1,2012,Super Bowl,2173373.91,1928720.51,2187847.29,2012217.1975,112501.62025861096
4,2012-02-17,2427640.17,False,34.19,3.493,14225.99,11049.65,17.36,11912.49,7565.99,130.4546207,4.607,A,205863,7,2,1,2012,,2374660.64,2173373.91,2316495.56,2120463.205,197897.5540105574
4,2012-02-24,2226662.17,False,41.31,3.541,9777.71,4703.88,5.4,1179.72,9352.14,130.5502069,4.607,A,205863,8,2,1,2012,,2427640.17,2374660.64,2078094.69,2226098.8075,226497.46541223247
4,2012-03-02,2206319.9,False,50.38,3.619,18564.88,1394.86,32.93,10714.6,3592.82,130.6457931,4.607,A,205863,9,3,1,2012,,2226662.17,2427640.17,2103455.75,2300584.2225,120107.53914293626
4,2012-03-09,2202450.81,False,53.63,3.667,8779.57,602.02,8.53,1103.64,9464.98,130.7413793,4.607,A,205863,10,3,1,2012,,2206319.9,2226662.17,2039818.41,2308820.72,109101.4851757792
4,2012-03-16,2214967.44,False,59.81,3.707,5669.21,37.12,,8540.87,2544.94,130.8261935,4.607,A,205863,11,3,1,2012,,2202450.81,2206319.9,2116475.38,2265768.2625,108435.86200042604
4,2012-03-23,2091592.54,False,59.07,3.759,8806.8,-10.5,5.99,739.14,4396.97,130.8966452,4.607,A,205863,12,3,1,2012,,2214967.44,2202450.81,1944164.32,2212600.08,10736.15559531707
4,2012-03-30,2089381.77,False,72.63,3.82,2565.8,442.52,6.5,487.66,4076.68,130.9670968,4.607,A,205863,13,3,1,2012,,2091592.54,2214967.44,1900246.47,2178832.6725,58394.99474983443
4,2012-04-06,2470206.13,False,67.69,3.864,11341.17,,73.38,5677.89,7821.95,131.0375484,4.308,A,205863,14,4,2,2012,,2089381.77,2091592.54,2074953.46,2149598.14,68452.44323848207
4,2012-04-13,2105301.39,False,68.69,3.881,12506.74,5941.43,30.84,3915.29,4392.95,131.108,4.308,A,205863,15,4,2,2012,,2470206.13,2089381.77,1960587.76,2216536.97,179006.57495800633
4,2012-04-20,2144336.89,False,68.6,3.864,2774.39,4279.41,43.43,2409.97,4544.22,131.1173333,4.308,A,205863,16,4,2,2012,,2105301.39,2470206.13,2220600.76,2189120.4575,187522.70248110723
4,2012-04-27,2064065.66,False,76.47,3.81,3993.66,97.77,26.68,113.37,3947.45,131.1266667,4.308,A,205863,17,4,2,2012,,2144336.89,2105301.39,1878167.44,2202306.545,180085.78830598426
4,2012-05-04,2196968.33,False,80.14,3.747,13737.91,,93.65,6993.97,4541.89,131.136,4.308,A,205863,18,5,2,2012,,2064065.66,2144336.89,2063682.76,2195977.5175,185733.66645976604
4,2012-05-11,2127661.17,False,67.64,3.685,20499.88,86.0,103.05,5005.96,3815.16,131.1453333,4.308,A,205863,19,5,2,2012,,2196968.33,2064065.66,2002362.37,2127668.0675,56644.83067996945
4,2012-05-18,2207214.81,False,68.43,3.62,6531.12,,99.91,2290.18,2521.84,131.0983226,4.308,A,205863,20,5,2,2012,,2127661.17,2196968.33,2015563.48,2133258.0125,54774.24082255484
4,2012-05-25,2154137.67,False,77.47,3.551,4330.02,436.0,862.31,3268.41,3749.53,131.0287742,4.308,A,205863,21,5,2,2012,,2207214.81,2127661.17,1986597.95,2148977.4925,66731.078559085
4,2012-06-01,2179360.94,False,77.41,3.483,10165.22,8.6,47.93,2676.33,4896.34,130.9592258,4.308,A,205863,22,6,2,2012,,2154137.67,2207214.81,2065377.15,2171495.495,37181.88144755463
4,2012-06-08,2245257.18,False,78.11,3.433,7429.46,249.8,7.86,4235.27,9690.55,130.8896774,4.308,A,205863,23,6,2,2012,,2179360.94,2154137.67,2073951.38,2167093.6475,34073.312041330966
4,2012-06-15,2234190.93,False,80.94,3.372,16063.84,84.0,0.22,2105.39,6113.16,130.8295333,4.308,A,205863,24,6,2,2012,,2245257.18,2179360.94,2141210.62,2196492.65,39074.21963182661
4,2012-06-22,2197299.65,False,81.63,3.329,6619.2,351.22,3.48,5390.02,10920.89,130.7929,4.308,A,205863,25,6,2,2012,,2234190.93,2245257.18,2008344.92,2203236.68,43606.772244831984
4,2012-06-29,2128362.92,False,84.23,3.257,3756.11,211.6,,2114.26,6371.15,130.7562667,4.308,A,205863,26,6,2,2012,,2197299.65,2234190.93,2051533.53,2214027.175,30894.70380555404
4,2012-07-06,2224499.28,False,80.37,3.187,9789.03,90.0,157.62,10671.47,3864.91,130.7196333,4.077,A,205863,27,7,3,2012,,2128362.92,2197299.65,2066541.86,2201277.67,52756.88073401215
4,2012-07-13,2100252.61,False,76.86,3.224,11075.38,151.0,17.27,3810.25,4766.88,130.683,4.077,A,205863,28,7,3,2012,,2224499.28,2128362.92,2049046.95,2196088.1950000003,47774.43061721678
4,2012-07-20,2175563.69,False,79.14,3.263,4799.23,47.55,30.56,634.78,4648.91,130.7012903,4.077,A,205863,29,7,3,2012,,2100252.61,2224499.28,2036231.39,2162603.615,58008.50859745743
4,2012-07-27,2048613.65,False,81.06,3.356,7011.68,68.7,4.26,13565.83,3841.61,130.7195806,4.077,A,205863,30,7,3,2012,,2175563.69,2100252.61,1989674.07,2157169.625,54592.41986182034
4,2012-08-03,2174514.13,False,83.86,3.374,29127.2,42.27,58.34,22663.73,10925.99,130.737871,4.077,A,205863,31,8,3,2012,,2048613.65,2175563.69,2160057.39,2137232.3075,78114.41151278914
4,2012-08-10,2193367.69,False,83.21,3.476,16996.42,36.6,60.94,4777.2,3937.09,130.7561613,4.077,A,205863,32,8,3,2012,,2174514.13,2048613.65,2105668.74,2124736.02,61793.64814294742
4,2012-08-17,2283540.3,False,81.41,3.552,2531.63,15.04,5.54,1269.13,3528.9,130.7909677,4.077,A,205863,33,8,3,2012,,2193367.69,2174514.13,2232892.1,2148014.79,66829.7066763789
4,2012-08-24,2125241.68,False,75.76,3.61,9983.59,,23.4,8115.89,7158.66,130.8381613,4.077,A,205863,34,8,3,2012,,2283540.3,2193367.69,1988490.21,2175008.9425,96767.95953229176
4,2012-08-31,2081181.35,False,76.47,3.646,19617.58,1.02,68.29,7187.73,6428.12,130.8853548,4.077,A,205863,35,8,3,2012,,2125241.68,2283540.3,2078420.31,2194165.95,66144.1876541771
4,2012-09-07,2125104.72,True,82.09,3.709,9082.61,16.0,59.06,7217.88,8026.47,130.9325484,4.077,A,205863,36,9,3,2012,Labor Day,2081181.35,2125241.68,2093139.01,2170832.755,88179.23892751678
4,2012-09-14,2117854.6,False,68.2,3.706,13802.34,,23.12,3643.77,12517.18,130.9776667,4.077,A,205863,37,9,3,2012,,2125104.72,2081181.35,2075577.33,2153767.0125,88966.29727919422
4,2012-09-21,2119438.5300000003,False,68.97,3.721,11214.89,5.73,16.84,6376.86,4417.13,131.0103333,4.077,A,205863,38,9,3,2012,,2117854.6,2125104.72,2031406.41,2112345.5875000004,21060.734251204405
4,2012-09-28,2027620.23,False,71.74,3.666,5333.92,5.73,2.94,1931.02,9753.37,131.043,4.077,A,205863,39,9,3,2012,,2119438.5300000003,2117854.6,1929486.63,2110894.8000000003,20051.97476275656
4,2012-10-05,2209835.43,False,63.07,3.62,5918.34,,126.57,3674.49,6807.07,131.0756667,3.879,A,205863,40,10,4,2012,,2027620.23,2119438.5300000003,2166737.65,2097504.52,46693.36705046139
4,2012-10-12,2133026.07,False,57.11,3.603,4975.39,,61.17,1513.17,5905.53,131.1083333,3.879,A,205863,41,10,4,2012,,2209835.43,2027620.23,2074548.85,2118687.1975,74391.86912703037
4,2012-10-19,2097266.85,False,64.46,3.61,6313.84,,15.05,2421.08,5885.12,131.1499677,3.879,A,205863,42,10,4,2012,,2133026.07,2209835.43,2207742.13,2122480.065,74721.2982737044
4,2012-10-26,2149594.46,False,63.64,3.514,1763.13,88.76,66.76,,7577.14,131.1930968,3.879,A,205863,43,10,4,2012,,2097266.85,2133026.07,2151659.59,2116937.145,75836.17578723682
5,2011-02-04,329613.2,False,41.67,2.989,,,,,,213.1229755,6.634,B,34875,5,2,1,2011,,279088.39,275313.34,317173.1,275346.42500000005,10822.776642447794
5,2011-02-11,311590.54,True,38.25,3.022,,,,,,213.4944627,6.634,B,34875,6,2,1,2011,Super Bowl,329613.2,279088.39,311825.7,286162.91000000003,30040.39829928713
5,2011-02-18,356622.61,False,58.83,3.045,,,,,,213.8068304,6.634,B,34875,7,2,1,2011,,311590.54,329613.2,303447.57,298901.36750000005,26160.917880170728
5,2011-02-25,294659.5,False,63.35,3.065,,,,,,214.0955503,6.634,B,34875,8,2,1,2011,,356622.61,311590.54,270281.63,319228.685,32535.766577818773
5,2011-03-04,329033.66,False,60.35,3.288,,,,,,214.3842702,6.634,B,34875,9,3,1,2011,,294659.5,356622.61,288855.71,323121.4625,26504.8110264162
5,2011-03-11,293098.1,False,55.74,3.459,,,,,,214.6729901,6.634,B,34875,10,3,1,2011,,329033.66,294659.5,297293.59,322976.5775,26459.040543799645
5,2011-03-18,312177.67,False,64.31,3.488,,,,,,214.9257339,6.634,B,34875,11,3,1,2011,,293098.1,329033.66,281706.41,318353.4675,30429.32501701553
5,2011-03-25,294732.5,False,70.71,3.473,,,,,,215.1640872,6.634,B,34875,12,3,1,2011,,312177.67,293098.1,273282.97,307242.2325,16907.656028638878
5,2011-04-01,314316.55,False,61.5,3.524,,,,,,215.4024406,6.489,B,34875,13,4,2,2011,,294732.5,312177.67,331406.0,307260.4825,16889.57681484161
5,2011-04-08,307333.62,False,69.64,3.622,,,,,,215.6407939,6.489,B,34875,14,4,2,2011,,314316.55,294732.5,328020.49,303581.205,11215.196734540346
5,2011-04-15,307913.58,False,72.02,3.743,,,,,,215.8592673,6.489,B,34875,15,4,2,2011,,307333.62,314316.55,306858.69,307140.085,8772.39104343721
5,2011-04-22,328415.44,False,74.34,3.807,,,,,,216.0280407,6.489,B,34875,16,4,2,2011,,307913.58,307333.62,288839.73,306074.0625,8196.339627291109
5,2011-04-29,307291.56,False,74.75,3.81,,,,,,216.1968142,6.489,B,34875,17,4,2,2011,,328415.44,307913.58,298697.84,314494.7975,9804.946825504434
5,2011-05-06,322904.68,False,66.27,3.906,,,,,,216.3655877,6.489,B,34875,18,5,2,2011,,307291.56,328415.44,333522.6,312738.55,10455.11332535478
5,2011-05-13,290930.01,False,77.38,3.899,,,,,,216.5343611,6.489,B,34875,19,5,2,2011,,322904.68,307291.56,296673.77,316631.315,10668.499385717034
5,2011-05-20,299614.33,False,71.37,3.907,,,,,,216.3023847,6.489,B,34875,20,5,2,2011,,290930.01,322904.68,301615.49,312385.4225,16871.06398655902
5,2011-05-27,297149.69,False,80.14,3.786,,,,,,216.0704083,6.489,B,34875,21,5,2,2011,,299614.33,290930.01,310013.11,305185.145,13572.788443560245
5,2011-06-03,329183.92,False,83.81,3.699,,,,,,215.8384319,6.489,B,34875,22,6,2,2011,,297149.69,299614.33,337825.89,302649.6775,13989.030577938574
5,2011-06-10,304984.14,False,83.61,3.648,,,,,,215.6064555,6.489,B,34875,23,6,2,2011,,329183.92,297149.69,296641.91,304219.48750000005,17039.391759106325
5,2011-06-17,304811.82,False,86.84,3.637,,,,,,215.560463,6.489,B,34875,24,6,2,2011,,304984.14,329183.92,313795.6,307733.02,14669.894947015684
5,2011-06-24,302881.64,False,84.76,3.594,,,,,,215.6539583,6.489,B,34875,25,6,2,2011,,304811.82,304984.14,295257.3,309032.3925,13922.215578208148
5,2011-07-01,327093.89,False,85.81,3.524,,,,,,215.7474537,6.529,B,34875,26,7,3,2011,,302881.64,304811.82,305993.27,310465.38,12515.37167819945
5,2011-07-08,310804.93,False,86.64,3.48,,,,,,215.8409491,6.529,B,34875,27,7,3,2011,,327093.89,302881.64,291808.87,309942.8725,11473.66743851193
5,2011-07-15,283248.62,False,88.64,3.575,,,,,,215.9250696,6.529,B,34875,28,7,3,2011,,310804.93,327093.89,280701.7,311398.07,10994.223476284162
5,2011-07-22,292539.73,False,86.97,3.651,,,,,,215.985753,6.529,B,34875,29,7,3,2011,,283248.62,310804.93,274742.63,306007.27,18215.2756152579
5,2011-07-29,275142.17,False,89.42,3.682,,,,,,216.0464364,6.529,B,34875,30,7,3,2011,,292539.73,283248.62,268929.03,303421.7925,19495.7695613014
5,2011-08-05,317738.56,False,91.07,3.684,,,,,,216.1071198,6.529,B,34875,31,8,3,2011,,275142.17,292539.73,303043.02,290433.8625,15328.39019940319
5,2011-08-12,289886.16000000003,False,90.16,3.638,,,,,,216.1678032,6.529,B,34875,32,8,3,2011,,317738.56,275142.17,286477.35,292167.27,18470.029295665343
5,2011-08-19,303643.84,False,89.35,3.554,,,,,,216.2311855,6.529,B,34875,33,8,3,2011,,289886.16000000003,317738.56,287205.38,293826.655,17683.0696547565
5,2011-08-26,310338.17,False,89.18,3.523,,,,,,216.2950176,6.529,B,34875,34,8,3,2011,,303643.84,289886.16000000003,288519.75,296602.6825,18275.37950258481
5,2011-09-02,315645.53,False,90.38,3.533,,,,,,216.3588498,6.529,B,34875,35,9,3,2011,,310338.17,303643.84,323798.0,305401.6825,11837.636363037263
5,2011-09-09,321110.22,True,79.04,3.546,,,,,,216.4226819,6.529,B,34875,36,9,3,2011,Labor Day,315645.53,310338.17,306533.08,304878.42500000005,11136.001309544512
5,2011-09-16,278529.71,False,83.55,3.526,,,,,,216.6033083,6.529,B,34875,37,9,3,2011,,321110.22,315645.53,282558.65,312684.44,7460.993094520501
5,2011-09-23,291024.98,False,78.01,3.467,,,,,,216.9396605,6.529,B,34875,38,9,3,2011,,278529.71,321110.22,293131.58,306405.9075,19097.40388524145
5,2011-09-30,292315.38,False,81.16,3.355,,,,,,217.2760127,6.529,B,34875,39,9,3,2011,,291024.98,278529.71,283178.12,301577.61,20182.44221153145
5,2011-10-07,309111.47000000003,False,71.64,3.285,,,,,,217.6123648,6.3,B,34875,40,10,4,2011,,292315.38,291024.98,290494.85,295745.0725,18016.67262617489
5,2011-10-14,286117.72,False,72.36,3.274,,,,,,217.9237458,6.3,B,34875,41,10,4,2011,,309111.47000000003,292315.38,280681.2,292745.385,12557.585378260432
5,2011-10-21,306069.18,False,66.9,3.353,,,,,,218.0852999,6.3,B,34875,42,10,4,2011,,286117.72,309111.47000000003,284988.27,294642.3875,10008.744598324694
5,2011-10-28,307035.11,False,69.27,3.372,,,,,,218.2468539,6.3,B,34875,43,10,4,2011,,306069.18,286117.72,278031.81,298403.4375,10976.169136064558
5,2011-11-04,353652.23,False,56.71,3.332,,,,,,218.408408,6.3,B,34875,44,11,4,2011,,307035.11,306069.18,325310.3,302083.37,10719.181870463504
5,2011-11-11,311906.7,False,60.71,3.297,2971.48,1943.2,60.03,757.33,1040.96,218.5699621,6.3,B,34875,45,11,4,2011,,353652.23,307035.11,301827.36,313218.56,28627.992633443228
5,2011-11-18,307944.37,False,64.33,3.308,952.21,116.11,95.01,295.13,4368.45,218.793912,6.3,B,34875,46,11,4,2011,,311906.7,353652.23,297384.81,319665.805,22801.19486821797
5,2011-11-25,507900.07,True,61.93,3.236,107.42,7.0,29333.06,8.0,826.06,219.0428204,6.3,B,34875,47,11,4,2011,Thanksgiving,307944.37,311906.7,488362.61,320134.60250000004,22444.95641148158
5,2011-12-02,376225.61,False,51.14,3.172,2359.44,4.0,658.01,901.67,24751.93,219.2917287,6.3,B,34875,48,12,4,2011,,507900.07,307944.37,344490.88,370350.8425,94001.62985772394
5,2011-12-09,367433.77,False,44.12,3.158,2546.5,,83.07,523.27,3118.64,219.540637,6.3,B,34875,49,12,4,2011,,376225.61,507900.07,352811.53,375994.1875,93340.23625126056
5,2011-12-16,379530.3,False,54.42,3.159,802.42,,78.77,319.84,1940.54,219.7596266,6.3,B,34875,50,12,4,2011,,367433.77,376225.61,367801.19,389875.955,84325.67803529928
5,2011-12-23,458562.24,False,50.33,3.112,225.21,0.15,427.57,,1443.04,219.9387246,6.3,B,34875,51,12,4,2011,,379530.3,367433.77,466010.25,407772.4375,66946.67415591427
5,2011-12-30,349624.88,True,45.62,3.129,1938.28,17079.76,72.93,162.33,1211.95,220.1178226,6.3,B,34875,52,12,4,2011,Christmas,458562.24,379530.3,298180.18,395437.98,42391.34118453587
5,2012-01-06,312078.71,False,50.21,3.157,4602.39,6733.6,35.03,621.64,3507.24,220.2969205,5.943,B,34875,1,1,1,2012,,349624.88,458562.24,286347.26,388787.7975,48110.6456817028
5,2012-01-13,291454.52,False,48.86,3.261,3408.93,3666.32,1.71,137.88,1706.42,220.4760185,5.943,B,34875,2,1,1,2012,,312078.71,349624.88,260636.71,374949.0325,62198.99954029811
5,2012-01-20,287523.98,False,54.65,3.268,761.25,2100.24,,132.63,1276.75,220.5694104,5.943,B,34875,3,1,1,2012,,291454.52,312078.71,275313.34,352930.0875,74424.8087703197
5,2012-01-27,295974.22,False,54.63,3.29,573.64,969.68,,12.0,861.28,220.6628023,5.943,B,34875,4,1,1,2012,,287523.98,291454.52,279088.39,310170.5225,28422.06972323503
5,2012-02-03,333948.0,False,57.35,3.36,23811.41,1349.62,23.82,14928.42,3186.52,220.7561941,5.943,B,34875,5,2,1,2012,,295974.22,287523.98,329613.2,296757.8575,10781.658675455532
5,2012-02-10,349239.88,True,48.57,3.409,4239.28,2725.8,1.53,3682.89,3234.79,220.849586,5.943,B,34875,6,2,1,2012,Super Bowl,333948.0,295974.22,311590.54,302225.18,21428.51844271717
5,2012-02-17,356427.98,False,48.25,3.51,5548.48,1958.52,1.76,2662.84,2820.38,221.0106341,5.943,B,34875,7,2,1,2012,,349239.88,333948.0,356622.61,316671.52,29648.67703412545
5,2012-02-24,312220.47,False,57.75,3.555,2220.32,1407.4,,145.46,2657.52,221.2224243,5.943,B,34875,8,2,1,2012,,356427.98,349239.88,294659.5,333897.52,26964.10496259586
5,2012-03-02,359206.21,False,60.66,3.63,6172.7,123.32,1.0,3063.26,1213.59,221.4342146,5.943,B,34875,9,3,1,2012,,312220.47,356427.98,329033.66,337959.0825,19552.676912625386
5,2012-03-09,347295.6,False,57.69,3.669,1842.42,51.27,2.0,109.67,5043.45,221.6460048,5.943,B,34875,10,3,1,2012,,359206.21,312220.47,293098.1,344273.635,21777.50272205224
5,2012-03-16,339392.54,False,63.55,3.734,1879.87,30.7,2.24,585.12,1765.08,221.7989713,5.943,B,34875,11,3,1,2012,,347295.6,359206.21,312177.67,343787.56499999994,21651.03924610069
5,2012-03-23,321299.99,False,64.44,3.787,694.24,32.75,5.59,210.09,775.7,221.8735063,5.943,B,34875,12,3,1,2012,,339392.54,347295.6,294732.5,339528.705,19943.980718406998
5,2012-03-30,331318.73,False,67.76,3.845,5097.87,25.2,2.7,322.57,1790.31,221.9480412,5.943,B,34875,13,3,1,2012,,321299.99,339392.54,314316.55,341798.585,15908.321004712936
5,2012-04-06,402985.7,False,70.4,3.891,5174.35,,6.48,1489.1,2264.89,222.0225762,5.801,B,34875,14,4,2,2012,,331318.73,321299.99,307333.62,334826.715,11129.51180510268
5,2012-04-13,351832.03,False,70.56,3.891,1562.33,758.49,,206.0,1642.42,222.0971111,5.801,B,34875,15,4,2,2012,,402985.7,331318.73,307913.58,348749.24,36907.20540601018
5,2012-04-20,330063.06,False,67.33,3.877,1197.53,225.78,3.0,247.94,1499.51,222.1512315,5.801,B,34875,16,4,2,2012,,351832.03,402985.7,328415.44,351859.1125,36376.255827455
5,2012-04-27,324839.74,False,68.96,3.814,1127.44,,5.05,33.35,2598.67,222.2053519,5.801,B,34875,17,4,2,2012,,330063.06,351832.03,307291.56,354049.88,34116.00822551337
5,2012-05-04,360932.69,False,77.1,3.749,6396.61,,83.63,1183.64,2813.83,222.2594722,5.801,B,34875,18,5,2,2012,,324839.74,330063.06,322904.68,352430.1325,35673.23376787308
5,2012-05-11,333870.52,False,73.45,3.688,4668.2,,42.75,709.19,1740.42,222.3135926,5.801,B,34875,19,5,2,2012,,360932.69,324839.74,290930.01,341916.88,17243.868365795657
5,2012-05-18,336189.66,False,70.45,3.63,2639.05,,65.34,243.73,2119.63,222.330443,5.801,B,34875,20,5,2,2012,,333870.52,360932.69,299614.33,337426.5025,16102.098600366044
5,2012-05-25,341994.48,False,78.23,3.561,3784.86,,431.99,225.2,2239.68,222.3323853,5.801,B,34875,21,5,2,2012,,336189.66,333870.52,297149.69,338958.1525,15446.233899527451
5,2012-06-01,359867.8,False,79.72,3.501,2840.78,,41.58,393.41,2114.0,222.3343277,5.801,B,34875,22,6,2,2012,,341994.48,336189.66,329183.92,343246.8375,12275.678692533183
5,2012-06-08,341704.59,False,81.02,3.452,4488.47,,0.24,231.16,1246.89,222.33627,5.801,B,34875,23,6,2,2012,,359867.8,341994.48,304984.14,342980.615,11765.208316381602
5,2012-06-15,327383.64,False,81.64,3.393,1911.02,0.95,0.04,570.11,1828.62,222.3492901,5.801,B,34875,24,6,2,2012,,341704.59,359867.8,304811.82,344939.1325,10304.55604549016
5,2012-06-22,325041.68,False,80.57,3.346,2046.93,8.8,,677.36,2762.83,222.3900046,5.801,B,34875,25,6,2,2012,,327383.64,341704.59,302881.64,342737.6275,13301.718895355089
5,2012-06-29,329658.1,False,87.08,3.286,1053.25,12.75,,113.8,1300.11,222.4307191,5.801,B,34875,26,6,2,2012,,325041.68,327383.64,327093.89,338499.4275,16036.958455072185
5,2012-07-06,341214.43,False,82.35,3.227,2592.37,2.65,52.06,914.36,2768.98,222.4714336,5.603,B,34875,27,7,3,2012,,329658.1,325041.68,310804.93,330947.0025,7415.239816533771
5,2012-07-13,316203.64,False,80.78,3.256,1471.06,1.0,12.0,889.18,798.44,222.5121481,5.603,B,34875,28,7,3,2012,,341214.43,329658.1,283248.62,330824.4625,7178.478461143933
5,2012-07-20,321205.12,False,81.05,3.311,964.82,13.48,3.39,278.93,1050.13,222.5209358,5.603,B,34875,29,7,3,2012,,316203.64,341214.43,292539.73,328029.4625,10412.696579197896
5,2012-07-27,306827.36,False,85.06,3.407,2696.67,7.75,0.36,3104.68,2152.23,222.5297234,5.603,B,34875,30,7,3,2012,,321205.12,316203.64,275142.17,327070.3225,10942.847866421203
5,2012-08-03,324195.17,False,86.91,3.417,7365.26,14.48,0.7,3640.7,2517.31,222.5385111,5.603,B,34875,31,8,3,2012,,306827.36,321205.12,317738.56,321362.6375,14514.452848028304
5,2012-08-10,306759.7,False,86.96,3.494,3261.56,15.0,0.5,1687.13,2102.31,222.5472987,5.603,B,34875,32,8,3,2012,,324195.17,306827.36,289886.16000000003,317107.8225,7605.344537374259
5,2012-08-17,314014.18,False,87.52,3.571,1649.56,-10.98,2.31,1955.75,1205.23,222.6276753,5.603,B,34875,33,8,3,2012,,306759.7,324195.17,303643.84,314746.8375,9264.500151965429
5,2012-08-24,320831.36,False,79.45,3.62,1985.37,68.0,4.54,627.6,1355.17,222.7617437,5.603,B,34875,34,8,3,2012,,314014.18,306759.7,310338.17,312949.10250000004,8233.930993940061
5,2012-08-31,344642.01,False,84.25,3.638,5211.69,49.0,13.0,2799.14,2740.48,222.8958121,5.603,B,34875,35,8,3,2012,,320831.36,314014.18,315645.53,316450.1025,7724.832401610266
5,2012-09-07,350648.91,True,86.3,3.73,2797.26,1.9,9.61,968.75,2069.3,223.0298805,5.603,B,34875,36,9,3,2012,Labor Day,344642.01,320831.36,321110.22,321561.8125,16424.558525893568
5,2012-09-14,299800.67,False,76.65,3.717,2027.18,4.0,4.55,1354.97,3535.01,223.1734167,5.603,B,34875,37,9,3,2012,,350648.91,344642.01,278529.71,332534.115,17838.99647978499
5,2012-09-21,307306.76,False,71.09,3.721,3033.26,5.73,1.1,83.82,4579.05,223.3737593,5.603,B,34875,38,9,3,2012,,299800.67,350648.91,291024.98,328980.7375,23328.62225358309
5,2012-09-28,310141.68,False,78.33,3.666,1279.39,,0.55,425.98,1492.6,223.5741019,5.603,B,34875,39,9,3,2012,,307306.76,299800.67,292315.38,325599.5875,25757.161428064435
5,2012-10-05,343048.29,False,71.17,3.617,2048.94,,6.02,1121.58,2070.87,223.7744444,5.422,B,34875,40,10,4,2012,,310141.68,307306.76,309111.47000000003,316974.505,22869.62287676912
5,2012-10-12,325345.41,False,66.24,3.601,1355.87,,4.0,453.98,3562.36,223.974787,5.422,B,34875,41,10,4,2012,,343048.29,310141.68,286117.72,315074.35,19152.83536540584
5,2012-10-19,313358.15,False,69.17,3.594,908.91,,,,709.95,224.0192873,5.422,B,34875,42,10,4,2012,,325345.41,343048.29,306069.18,321460.535,16427.306991382044
5,2012-10-26,319550.77,False,71.7,3.506,1547.61,1.74,,133.31,598.74,224.0378139,5.422,B,34875,43,10,4,2012,,313358.15,325345.41,307035.11,322973.3825,14896.68543302955
6,2011-02-04,1514999.17,False,40.59,2.989,,,,,,214.0887176,6.858,A,202505,5,2,1,2011,,1287034.7,1261253.18,1652635.1,1301231.0275,37621.30992007242
6,2011-02-11,1486920.17,True,39.38,3.022,,,,,,214.4630941,6.858,A,202505,6,2,1,2011,Super Bowl,1514999.17,1287034.7,1606283.86,1342370.4,116549.59949874804
6,2011-02-18,1572117.54,False,59.61,3.045,,,,,,214.7775231,6.858,A,202505,7,2,1,2011,,1486920.17,1514999.17,1567138.07,1387551.805,131873.59336714557
6,2011-02-25,1422600.43,False,62.86,3.065,,,,,,215.0679731,6.858,A,202505,8,2,1,2011,,1572117.54,1486920.17,1432953.21,1465267.895,123997.2300259654
6,2011-03-04,1502617.99,False,60.45,3.288,,,,,,215.3584231,6.858,A,202505,9,3,1,2011,,1422600.43,1572117.54,1601348.82,1499159.3275,62141.94274494025
6,2011-03-11,1494497.39,False,57.71,3.459,,,,,,215.6488731,6.858,A,202505,10,3,1,2011,,1502617.99,1422600.43,1558621.36,1496064.0325,61393.81476897683
6,2011-03-18,1685375.47,False,65.07,3.488,,,,,,215.9035078,6.858,A,202505,11,3,1,2011,,1494497.39,1502617.99,1693058.91,1497958.3375,61133.98415838799
6,2011-03-25,1438465.81,False,70.83,3.473,,,,,,216.1438163,6.858,A,202505,12,3,1,2011,,1685375.47,1494497.39,1472033.38,1526272.8199999998,111998.28364659467
6,2011-04-01,1459276.77,False,62.25,3.524,,,,,,216.3841249,6.855,A,202505,13,4,2,2011,,1438465.81,1685375.47,1770333.9,1530239.165,107284.70783471594
6,2011-04-08,1534594.0,False,70.35,3.622,,,,,,216.6244334,6.855,A,202505,14,4,2,2011,,1459276.77,1438465.81,1667181.82,1519403.86,113038.55162955757
6,2011-04-15,1448797.02,False,73.17,3.743,,,,,,216.8446627,6.855,A,202505,15,4,2,2011,,1534594.0,1459276.77,1519846.36,1529428.0125000002,111865.41919573129
6,2011-04-22,1639358.93,False,74.24,3.807,,,,,,217.0146941,6.855,A,202505,16,4,2,2011,,1448797.02,1534594.0,1540435.99,1470283.4,43707.44686828012
6,2011-04-29,1479249.9,False,75.27,3.81,,,,,,217.1847255,6.855,A,202505,17,4,2,2011,,1639358.93,1448797.02,1498080.16,1520506.68,87969.09898892429
6,2011-05-06,1504651.57,False,65.42,3.906,,,,,,217.3547569,6.855,A,202505,18,5,2,2011,,1479249.9,1639358.93,1619920.04,1525499.9625,83803.29283035471
6,2011-05-13,1453185.65,False,76.95,3.899,,,,,,217.5247882,6.855,A,202505,19,5,2,2011,,1504651.57,1479249.9,1524059.4,1518014.355,84057.1082475817
6,2011-05-20,1382783.83,False,72.01,3.907,,,,,,217.2896095,6.855,A,202505,20,5,2,2011,,1453185.65,1504651.57,1531938.44,1519111.5125,82872.79177549285
6,2011-05-27,1523979.11,False,80.83,3.786,,,,,,217.0544307,6.855,A,202505,21,5,2,2011,,1382783.83,1453185.65,1644470.66,1454967.7375,52509.67836310998
6,2011-06-03,1705506.29,False,84.01,3.699,,,,,,216.819252,6.855,A,202505,22,6,2,2011,,1523979.11,1382783.83,1857380.09,1466150.04,63099.31200692836
6,2011-06-10,1598643.65,False,84.49,3.648,,,,,,216.5840732,6.855,A,202505,23,6,2,2011,,1705506.29,1523979.11,1685652.35,1516363.72,138645.78547795207
6,2011-06-17,1622150.33,False,87.08,3.637,,,,,,216.5371616,6.855,A,202505,24,6,2,2011,,1598643.65,1705506.29,1677248.24,1552728.22,135593.72208092175
6,2011-06-24,1543365.9,False,85.51,3.594,,,,,,216.6314502,6.855,A,202505,25,6,2,2011,,1622150.33,1598643.65,1640681.88,1612569.845,74769.03489433773
6,2011-07-01,1694551.15,False,87.0,3.524,,,,,,216.7257388,6.925,A,202505,26,7,3,2011,,1543365.9,1622150.33,1759777.25,1617416.5425,67374.90013892137
6,2011-07-08,1709373.62,False,88.36,3.48,,,,,,216.8200275,6.925,A,202505,27,7,3,2011,,1694551.15,1543365.9,1690317.99,1614677.7574999998,62657.99175590527
6,2011-07-15,1526801.24,False,88.93,3.575,,,,,,216.9044732,6.925,A,202505,28,7,3,2011,,1709373.62,1694551.15,1560120.8,1642360.25,76208.05731656885
6,2011-07-22,1526506.08,False,88.06,3.651,,,,,,216.964312,6.925,A,202505,29,7,3,2011,,1526801.24,1709373.62,1585240.92,1618522.9775,96773.93878641968
6,2011-07-29,1483991.05,False,90.22,3.682,,,,,,217.0241507,6.925,A,202505,30,7,3,2011,,1526506.08,1526801.24,1532308.78,1614308.0225,101395.3408352499
6,2011-08-05,1601584.57,False,91.46,3.684,,,,,,217.0839894,6.925,A,202505,31,8,3,2011,,1483991.05,1526506.08,1633241.59,1561667.9975,100503.25087921566
6,2011-08-12,1484995.38,False,90.49,3.638,,,,,,217.1438281,6.925,A,202505,32,8,3,2011,,1601584.57,1483991.05,1547654.98,1534720.735,48902.87083914876
6,2011-08-19,1493544.04,False,89.26,3.554,,,,,,217.2069662,6.925,A,202505,33,8,3,2011,,1484995.38,1601584.57,1539930.5,1524269.27,55219.05581459945
6,2011-08-26,1420405.41,False,90.07,3.523,,,,,,217.2706543,6.925,A,202505,34,8,3,2011,,1493544.04,1484995.38,1450766.12,1516028.76,57198.03258418357
6,2011-09-02,1481618.74,False,91.22,3.533,,,,,,217.3343423,6.925,A,202505,35,9,3,2011,,1420405.41,1493544.04,1510925.32,1500132.35,75103.19920866679
6,2011-09-09,1483574.38,True,80.21,3.546,,,,,,217.3980304,6.925,A,202505,36,9,3,2011,Labor Day,1481618.74,1420405.41,1424225.44,1470140.8925,33534.670191393736
6,2011-09-16,1351407.79,False,84.94,3.526,,,,,,217.5797506,6.925,A,202505,37,9,3,2011,,1483574.38,1481618.74,1308537.75,1469785.6425,33331.76808897511
6,2011-09-23,1336044.75,False,78.49,3.467,,,,,,217.9188471,6.925,A,202505,38,9,3,2011,,1351407.79,1483574.38,1275591.84,1434251.58,62533.18162261252
6,2011-09-30,1307551.92,False,82.51,3.355,,,,,,218.2579435,6.925,A,202505,39,9,3,2011,,1336044.75,1351407.79,1328468.89,1413161.415,80425.70320407757
6,2011-10-07,1481739.2,False,74.1,3.285,,,,,,218.59704,6.551,A,202505,40,10,4,2011,,1307551.92,1336044.75,1360317.9,1369644.71,78096.15193119866
6,2011-10-14,1386520.99,False,71.24,3.274,,,,,,218.9109844,6.551,A,202505,41,10,4,2011,,1481739.2,1307551.92,1344580.92,1369185.915,77204.0367036718
6,2011-10-21,1417922.37,False,68.53,3.353,,,,,,219.0740167,6.551,A,202505,42,10,4,2011,,1386520.99,1481739.2,1332716.53,1377964.215,76501.84909139054
6,2011-10-28,1419445.12,False,69.51,3.372,,,,,,219.237049,6.551,A,202505,43,10,4,2011,,1417922.37,1386520.99,1385323.7,1398433.62,72390.20464148294
6,2011-11-04,1523420.38,False,58.54,3.332,,,,,,219.4000812,6.551,A,202505,44,11,4,2011,,1419445.12,1417922.37,1505442.15,1426406.92,39887.35334207755
6,2011-11-11,1536176.54,False,61.33,3.297,12590.41,2173.66,123.2,3108.55,5416.96,219.5631135,6.551,A,202505,45,11,4,2011,,1523420.38,1419445.12,1495536.46,1436827.215,59689.81736034016
6,2011-11-18,1524390.07,False,63.89,3.308,4649.8,304.36,205.38,687.88,7949.26,219.7897137,6.551,A,202505,46,11,4,2011,,1536176.54,1523420.38,1518841.45,1474241.1025,64366.137790732246
6,2011-11-25,2249811.55,True,62.78,3.236,429.03,171.88,83192.81,15.0,986.23,220.0417412,6.551,A,202505,47,11,4,2011,Thanksgiving,1524390.07,1536176.54,2267452.4,1500858.0275,54584.11126379041
6,2011-12-02,1688531.34,False,51.18,3.172,6264.18,74.94,2885.14,3904.82,27272.53,220.2937686,6.551,A,202505,48,12,4,2011,,2249811.55,1524390.07,1677067.24,1708449.635,360954.5174243754
6,2011-12-09,1903385.14,False,43.64,3.158,5473.33,42.0,282.45,4436.51,11311.24,220.5457961,6.551,A,202505,49,12,4,2011,,1688531.34,2249811.55,1834737.58,1749727.375,341667.47818066843
6,2011-12-16,2034695.56,False,53.27,3.159,7070.01,27.0,603.98,508.56,4788.85,220.7671856,6.551,A,202505,50,12,4,2011,,1903385.14,1688531.34,2090268.95,1841529.525,313318.9044068468
6,2011-12-23,2644633.02,False,49.45,3.112,2143.54,55.54,1417.2,23.41,5336.5,220.9477245,6.551,A,202505,51,12,4,2011,,2034695.56,1903385.14,2727575.18,1969105.8975,235328.8248777365
6,2011-12-30,1598080.52,True,46.8,3.129,6098.54,82881.16,326.68,814.58,2728.99,221.1282634,6.551,A,202505,52,12,4,2011,Christmas,2644633.02,2034695.56,1464050.02,2067811.265,410166.3073475798
6,2012-01-06,1395339.71,False,50.82,3.157,3220.17,32056.43,108.24,985.76,6650.63,221.3088023,6.132,A,202505,1,1,1,2012,,1598080.52,2644633.02,1350441.68,2045198.56,439491.2106174704
6,2012-01-13,1344243.17,False,48.33,3.261,4779.48,11967.81,65.72,575.13,4512.18,221.4893412,6.132,A,202505,2,1,1,2012,,1395339.71,1598080.52,1306194.55,1918187.2025,552912.1424256855
6,2012-01-20,1326255.7,False,55.37,3.268,3413.91,1540.99,33.02,449.06,6587.63,221.5831306,6.132,A,202505,3,1,1,2012,,1344243.17,1395339.71,1261253.18,1745574.105,609314.3526637463
6,2012-01-27,1315610.66,False,53.95,3.29,1510.59,630.92,37.1,17.0,2641.9,221.6769199,6.132,A,202505,4,1,1,2012,,1326255.7,1344243.17,1287034.7,1415979.775,124877.59839711564
6,2012-02-03,1496305.78,False,57.45,3.36,36848.38,1772.68,161.55,28199.34,7151.33,221.7707093,6.132,A,202505,5,2,1,2012,,1315610.66,1326255.7,1514999.17,1345362.31,35351.64403776091
6,2012-02-10,1620603.92,True,48.58,3.409,12635.19,5694.76,68.45,8976.17,6779.43,221.8644987,6.132,A,202505,6,2,1,2012,Super Bowl,1496305.78,1315610.66,1486920.17,1370603.8275,84630.31373880793
6,2012-02-17,1632616.09,False,49.03,3.51,13182.32,15299.89,12.82,6129.29,7603.05,222.026359,6.132,A,202505,7,2,1,2012,,1620603.92,1496305.78,1572117.54,1439694.015,146285.35579660995
6,2012-02-24,1465187.71,False,59.17,3.555,9198.08,8878.31,10.6,642.13,5539.68,222.2392726,6.132,A,202505,8,2,1,2012,,1632616.09,1620603.92,1422600.43,1516284.1124999998,147291.9091845059
6,2012-03-02,1550385.65,False,60.32,3.63,20243.99,618.72,14.35,9687.4,4968.92,222.4521862,6.132,A,202505,9,3,1,2012,,1465187.71,1632616.09,1502617.99,1553678.375,85308.07674178445
6,2012-03-09,1569304.4,False,57.89,3.669,7731.19,445.6,4.19,446.42,5729.67,222.6650998,6.132,A,202505,10,3,1,2012,,1550385.65,1465187.71,1494497.39,1567198.3425,77072.41869011651
6,2012-03-16,1748010.29,False,62.8,3.734,7034.05,103.68,4.59,2231.64,2062.04,222.8186603,6.132,A,202505,11,3,1,2012,,1569304.4,1550385.65,1685375.47,1554373.4625,69076.87203461841
6,2012-03-23,1495143.62,False,63.71,3.787,4928.84,57.72,10.95,664.8,3968.26,222.8930835,6.132,A,202505,12,3,1,2012,,1748010.29,1569304.4,1438465.81,1583222.0125000002,118826.48359128804
6,2012-03-30,1508933.26,False,67.91,3.845,12063.62,6.78,16.5,1859.67,3535.25,222.9675066,6.132,A,202505,13,3,1,2012,,1495143.62,1748010.29,1459276.77,1590710.9899999998,109484.49986299792
6,2012-04-06,1840131.19,False,71.6,3.891,9199.63,,24.6,4044.88,4314.27,223.0419298,5.964,A,202505,14,4,2,2012,,1508933.26,1495143.62,1534594.0,1580347.8925,116322.04727882518
6,2012-04-13,1616394.45,False,71.29,3.891,4634.18,6968.14,18.04,1544.21,2875.46,223.1163529,5.964,A,202505,15,4,2,2012,,1840131.19,1508933.26,1448797.02,1648054.59,172840.0719715204
6,2012-04-20,1456073.24,False,68.64,3.877,2326.27,2591.86,14.79,81.42,3663.48,223.17092,5.964,A,202505,16,4,2,2012,,1616394.45,1840131.19,1639358.93,1615150.63,159480.0004232135
6,2012-04-27,1456221.1,False,71.5,3.814,2564.41,1.49,15.54,9.94,2556.36,223.2254871,5.964,A,202505,17,4,2,2012,,1456073.24,1616394.45,1479249.9,1605383.035,170121.44830159866
6,2012-05-04,1543461.12,False,77.66,3.749,13643.53,266.0,117.27,5455.98,2773.56,223.2800541,5.964,A,202505,18,5,2,2012,,1456221.1,1456073.24,1504651.57,1592204.995,181728.7377009369
6,2012-05-11,1517075.67,False,72.66,3.688,10658.74,,133.22,3312.9,9700.64,223.3346212,5.964,A,202505,19,5,2,2012,,1543461.12,1456221.1,1453185.65,1518037.4775,77419.39225955098
6,2012-05-18,1513635.64,False,70.5,3.63,6414.56,,52.03,495.43,2991.72,223.3511928,5.964,A,202505,20,5,2,2012,,1517075.67,1543461.12,1382783.83,1493207.7825,44128.83755793583
6,2012-05-25,1603793.42,False,78.47,3.561,7694.17,,945.23,1331.9,4852.27,223.3525662,5.964,A,202505,21,5,2,2012,,1513635.64,1517075.67,1523979.11,1507598.3824999998,36751.546700150175
6,2012-06-01,1681121.38,False,80.39,3.501,8267.68,16.0,441.83,1904.81,3517.55,223.3539397,5.964,A,202505,22,6,2,2012,,1603793.42,1513635.64,1705506.29,1544491.4625,41719.26505247409
6,2012-06-08,1696619.52,False,80.5,3.452,11150.2,188.6,63.7,859.54,6294.81,223.3553131,5.964,A,202505,23,6,2,2012,,1681121.38,1603793.42,1598643.65,1578906.5275,79896.96945468409
6,2012-06-15,1642247.48,False,82.1,3.393,7041.68,276.35,350.16,3373.11,5325.58,223.3680933,5.964,A,202505,24,6,2,2012,,1696619.52,1681121.38,1622150.33,1623792.49,83914.38559635659
6,2012-06-22,1618272.25,False,81.2,3.346,7253.03,312.35,160.51,3024.57,6806.11,223.4093906,5.964,A,202505,25,6,2,2012,,1642247.48,1696619.52,1543365.9,1655945.4500000002,41616.006684019456
6,2012-06-29,1648863.46,False,87.35,3.286,3997.4,231.9,,262.44,4182.9,223.4506878,5.964,A,202505,26,6,2,2012,,1618272.25,1642247.48,1694551.15,1659565.1575000002,35789.67575782111
6,2012-07-06,1876359.39,False,82.95,3.227,6087.24,254.9,205.95,3655.34,5715.69,223.4919851,5.668,A,202505,27,7,3,2012,,1648863.46,1618272.25,1709373.62,1651500.6774999998,32824.86315168404
6,2012-07-13,1588142.26,False,80.27,3.256,8413.69,113.45,39.42,5516.18,2724.98,223.5332824,5.668,A,202505,28,7,3,2012,,1876359.39,1648863.46,1526801.24,1696435.645,120666.95259334503
6,2012-07-20,1574361.97,False,81.57,3.311,3762.14,148.95,18.43,3197.56,7560.36,223.5424501,5.668,A,202505,29,7,3,2012,,1588142.26,1876359.39,1526506.08,1682909.34,131327.57598891496
6,2012-07-27,1513229.16,False,85.78,3.407,7017.6,203.26,8.11,17151.91,3340.02,223.5516178,5.668,A,202505,30,7,3,2012,,1574361.97,1588142.26,1483991.05,1671931.7699999998,140075.3923228511
6,2012-08-03,1627274.93,False,87.55,3.417,31765.22,141.14,19.13,15925.51,6069.02,223.5607856,5.668,A,202505,31,8,3,2012,,1513229.16,1574361.97,1601584.57,1638023.1949999998,162191.81264132453
6,2012-08-10,1588380.73,False,87.04,3.494,5750.2,187.04,5.21,3920.14,7505.63,223.5699533,5.668,A,202505,32,8,3,2012,,1627274.93,1513229.16,1484995.38,1575752.0799999998,47325.71029118345
6,2012-08-17,1543049.52,False,87.53,3.571,5433.03,171.64,0.01,4968.35,4940.37,223.6510224,5.668,A,202505,33,8,3,2012,,1588380.73,1627274.93,1493544.04,1575811.6975,47346.66685593245
6,2012-08-24,1501095.49,False,79.03,3.62,5492.77,103.36,50.0,5268.21,6277.08,223.7860175,5.668,A,202505,34,8,3,2012,,1543049.52,1588380.73,1420405.41,1567983.585,50170.58158777448
6,2012-08-31,1577439.81,False,83.58,3.638,21801.35,111.57,16.74,15675.98,4002.59,223.9210125,5.668,A,202505,35,8,3,2012,,1501095.49,1543049.52,1481618.74,1564950.1675,54743.1136591559
6,2012-09-07,1608077.01,True,86.33,3.73,14105.12,47.96,24.6,3040.62,3558.18,224.0560076,5.668,A,202505,36,9,3,2012,Labor Day,1577439.81,1501095.49,1483574.38,1552491.3875000002,39332.58120202064
6,2012-09-14,1375166.86,False,76.41,3.717,11072.87,22.0,6.01,3871.46,9997.93,224.2004678,5.668,A,202505,37,9,3,2012,,1608077.01,1577439.81,1351407.79,1557415.4575,45992.34173284078
6,2012-09-21,1425603.65,False,70.81,3.721,8735.97,3.82,6.15,855.06,9092.57,224.4017192,5.668,A,202505,38,9,3,2012,,1375166.86,1608077.01,1336044.75,1515444.7925,103775.2551470493
6,2012-09-28,1369131.46,False,77.82,3.666,4181.54,7.64,1.65,1952.69,2447.92,224.6029706,5.668,A,202505,39,9,3,2012,,1425603.65,1375166.86,1307551.92,1496571.8325,113649.5852306965
6,2012-10-05,1518177.71,False,70.84,3.617,9663.09,,40.93,3720.0,5941.24,224.804222,5.329,A,202505,40,10,4,2012,,1369131.46,1425603.65,1481739.2,1444494.745,111955.36500081306
6,2012-10-12,1459396.84,False,65.43,3.601,1905.34,,13.83,559.5,8706.87,225.0054733,5.329,A,202505,41,10,4,2012,,1518177.71,1369131.46,1386520.99,1422019.92,68924.02128656932
6,2012-10-19,1436883.99,False,69.68,3.594,1476.45,,3.1,31.32,4080.57,225.0501013,5.329,A,202505,42,10,4,2012,,1459396.84,1518177.71,1417922.37,1443077.415,62395.81894528143
6,2012-10-26,1431426.34,False,72.34,3.506,6827.59,53.07,,319.25,1881.27,225.0686254,5.329,A,202505,43,10,4,2012,,1436883.99,1459396.84,1419445.12,1445897.5,61592.55690390819
7,2011-02-04,558027.77,False,-2.06,3.011,,,,,,191.7625895,8.818,B,70713,5,2,1,2011,,513372.17,521539.46,496725.44,560865.1174999999,68419.43549114025
7,2011-02-11,559903.13,True,10.24,3.037,,,,,,191.8572881,8.818,B,70713,6,2,1,2011,Super Bowl,558027.77,513372.17,524104.92,535081.075,21075.948489221657
7,2011-02-18,572387.47,False,17.3,3.051,,,,,,191.9178331,8.818,B,70713,7,2,1,2011,,559903.13,558027.77,506760.54,538210.6325000001,24208.54255815595
7,2011-02-25,546690.84,False,17.46,3.101,,,,,,191.9647167,8.818,B,70713,8,2,1,2011,,572387.47,559903.13,496083.24,550922.635,25832.20726861949
7,2011-03-04,551378.39,False,21.84,3.232,,,,,,192.0116004,8.818,B,70713,9,3,1,2011,,546690.84,572387.47,491419.5500000001,559252.3025,10523.719584353566
7,2011-03-11,558963.8300000001,False,20.7,3.372,,,,,,192.058484,8.818,B,70713,10,3,1,2011,,551378.39,546690.84,480452.1,557589.9575,11279.649466898643
7,2011-03-18,635014.6900000001,False,27.69,3.406,,,,,,192.1237981,8.818,B,70713,11,3,1,2011,,558963.8300000001,551378.39,574450.23,557355.1325000001,11225.085950633384
7,2011-03-25,559061.58,False,25.69,3.414,,,,,,192.1964844,8.818,B,70713,12,3,1,2011,,635014.6900000001,558963.8300000001,514731.6,573011.9375,41643.33157080146
7,2011-04-01,513409.67,False,24.83,3.461,,,,,,192.2691707,8.595,B,70713,13,4,2,2011,,559061.58,635014.6900000001,561145.14,576104.6225,39437.945736238726
7,2011-04-08,500552.16,False,30.64,3.532,,,,,,192.3418571,8.595,B,70713,14,4,2,2011,,513409.67,559061.58,484263.25,566612.4425,50414.67796322527
7,2011-04-15,423380.14,False,27.79,3.611,,,,,,192.4225954,8.595,B,70713,15,4,2,2011,,500552.16,513409.67,406228.19,552009.5249999999,60765.664962939285
7,2011-04-22,466594.89,False,31.84,3.636,,,,,,192.5234638,8.595,B,70713,16,4,2,2011,,423380.14,500552.16,404751.25,499100.8875,56378.966809558624
7,2011-04-29,410429.73,False,26.79,3.663,,,,,,192.6243322,8.595,B,70713,17,4,2,2011,,466594.89,423380.14,373655.61,475984.215,40247.55368980573
7,2011-05-06,407012.47,False,26.54,3.735,,,,,,192.7252006,8.595,B,70713,18,5,2,2011,,410429.73,466594.89,395453.83,450239.23,41251.68903652595
7,2011-05-13,414094.05,False,36.61,3.767,,,,,,192.826069,8.595,B,70713,19,5,2,2011,,407012.47,410429.73,372673.61,426854.3075,27415.62205925304
7,2011-05-20,424670.98,False,36.16,3.828,,,,,,192.831317,8.595,B,70713,20,5,2,2011,,414094.05,407012.47,395195.65,424532.785,28190.10147471173
7,2011-05-27,457216.87,False,37.51,3.795,,,,,,192.8365651,8.595,B,70713,21,5,2,2011,,424670.98,414094.05,442734.55,414051.8075,7647.228841626515
7,2011-06-03,542295.37,False,45.77,3.763,,,,,,192.8418131,8.595,B,70713,22,6,2,2011,,457216.87,424670.98,509183.22,425748.5925,22198.23104616378
7,2011-06-10,621099.95,False,53.3,3.735,,,,,,192.8470612,8.595,B,70713,23,6,2,2011,,542295.37,457216.87,498580.87,459569.3175,58123.51126676591
7,2011-06-17,610991.35,False,48.79,3.697,,,,,,192.9034759,8.595,B,70713,24,6,2,2011,,621099.95,542295.37,481144.09,511320.7925,88404.962735668
7,2011-06-24,640043.97,False,46.85,3.661,,,,,,192.9982655,8.595,B,70713,25,6,2,2011,,610991.35,621099.95,553714.87,557900.885,75704.51828375441
7,2011-07-01,704344.21,False,58.54,3.597,,,,,,193.0930552,8.622,B,70713,26,7,3,2011,,640043.97,610991.35,575570.77,603607.66,42611.81635384083
7,2011-07-08,761793.94,False,59.08,3.54,,,,,,193.1878448,8.622,B,70713,27,7,3,2011,,704344.21,640043.97,593462.34,644119.87,41916.58241254217
7,2011-07-15,642748.21,False,54.37,3.532,,,,,,193.3125484,8.622,B,70713,28,7,3,2011,,761793.94,704344.21,557166.35,679293.3674999999,67427.91205297387
7,2011-07-22,688043.96,False,56.22,3.545,,,,,,193.5120367,8.622,B,70713,29,7,3,2011,,642748.21,761793.94,570231.21,687232.5824999999,57901.72241057925
7,2011-07-29,653382.62,False,56.66,3.547,,,,,,193.711525,8.622,B,70713,30,7,3,2011,,688043.96,642748.21,603547.16,699232.58,49178.99889894613
7,2011-08-05,695392.84,False,55.91,3.554,,,,,,193.9110133,8.622,B,70713,31,8,3,2011,,653382.62,688043.96,643854.17,686492.1825,53797.5865475405
7,2011-08-12,670670.46,False,54.56,3.542,,,,,,194.1105017,8.622,B,70713,32,8,3,2011,,695392.84,653382.62,598185.4,669891.9075,25749.63725350563
7,2011-08-19,645156.21,False,56.06,3.499,,,,,,194.2500634,8.622,B,70713,33,8,3,2011,,670670.46,695392.84,582353.17,676872.47,18779.814294604414
7,2011-08-26,629994.47,False,57.6,3.485,,,,,,194.3796374,8.622,B,70713,34,8,3,2011,,645156.21,670670.46,554309.24,666150.5325,22206.03115800885
7,2011-09-02,592355.24,False,53.4,3.511,,,,,,194.5092113,8.622,B,70713,35,9,3,2011,,629994.47,645156.21,532765.05,660303.495,28791.279554534205
7,2011-09-09,613135.23,True,45.61,3.566,,,,,,194.6387853,8.622,B,70713,36,9,3,2011,Labor Day,592355.24,629994.47,535769.32,634544.095,32753.26857347252
7,2011-09-16,558981.45,False,43.67,3.596,,,,,,194.7419707,8.622,B,70713,37,9,3,2011,,613135.23,592355.24,489408.53,620160.2875,22686.11459626696
7,2011-09-23,536144.81,False,43.67,3.581,,,,,,194.8099713,8.622,B,70713,38,9,3,2011,,558981.45,613135.23,488008.83,598616.5975,30580.555300091743
7,2011-09-30,488880.26,False,47.34,3.538,,,,,,194.8779718,8.622,B,70713,39,9,3,2011,,536144.81,558981.45,448998.73,575154.1825,34262.34457669203
7,2011-10-07,525866.36,False,40.65,3.498,,,,,,194.9459724,8.513,B,70713,40,10,4,2011,,488880.26,536144.81,480239.88,549285.4375,51614.82416448965
7,2011-10-14,501959.19,False,32.65,3.491,,,,,,195.0261012,8.513,B,70713,41,10,4,2011,,525866.36,488880.26,463370.48,527468.22,29211.66143558825
7,2011-10-21,558691.4299999999,False,37.49,3.548,,,,,,195.1789994,8.513,B,70713,42,10,4,2011,,501959.19,525866.36,472450.81,513212.655,21638.74537423873
7,2011-10-28,527339.52,False,28.82,3.55,,,,,,195.3318977,8.513,B,70713,43,10,4,2011,,558691.4299999999,501959.19,465493.15,518849.31,30659.71095924804
7,2011-11-04,564536.01,False,23.41,3.527,,,,,,195.4847959,8.513,B,70713,44,11,4,2011,,527339.52,558691.4299999999,480512.44,528464.125,23268.10883533224
7,2011-11-11,556015.59,False,19.53,3.505,3307.6,1431.65,143.06,1330.31,1680.9,195.6376941,8.513,B,70713,45,11,4,2011,,564536.01,527339.52,507584.29,538131.5375,29125.08490972445
7,2011-11-18,539826.56,False,29.53,3.479,3221.47,1229.96,7.35,494.15,3947.57,195.7184713,8.513,B,70713,46,11,4,2011,,556015.59,564536.01,482528.36,551645.6375,16590.044483745678
7,2011-11-25,949075.87,True,27.6,3.424,35.94,6.47,41487.59,12.0,905.95,195.7704,8.513,B,70713,47,11,4,2011,Thanksgiving,539826.56,556015.59,835189.26,546929.42,16600.85639243454
7,2011-12-02,591907.88,False,20.38,3.378,2229.32,6.47,738.42,1630.88,11534.89,195.8223287,8.513,B,70713,48,12,4,2011,,949075.87,539826.56,552811.62,652363.5075000001,198073.53948861908
7,2011-12-09,653845.45,False,11.17,3.331,3393.21,,94.93,589.44,3067.9,195.8742575,8.513,B,70713,49,12,4,2011,,591907.88,949075.87,599730.07,659206.475,194467.89786417247
7,2011-12-16,720242.1900000001,False,15.2,3.266,2089.28,0.09,168.73,439.97,1899.74,195.9841685,8.513,B,70713,50,12,4,2011,,653845.45,591907.88,716388.81,683663.9400000001,182976.3202932674
7,2011-12-23,1059715.27,False,12.19,3.173,519.82,0.15,483.1,41.51,1313.38,196.1713893,8.513,B,70713,51,12,4,2011,,720242.1900000001,653845.45,1045124.88,728767.8475,155940.50998689322
7,2011-12-30,815915.52,True,15.56,3.119,2026.82,17021.3,113.19,144.93,1178.13,196.3586101,8.513,B,70713,52,12,4,2011,Christmas,1059715.27,720242.1900000001,729572.08,756427.6975,208872.07443661147
7,2012-01-06,713117.66,False,18.67,3.095,2373.44,11519.36,7.26,162.72,4504.47,196.5458309,8.256,B,70713,1,1,1,2012,,815915.52,1059715.27,661163.9400000001,812429.6075,177773.08140747476
7,2012-01-13,593875.46,False,7.46,3.077,3167.26,5926.48,0.54,191.84,1415.69,196.7330517,8.256,B,70713,2,1,1,2012,,713117.66,815915.52,547384.9,827247.66,161910.91645923984
7,2012-01-20,578002.85,False,27.41,3.055,1967.73,2791.5,0.73,213.86,4297.27,196.7796652,8.256,B,70713,3,1,1,2012,,593875.46,713117.66,521539.46,795655.9775,198045.2053751102
7,2012-01-27,541037.98,False,26.9,3.038,747.21,559.46,,47.0,2332.92,196.8262786,8.256,B,70713,4,1,1,2012,,578002.85,593875.46,513372.17,675227.8725,111504.21542939571
7,2012-02-03,580453.32,False,22.2,3.031,56917.7,1839.82,4.53,16241.73,2414.97,196.8728921,8.256,B,70713,5,2,1,2012,,541037.98,578002.85,558027.77,606508.4875,74440.28426987551
7,2012-02-10,563460.77,True,18.79,3.103,13100.37,3096.6,1.73,4854.7,6266.04,196.9195056,8.256,B,70713,6,2,1,2012,Super Bowl,580453.32,541037.98,559903.13,573342.4025,22638.220498005878
7,2012-02-17,620908.1799999999,False,27.03,3.113,5453.54,4918.31,1.88,1838.98,5303.89,196.9432711,8.256,B,70713,7,2,1,2012,,563460.77,580453.32,572387.47,565738.73,18094.60279168642
7,2012-02-24,603041.14,False,24.41,3.129,10170.57,4331.71,93.06,2699.15,3456.7,196.9499007,8.256,B,70713,8,2,1,2012,,620908.1799999999,563460.77,546690.84,576465.0625,33740.61197277744
7,2012-03-02,551058.13,False,21.64,3.191,41848.34,2326.08,139.2,15505.0,1348.86,196.9565303,8.256,B,70713,9,3,1,2012,,603041.14,620908.1799999999,551378.39,591965.8525,25201.84151486031
7,2012-03-09,579166.5,False,30.1,3.286,12144.9,1178.96,2.18,996.02,2221.16,196.9631599,8.256,B,70713,10,3,1,2012,,551058.13,603041.14,558963.8300000001,584617.055,32814.03411148869
7,2012-03-16,669205.73,False,37.29,3.486,2980.91,3.28,2.55,3440.61,1127.01,197.0457208,8.256,B,70713,11,3,1,2012,,579166.5,551058.13,635014.6900000001,588543.4875,30280.55024878956
7,2012-03-23,615997.29,False,35.06,3.664,8458.87,,3.84,293.35,1493.28,197.2295234,8.256,B,70713,12,3,1,2012,,669205.73,579166.5,559061.58,600617.875,50419.8898604411
7,2012-03-30,583322.2,False,44.99,3.75,8460.02,2.4,9.25,385.22,1666.6,197.4133259,8.256,B,70713,13,3,1,2012,,615997.29,669205.73,513409.67,603856.9125,51039.803478570895
7,2012-04-06,621425.98,False,44.29,3.854,7550.89,,21.98,1156.2,3500.91,197.5971285,8.09,B,70713,14,4,2,2012,,583322.2,615997.29,500552.16,611922.93,41588.88091837185
7,2012-04-13,517420.23,False,41.43,3.901,1662.2,1555.57,15.47,776.66,1377.63,197.780931,8.09,B,70713,15,4,2,2012,,621425.98,583322.2,423380.14,622487.8,35401.33419622086
7,2012-04-20,457340.06,False,39.3,3.936,2114.64,863.38,14.21,549.62,1509.05,197.7227385,8.09,B,70713,16,4,2,2012,,517420.23,621425.98,466594.89,584541.425,47807.54183276608
7,2012-04-27,467827.75,False,51.49,3.927,819.48,,45.94,49.82,1209.89,197.664546,8.09,B,70713,17,4,2,2012,,457340.06,517420.23,410429.73,544877.1175,72466.934587258
7,2012-05-04,465198.89,False,45.38,3.903,6018.32,,69.97,1590.01,1521.53,197.6063534,8.09,B,70713,18,5,2,2012,,467827.75,457340.06,407012.47,516003.505,75007.12964765287
7,2012-05-11,460397.41,False,48.54,3.87,24426.8,,4.8,402.53,2012.64,197.5481609,8.09,B,70713,19,5,2,2012,,465198.89,467827.75,414094.05,476946.7325,27347.719293358477
7,2012-05-18,468428.3,False,49.41,3.837,3225.22,,24.83,508.1,1897.92,197.5553137,8.09,B,70713,20,5,2,2012,,460397.41,465198.89,424670.98,462691.0275,4710.584775566415
7,2012-05-25,532739.77,False,50.6,3.804,5126.54,,90.05,483.27,2236.31,197.5886046,8.09,B,70713,21,5,2,2012,,468428.3,460397.41,457216.87,465463.0875,3656.7290831285673
7,2012-06-01,598495.02,False,55.06,3.764,2427.12,,98.67,1349.72,2112.74,197.6218954,8.09,B,70713,22,6,2,2012,,532739.77,468428.3,542295.37,481691.0925,34192.02049752252
7,2012-06-08,642963.75,False,63.07,3.741,3729.69,76.6,0.12,444.64,3495.06,197.6551863,8.09,B,70713,23,6,2,2012,,598495.02,532739.77,621099.95,515015.125,64385.51329035912
7,2012-06-15,666942.02,False,59.33,3.723,16717.38,119.4,0.65,677.29,1144.07,197.692292,8.09,B,70713,24,6,2,2012,,642963.75,598495.02,610991.35,560656.71,76357.97641658998
7,2012-06-22,687344.68,False,63.69,3.735,12407.71,352.1,0.09,1239.04,1533.86,197.7389345,8.09,B,70713,25,6,2,2012,,666942.02,642963.75,640043.97,610285.14,58963.78815543751
7,2012-06-29,704335.41,False,68.84,3.693,1246.74,425.6,,42.0,1200.17,197.785577,8.09,B,70713,26,6,2,2012,,687344.68,666942.02,704344.21,648936.3675,38207.345229530656
7,2012-07-06,805642.61,False,64.67,3.646,2779.97,326.2,5.07,2112.68,1548.33,197.8322195,7.872,B,70713,27,7,3,2012,,704335.41,687344.68,761793.94,675396.4650000001,26480.06181972037
7,2012-07-13,694150.89,False,64.21,3.613,1562.86,85.7,0.35,424.66,57029.78,197.8788621,7.872,B,70713,28,7,3,2012,,805642.61,704335.41,642748.21,716066.18,61643.208423673925
7,2012-07-20,686345.69,False,62.87,3.585,1182.59,114.37,11.37,198.49,2423.07,197.9290378,7.872,B,70713,29,7,3,2012,,694150.89,805642.61,688043.96,722868.3975,55622.75200761759
7,2012-07-27,686365.4,False,64.6,3.57,1064.81,688.66,3.45,1264.45,2007.5,197.9792136,7.872,B,70713,30,7,3,2012,,686345.69,694150.89,653382.62,722618.6499999999,55837.25096372646
7,2012-08-03,680954.8099999999,False,61.83,3.528,9468.47,109.88,2.88,8606.99,1605.62,198.0293893,7.872,B,70713,31,8,3,2012,,686365.4,686345.69,695392.84,718126.1475,58459.92000614149
7,2012-08-10,675926.3,False,63.41,3.509,4032.28,26.2,55.79,2124.61,960.59,198.0795651,7.872,B,70713,32,8,3,2012,,680954.8099999999,686365.4,670670.46,686954.1975,5431.4515306187495
7,2012-08-17,642450.4,False,59.66,3.545,1266.82,34.6,46.86,1649.91,1421.44,198.1001057,7.872,B,70713,33,8,3,2012,,675926.3,680954.8099999999,645156.21,682398.05,5009.6645713496455
7,2012-08-24,609099.37,False,59.27,3.558,2534.52,19.6,1.86,1627.26,3915.85,198.0984199,7.872,B,70713,34,8,3,2012,,642450.4,675926.3,629994.47,671424.2275,19780.64689925639
7,2012-08-31,586467.16,False,60.46,3.556,6246.07,9.0,16.35,2482.01,1225.36,198.0967341,7.872,B,70713,35,8,3,2012,,609099.37,642450.4,592355.24,652107.72,33378.942234036855
7,2012-09-07,597876.5499999999,True,57.84,3.596,5069.74,,10.15,817.15,2158.82,198.0950484,7.872,B,70713,36,9,3,2012,Labor Day,586467.16,609099.37,613135.23,628485.8075,39102.475919070144
7,2012-09-14,541120.2,False,53.66,3.659,3180.52,,5.03,709.04,5384.1,198.1267184,7.872,B,70713,37,9,3,2012,,597876.5499999999,586467.16,558981.45,608973.37,24155.029264437504
7,2012-09-21,530842.25,False,51.77,3.765,4113.14,12.0,3.0,344.2,4693.52,198.358523,7.872,B,70713,38,9,3,2012,,541120.2,597876.5499999999,536144.81,583640.8200000001,29814.901753516227
7,2012-09-28,525545.76,False,50.64,3.789,3735.2,6.91,4.5,917.2,1793.35,198.5903276,7.872,B,70713,39,9,3,2012,,530842.25,541120.2,488880.26,564076.54,33041.85284344816
7,2012-10-05,505830.56,False,48.43,3.779,2955.56,,9.9,2240.78,1324.84,198.8221322,7.557,B,70713,40,10,4,2012,,525545.76,530842.25,525866.36,548846.19,33320.259187258365
7,2012-10-12,503463.93,False,41.43,3.76,302.62,,3.72,375.75,514.23,199.0539368,7.557,B,70713,41,10,4,2012,,505830.56,525545.76,501959.19,525834.6925,14820.831856045068
7,2012-10-19,516424.83,False,43.01,3.75,2034.63,,0.5,298.55,4163.41,199.1481963,7.557,B,70713,42,10,4,2012,,503463.93,505830.56,558691.4299999999,516420.625,13799.477990563022
7,2012-10-26,495543.28,False,42.53,3.686,2818.42,24.03,2.97,343.26,1064.56,199.2195317,7.557,B,70713,43,10,4,2012,,516424.83,503463.93,527339.52,512816.27,10187.051071718392
8,2011-02-04,944594.78,False,24.48,2.989,,,,,,215.9327797,6.262,A,155078,5,2,1,2011,,782256.66,822668.23,1004137.09,821909.1950000001,38035.988868462926
8,2011-02-11,996147.39,True,28.26,3.022,,,,,,216.3126733,6.262,A,155078,6,2,1,2011,Super Bowl,944594.78,782256.66,994801.4,839791.5825,71870.02867833913
8,2011-02-18,1065108.64,False,50.64,3.045,,,,,,216.6310383,6.262,A,155078,7,2,1,2011,,996147.39,944594.78,963960.37,886416.765,100562.90681374296
8,2011-02-25,917317.15,False,51.29,3.065,,,,,,216.9247918,6.262,A,155078,8,2,1,2011,,1065108.64,996147.39,847592.11,947026.8675,120431.539413638
8,2011-03-04,935266.43,False,53.18,3.288,,,,,,217.2185454,6.262,A,155078,9,3,1,2011,,917317.15,1065108.64,881503.95,980791.99,65024.0445301906
8,2011-03-11,900387.29,False,49.14,3.459,,,,,,217.512299,6.262,A,155078,10,3,1,2011,,935266.43,917317.15,860336.16,978459.9025,66895.34905181253
8,2011-03-18,898289.14,False,56.68,3.488,,,,,,217.7705442,6.262,A,155078,11,3,1,2011,,900387.29,935266.43,839911.0,954519.8775,75088.72439721234
8,2011-03-25,827968.36,False,59.74,3.473,,,,,,218.0145862,6.262,A,155078,12,3,1,2011,,898289.14,900387.29,772539.12,912815.0025,17221.930285265367
8,2011-04-01,878762.3,False,49.86,3.524,,,,,,218.2586281,6.297,A,155078,13,4,2,2011,,827968.36,898289.14,914500.91,890477.805,44991.356544143295
8,2011-04-08,949825.83,False,65.62,3.622,,,,,,218.50267,6.297,A,155078,14,4,2,2011,,878762.3,827968.36,916033.92,876351.7725,33693.320021911684
8,2011-04-15,908278.74,False,63.55,3.743,,,,,,218.7262524,6.297,A,155078,15,4,2,2011,,949825.83,878762.3,882917.12,888711.4075,50383.22524076321
8,2011-04-22,937473.13,False,65.11,3.807,,,,,,218.8986857,6.297,A,155078,16,4,2,2011,,908278.74,949825.83,850440.26,891208.8075,51256.2440790337
8,2011-04-29,855014.77,False,62.29,3.81,,,,,,219.071119,6.297,A,155078,17,4,2,2011,,937473.13,908278.74,778672.64,918585.0,31753.306098021258
8,2011-05-06,941457.34,False,58.92,3.906,,,,,,219.2435524,6.297,A,155078,18,5,2,2011,,855014.77,937473.13,916820.96,912648.1175,42186.71890596053
8,2011-05-13,895763.41,False,72.96,3.899,,,,,,219.4159857,6.297,A,155078,19,5,2,2011,,941457.34,855014.77,873337.84,910555.995,39872.4585156781
8,2011-05-20,836049.89,False,65.54,3.907,,,,,,219.1746922,6.297,A,155078,20,5,2,2011,,895763.41,941457.34,818333.21,907427.1625,40595.21791889775
8,2011-05-27,857939.41,False,73.14,3.786,,,,,,218.9333986,6.297,A,155078,21,5,2,2011,,836049.89,895763.41,868041.5599999999,882071.3525,46776.78062583401
8,2011-06-03,929222.16,False,82.05,3.699,,,,,,218.6921051,6.297,A,155078,22,6,2,2011,,857939.41,836049.89,958225.41,882802.5125,46232.583133593136
8,2011-06-10,897309.41,False,82.21,3.648,,,,,,218.4508115,6.297,A,155078,23,6,2,2011,,929222.16,857939.41,914835.86,879743.7175,41187.88336058398
8,2011-06-17,922048.41,False,84.73,3.637,,,,,,218.4021448,6.297,A,155078,24,6,2,2011,,897309.41,929222.16,869922.56,880130.2175,41395.05076449444
8,2011-06-24,864881.24,False,83.94,3.594,,,,,,218.4979481,6.297,A,155078,25,6,2,2011,,922048.41,897309.41,814919.11,901629.8475,32175.42495340925
8,2011-07-01,883683.35,False,87.26,3.524,,,,,,218.5937514,6.425,A,155078,26,7,3,2011,,864881.24,922048.41,852333.75,903365.305,29070.789956631936
8,2011-07-08,861965.12,False,83.57,3.48,,,,,,218.6895548,6.425,A,155078,27,7,3,2011,,883683.35,864881.24,845289.77,891980.6025,24053.33715020853
8,2011-07-15,849925.37,False,84.26,3.575,,,,,,218.7746217,6.425,A,155078,28,7,3,2011,,861965.12,883683.35,848630.5700000001,883144.53,27664.16078382236
8,2011-07-22,829902.42,False,85.46,3.651,,,,,,218.8328475,6.425,A,155078,29,7,3,2011,,849925.37,861965.12,785515.88,865113.77,13970.025804799676
8,2011-07-29,807082.19,False,86.46,3.682,,,,,,218.8910733,6.425,A,155078,30,7,3,2011,,829902.42,849925.37,787295.09,856369.0650000001,22504.743940139964
8,2011-08-05,892393.77,False,85.15,3.684,,,,,,218.9492991,6.425,A,155078,31,8,3,2011,,807082.19,829902.42,893399.77,837218.775,24052.59482399486
8,2011-08-12,856796.1,False,86.05,3.638,,,,,,219.0075249,6.425,A,155078,32,8,3,2011,,892393.77,807082.19,867919.21,844825.9375,36221.56241102427
8,2011-08-19,895066.5,False,82.92,3.554,,,,,,219.0701968,6.425,A,155078,33,8,3,2011,,856796.1,892393.77,870676.4400000001,846543.6199999999,36703.69461992577
8,2011-08-26,912542.82,False,84.69,3.523,,,,,,219.1336097,6.425,A,155078,34,8,3,2011,,895066.5,856796.1,888816.78,862834.6399999999,41058.635355432525
8,2011-09-02,891387.14,False,84.77,3.533,,,,,,219.1970226,6.425,A,155078,35,9,3,2011,,912542.82,895066.5,899036.47,889199.7975,23377.453309131022
8,2011-09-09,848358.09,True,69.01,3.546,,,,,,219.2604355,6.425,A,155078,36,9,3,2011,Labor Day,891387.14,912542.82,831425.2,888948.1399999999,23336.992455142456
8,2011-09-16,870971.82,False,69.09,3.526,,,,,,219.4442443,6.425,A,155078,37,9,3,2011,,848358.09,891387.14,836707.85,886838.6375000001,27263.187207936677
8,2011-09-23,806444.29,False,68.72,3.467,,,,,,219.788581,6.425,A,155078,38,9,3,2011,,870971.82,848358.09,773725.08,880814.9674999999,27500.08427495453
8,2011-09-30,809049.37,False,72.2,3.355,,,,,,220.1329176,6.425,A,155078,39,9,3,2011,,806444.29,870971.82,804105.49,854290.335,36418.31240779752
8,2011-10-07,929976.55,False,67.61,3.285,,,,,,220.4772543,6.123,A,155078,40,10,4,2011,,809049.37,806444.29,870349.86,833705.8925000001,31382.454315937885
8,2011-10-14,863188.26,False,61.74,3.274,,,,,,220.7960935,6.123,A,155078,41,10,4,2011,,929976.55,809049.37,826546.96,854110.5075,58715.51375739973
8,2011-10-21,905984.49,False,59.97,3.353,,,,,,220.9619484,6.123,A,155078,42,10,4,2011,,863188.26,929976.55,836419.14,852164.6175,58096.15720810454
8,2011-10-28,876712.31,False,56.86,3.372,,,,,,221.1278032,6.123,A,155078,43,10,4,2011,,905984.49,863188.26,830756.76,877049.6675,53086.90335115743
8,2011-11-04,947815.05,False,49.68,3.332,,,,,,221.2936581,6.123,A,155078,44,11,4,2011,,876712.31,905984.49,927266.34,893965.4025,29923.028533660545
8,2011-11-11,917088.48,False,50.56,3.297,4971.01,4538.18,541.05,1407.72,3846.73,221.4595129,6.123,A,155078,45,11,4,2011,,947815.05,876712.31,911538.98,898425.0275000001,37459.274245166525
8,2011-11-18,897032.1900000001,False,51.72,3.308,6839.45,114.32,166.32,868.79,4442.66,221.6911738,6.123,A,155078,46,11,4,2011,,917088.48,947815.05,885608.04,911900.0825,29382.40929128843
8,2011-11-25,1235163.86,True,49.61,3.236,437.61,320.76,45968.51,110.41,992.9,221.9491571,6.123,A,155078,47,11,4,2011,Thanksgiving,897032.1900000001,917088.48,1261693.16,909662.0075,30309.52546216772
8,2011-12-02,986601.46,False,40.82,3.172,2222.42,286.0,1464.46,1192.79,13865.57,222.2071405,6.123,A,155078,48,12,4,2011,,1235163.86,897032.1900000001,952766.93,999274.895,158639.94557116326
8,2011-12-09,1051922.95,False,30.51,3.158,4425.92,36.0,346.05,1791.15,9889.35,222.4651238,6.123,A,155078,49,12,4,2011,,986601.46,1235163.86,1069061.63,1008971.4975,155602.37883739447
8,2011-12-16,1118163.94,False,39.79,3.159,739.45,34.0,326.76,169.2,2238.66,222.6910959,6.123,A,155078,50,12,4,2011,,1051922.95,986601.46,1220579.55,1042680.115,143170.70893572847
8,2011-12-23,1462254.05,False,38.16,3.112,1234.0,0.3,891.94,14.0,5884.24,222.8743862,6.123,A,155078,51,12,4,2011,,1118163.94,1051922.95,1511641.09,1097963.0525,106071.09684355825
8,2011-12-30,858572.22,True,36.33,3.129,3701.08,36381.83,164.34,178.4,1508.56,223.0576765,6.123,A,155078,52,12,4,2011,Christmas,1462254.05,1118163.94,773586.49,1154735.6,211931.28873852835
8,2012-01-06,872113.23,False,43.47,3.157,3093.39,26001.46,96.35,500.91,4468.63,223.2409668,5.825,A,155078,1,1,1,2012,,858572.22,1462254.05,873065.23,1122728.29,251721.0099063782
8,2012-01-13,817661.76,False,36.46,3.261,6725.29,12764.99,15.98,299.73,3851.69,223.4242571,5.825,A,155078,2,1,1,2012,,872113.23,858572.22,809646.66,1077775.86,282726.03273577365
8,2012-01-20,813954.8200000001,False,46.81,3.268,1643.08,1055.47,9.02,411.88,3161.92,223.5188055,5.825,A,155078,3,1,1,2012,,817661.76,872113.23,822668.23,1002650.315,307275.5477450518
8,2012-01-27,778178.53,False,45.52,3.29,6065.01,730.16,15.18,30.28,24241.12,223.6133539,5.825,A,155078,4,1,1,2012,,813954.8200000001,817661.76,782256.66,840575.5075000001,29167.39291721387
8,2012-02-03,927610.69,False,45.56,3.36,41524.03,1412.41,83.15,18723.56,3886.31,223.7079023,5.825,A,155078,5,2,1,2012,,778178.53,813954.8200000001,944594.78,820477.085,38755.32316613743
8,2012-02-10,1021400.42,True,35.71,3.409,9332.6,3298.88,32.12,6530.08,4858.74,223.8024507,5.825,A,155078,6,2,1,2012,Super Bowl,927610.69,778178.53,996147.39,834351.45,64671.609057755086
8,2012-02-17,1096232.89,False,37.51,3.51,4376.58,10723.12,10.5,1546.82,4117.02,223.9658621,5.825,A,155078,7,2,1,2012,,1021400.42,927610.69,1065108.64,885286.1150000001,110873.29417774332
8,2012-02-24,928537.54,False,46.33,3.555,9712.39,4960.15,1.0,2441.26,5314.33,224.1809207,5.825,A,155078,8,2,1,2012,,1096232.89,1021400.42,917317.15,955855.6325,137075.18997648166
8,2012-03-02,952264.91,False,50.95,3.63,19521.45,1000.19,0.6,5819.37,3641.54,224.3959793,5.825,A,155078,9,3,1,2012,,928537.54,1096232.89,935266.43,993445.385,81432.97975280788
8,2012-03-09,960115.56,False,49.59,3.669,7740.12,269.44,2.0,509.65,4678.17,224.6110379,5.825,A,155078,10,3,1,2012,,952264.91,928537.54,900387.29,999608.94,75506.41780403866
8,2012-03-16,921178.39,False,56.63,3.734,4879.04,501.9,6.14,1078.01,1288.81,224.7657327,5.825,A,155078,11,3,1,2012,,960115.56,952264.91,898289.14,984287.725,75827.78148700565
8,2012-03-23,874223.25,False,52.9,3.787,6155.76,499.11,2.04,403.32,2748.36,224.8399424,5.825,A,155078,12,3,1,2012,,921178.39,960115.56,827968.36,940524.1,18615.4598871096
8,2012-03-30,905935.29,False,66.69,3.845,6052.68,121.67,,375.27,1715.7,224.9141521,5.825,A,155078,13,3,1,2012,,874223.25,921178.39,878762.3,926945.5275,38962.46315777809
8,2012-04-06,1046816.59,False,62.18,3.891,6821.13,,27.04,2101.86,3627.77,224.9883618,5.679,A,155078,14,4,2,2012,,905935.29,874223.25,949825.83,915363.1225,35674.319116383274
8,2012-04-13,909989.45,False,65.19,3.891,7627.83,4689.55,4.2,940.82,1723.28,225.0625714,5.679,A,155078,15,4,2,2012,,1046816.59,905935.29,908278.74,937038.38,75753.8501509319
8,2012-04-20,872288.46,False,63.59,3.877,3600.79,2105.64,4.9,1768.65,14945.23,225.1179914,5.679,A,155078,16,4,2,2012,,909989.45,1046816.59,937473.13,934241.145,76734.92180842097
8,2012-04-27,879448.25,False,70.34,3.814,5440.25,1.5,2.2,15.6,3302.44,225.1734114,5.679,A,155078,17,4,2,2012,,872288.46,909989.45,855014.77,933757.4475,77243.76194926816
8,2012-05-04,937232.09,False,73.96,3.749,12807.63,,260.55,3338.11,2197.51,225.2288314,5.679,A,155078,18,5,2,2012,,879448.25,872288.46,941457.34,927135.6875,81444.91378302764
8,2012-05-11,920128.89,False,64.96,3.688,10852.45,,3.82,1425.65,2545.79,225.2842514,5.679,A,155078,19,5,2,2012,,937232.09,879448.25,895763.41,899739.5625,29866.64920129377
8,2012-05-18,913922.01,False,64.16,3.63,7288.06,,24.25,585.14,4836.15,225.3002908,5.679,A,155078,20,5,2,2012,,920128.89,937232.09,836049.89,902274.4225,31416.62312004388
8,2012-05-25,895157.4400000001,False,76.11,3.561,2989.94,,651.09,1056.01,10189.75,225.3005779,5.679,A,155078,21,5,2,2012,,913922.01,920128.89,857939.41,912682.81,24249.96804753051
8,2012-06-01,921161.2,False,78.31,3.501,11578.32,41.6,58.17,1319.45,2044.72,225.300865,5.679,A,155078,22,6,2,2012,,895157.4400000001,913922.01,929222.16,916610.1075,17369.42527880553
8,2012-06-08,928820.0,False,74.28,3.452,8721.82,252.8,30.45,679.89,5160.31,225.3011521,5.679,A,155078,23,6,2,2012,,921161.2,895157.4400000001,897309.41,912592.385,12054.994924833003
8,2012-06-15,916918.7,False,77.14,3.393,8583.02,265.7,151.05,1184.4,5675.58,225.3134743,5.679,A,155078,24,6,2,2012,,928820.0,921161.2,922048.41,914765.1625,14417.829709869926
8,2012-06-22,899449.65,False,78.85,3.346,5146.44,124.95,2.97,1409.95,3956.16,225.3558843,5.679,A,155078,25,6,2,2012,,916918.7,928820.0,864881.24,915514.335,14437.257594098322
8,2012-06-29,878298.22,False,84.47,3.286,8467.23,199.75,,492.34,5529.08,225.3982943,5.679,A,155078,26,6,2,2012,,899449.65,916918.7,883683.35,916587.3875,12441.4412877853
8,2012-07-06,936205.5,False,81.24,3.227,10526.01,157.93,182.17,3068.98,4059.99,225.4407043,5.401,A,155078,27,7,3,2012,,878298.22,899449.65,861965.12,905871.6425,21986.3609797076
8,2012-07-13,890488.01,False,78.46,3.256,10278.48,129.2,24.0,1750.15,2057.71,225.4831143,5.401,A,155078,28,7,3,2012,,936205.5,878298.22,849925.37,907718.0175,24698.715241283484
8,2012-07-20,888834.07,False,79.94,3.311,6764.94,164.8,13.02,390.77,58068.14,225.4930078,5.401,A,155078,29,7,3,2012,,890488.01,936205.5,829902.42,901110.345,24950.984350824398
8,2012-07-27,838227.52,False,81.71,3.407,6382.88,80.6,3.55,2242.95,4403.2,225.5029014,5.401,A,155078,30,7,3,2012,,888834.07,890488.01,807082.19,898456.45,25738.630147010223
8,2012-08-03,897076.73,False,85.06,3.417,12755.02,88.2,17.83,4783.44,4865.74,225.5127949,5.401,A,155078,31,8,3,2012,,838227.52,888834.07,892393.77,888438.7749999999,40029.929503323925
8,2012-08-10,930745.69,False,83.74,3.494,11811.65,26.0,59.03,2215.73,2801.89,225.5226885,5.401,A,155078,32,8,3,2012,,897076.73,838227.52,856796.1,878656.5825,27186.85256425383
8,2012-08-17,896613.19,False,81.21,3.571,3224.14,21.02,4.26,1066.29,5044.43,225.6050797,5.401,A,155078,33,8,3,2012,,930745.69,897076.73,895066.5,888721.0025,38233.91644759324
8,2012-08-24,936373.65,False,73.77,3.62,3822.14,6.4,4.2,763.09,3570.91,225.7418442,5.401,A,155078,34,8,3,2012,,896613.19,930745.69,912542.82,890665.7825,38438.87902912287
8,2012-08-31,976137.73,False,75.33,3.638,10297.42,21.6,17.16,3952.93,3198.02,225.8786088,5.401,A,155078,35,8,3,2012,,936373.65,896613.19,891387.14,915202.315,21322.24450295248
8,2012-09-07,932160.37,True,80.87,3.73,11548.63,9.0,29.22,1177.09,2831.4,226.0153733,5.401,A,155078,36,9,3,2012,Labor Day,976137.73,936373.65,848358.09,934967.565,32587.532745469118
8,2012-09-14,883569.38,False,67.21,3.717,4678.98,,12.29,1130.96,5427.34,226.1615981,5.401,A,155078,37,9,3,2012,,932160.37,976137.73,870971.82,935321.235,32534.07268637945
8,2012-09-21,857796.45,False,66.96,3.721,3913.12,5.73,2.28,,6984.96,226.3645848,5.401,A,155078,38,9,3,2012,,883569.38,932160.37,806444.29,932060.2825,37915.71424479051
8,2012-09-28,884724.41,False,71.1,3.666,5518.65,1.91,0.55,1103.02,2049.02,226.5675714,5.401,A,155078,39,9,3,2012,,857796.45,883569.38,809049.37,912415.9825,52490.385622879614
8,2012-10-05,976436.02,False,61.41,3.617,3709.42,,20.04,1332.17,2156.75,226.7705581,5.124,A,155078,40,10,4,2012,,884724.41,857796.45,929976.55,889562.6525,30999.91969467668
8,2012-10-12,927511.99,False,55.03,3.601,757.39,,7.5,186.45,4830.34,226.9735448,5.124,A,155078,41,10,4,2012,,976436.02,884724.41,863188.26,900631.5650000001,52042.66907092949
8,2012-10-19,900309.75,False,62.99,3.594,1260.59,,6.5,280.98,3531.83,227.0184166,5.124,A,155078,42,10,4,2012,,927511.99,976436.02,905984.49,911617.2175,51878.12339153573
8,2012-10-26,891671.4400000001,False,64.74,3.506,2679.05,20.38,6.0,384.25,1691.31,227.0369359,5.124,A,155078,43,10,4,2012,,900309.75,927511.99,876712.31,922245.5425,40221.70930245759
9,2011-02-04,544612.28,False,31.82,2.989,,,,,,216.1162864,6.416,B,125833,5,2,1,2011,,463561.48,454021.69,549505.55,466662.91,16677.113046514016
9,2011-02-11,555279.02,True,34.13,3.022,,,,,,216.496729,6.416,B,125833,6,2,1,2011,Super Bowl,544612.28,463561.48,552677.48,480070.535,43205.00554124149
9,2011-02-18,610985.56,False,58.5,3.045,,,,,,216.8154856,6.416,B,125833,7,2,1,2011,,555279.02,544612.28,511327.9,504368.61750000005,52951.10018926296
9,2011-02-25,513107.2,False,59.01,3.065,,,,,,217.1095679,6.416,B,125833,8,2,1,2011,,610985.56,555279.02,473773.27,543609.5850000001,60784.87265697473
9,2011-03-04,542016.18,False,60.67,3.288,,,,,,217.4036503,6.416,B,125833,9,3,1,2011,,513107.2,610985.56,507297.88,555996.015,40797.892166922415
9,2011-03-11,517783.5,False,54.75,3.459,,,,,,217.6977326,6.416,B,125833,10,3,1,2011,,542016.18,513107.2,494145.8,555346.99,41059.16643928202
9,2011-03-18,515226.11,False,63.82,3.488,,,,,,217.9563371,6.416,B,125833,11,3,1,2011,,517783.5,542016.18,485744.61,545973.11,45155.6497096712
9,2011-03-25,497488.4,False,68.79,3.473,,,,,,218.2007506,6.416,B,125833,12,3,1,2011,,515226.11,517783.5,484946.56,522033.2475,13458.447038068098
9,2011-04-01,520962.14,False,56.12,3.524,,,,,,218.445164,6.38,B,125833,13,4,2,2011,,497488.4,515226.11,545206.32,518128.5475,18304.62488457904
9,2011-04-08,561625.92,False,71.4,3.622,,,,,,218.6895775,6.38,B,125833,14,4,2,2011,,520962.14,497488.4,529384.3099999999,512865.0375,10516.177797660888
9,2011-04-15,528420.28,False,71.9,3.743,,,,,,218.9134935,6.38,B,125833,15,4,2,2011,,561625.92,520962.14,485764.32,523825.6425,27108.811159023862
9,2011-04-22,549502.11,False,72.35,3.807,,,,,,219.0861659,6.38,B,125833,16,4,2,2011,,528420.28,561625.92,488683.57,527124.185,26509.747461436866
9,2011-04-29,532226.2,False,70.85,3.81,,,,,,219.2588382,6.38,B,125833,17,4,2,2011,,549502.11,528420.28,491723.42,540127.6125,18747.75896968175
9,2011-05-06,545251.1,False,62.2,3.906,,,,,,219.4315106,6.38,B,125833,18,5,2,2011,,532226.2,549502.11,526128.61,542943.6275,15468.5985206789
9,2011-05-13,539126.0,False,77.66,3.899,,,,,,219.6041829,6.38,B,125833,19,5,2,2011,,545251.1,532226.2,492792.8,538849.9225,10117.564172540877
9,2011-05-20,518266.9,False,70.49,3.907,,,,,,219.3622809,6.38,B,125833,20,5,2,2011,,539126.0,545251.1,506274.94,541526.3525,7521.989548097116
9,2011-05-27,553834.04,False,80.42,3.786,,,,,,219.1203788,6.38,B,125833,21,5,2,2011,,518266.9,539126.0,558143.53,533717.55,11593.400669489716
9,2011-06-03,587004.29,False,85.8,3.699,,,,,,218.8784768,6.38,B,125833,22,6,2,2011,,553834.04,518266.9,586061.46,539119.51,15154.154270707131
9,2011-06-10,550076.3200000001,False,85.81,3.648,,,,,,218.6365747,6.38,B,125833,23,6,2,2011,,587004.29,553834.04,522715.68,549557.8075,28916.366276484587
9,2011-06-17,558671.14,False,89.15,3.637,,,,,,218.5877333,6.38,B,125833,24,6,2,2011,,550076.3200000001,587004.29,513073.87,552295.3875000001,28106.56854650079
9,2011-06-24,538745.9299999999,False,86.74,3.594,,,,,,218.6836874,6.38,B,125833,25,6,2,2011,,558671.14,550076.3200000001,509263.28,562396.4475,16778.202051934706
9,2011-07-01,537064.03,False,89.14,3.524,,,,,,218.7796415,6.404,B,125833,26,7,3,2011,,538745.9299999999,558671.14,528832.54,558624.42,20604.559222539167
9,2011-07-08,535983.13,False,89.04,3.48,,,,,,218.8755955,6.404,B,125833,27,7,3,2011,,537064.03,538745.9299999999,485389.15,546139.355,10158.241084355786
9,2011-07-15,512834.04,False,90.45,3.575,,,,,,218.9607242,6.404,B,125833,28,7,3,2011,,535983.13,537064.03,474030.51,542616.0575,10763.58517609349
9,2011-07-22,491449.94,False,89.08,3.651,,,,,,219.0187895,6.404,B,125833,29,7,3,2011,,512834.04,535983.13,462676.5,531156.7825,12267.942719612362
9,2011-07-29,471449.98,False,91.1,3.682,,,,,,219.0768548,6.404,B,125833,30,7,3,2011,,491449.94,512834.04,468675.19,519332.785,21689.611720345936
9,2011-08-05,554879.67,False,91.52,3.684,,,,,,219.1349201,6.404,B,125833,31,8,3,2011,,471449.98,491449.94,522815.45,502929.2725,27769.18463456384
9,2011-08-12,520284.79,False,91.63,3.638,,,,,,219.1929854,6.404,B,125833,32,8,3,2011,,554879.67,471449.98,481897.98,507653.4075,35732.33523757014
9,2011-08-19,540819.44,False,85.8,3.554,,,,,,219.2556109,6.404,B,125833,33,8,3,2011,,520284.79,554879.67,499325.38,509516.095,36282.382301703554
9,2011-08-26,542663.53,False,88.95,3.523,,,,,,219.3189965,6.404,B,125833,34,8,3,2011,,540819.44,520284.79,506789.66,521858.47,36484.74734097069
9,2011-09-02,544643.33,False,89.33,3.533,,,,,,219.382382,6.404,B,125833,35,9,3,2011,,542663.53,540819.44,511049.06,539661.8574999999,14345.761246517615
9,2011-09-09,528784.86,True,75.65,3.546,,,,,,219.4457675,6.404,B,125833,36,9,3,2011,Labor Day,544643.33,542663.53,484835.2,537102.7725,11320.191165353766
9,2011-09-16,500274.03,False,77.95,3.526,,,,,,219.6297841,6.404,B,125833,37,9,3,2011,,528784.86,544643.33,463448.59,539227.79,7134.902931985888
9,2011-09-23,506743.78,False,74.42,3.467,,,,,,219.9746423,6.404,B,125833,38,9,3,2011,,500274.03,528784.86,452905.22,529091.4375,20466.23251394579
9,2011-09-30,508567.04,False,78.45,3.355,,,,,,220.3195004,6.404,B,125833,39,9,3,2011,,506743.78,500274.03,495692.19,520111.5,20406.363475133727
9,2011-10-07,553836.98,False,72.62,3.285,,,,,,220.6643585,6.054,B,125833,40,10,4,2011,,508567.04,506743.78,505069.21,511092.4275,12320.013654477152
9,2011-10-14,529515.66,False,67.27,3.274,,,,,,220.9836849,6.054,B,125833,41,10,4,2011,,553836.98,508567.04,454769.68,517355.4575,24579.94189628403
9,2011-10-21,557075.21,False,65.46,3.353,,,,,,221.1498206,6.054,B,125833,42,10,4,2011,,529515.66,553836.98,466322.76,524665.865,22021.563364220296
9,2011-10-28,548527.49,False,63.96,3.372,,,,,,221.3159563,6.054,B,125833,43,10,4,2011,,557075.21,529515.66,508801.61,537248.7225,22735.428008093877
9,2011-11-04,597855.0700000001,False,54.46,3.332,,,,,,221.4820921,6.054,B,125833,44,11,4,2011,,548527.49,557075.21,517869.97,547238.835,12329.65739414875
9,2011-11-11,594574.12,False,58.28,3.297,3235.06,1645.11,63.15,1580.98,2209.21,221.6482278,6.054,B,125833,45,11,4,2011,,597855.0700000001,548527.49,520846.68,558243.3575,28810.478537582043
9,2011-11-18,542414.27,False,58.8,3.308,3648.4,2.63,21.12,1639.62,3623.62,221.8803923,6.054,B,125833,46,11,4,2011,,594574.12,597855.0700000001,519823.3,574507.9724999999,25341.82258954823
9,2011-11-25,814753.5,True,54.32,3.236,121.57,,44061.13,247.83,8294.47,222.1389683,6.054,B,125833,47,11,4,2011,Thanksgiving,542414.27,594574.12,768070.53,570842.7375,29433.49938327989
9,2011-12-02,613115.21,False,46.84,3.172,1237.88,,1330.53,643.78,8323.51,222.3975443,6.054,B,125833,48,12,4,2011,,814753.5,542414.27,578164.82,637399.24,120933.05358758297
9,2011-12-09,630327.28,False,37.65,3.158,3075.89,,248.8,822.69,7585.2,222.6561203,6.054,B,125833,49,12,4,2011,,613115.21,814753.5,618121.82,641214.2749999999,119501.97364325376
9,2011-12-16,705557.97,False,47.31,3.159,2755.9,,136.48,384.78,2240.49,222.8825484,6.054,B,125833,50,12,4,2011,,630327.28,613115.21,685243.2,650152.565,116140.45462730076
9,2011-12-23,905324.68,False,44.43,3.112,719.14,0.24,318.75,17.72,2357.19,223.0661125,6.054,B,125833,51,12,4,2011,,705557.97,630327.28,873347.5499999999,690938.49,91786.105673994
9,2011-12-30,549788.36,True,43.41,3.129,2155.73,14481.63,44.07,237.84,3699.24,223.2496766,6.054,B,125833,52,12,4,2011,Christmas,905324.68,705557.97,459770.85,713581.285,133983.2883660753
9,2012-01-06,519585.67,False,47.54,3.157,3597.08,6203.76,11.2,3743.55,1912.75,223.4332408,5.667,B,125833,1,1,1,2012,,549788.36,905324.68,490981.78,697749.5725,152300.8888741626
9,2012-01-13,474964.6,False,42.44,3.261,4731.1,2959.36,,129.27,3416.48,223.6168049,5.667,B,125833,2,1,1,2012,,519585.67,549788.36,458086.69,670064.1699999999,176745.92577794267
9,2012-01-20,480130.04,False,51.56,3.268,910.51,234.36,,117.08,6081.04,223.7114288,5.667,B,125833,3,1,1,2012,,474964.6,519585.67,454021.69,612415.8275,197676.56549783688
9,2012-01-27,482451.21,False,49.38,3.29,489.19,283.85,,22.5,2888.79,223.8060527,5.667,B,125833,4,1,1,2012,,480130.04,474964.6,463561.48,506117.1675,35281.66129642933
9,2012-02-03,549967.89,False,54.43,3.36,19289.22,527.14,4.46,9955.21,3428.92,223.9006766,5.667,B,125833,5,2,1,2012,,482451.21,480130.04,544612.28,489282.88,20442.752741880733
9,2012-02-10,609736.12,True,44.03,3.409,5619.8,1595.17,1.71,4740.66,4494.14,223.9953006,5.667,B,125833,6,2,1,2012,Super Bowl,549967.89,482451.21,555279.02,496878.435,35531.01909074618
9,2012-02-17,658965.05,False,43.81,3.51,4572.81,5448.91,6.0,945.06,7589.85,224.1588663,5.667,B,125833,7,2,1,2012,,609736.12,549967.89,610985.56,530571.315,61922.42512815331
9,2012-02-24,563578.79,False,53.67,3.555,3801.98,4010.13,1.0,586.06,7315.09,224.3741384,5.667,B,125833,8,2,1,2012,,658965.05,609736.12,513107.2,575280.0675,76263.35722231389
9,2012-03-02,619498.28,False,57.2,3.63,6268.15,154.97,,3557.17,1878.44,224.5894104,5.667,B,125833,9,3,1,2012,,563578.79,658965.05,542016.18,595561.9625,49405.13136529891
9,2012-03-09,574955.95,False,54.03,3.669,3923.2,96.52,17.36,990.11,2755.72,224.8046825,5.667,B,125833,10,3,1,2012,,619498.28,563578.79,517783.5,612944.56,39192.30400901364
9,2012-03-16,550373.57,False,59.94,3.734,1913.05,1.8,7.33,436.67,14026.36,224.9594902,5.667,B,125833,11,3,1,2012,,574955.95,619498.28,515226.11,604249.5175,43736.08512733362
9,2012-03-23,550791.32,False,58.79,3.787,1681.15,1.8,0.68,414.45,466.42,225.0336786,5.667,B,125833,12,3,1,2012,,550373.57,574955.95,497488.4,577101.6475,29996.312367315677
9,2012-03-30,574985.37,False,67.87,3.845,3669.95,15.98,,69.02,2049.16,225.107867,5.667,B,125833,13,3,1,2012,,550791.32,550373.57,520962.14,573904.78,32495.24107647381
9,2012-04-06,677885.99,False,68.83,3.891,4876.77,,10.0,1201.8,8545.16,225.1820555,5.539,B,125833,14,4,2,2012,,574985.37,550791.32,561625.92,562776.5525,14081.580417759887
9,2012-04-13,578539.86,False,69.19,3.891,4939.14,856.32,,290.87,807.0,225.2562439,5.539,B,125833,15,4,2,2012,,677885.99,574985.37,528420.28,588509.0625,60685.16929115531
9,2012-04-20,542819.03,False,68.04,3.877,910.31,121.25,2.0,265.55,1146.34,225.3117488,5.539,B,125833,16,4,2,2012,,578539.86,677885.99,549502.11,595550.635,56257.750733761015
9,2012-04-27,550414.99,False,73.07,3.814,409.76,,0.4,7.88,7179.53,225.3672537,5.539,B,125833,17,4,2,2012,,542819.03,578539.86,532226.2,593557.5625,58469.76451555034
9,2012-05-04,586289.08,False,78.98,3.749,5917.56,,68.0,969.06,647.76,225.4227585,5.539,B,125833,18,5,2,2012,,550414.99,542819.03,545251.1,587414.9675,62240.31228990936
9,2012-05-11,592572.3,False,70.94,3.688,4727.8,,1.04,356.78,1077.81,225.4782634,5.539,B,125833,19,5,2,2012,,586289.08,550414.99,539126.0,564515.74,21137.113110328264
9,2012-05-18,571463.93,False,69.52,3.63,1926.92,,0.24,426.51,2968.78,225.4942498,5.539,B,125833,20,5,2,2012,,592572.3,586289.08,518266.9,568023.8500000001,25043.960856110865
9,2012-05-25,547226.0,False,79.69,3.561,1574.27,,361.83,81.12,5286.38,225.4944288,5.539,B,125833,21,5,2,2012,,571463.93,592572.3,553834.04,575185.075,18735.15902662469
9,2012-06-01,583648.59,False,80.26,3.501,2542.14,35.6,76.8,374.37,3413.57,225.4946078,5.539,B,125833,22,6,2,2012,,547226.0,571463.93,587004.29,574387.8275,20154.642979572767
9,2012-06-08,582525.42,False,78.91,3.452,3564.15,142.2,0.3,81.26,5518.29,225.4947868,5.539,B,125833,23,6,2,2012,,583648.59,547226.0,550076.3200000001,573727.7050000001,19672.381359448675
9,2012-06-15,564606.1,False,82.21,3.393,3296.23,176.4,50.03,780.78,4209.82,225.5070634,5.539,B,125833,24,6,2,2012,,582525.42,583648.59,558671.14,571215.985,16912.065161971856
9,2012-06-22,562173.12,False,81.05,3.346,2886.26,3.8,,1270.8,4545.91,225.5495841,5.539,B,125833,25,6,2,2012,,564606.1,582525.42,538745.9299999999,569501.5275,17223.293229822215
9,2012-06-29,544770.7,False,87.18,3.286,2073.16,120.0,,31.75,2792.7,225.5921049,5.539,B,125833,26,6,2,2012,,562173.12,564606.1,537064.03,573238.3075,11424.794980662662
9,2012-07-06,578790.36,False,84.15,3.227,3165.17,87.2,8.08,1642.41,2096.86,225.6346256,5.277,B,125833,27,7,3,2012,,544770.7,562173.12,535983.13,563518.835,15445.991210038295
9,2012-07-13,536537.64,False,82.39,3.256,3031.81,,2.02,47.76,4554.39,225.6771463,5.277,B,125833,28,7,3,2012,,578790.36,544770.7,512834.04,562585.0700000001,13954.897199480876
9,2012-07-20,513991.57,False,83.39,3.311,1107.97,0.5,5.85,862.28,1986.24,225.6871121,5.277,B,125833,29,7,3,2012,,536537.64,578790.36,491449.94,555567.955,18811.71534970808
9,2012-07-27,495951.0,False,86.41,3.407,1042.73,8.0,1.66,1129.2,2929.43,225.6970779,5.277,B,125833,30,7,3,2012,,513991.57,536537.64,471449.98,543522.5675,26871.57139733173
9,2012-08-03,533887.54,False,90.23,3.417,11864.5,61.0,0.22,1659.09,2176.37,225.7070437,5.277,B,125833,31,8,3,2012,,495951.0,513991.57,554879.67,531317.6425000001,35739.33160507565
9,2012-08-10,538713.47,False,88.66,3.494,3180.78,-9.94,1.4,2112.03,2314.58,225.7170094,5.277,B,125833,32,8,3,2012,,533887.54,495951.0,520284.79,520091.9375,18980.508652037977
9,2012-08-17,535153.47,False,86.37,3.571,975.91,,3.0,325.68,670.48,225.7995323,5.277,B,125833,33,8,3,2012,,538713.47,533887.54,540819.44,520635.895,19629.02535322873
9,2012-08-24,572887.78,False,77.9,3.62,1524.71,,1.8,501.16,4241.59,225.9364729,5.277,B,125833,34,8,3,2012,,535153.47,538713.47,542663.53,525926.37,20087.743653163183
9,2012-08-31,576879.15,False,80.71,3.638,5758.14,,17.6,2828.89,1884.13,226.0734135,5.277,B,125833,35,8,3,2012,,572887.78,535153.47,544643.33,545160.565,18597.370141901945
9,2012-09-07,565812.29,True,87.93,3.73,4837.99,-5.96,22.74,602.8,1377.59,226.2103541,5.277,B,125833,36,9,3,2012,Labor Day,576879.15,572887.78,528784.86,555908.4675,22018.964838961823
9,2012-09-14,523427.35,False,73.55,3.717,2640.68,,10.75,385.53,4276.03,226.3567545,5.277,B,125833,37,9,3,2012,,565812.29,576879.15,500274.03,562683.1725,18915.03535529977
9,2012-09-21,533756.88,False,69.92,3.721,1887.95,1.91,,273.53,4626.19,226.5599138,5.277,B,125833,38,9,3,2012,,523427.35,565812.29,506743.78,559751.6425000001,24644.77832000197
9,2012-09-28,516361.06,False,76.8,3.666,1699.68,1.91,0.55,190.38,1819.15,226.7630732,5.277,B,125833,39,9,3,2012,,533756.88,523427.35,508567.04,549968.9175,25445.74640705269
9,2012-10-05,606755.3,False,66.61,3.617,2657.57,,3.01,1107.79,1560.55,226.9662325,4.954,B,125833,40,10,4,2012,,516361.06,533756.88,553836.98,534839.395,21849.29975125301
9,2012-10-12,558464.8,False,60.09,3.601,520.41,,6.01,,2839.84,227.1693919,4.954,B,125833,41,10,4,2012,,606755.3,516361.06,529515.66,545075.1475,41735.95711606998
9,2012-10-19,542009.46,False,68.01,3.594,545.72,,8.0,28.94,3098.87,227.214288,4.954,B,125833,42,10,4,2012,,558464.8,606755.3,557075.21,553834.51,39282.82186498072
9,2012-10-26,549731.49,False,69.52,3.506,512.23,3.0,8.0,,1666.38,227.2328068,4.954,B,125833,43,10,4,2012,,542009.46,558464.8,548527.49,555897.655,38074.99001071843
10,2011-02-04,1968045.91,False,44.88,3.348,,,,,,127.7195806,8.744,B,126512,5,2,1,2011,,1715769.05,1677556.18,2193048.75,1704609.68,18155.64366051488
10,2011-02-11,2115408.31,True,51.51,3.381,,,,,,127.859129,8.744,B,126512,6,2,1,2011,Super Bowl,1968045.91,1715769.05,2176028.52,1768043.6825,134409.75225787205
10,2011-02-18,2106934.55,False,61.77,3.43,,,,,,127.99525,8.744,B,126512,7,2,1,2011,,2115408.31,1968045.91,2113432.58,1869194.8625,208692.32208629043
10,2011-02-25,1967996.71,False,53.59,3.398,,,,,,128.13,8.744,B,126512,8,2,1,2011,,2106934.55,2115408.31,2006774.96,1976539.455,186512.54124017348
10,2011-03-04,1958003.19,False,56.96,3.674,,,,,,128.26475,8.744,B,126512,9,3,1,2011,,1967996.71,2106934.55,1987090.09,2039596.37,82720.13130752962
10,2011-03-11,1933469.15,False,64.22,3.63,,,,,,128.3995,8.744,B,126512,10,3,1,2011,,1958003.19,1967996.71,1941346.13,2037085.69,85713.91371038897
10,2011-03-18,1884734.31,False,70.12,3.892,,,,,,128.5121935,8.744,B,126512,11,3,1,2011,,1933469.15,1958003.19,1946875.06,1991600.9,78245.58578217376
10,2011-03-25,1815798.85,False,62.53,3.716,,,,,,128.6160645,8.744,B,126512,12,3,1,2011,,1884734.31,1933469.15,1893532.46,1936050.84,37159.54635118422
10,2011-04-01,1827733.18,False,67.64,3.772,,,,,,128.7199355,8.494,B,126512,13,4,2,2011,,1815798.85,1884734.31,2138651.97,1898001.375,62693.56957146264
10,2011-04-08,1870720.73,False,73.03,3.818,,,,,,128.8238065,8.494,B,126512,14,4,2,2011,,1827733.18,1815798.85,2041069.37,1865433.8725,54425.12760894269
10,2011-04-15,1781767.22,False,61.05,4.089,,,,,,128.9107333,8.494,B,126512,15,4,2,2011,,1870720.73,1827733.18,1826241.44,1849746.7675,33171.74686560951
10,2011-04-22,2004831.14,False,75.93,3.917,,,,,,128.9553,8.494,B,126512,16,4,2,2011,,1781767.22,1870720.73,1829521.83,1824004.995,36731.59272659127
10,2011-04-29,1873646.34,False,73.38,4.151,,,,,,128.9998667,8.494,B,126512,17,4,2,2011,,2004831.14,1781767.22,1790694.59,1871263.0675,96168.3973504042
10,2011-05-06,1841369.99,False,73.56,4.193,,,,,,129.0444333,8.494,B,126512,18,5,2,2011,,1873646.34,2004831.14,1921432.16,1882741.3575,91885.62866155212
10,2011-05-13,1712995.44,False,74.04,4.202,,,,,,129.089,8.494,B,126512,19,5,2,2011,,1841369.99,1873646.34,1808056.41,1875403.6725,94305.59252111425
10,2011-05-20,1720908.01,False,72.62,3.99,,,,,,129.0756774,8.494,B,126512,20,5,2,2011,,1712995.44,1841369.99,1847613.58,1858210.7275,119870.61588531254
10,2011-05-27,1743000.38,False,78.62,3.933,,,,,,129.0623548,8.494,B,126512,21,5,2,2011,,1720908.01,1712995.44,1904618.17,1787229.945,82276.56327318153
10,2011-06-03,1792210.89,False,81.87,3.893,,,,,,129.0490323,8.494,B,126512,22,6,2,2011,,1743000.38,1720908.01,1931406.28,1754568.4549999998,59244.3189156849
10,2011-06-10,1740063.1,False,84.57,3.981,,,,,,129.0357097,8.494,B,126512,23,6,2,2011,,1792210.89,1743000.38,1827521.71,1742278.68,35627.51805145633
10,2011-06-17,1817934.76,False,87.96,3.935,,,,,,129.0432,8.494,B,126512,24,6,2,2011,,1740063.1,1792210.89,1837636.24,1749045.595,30398.4441646305
10,2011-06-24,1711813.13,False,90.69,3.807,,,,,,129.0663,8.494,B,126512,25,6,2,2011,,1817934.76,1740063.1,1768172.31,1773302.2825,38177.83839596381
10,2011-07-01,1751369.75,False,95.36,3.842,,,,,,129.0894,8.257,B,126512,26,7,3,2011,,1711813.13,1817934.76,1845893.87,1765505.47,48277.63965913922
10,2011-07-08,1699708.38,False,88.57,3.793,,,,,,129.1125,8.257,B,126512,27,7,3,2011,,1751369.75,1711813.13,1769793.37,1755295.185,44951.199155640345
10,2011-07-15,1775068.4,False,86.01,3.779,,,,,,129.1338387,8.257,B,126512,28,7,3,2011,,1699708.38,1751369.75,1828052.47,1745206.505,53268.444494782816
10,2011-07-22,1774342.61,False,88.59,3.697,,,,,,129.1507742,8.257,B,126512,29,7,3,2011,,1775068.4,1699708.38,1831676.03,1734489.915,34907.18182750171
10,2011-07-29,1745841.33,False,86.75,3.694,,,,,,129.1677097,8.257,B,126512,30,7,3,2011,,1774342.61,1775068.4,1832664.03,1750122.285,35365.005221612824
10,2011-08-05,1886299.98,False,89.8,3.803,,,,,,129.1846452,8.257,B,126512,31,8,3,2011,,1745841.33,1774342.61,1949236.09,1748740.18,35408.00442854599
10,2011-08-12,1917397.63,False,85.61,3.794,,,,,,129.2015806,8.257,B,126512,32,8,3,2011,,1886299.98,1745841.33,1962996.7,1795388.08,62117.24183616031
10,2011-08-19,1954849.68,False,87.4,3.743,,,,,,129.2405806,8.257,B,126512,33,8,3,2011,,1917397.63,1886299.98,1983190.56,1830970.3875,83635.50615178974
10,2011-08-26,1728399.07,False,91.59,3.663,,,,,,129.2832581,8.257,B,126512,34,8,3,2011,,1954849.68,1917397.63,1727565.42,1876097.155,91247.58812066092
10,2011-09-02,1758587.35,False,91.61,3.798,,,,,,129.3259355,8.257,B,126512,35,9,3,2011,,1728399.07,1954849.68,1766331.45,1871736.59,99583.22025869114
10,2011-09-09,1670579.82,True,89.06,3.771,,,,,,129.3686129,8.257,B,126512,36,9,3,2011,Labor Day,1758587.35,1728399.07,1720530.23,1839808.4325,112935.79664301744
10,2011-09-16,1650894.3,False,77.49,3.784,,,,,,129.4306,8.257,B,126512,37,9,3,2011,,1670579.82,1758587.35,1716755.78,1778103.98,123358.50784989876
10,2011-09-23,1685910.53,False,82.51,3.789,,,,,,129.5183333,8.257,B,126512,38,9,3,2011,,1650894.3,1670579.82,1655036.75,1702115.135,49993.35401276306
10,2011-09-30,1627707.31,False,82.27,3.877,,,,,,129.6060667,8.257,B,126512,39,9,3,2011,,1685910.53,1650894.3,1645892.97,1691493.0,46969.60475536342
10,2011-10-07,1788227.6,False,75.01,3.827,,,,,,129.6938,7.874,B,126512,40,10,4,2011,,1627707.31,1685910.53,1772192.42,1658772.9900000002,25185.95866667317
10,2011-10-14,1704753.02,False,70.27,3.698,,,,,,129.7706452,7.874,B,126512,41,10,4,2011,,1788227.6,1627707.31,1703850.25,1688184.935,70856.29194068194
10,2011-10-21,1745928.56,False,77.91,3.842,,,,,,129.7821613,7.874,B,126512,42,10,4,2011,,1704753.02,1788227.6,1740234.06,1701649.6150000002,66384.13935723889
10,2011-10-28,1771792.97,False,72.79,3.843,,,,,,129.7936774,7.874,B,126512,43,10,4,2011,,1745928.56,1704753.02,1741308.56,1716654.1225,68393.29174465776
10,2011-11-04,1904438.59,False,68.57,3.828,,,,,,129.8051935,7.874,B,126512,44,11,4,2011,,1771792.97,1745928.56,1832211.96,1752675.5375,36384.58813984784
10,2011-11-11,2076570.84,False,55.28,3.677,13444.17,14909.99,752.18,4320.22,5896.3,129.8167097,7.874,B,126512,45,11,4,2011,,1904438.59,1771792.97,1895901.59,1781728.285,86339.13977109511
10,2011-11-18,1869087.85,False,58.97,3.669,3886.23,708.7,115.18,695.54,9141.32,129.8268333,7.874,B,126512,46,11,4,2011,,2076570.84,1904438.59,1949177.13,1874682.74,151446.53530642248
10,2011-11-25,2950198.64,True,60.68,3.76,174.72,329.0,141630.61,79.0,1009.98,129.8364,7.874,B,126512,47,11,4,2011,Thanksgiving,1869087.85,2076570.84,2939946.38,1905472.5625,127108.5761822968
10,2011-12-02,2068097.18,False,57.29,3.701,7772.17,240.0,4737.51,6615.5,36360.42,129.8459667,7.874,B,126512,48,12,4,2011,,2950198.64,1869087.85,2251206.64,2200073.9800000004,508229.6505855093
10,2011-12-09,2429310.9,False,42.58,3.644,7010.08,74.24,1019.36,5124.86,9458.28,129.8555333,7.874,B,126512,49,12,4,2011,,2068097.18,2950198.64,2411790.21,2240988.6275000004,482429.1628831456
10,2011-12-16,2555031.18,False,50.53,3.489,2200.27,337.44,1203.16,158.52,3475.95,129.8980645,7.874,B,126512,50,12,4,2011,,2429310.9,2068097.18,2811646.85,2329173.6425,474531.127743083
10,2011-12-23,3487986.89,False,48.36,3.541,300.02,77.73,2432.01,108.37,4078.21,129.9845484,7.874,B,126512,51,12,4,2011,,2555031.18,2429310.9,3749057.69,2500659.475,363887.5748468229
10,2011-12-30,1930690.37,True,48.92,3.428,7676.36,104519.54,179.82,1573.87,3732.93,130.0710323,7.874,B,126512,52,12,4,2011,Christmas,3487986.89,2555031.18,1707298.14,2635106.5375,604887.9825956419
10,2012-01-06,1683401.78,False,59.85,3.443,7737.75,38456.09,39.72,305.2,5408.08,130.1575161,7.545,B,126512,1,1,1,2012,,1930690.37,3487986.89,1714309.9,2600754.835,650038.6609400263
10,2012-01-13,1711562.73,False,51.0,3.477,5203.77,14424.42,1.38,597.55,5659.57,130.244,7.545,B,126512,2,1,1,2012,,1683401.78,1930690.37,1710803.59,2414277.555,804300.7901266087
10,2012-01-20,1675562.94,False,54.51,3.66,2972.31,3286.44,1.0,644.03,5331.52,130.2792258,7.545,B,126512,3,1,1,2012,,1711562.73,1683401.78,1677556.18,2203410.4425000004,863488.287660898
10,2012-01-27,1632406.0,False,53.59,3.675,3242.59,1646.86,,45.8,1691.83,130.3144516,7.545,B,126512,4,1,1,2012,,1675562.94,1711562.73,1715769.05,1750304.455,121246.66534659968
10,2012-02-03,1867403.01,False,56.85,3.543,42468.4,1985.73,174.33,33345.34,5609.77,130.3496774,7.545,B,126512,5,2,1,2012,,1632406.0,1675562.94,1968045.91,1675733.3625,32760.940093531543
10,2012-02-10,2218595.8000000003,True,55.73,3.722,8414.22,861.38,66.96,6806.11,5723.0,130.3849032,7.545,B,126512,6,2,1,2012,Super Bowl,1867403.01,1632406.0,2115408.31,1721733.67,102362.3849742962
10,2012-02-17,2168709.76,False,54.12,3.781,20174.89,8935.08,10.8,6330.02,12821.24,130.4546207,7.545,B,126512,7,2,1,2012,,2218595.8000000003,1867403.01,2106934.55,1848491.9375,267040.61380379734
10,2012-02-24,2039415.74,False,56.02,3.95,13929.09,4614.67,,596.5,6528.31,130.5502069,7.545,B,126512,8,2,1,2012,,2168709.76,2218595.8000000003,1967996.71,1971778.6425,274328.65776496753
10,2012-03-02,1990371.02,False,57.62,3.882,22685.06,152.91,48.76,5831.75,2808.95,130.6457931,7.545,B,126512,9,3,1,2012,,2039415.74,2168709.76,1958003.19,2073531.0775,156796.46231177318
10,2012-03-09,1917483.1,False,57.65,3.963,11265.62,7.9,14.95,919.45,2473.83,130.7413793,7.545,B,126512,10,3,1,2012,,1990371.02,2039415.74,1933469.15,2104273.08,107085.51701286992
10,2012-03-16,1930814.66,False,62.11,4.273,3977.45,-10.5,6.03,1928.5,2273.92,130.8261935,7.545,B,126512,11,3,1,2012,,1917483.1,1990371.02,1884734.31,2028994.905,105759.98243919974
10,2012-03-23,1837457.69,False,56.54,4.288,4034.35,3.1,4.08,480.89,2194.51,130.8966452,7.545,B,126512,12,3,1,2012,,1930814.66,1917483.1,1815798.85,1969521.13,56350.45639035964
10,2012-03-30,1815760.42,False,67.92,4.294,7388.74,7.8,,574.87,4035.49,130.9670968,7.545,B,126512,13,3,1,2012,,1837457.69,1930814.66,1827733.18,1919031.6175,62941.38541488644
10,2012-04-06,2163384.17,False,65.99,4.282,9256.0,,23.74,4802.15,8553.67,131.0375484,7.382,B,126512,14,4,2,2012,,1815760.42,1837457.69,1870720.73,1875378.9675,57266.2450598734
10,2012-04-13,1974687.51,False,70.28,4.254,7299.64,10818.3,27.47,3675.97,1148.04,131.108,7.382,B,126512,15,4,2,2012,,2163384.17,1815760.42,1781767.22,1936854.235,159055.20331683077
10,2012-04-20,1777166.53,False,67.75,4.111,4973.95,4561.31,5.17,1953.72,3653.48,131.1173333,7.382,B,126512,16,4,2,2012,,1974687.51,2163384.17,2004831.14,1947822.4475,160009.7357410267
10,2012-04-27,1712987.56,False,80.11,4.088,3444.43,1.5,3.39,124.18,2906.22,131.1266667,7.382,B,126512,17,4,2,2012,,1777166.53,1974687.51,1873646.34,1932749.6575,175920.1078917511
10,2012-05-04,1821364.42,False,77.02,4.058,18275.88,,21.31,4872.45,2722.29,131.136,7.382,B,126512,18,5,2,2012,,1712987.56,1777166.53,1841369.99,1907056.4425,203970.57443052824
10,2012-05-11,1792345.3,False,76.03,4.186,10837.25,,105.67,4736.02,2747.36,131.1453333,7.382,B,126512,19,5,2,2012,,1821364.42,1712987.56,1712995.44,1821551.505,111365.50511396986
10,2012-05-18,1795152.73,False,85.19,4.308,9630.62,,9.46,972.85,2986.24,131.0983226,7.382,B,126512,20,5,2,2012,,1792345.3,1821364.42,1720908.01,1775965.9525,45814.92909554528
10,2012-05-25,1830939.1,False,86.03,4.127,7786.58,,712.2,1701.28,3214.55,131.0287742,7.382,B,126512,21,5,2,2012,,1795152.73,1792345.3,1743000.38,1780462.5025,46843.13674730647
10,2012-06-01,1767471.48,False,80.06,4.277,11614.41,,172.39,2945.55,1528.02,130.9592258,7.382,B,126512,22,6,2,2012,,1830939.1,1795152.73,1792210.89,1809950.3875,19146.069776733133
10,2012-06-08,1840491.41,False,86.87,4.103,7184.69,31.0,338.26,637.39,5399.57,130.8896774,7.382,B,126512,23,6,2,2012,,1767471.48,1830939.1,1740063.1,1796477.1525,26126.49461567133
10,2012-06-15,1811562.88,False,88.58,4.144,6017.71,18.8,41.99,2052.91,4250.19,130.8295333,7.382,B,126512,24,6,2,2012,,1840491.41,1767471.48,1817934.76,1808513.68,33607.79594017685
10,2012-06-22,1755334.18,False,89.92,4.014,7684.55,12.6,1.17,3375.65,7210.53,130.7929,7.382,B,126512,25,6,2,2012,,1811562.88,1840491.41,1711813.13,1812616.2175,32413.53227615284
10,2012-06-29,1707481.9,False,91.36,3.875,3339.88,22.0,,1119.45,3710.52,130.7562667,7.382,B,126512,26,6,2,2012,,1755334.18,1811562.88,1751369.75,1793714.9875,39447.809566744654
10,2012-07-06,1805999.79,False,86.87,3.666,12644.88,11.2,4.12,5763.56,4746.94,130.7196333,7.17,B,126512,27,7,3,2012,,1707481.9,1755334.18,1699708.38,1778717.5924999998,59206.20830503709
10,2012-07-13,1765571.91,False,89.8,3.723,7069.25,5.0,0.32,8194.36,1372.82,130.683,7.17,B,126512,28,7,3,2012,,1805999.79,1707481.9,1775068.4,1770094.6874999998,48809.22424749878
10,2012-07-20,1869967.03,False,84.45,3.589,6596.8,-1.6,44.6,4275.27,10650.28,130.7012903,7.17,B,126512,29,7,3,2012,,1765571.91,1805999.79,1774342.61,1758596.9449999998,40493.09946003144
10,2012-07-27,1817603.66,False,83.98,3.769,9511.34,,8.87,16376.33,3062.22,130.7195806,7.17,B,126512,30,7,3,2012,,1869967.03,1765571.91,1745841.33,1787255.1575,68377.75206971355
10,2012-08-03,1939440.09,False,84.76,3.595,37194.44,,53.4,21623.93,2549.27,130.737871,7.17,B,126512,31,8,3,2012,,1817603.66,1869967.03,1886299.98,1814785.5975,43019.79939430481
10,2012-08-10,1880436.94,False,90.78,3.811,15282.47,,58.8,5537.01,14827.71,130.7561613,7.17,B,126512,32,8,3,2012,,1939440.09,1817603.66,1917397.63,1848145.6725,74301.37524694511
10,2012-08-17,1827797.4,False,88.83,4.002,4407.9,0.0,7.2,3037.56,3717.52,130.7909677,7.17,B,126512,33,8,3,2012,,1880436.94,1939440.09,1954849.68,1876861.93,49959.61373912346
10,2012-08-24,1764984.15,False,82.5,4.055,11322.69,,34.0,6602.59,7256.22,130.8381613,7.17,B,126512,34,8,3,2012,,1827797.4,1880436.94,1728399.07,1866319.5225,55985.43873012524
10,2012-08-31,1650285.54,False,86.97,3.886,26218.85,,68.24,12440.51,3544.68,130.8853548,7.17,B,126512,35,8,3,2012,,1764984.15,1827797.4,1758587.35,1853164.645,74401.00201352243
10,2012-09-07,1708283.28,True,83.07,4.124,11848.88,20.0,47.52,3530.47,2552.3,130.9325484,7.17,B,126512,36,9,3,2012,Labor Day,1650285.54,1764984.15,1670579.82,1780876.0074999998,99029.31837100071
10,2012-09-14,1640168.99,False,78.47,3.966,10389.14,,15.97,4943.53,7618.04,130.9776667,7.17,B,126512,37,9,3,2012,,1708283.28,1650285.54,1650894.3,1737837.5925,76088.81177905506
10,2012-09-21,1671857.57,False,81.93,4.125,11273.56,245.91,27.0,2976.5,7950.03,131.0103333,7.17,B,126512,38,9,3,2012,,1640168.99,1708283.28,1685910.53,1690930.49,57774.86686247122
10,2012-09-28,1694862.41,False,82.52,3.966,6091.96,62.82,2.82,3350.88,1751.75,131.043,7.17,B,126512,39,9,3,2012,,1671857.57,1640168.99,1627707.31,1667648.8450000002,30141.319730204734
10,2012-10-05,1758971.38,False,80.88,4.132,8975.95,,46.24,9546.75,7186.77,131.0756667,6.943,B,126512,40,10,4,2012,,1694862.41,1671857.57,1788227.6,1678793.0625,29820.66895053594
10,2012-10-12,1713889.11,False,76.03,4.468,2674.51,,10.32,1390.15,8116.13,131.1083333,6.943,B,126512,41,10,4,2012,,1758971.38,1694862.41,1704753.02,1691465.0875,50280.498832395264
10,2012-10-19,1734834.82,False,72.71,4.449,3067.64,,53.6,967.02,2705.58,131.1499677,6.943,B,126512,42,10,4,2012,,1713889.11,1758971.38,1745928.56,1709895.1175,36956.13991229388
10,2012-10-26,1744349.05,False,70.5,4.301,9657.93,63.3,100.0,1925.87,834.57,131.1930968,6.943,B,126512,43,10,4,2012,,1734834.82,1713889.11,1771792.97,1725639.4300000002,27573.351073300477
11,2011-02-04,1422546.05,False,47.17,2.989,,,,,,215.8863367,7.551,A,207499,5,2,1,2011,,1100418.69,1187776.19,1528008.64,1165387.525,43778.04066489764
11,2011-02-11,1419236.9,True,44.61,3.022,,,,,,216.2660913,7.551,A,207499,6,2,1,2011,Super Bowl,1422546.05,1100418.69,1574684.08,1226297.6775,137667.63935569284
11,2011-02-18,1554747.15,False,61.5,3.045,,,,,,216.5843571,7.551,A,207499,7,2,1,2011,,1419236.9,1422546.05,1503298.7,1282494.4575,163743.78303879447
11,2011-02-25,1323999.36,False,68.74,3.065,,,,,,216.8780275,7.551,A,207499,8,2,1,2011,,1554747.15,1419236.9,1336404.65,1374237.1975,193148.5925878781
11,2011-03-04,1399456.99,False,66.5,3.288,,,,,,217.1716979,7.551,A,207499,9,3,1,2011,,1323999.36,1554747.15,1426622.65,1430132.365,94814.42000696344
11,2011-03-11,1314557.31,False,63.29,3.459,,,,,,217.4653683,7.551,A,207499,10,3,1,2011,,1399456.99,1323999.36,1331883.16,1424360.1,96124.00499174865
11,2011-03-18,1391813.69,False,70.17,3.488,,,,,,217.7235226,7.551,A,207499,11,3,1,2011,,1314557.31,1399456.99,1364207.0,1398190.2025,111071.18495190878
11,2011-03-25,1229777.24,False,73.74,3.473,,,,,,217.9674705,7.551,A,207499,12,3,1,2011,,1391813.69,1314557.31,1245624.27,1357456.8375,44362.81620199391
11,2011-04-01,1258674.12,False,69.1,3.524,,,,,,218.2114184,7.574,A,207499,13,4,2,2011,,1229777.24,1391813.69,1446210.26,1333901.3075,79304.06300413457
11,2011-04-08,1327401.06,False,73.57,3.622,,,,,,218.4553663,7.574,A,207499,14,4,2,2011,,1258674.12,1229777.24,1470308.32,1298705.59,71353.6528769471
11,2011-04-15,1312905.8,False,76.64,3.743,,,,,,218.6788642,7.574,A,207499,15,4,2,2011,,1327401.06,1258674.12,1323243.35,1301916.5275,72583.15651650513
11,2011-04-22,1388118.53,False,78.31,3.807,,,,,,218.851237,7.574,A,207499,16,4,2,2011,,1312905.8,1327401.06,1283766.55,1282189.5550000002,45780.61576025167
11,2011-04-29,1357589.89,False,79.97,3.81,,,,,,219.0236099,7.574,A,207499,17,4,2,2011,,1388118.53,1312905.8,1239766.89,1321774.8775,53208.70946671078
11,2011-05-06,1331453.41,False,71.39,3.906,,,,,,219.1959827,7.574,A,207499,18,5,2,2011,,1357589.89,1388118.53,1312329.78,1346503.8199999998,33408.71854255252
11,2011-05-13,1277959.42,False,80.93,3.899,,,,,,219.3683556,7.574,A,207499,19,5,2,2011,,1331453.41,1357589.89,1266796.13,1347516.9075,32690.066994865323
11,2011-05-20,1239466.97,False,76.97,3.907,,,,,,219.127216,7.574,A,207499,20,5,2,2011,,1277959.42,1331453.41,1271646.62,1338780.3125,46693.76966486505
11,2011-05-27,1216876.52,False,85.61,3.786,,,,,,218.8860765,7.574,A,207499,21,5,2,2011,,1239466.97,1277959.42,1264272.52,1301617.4225,53058.09110896984
11,2011-06-03,1343637.0,False,86.14,3.699,,,,,,218.6449369,7.574,A,207499,22,6,2,2011,,1216876.52,1239466.97,1396322.19,1266439.08,50144.86816770725
11,2011-06-10,1314626.75,False,85.79,3.648,,,,,,218.4037974,7.574,A,207499,23,6,2,2011,,1343637.0,1216876.52,1339570.85,1269484.9775,55494.952296960255
11,2011-06-17,1337506.74,False,87.9,3.637,,,,,,218.3551748,7.574,A,207499,24,6,2,2011,,1314626.75,1343637.0,1336522.92,1278651.81,60191.110550061945
11,2011-06-24,1254587.84,False,86.13,3.594,,,,,,218.45094,7.574,A,207499,25,6,2,2011,,1337506.74,1314626.75,1262025.08,1303161.7525,58862.58387639016
11,2011-07-01,1297472.06,False,86.43,3.524,,,,,,218.5467052,7.567,A,207499,26,7,3,2011,,1254587.84,1337506.74,1302600.14,1312589.5825,40633.15171859104
11,2011-07-08,1334627.96,False,87.17,3.48,,,,,,218.6424704,7.567,A,207499,27,7,3,2011,,1297472.06,1254587.84,1280156.47,1301048.3475,35047.37739867766
11,2011-07-15,1266546.73,False,88.3,3.575,,,,,,218.7275216,7.567,A,207499,28,7,3,2011,,1334627.96,1297472.06,1290609.54,1306048.65,38850.8311726107
11,2011-07-22,1290576.44,False,87.8,3.651,,,,,,218.7857881,7.567,A,207499,29,7,3,2011,,1266546.73,1334627.96,1244390.03,1288308.6475,35777.65015036883
11,2011-07-29,1212938.67,False,89.46,3.682,,,,,,218.8440545,7.567,A,207499,30,7,3,2011,,1290576.44,1266546.73,1250178.89,1297305.7975,28192.05527997484
11,2011-08-05,1403198.94,False,90.04,3.684,,,,,,218.9023209,7.567,A,207499,31,8,3,2011,,1212938.67,1290576.44,1369634.92,1276172.45,50713.86068222049
11,2011-08-12,1354188.43,False,90.3,3.638,,,,,,218.9605873,7.567,A,207499,32,8,3,2011,,1403198.94,1212938.67,1384339.1,1293315.1949999998,80122.5617074799
11,2011-08-19,1484169.74,False,89.51,3.554,,,,,,219.023271,7.567,A,207499,33,8,3,2011,,1354188.43,1403198.94,1430192.37,1315225.62,82315.66843538574
11,2011-08-26,1304706.75,False,89.09,3.523,,,,,,219.0866908,7.567,A,207499,34,8,3,2011,,1484169.74,1354188.43,1311263.07,1363623.9449999998,113860.36765350228
11,2011-09-02,1297792.41,False,91.44,3.533,,,,,,219.1501106,7.567,A,207499,35,9,3,2011,,1304706.75,1484169.74,1303914.27,1386565.965,76490.49745925453
11,2011-09-09,1249439.95,True,84.91,3.546,,,,,,219.2135305,7.567,A,207499,36,9,3,2011,Labor Day,1297792.41,1304706.75,1231428.46,1360214.3325,86369.05825780462
11,2011-09-16,1270816.01,False,85.11,3.526,,,,,,219.3972867,7.567,A,207499,37,9,3,2011,,1249439.95,1297792.41,1215676.31,1334027.2125,103070.25755079182
11,2011-09-23,1235775.15,False,82.14,3.467,,,,,,219.7414914,7.567,A,207499,38,9,3,2011,,1270816.01,1249439.95,1170103.25,1280688.78,25451.64045754138
11,2011-09-30,1190515.83,False,84.4,3.355,,,,,,220.085696,7.567,A,207499,39,9,3,2011,,1235775.15,1270816.01,1182490.46,1263455.88,27054.50001482253
11,2011-10-07,1346271.06,False,76.97,3.285,,,,,,220.4299007,7.197,A,207499,40,10,4,2011,,1190515.83,1235775.15,1293472.8,1236636.735,33960.886131911204
11,2011-10-14,1286388.96,False,75.56,3.274,,,,,,220.7486167,7.197,A,207499,41,10,4,2011,,1346271.06,1190515.83,1175003.67,1260844.5125,65756.42503082874
11,2011-10-21,1325107.53,False,70.91,3.353,,,,,,220.9144005,7.197,A,207499,42,10,4,2011,,1286388.96,1346271.06,1169831.38,1264737.75,66992.98754662581
11,2011-10-28,1310684.1,False,72.66,3.372,,,,,,221.0801842,7.197,A,207499,43,10,4,2011,,1325107.53,1286388.96,1195036.0,1287070.845,68980.16804521701
11,2011-11-04,1458287.38,False,61.13,3.332,,,,,,221.245968,7.197,A,207499,44,11,4,2011,,1310684.1,1325107.53,1332759.13,1317112.9125,25162.156518506137
11,2011-11-11,1366053.69,False,64.2,3.297,9134.39,10126.19,473.38,2206.22,6338.3,221.4117517,7.197,A,207499,45,11,4,2011,,1458287.38,1310684.1,1281675.6,1345116.9925000002,77120.08187166364
11,2011-11-18,1315091.63,False,66.17,3.308,10941.05,222.94,263.1,404.05,8885.3,221.6432852,7.197,A,207499,46,11,4,2011,,1366053.69,1458287.38,1292346.57,1365033.175,66446.13679030647
11,2011-11-25,1848953.48,True,70.03,3.236,531.09,74.35,71081.98,3.0,1676.85,221.9011185,7.197,A,207499,47,11,4,2011,Thanksgiving,1315091.63,1366053.69,1757242.51,1362529.2,68605.85132524993
11,2011-12-02,1399322.44,False,56.89,3.172,7019.2,97.47,2917.09,3648.95,28803.28,222.1589519,7.197,A,207499,48,12,4,2011,,1848953.48,1315091.63,1380522.64,1497096.545,241941.778758374
11,2011-12-09,1646655.94,False,50.63,3.158,4923.89,36.0,525.03,2598.36,8696.45,222.4167852,7.197,A,207499,49,12,4,2011,,1399322.44,1848953.48,1564516.43,1482355.31,246841.2993602374
11,2011-12-16,1783910.06,False,59.69,3.159,1812.02,143.06,592.44,669.07,4900.25,222.6426418,7.197,A,207499,50,12,4,2011,,1646655.94,1399322.44,1843971.15,1552505.8725,242608.12416807568
11,2011-12-23,2213518.5,False,54.29,3.112,515.57,11.23,964.31,,3429.82,222.8258628,7.197,A,207499,51,12,4,2011,,1783910.06,1646655.94,2306265.36,1669710.48,199006.53348640457
11,2011-12-30,1352084.21,True,48.86,3.129,4241.32,58046.41,239.33,78.09,586.72,223.0090839,7.197,A,207499,52,12,4,2011,Christmas,2213518.5,1783910.06,1172003.1,1760851.735,341166.1360814531
11,2012-01-06,1283885.55,False,54.44,3.157,5107.29,32305.3,144.66,530.55,6004.19,223.1923049,6.833,A,207499,1,1,1,2012,,1352084.21,2213518.5,1178905.44,1749042.1775000002,358242.2797420256
11,2012-01-13,1264736.59,False,53.1,3.261,7153.87,4831.34,39.14,590.68,8698.99,223.3755259,6.833,A,207499,2,1,1,2012,,1283885.55,1352084.21,1194449.78,1658349.58,431277.0766366912
11,2012-01-20,1207303.29,False,56.43,3.268,2421.89,1803.64,37.76,297.73,2282.23,223.4700552,6.833,A,207499,3,1,1,2012,,1264736.59,1283885.55,1187776.19,1528556.2125,458177.63268111856
11,2012-01-27,1162675.85,False,58.36,3.29,708.33,1631.94,49.3,3.0,2116.1,223.5645845,6.833,A,207499,4,1,1,2012,,1207303.29,1264736.59,1100418.69,1277002.41,59702.23886518544
11,2012-02-03,1376732.18,False,60.24,3.36,50909.18,1957.49,137.23,37091.67,6418.36,223.6591137,6.833,A,207499,5,2,1,2012,,1162675.85,1207303.29,1422546.05,1229650.32,55249.36167736448
11,2012-02-10,1574287.76,True,52.23,3.409,12424.72,4575.75,81.74,8932.68,6987.67,223.753643,6.833,A,207499,6,2,1,2012,Super Bowl,1376732.18,1162675.85,1419236.9,1252861.9775,92545.4214419166
11,2012-02-17,1569607.94,False,52.77,3.51,10256.46,9792.52,24.82,4060.54,2418.36,223.9170153,6.833,A,207499,7,2,1,2012,,1574287.76,1376732.18,1554747.15,1330249.77,187004.46573206477
11,2012-02-24,1379473.03,False,61.11,3.555,17546.88,7531.48,0.5,3698.03,12656.68,224.1320199,6.833,A,207499,8,2,1,2012,,1569607.94,1574287.76,1323999.36,1420825.9325,195168.59580002172
11,2012-03-02,1438383.44,False,62.61,3.63,16404.25,1191.27,7.03,11524.7,4400.35,224.3470245,6.833,A,207499,9,3,1,2012,,1379473.03,1569607.94,1399456.99,1475025.2275,111938.50320017373
11,2012-03-09,1413382.76,False,61.44,3.669,7634.94,379.04,3.5,1251.85,6147.5,224.5620291,6.833,A,207499,10,3,1,2012,,1438383.44,1379473.03,1314557.31,1490438.0425,97162.34427586773
11,2012-03-16,1441884.28,False,64.21,3.734,7073.59,224.43,4.19,3164.68,2438.5,224.7166953,6.833,A,207499,11,3,1,2012,,1413382.76,1438383.44,1391813.69,1450211.7925,83177.9219817817
11,2012-03-23,1300593.61,False,67.16,3.787,7359.11,297.23,2.04,558.46,3588.44,224.7909104,6.833,A,207499,12,3,1,2012,,1441884.28,1413382.76,1229777.24,1418280.8775000002,28817.09105877625
11,2012-03-30,1300104.03,False,70.23,3.845,7438.04,190.98,1.0,1345.08,3504.0,224.8651254,6.833,A,207499,13,3,1,2012,,1300593.61,1441884.28,1258674.12,1398561.0225,66533.26834604074
11,2012-04-06,1596325.01,False,74.19,3.891,10760.37,,45.34,4048.21,5596.73,224.9393405,6.664,A,207499,14,4,2,2012,,1300104.03,1300593.61,1327401.06,1363991.17,74403.59090691996
11,2012-04-13,1472752.01,False,72.74,3.891,8906.38,4722.18,9.86,1412.83,2772.79,225.0135556,6.664,A,207499,15,4,2,2012,,1596325.01,1300104.03,1312905.8,1409726.7325,141162.08220480016
11,2012-04-20,1315356.99,False,71.97,3.877,7906.21,68.22,1.44,393.55,4854.79,225.0689541,6.664,A,207499,16,4,2,2012,,1472752.01,1596325.01,1388118.53,1417443.665,144314.5567976232
11,2012-04-27,1236238.29,False,73.4,3.814,1824.41,1.41,1.48,,5826.68,225.1243526,6.664,A,207499,17,4,2,2012,,1315356.99,1472752.01,1357589.89,1421134.5100000002,140467.47953753057
11,2012-05-04,1370251.22,False,79.07,3.749,17975.32,,160.84,9298.85,4109.98,225.1797511,6.664,A,207499,18,5,2,2012,,1236238.29,1315356.99,1331453.41,1405168.0750000002,160947.0568413735
11,2012-05-11,1300147.07,False,75.13,3.688,15656.23,,21.7,4600.43,3707.51,225.2351496,6.664,A,207499,19,5,2,2012,,1370251.22,1236238.29,1277959.42,1348649.6275,99352.4679293494
11,2012-05-18,1352442.31,False,72.53,3.63,4622.9,,9.22,479.55,4109.33,225.2512024,6.664,A,207499,20,5,2,2012,,1300147.07,1370251.22,1239466.97,1305498.3925,55123.25300246464
11,2012-05-25,1297335.87,False,78.44,3.561,15143.06,,984.13,2938.13,5495.44,225.2515168,6.664,A,207499,21,5,2,2012,,1352442.31,1300147.07,1216876.52,1314769.7225,60217.462224909774
11,2012-06-01,1361595.33,False,81.67,3.501,8172.36,79.6,126.72,1785.38,4232.48,225.2518313,6.664,A,207499,22,6,2,2012,,1297335.87,1352442.31,1343637.0,1330044.1175000002,36887.0032326237
11,2012-06-08,1414343.53,False,82.1,3.452,11984.13,191.4,78.65,2768.31,6358.77,225.2521458,6.664,A,207499,23,6,2,2012,,1361595.33,1297335.87,1314626.75,1327880.145,33872.75125772155
11,2012-06-15,1417875.42,False,84.97,3.393,7018.0,247.6,0.15,2876.5,4951.58,225.2644795,6.664,A,207499,24,6,2,2012,,1414343.53,1361595.33,1337506.74,1356429.26,47918.94357792099
11,2012-06-22,1355680.3,False,83.26,3.346,8329.88,278.6,1.98,1726.99,6103.42,225.3068615,6.664,A,207499,25,6,2,2012,,1417875.42,1414343.53,1254587.84,1372787.5375,56503.79721236106
11,2012-06-29,1297028.6,False,87.86,3.286,4430.73,219.8,,1799.43,6504.38,225.3492435,6.664,A,207499,26,6,2,2012,,1355680.3,1417875.42,1297472.06,1387373.645,33300.26334526193
11,2012-07-06,1461129.94,False,83.44,3.227,8324.1,125.6,88.73,6101.75,4603.06,225.3916254,6.334,A,207499,27,7,3,2012,,1297028.6,1355680.3,1334627.96,1371231.9625,57102.867974329325
11,2012-07-13,1320239.51,False,82.46,3.256,7783.03,105.95,34.8,4778.55,2445.82,225.4340074,6.334,A,207499,28,7,3,2012,,1461129.94,1297028.6,1266546.73,1382928.565,71782.10004077709
11,2012-07-20,1344483.81,False,82.41,3.311,2874.78,140.22,44.95,3689.47,6187.32,225.4438827,6.334,A,207499,29,7,3,2012,,1320239.51,1461129.94,1290576.44,1358519.5875,72533.78953015056
11,2012-07-27,1272395.02,False,85.43,3.407,2799.14,97.58,5.64,2364.95,1897.08,225.4537579,6.334,A,207499,30,7,3,2012,,1344483.81,1320239.51,1212938.67,1355720.465,72895.02273876312
11,2012-08-03,1399341.07,False,86.94,3.417,21974.47,173.58,25.5,22778.65,6172.69,225.4636332,6.334,A,207499,31,8,3,2012,,1272395.02,1344483.81,1403198.94,1349562.07,80182.59260716573
11,2012-08-10,1388973.65,False,86.21,3.494,16812.92,128.54,8.74,4764.33,4098.22,225.4735085,6.334,A,207499,32,8,3,2012,,1399341.07,1272395.02,1354188.43,1334114.8525,52801.002459909534
11,2012-08-17,1421307.2,False,87.73,3.571,6844.78,209.26,0.04,1235.79,2254.08,225.5558664,6.334,A,207499,33,8,3,2012,,1388973.65,1399341.07,1484169.74,1351298.3875000002,57734.17421130172
11,2012-08-24,1409515.73,False,83.17,3.62,3936.04,74.16,102.55,1673.59,4930.02,225.6925864,6.334,A,207499,34,8,3,2012,,1421307.2,1388973.65,1304706.75,1370504.235,66780.83972709117
11,2012-08-31,1372872.35,False,86.49,3.638,16650.73,120.0,45.0,7575.93,6689.78,225.8293063,6.334,A,207499,35,8,3,2012,,1409515.73,1421307.2,1297792.41,1404784.4125,13844.349755512396
11,2012-09-07,1304584.4,True,85.17,3.73,14597.86,56.0,45.05,3235.27,2855.68,225.9660263,6.334,A,207499,36,9,3,2012,Labor Day,1372872.35,1409515.73,1249439.95,1398167.2325,21514.332674451445
11,2012-09-14,1267675.05,False,79.61,3.717,7571.95,32.98,19.52,707.47,8664.16,226.1122067,6.334,A,207499,37,9,3,2012,,1304584.4,1372872.35,1270816.01,1377069.92,52540.26307486857
11,2012-09-21,1326132.98,False,73.64,3.721,6267.79,159.46,12.0,838.95,9194.37,226.3151496,6.334,A,207499,38,9,3,2012,,1267675.05,1304584.4,1235775.15,1338661.8825,64267.74461589658
11,2012-09-28,1227430.73,False,77.67,3.666,7694.84,51.91,5.2,1653.38,3211.84,226.5180926,6.334,A,207499,39,9,3,2012,,1326132.98,1267675.05,1190515.83,1317816.1949999998,43930.11092236191
11,2012-10-05,1422794.26,False,73.37,3.617,5635.1,,27.94,1754.56,5473.9,226.7210356,6.034,A,207499,40,10,4,2012,,1227430.73,1326132.98,1346271.06,1281455.79,43357.42846687044
11,2012-10-12,1311965.09,False,69.94,3.601,2345.03,,22.95,271.93,13035.68,226.9239785,6.034,A,207499,41,10,4,2012,,1422794.26,1227430.73,1286388.96,1311008.255,84828.92109197011
11,2012-10-19,1232073.18,False,73.77,3.594,2344.65,,153.97,409.53,2739.63,226.9688442,6.034,A,207499,42,10,4,2012,,1311965.09,1422794.26,1325107.53,1322080.765,80042.8729447076
11,2012-10-26,1200729.45,False,74.26,3.506,4115.64,147.27,153.0,1060.9,3936.2,226.9873637,6.034,A,207499,43,10,4,2012,,1232073.18,1311965.09,1310684.1,1298565.815,91458.03763629158
12,2011-02-04,1046068.17,False,45.14,3.348,,,,,,127.7195806,14.021,B,112238,5,2,1,2011,,873119.06,802105.5,1100046.37,849336.65,51260.63539969401
12,2011-02-11,1086421.57,True,51.3,3.381,,,,,,127.859129,14.021,B,112238,6,2,1,2011,Super Bowl,1046068.17,873119.06,1117863.33,883326.1325000001,112947.89397814104
12,2011-02-18,1128485.1,False,53.35,3.43,,,,,,127.99525,14.021,B,112238,7,2,1,2011,,1086421.57,1046068.17,1095421.65,951928.575,136147.61903637875
12,2011-02-25,1046203.72,False,48.45,3.53,,,,,,128.13,14.021,B,112238,8,2,1,2011,,1128485.1,1086421.57,1048617.17,1033523.475,112105.4033806351
12,2011-03-04,1085248.21,False,51.72,3.674,,,,,,128.26475,14.021,B,112238,9,3,1,2011,,1046203.72,1128485.1,1077018.27,1076794.64,39346.75666999599
12,2011-03-11,997672.62,False,57.75,3.818,,,,,,128.3995,14.021,B,112238,10,3,1,2011,,1085248.21,1046203.72,985594.23,1086589.65,33605.95078666483
12,2011-03-18,1009502.01,False,64.21,3.692,,,,,,128.5121935,14.021,B,112238,11,3,1,2011,,997672.62,1085248.21,972088.34,1064402.4125,55753.0140483786
12,2011-03-25,954107.32,False,54.4,3.909,,,,,,128.6160645,14.021,B,112238,12,3,1,2011,,1009502.01,997672.62,981615.81,1034656.64,39553.40338238262
12,2011-04-01,1005463.49,False,63.63,3.772,,,,,,128.7199355,13.736,B,112238,13,4,2,2011,,954107.32,1009502.01,1011822.3,1011632.54,54552.22674979897
12,2011-04-08,998362.05,False,64.47,4.003,,,,,,128.8238065,13.736,B,112238,14,4,2,2011,,1005463.49,954107.32,1041238.87,991686.36,25529.2397854464
12,2011-04-15,990951.77,False,57.63,3.868,,,,,,128.9107333,13.736,B,112238,15,4,2,2011,,998362.05,1005463.49,957997.52,991858.7175,25585.392654310475
12,2011-04-22,1016019.47,False,72.12,4.134,,,,,,128.9553,13.736,B,112238,16,4,2,2011,,990951.77,998362.05,993833.44,987221.1575,22857.135168538643
12,2011-04-29,994966.1,False,68.27,4.151,,,,,,128.9998667,13.736,B,112238,17,4,2,2011,,1016019.47,990951.77,954220.22,1002699.195,10675.265395672568
12,2011-05-06,1021154.48,False,68.4,4.193,,,,,,129.0444333,13.736,B,112238,18,5,2,2011,,994966.1,1016019.47,1043240.27,1000074.8475,11052.82024391831
12,2011-05-13,977033.5,False,70.93,4.202,,,,,,129.089,13.736,B,112238,19,5,2,2011,,1021154.48,994966.1,966054.97,1005772.955,15033.717889751815
12,2011-05-20,924134.99,False,66.59,4.169,,,,,,129.0756774,13.736,B,112238,20,5,2,2011,,977033.5,1021154.48,958374.56,1002293.3875,20296.939093621226
12,2011-05-27,964332.51,False,76.67,4.087,,,,,,129.0623548,13.736,B,112238,21,5,2,2011,,924134.99,977033.5,955451.16,979322.2675,41010.31395663016
12,2011-06-03,970328.68,False,71.81,4.031,,,,,,129.0490323,13.736,B,112238,22,6,2,2011,,964332.51,924134.99,1049357.36,971663.87,39962.05149060315
12,2011-06-10,996937.95,False,78.72,3.981,,,,,,129.0357097,13.736,B,112238,23,6,2,2011,,970328.68,964332.51,1016039.71,958957.42,23787.55589075141
12,2011-06-17,986504.93,False,86.84,3.935,,,,,,129.0432,13.736,B,112238,24,6,2,2011,,996937.95,970328.68,956211.2,963933.5325,30079.188011152244
12,2011-06-24,997282.75,False,88.95,3.898,,,,,,129.0663,13.736,B,112238,25,6,2,2011,,986504.93,996937.95,958007.69,979526.0175,14914.35885657981
12,2011-07-01,961993.34,False,89.85,3.842,,,,,,129.0894,13.503,B,112238,26,7,3,2011,,997282.75,986504.93,951957.31,987763.5775,12653.63716115009
12,2011-07-08,943717.38,False,89.9,3.705,,,,,,129.1125,13.503,B,112238,27,7,3,2011,,961993.34,997282.75,943506.28,985679.7425,16564.053619813025
12,2011-07-15,936001.98,False,88.1,3.692,,,,,,129.1338387,13.503,B,112238,28,7,3,2011,,943717.38,961993.34,916402.76,972374.6,24146.00712089731
12,2011-07-22,922231.92,False,91.17,3.794,,,,,,129.1507742,13.503,B,112238,29,7,3,2011,,936001.98,943717.38,912403.67,959748.8625,27293.18138123612
12,2011-07-29,890547.0700000001,False,93.29,3.805,,,,,,129.1677097,13.503,B,112238,30,7,3,2011,,922231.92,936001.98,913548.25,940986.155,16586.387415494366
12,2011-08-05,988712.52,False,90.61,3.803,,,,,,129.1846452,13.503,B,112238,31,8,3,2011,,890547.0700000001,922231.92,967576.95,923124.5875,23466.158912182487
12,2011-08-12,955913.68,False,91.04,3.701,,,,,,129.2015806,13.503,B,112238,32,8,3,2011,,988712.52,890547.0700000001,928264.4,934373.3725,40920.87883158181
12,2011-08-19,966817.24,False,91.74,3.743,,,,,,129.2405806,13.503,B,112238,33,8,3,2011,,955913.68,988712.52,948447.34,939351.2975,42370.46340958915
12,2011-08-26,1017593.47,False,94.61,3.74,,,,,,129.2832581,13.503,B,112238,34,8,3,2011,,966817.24,955913.68,1004516.46,950497.6275,42229.96854596741
12,2011-09-02,1052051.45,False,93.66,3.798,,,,,,129.3259355,13.503,B,112238,35,9,3,2011,,1017593.47,966817.24,1075758.55,982259.2275,27219.45706147325
12,2011-09-09,922850.57,True,88.0,3.913,,,,,,129.3686129,13.503,B,112238,36,9,3,2011,Labor Day,1052051.45,1017593.47,903119.03,998093.96,44903.78919488812
12,2011-09-16,889290.23,False,76.36,3.918,,,,,,129.4306,13.503,B,112238,37,9,3,2011,,922850.57,1052051.45,852882.61,989828.1825,56739.610676823606
12,2011-09-23,871692.74,False,82.95,3.789,,,,,,129.5183333,13.503,B,112238,38,9,3,2011,,889290.23,922850.57,851919.34,970446.43,76885.01665374837
12,2011-09-30,866401.4500000001,False,83.26,3.877,,,,,,129.6060667,13.503,B,112238,39,9,3,2011,,871692.74,889290.23,850936.26,933971.2475,81530.38188667834
12,2011-10-07,951244.66,False,70.44,3.827,,,,,,129.6938,12.89,B,112238,40,10,4,2011,,866401.4500000001,871692.74,918335.68,887558.7475,25481.183897881136
12,2011-10-14,927600.01,False,67.31,3.805,,,,,,129.7706452,12.89,B,112238,41,10,4,2011,,951244.66,866401.4500000001,862419.84,894657.27,38973.06260896544
12,2011-10-21,938604.58,False,73.05,3.842,,,,,,129.7821613,12.89,B,112238,42,10,4,2011,,927600.01,951244.66,857883.46,904234.715,41817.890975039605
12,2011-10-28,990926.38,False,67.41,3.727,,,,,,129.7936774,12.89,B,112238,43,10,4,2011,,938604.58,927600.01,955294.7,920962.675,37635.16492578031
12,2011-11-04,1051944.79,False,59.77,3.828,,,,,,129.8051935,12.89,B,112238,44,11,4,2011,,990926.38,938604.58,929690.71,952093.9075,27632.0774518926
12,2011-11-11,1095091.53,False,48.76,3.824,18049.87,7939.68,234.64,10463.07,5588.33,129.8167097,12.89,B,112238,45,11,4,2011,,1051944.79,990926.38,942475.24,977268.94,56935.47102387191
12,2011-11-18,970641.34,False,54.2,3.813,5957.36,343.22,84.93,2390.67,12934.62,129.8268333,12.89,B,112238,46,11,4,2011,,1095091.53,1051944.79,894493.7,1019141.82,68621.54999492025
12,2011-11-25,1591920.42,True,53.25,3.622,5391.83,8.0,63143.29,49.27,2115.67,129.8364,12.89,B,112238,47,11,4,2011,Thanksgiving,970641.34,1095091.53,1601377.41,1027151.01,56968.44859716765
12,2011-12-02,1071383.1,False,52.5,3.701,4868.73,,2022.46,3768.45,18368.11,129.8459667,12.89,B,112238,48,12,4,2011,,1591920.42,970641.34,1069533.17,1177399.52,281122.7584946566
12,2011-12-09,1189646.45,False,42.17,3.644,8374.63,15.85,573.92,5849.71,37581.27,129.8555333,12.89,B,112238,49,12,4,2011,,1071383.1,1591920.42,1121934.15,1182259.0975,278385.91085473687
12,2011-12-16,1293404.18,False,43.29,3.6,4940.95,28.45,1038.3,1100.93,5243.21,129.8980645,12.89,B,112238,50,12,4,2011,,1189646.45,1071383.1,1295605.35,1205897.8275,272468.5767914685
12,2011-12-23,1617612.03,False,45.4,3.541,1797.35,15.98,839.84,1375.84,17699.26,129.9845484,12.89,B,112238,51,12,4,2011,,1293404.18,1189646.45,1768249.89,1286588.5375,222849.0970081961
12,2011-12-30,1111638.07,True,44.64,3.428,6982.02,58804.91,60.29,1268.21,3553.79,130.0710323,12.89,B,112238,52,12,4,2011,Christmas,1617612.03,1293404.18,891736.91,1293011.44,234640.95942660357
12,2012-01-06,945823.65,False,50.43,3.599,11181.59,33829.84,36.96,624.05,10152.27,130.1575161,12.187,B,112238,1,1,1,2012,,1111638.07,1617612.03,910110.24,1303075.1825,222516.81743446356
12,2012-01-13,865467.86,False,48.07,3.657,6935.5,23438.57,,2289.8,9526.73,130.244,12.187,B,112238,2,1,1,2012,,945823.65,1111638.07,812011.8,1242119.4825,287773.86538192857
12,2012-01-20,855922.64,False,46.2,3.66,4167.27,5161.57,5.84,2552.39,3854.53,130.2792258,12.187,B,112238,3,1,1,2012,,865467.86,945823.65,802105.5,1135135.4025,337587.1955663205
12,2012-01-27,888203.69,False,50.43,3.675,1201.31,631.79,,104.69,1050.85,130.3144516,12.187,B,112238,4,1,1,2012,,855922.64,865467.86,873119.06,944713.055,118362.06146180416
12,2012-02-03,1058767.95,False,50.58,3.702,60740.64,3779.65,43.08,48403.53,20348.16,130.3496774,12.187,B,112238,5,2,1,2012,,888203.69,855922.64,1046068.17,888854.46,40321.003372603525
12,2012-02-10,1199330.85,True,52.27,3.722,20281.03,2551.32,14.99,10597.74,7457.16,130.3849032,12.187,B,112238,6,2,1,2012,Super Bowl,1058767.95,888203.69,1086421.57,917090.535,95417.24457703662
12,2012-02-17,1240048.85,False,51.8,3.781,17708.64,8549.74,2.88,14234.76,5960.69,130.4546207,12.187,B,112238,7,2,1,2012,,1199330.85,1058767.95,1128485.1,1000556.2825,159626.5668179234
12,2012-02-24,1112034.72,False,53.13,3.95,12862.31,5681.93,2.0,2401.22,5131.37,130.5502069,12.187,B,112238,8,2,1,2012,,1240048.85,1199330.85,1046203.72,1096587.835,159155.5691191424
12,2012-03-02,1147636.96,False,52.27,4.178,15046.69,2131.62,12.84,4574.95,3428.27,130.6457931,12.187,B,112238,9,3,1,2012,,1112034.72,1240048.85,1085248.21,1152545.5925,82221.36262558008
12,2012-03-09,1113208.57,False,54.54,4.25,8404.29,2192.75,3.91,1479.91,5882.51,130.7413793,12.187,B,112238,10,3,1,2012,,1147636.96,1112034.72,997672.62,1174762.845,56381.086135892125
12,2012-03-16,1088498.52,False,64.44,4.273,9582.27,731.87,4.02,1589.97,2365.63,130.8261935,12.187,B,112238,11,3,1,2012,,1113208.57,1147636.96,1009502.01,1153232.275,60187.37615310095
12,2012-03-23,1045419.87,False,56.26,4.038,3865.96,1496.18,7.35,1951.11,1440.31,130.8966452,12.187,B,112238,12,3,1,2012,,1088498.52,1113208.57,954107.32,1115344.6925,24351.7723891346
12,2012-03-30,1025382.22,False,64.36,4.294,13644.08,115.67,8.34,1885.51,2291.86,130.9670968,12.187,B,112238,13,3,1,2012,,1045419.87,1088498.52,1005463.49,1098690.98,43004.52216163521
12,2012-04-06,1128765.71,False,64.05,4.121,11772.46,,61.63,3885.06,4225.11,131.0375484,11.627,B,112238,14,4,2,2012,,1025382.22,1045419.87,998362.05,1068127.2950000002,39958.63173546654
12,2012-04-13,1083811.19,False,64.28,4.254,9681.11,2934.51,14.08,1944.35,3103.61,131.108,11.627,B,112238,15,4,2,2012,,1128765.71,1025382.22,990951.77,1072016.58,46095.07065964716
12,2012-04-20,1006486.96,False,66.73,4.222,8679.29,1265.97,7.7,878.01,4358.86,131.1173333,11.627,B,112238,16,4,2,2012,,1083811.19,1128765.71,1016019.47,1070844.7475,45593.2463222711
12,2012-04-27,1004252.38,False,77.99,4.193,2936.01,336.39,26.18,613.65,740.83,131.1266667,11.627,B,112238,17,4,2,2012,,1006486.96,1083811.19,994966.1,1061111.52,55835.442377125655
12,2012-05-04,1073433.69,False,76.03,4.171,10073.64,,76.29,1671.53,3721.62,131.136,11.627,B,112238,18,5,2,2012,,1004252.38,1006486.96,1021154.48,1055829.06,61094.32942805505
12,2012-05-11,1041995.22,False,77.27,4.186,13083.53,,8.54,1378.68,2071.31,131.1453333,11.627,B,112238,19,5,2,2012,,1073433.69,1004252.38,977033.5,1041996.055,42513.96335199921
12,2012-05-18,1020486.05,False,84.51,4.11,20882.5,,3.73,9506.75,2091.67,131.0983226,11.627,B,112238,20,5,2,2012,,1041995.22,1073433.69,924134.99,1031542.0625,32846.41983816066
12,2012-05-25,991514.21,False,83.84,4.293,8220.32,,373.92,2185.46,1825.94,131.0287742,11.627,B,112238,21,5,2,2012,,1020486.05,1041995.22,964332.51,1035041.835,29900.643858517906
12,2012-06-01,981345.2,False,78.11,4.277,7512.07,,43.71,3666.37,4109.01,130.9592258,11.627,B,112238,22,6,2,2012,,991514.21,1020486.05,970328.68,1031857.2925,34584.40816643697
12,2012-06-08,1086231.47,False,84.83,4.103,10421.58,93.2,160.4,2385.69,4837.21,130.8896774,11.627,B,112238,23,6,2,2012,,981345.2,991514.21,996937.95,1008835.17,27634.79706637136
12,2012-06-15,1019555.51,False,85.94,4.144,15025.58,33.4,2.51,4573.57,2283.27,130.8295333,11.627,B,112238,24,6,2,2012,,1086231.47,981345.2,986504.93,1019894.2325,47231.4616573547
12,2012-06-22,981386.25,False,91.61,4.014,10233.14,67.6,3.65,4693.44,3618.64,130.7929,11.627,B,112238,25,6,2,2012,,1019555.51,1086231.47,997282.75,1019661.5975,47229.86667945154
12,2012-06-29,943124.74,False,90.47,3.875,7439.99,47.6,,1330.36,4873.87,130.7562667,11.627,B,112238,26,6,2,2012,,981386.25,1019555.51,961993.34,1017129.6075,49460.63697327566
12,2012-07-06,1014898.78,False,89.13,3.765,10804.73,-0.6,3.33,5397.84,4395.03,130.7196333,10.926,B,112238,27,7,3,2012,,943124.74,981386.25,943717.38,1007574.4925,61019.28529112756
12,2012-07-13,960312.75,False,95.61,3.723,8699.07,20.0,0.06,5542.53,2781.14,130.683,10.926,B,112238,28,7,3,2012,,1014898.78,943124.74,936001.98,989741.32,35424.55101859962
12,2012-07-20,941550.34,False,85.53,3.726,5799.0,59.68,37.56,5292.33,3376.66,130.7012903,10.926,B,112238,29,7,3,2012,,960312.75,1014898.78,922231.92,974930.63,30899.97356197597
12,2012-07-27,916967.92,False,93.47,3.769,8217.72,41.28,2.31,9211.05,5507.68,130.7195806,10.926,B,112238,30,7,3,2012,,941550.34,960312.75,890547.0700000001,964971.6525,34352.43270332821
12,2012-08-03,958667.23,False,88.16,3.76,41059.39,69.7,45.73,22802.96,2743.18,130.737871,10.926,B,112238,31,8,3,2012,,916967.92,941550.34,988712.52,958432.4475,41618.48482718087
12,2012-08-10,984689.9,False,95.91,3.811,10844.78,79.4,38.62,6513.42,2756.59,130.7561613,10.926,B,112238,32,8,3,2012,,958667.23,916967.92,955913.68,944374.56,20144.53152348399
12,2012-08-17,1005003.12,False,94.87,4.002,7487.95,25.5,6.6,5107.54,4876.34,130.7909677,10.926,B,112238,33,8,3,2012,,984689.9,958667.23,966817.24,950468.8475,28519.8517364707
12,2012-08-24,1048101.39,False,85.32,4.055,10712.3,86.08,70.0,7981.57,3515.91,130.8381613,10.926,B,112238,34,8,3,2012,,1005003.12,984689.9,1017593.47,966332.0425,37982.57981345069
12,2012-08-31,1061943.49,False,89.78,4.093,30055.26,13.2,116.87,11860.18,3746.24,130.8853548,10.926,B,112238,35,8,3,2012,,1048101.39,1005003.12,1052051.45,999115.41,37764.365786086746
12,2012-09-07,955146.04,True,88.52,4.124,17640.02,84.0,46.18,3202.21,2634.17,130.9325484,10.926,B,112238,36,9,3,2012,Labor Day,1061943.49,1048101.39,922850.57,1024934.475,36162.86249249472
12,2012-09-14,885892.37,False,83.64,4.133,6928.05,,19.56,863.95,5776.08,130.9776667,10.926,B,112238,37,9,3,2012,,955146.04,1061943.49,889290.23,1017548.51,48152.00860416558
12,2012-09-21,922735.37,False,82.97,4.125,11918.13,156.82,388.52,3290.61,7953.53,131.0103333,10.926,B,112238,38,9,3,2012,,885892.37,955146.04,871692.74,987770.8225,82835.09219307093
12,2012-09-28,880415.67,False,81.22,3.966,3068.35,27.82,0.22,1307.43,3605.14,131.043,10.926,B,112238,39,9,3,2012,,922735.37,885892.37,866401.4500000001,956429.3175,75819.14986829112
12,2012-10-05,979825.92,False,81.61,3.966,8953.66,,44.83,7731.09,3269.62,131.0756667,10.199,B,112238,40,10,4,2012,,880415.67,922735.37,951244.66,911047.3625,34892.10564801823
12,2012-10-12,934917.47,False,71.74,4.468,1986.92,,16.75,910.5,4225.2,131.1083333,10.199,B,112238,41,10,4,2012,,979825.92,880415.67,927600.01,917217.3325,45774.44558188052
12,2012-10-19,960945.43,False,68.66,4.449,1810.87,,8.48,640.64,2250.86,131.1499677,10.199,B,112238,42,10,4,2012,,934917.47,979825.92,938604.58,929473.6075,40894.48246962608
12,2012-10-26,974697.6,False,65.95,4.301,13749.1,104.54,56.0,2402.63,4813.93,131.1930968,10.199,B,112238,43,10,4,2012,,960945.43,934917.47,990926.38,939026.1225,43193.92582659396
13,2011-02-04,1848186.58,False,23.35,2.974,,,,,,127.7195806,7.47,A,219622,5,2,1,2011,,1633663.12,1770177.37,1967220.53,1707675.2975,61608.22378515104
13,2011-02-11,1944438.9,True,30.83,3.034,,,,,,127.859129,7.47,A,219622,6,2,1,2011,Super Bowl,1848186.58,1633663.12,2030933.46,1733585.845,95018.21641998614
13,2011-02-18,2003480.59,False,40.85,3.062,,,,,,127.99525,7.47,A,219622,7,2,1,2011,,1944438.9,1848186.58,1970274.64,1799116.4925000002,131325.00002099836
13,2011-02-25,1831933.95,False,33.17,3.12,,,,,,128.13,7.47,A,219622,8,2,1,2011,,2003480.59,1944438.9,1817850.32,1857442.2975,162335.43494040662
13,2011-03-04,1894960.68,False,34.23,3.23,,,,,,128.26475,7.47,A,219622,9,3,1,2011,,1831933.95,2003480.59,1939980.43,1907010.005,81248.80576405398
13,2011-03-11,1852432.58,False,41.28,3.346,,,,,,128.3995,7.47,A,219622,10,3,1,2011,,1894960.68,1831933.95,1840686.94,1918703.53,72897.51278513644
13,2011-03-18,1852443.78,False,44.69,3.407,,,,,,128.5121935,7.47,A,219622,11,3,1,2011,,1852432.58,1894960.68,1879794.89,1895701.95,76497.01720907693
13,2011-03-25,1807545.43,False,42.38,3.435,,,,,,128.6160645,7.47,A,219622,12,3,1,2011,,1852443.78,1852432.58,1882095.98,1857942.7475,26503.996323905147
13,2011-04-01,1864238.64,False,42.49,3.487,,,,,,128.7199355,7.193,A,219622,13,4,2,2011,,1807545.43,1852443.78,2142482.14,1851845.6175,35693.68548387296
13,2011-04-08,1887465.04,False,42.75,3.547,,,,,,128.8238065,7.193,A,219622,14,4,2,2011,,1864238.64,1807545.43,1898321.33,1844165.1075,25038.86983026676
13,2011-04-15,1950994.04,False,41.72,3.616,,,,,,128.9107333,7.193,A,219622,15,4,2,2011,,1887465.04,1864238.64,1819660.44,1852923.2225,33568.585248138064
13,2011-04-22,2124316.34,False,47.55,3.655,,,,,,128.9553,7.193,A,219622,16,4,2,2011,,1950994.04,1887465.04,1909330.77,1877560.7875,59358.14094734644
13,2011-04-29,1895583.12,False,43.85,3.683,,,,,,128.9998667,7.193,A,219622,17,4,2,2011,,2124316.34,1950994.04,1785823.37,1956753.515,117573.19243538666
13,2011-05-06,1986380.4,False,47.75,3.744,,,,,,129.0444333,7.193,A,219622,18,5,2,2011,,1895583.12,2124316.34,2005478.46,1964589.635,110162.85332772593
13,2011-05-13,1958823.56,False,52.4,3.77,,,,,,129.089,7.193,A,219622,19,5,2,2011,,1986380.4,1895583.12,1890273.44,1989318.475,97447.65250175248
13,2011-05-20,1860923.55,False,52.12,3.802,,,,,,129.0756774,7.193,A,219622,20,5,2,2011,,1958823.56,1986380.4,1853657.6,1991275.855,96495.2280534074
13,2011-05-27,1866369.93,False,54.62,3.778,,,,,,129.0623548,7.193,A,219622,21,5,2,2011,,1860923.55,1958823.56,1877358.86,1925427.6575,57393.37773942036
13,2011-06-03,1935593.87,False,52.76,3.752,,,,,,129.0490323,7.193,A,219622,22,6,2,2011,,1866369.93,1860923.55,2022705.22,1918124.36,63942.07161277758
13,2011-06-10,1997816.98,False,61.39,3.732,,,,,,129.0357097,7.193,A,219622,23,6,2,2011,,1935593.87,1866369.93,2037880.96,1905427.7275,49218.03342339424
13,2011-06-17,2086433.49,False,63.35,3.704,,,,,,129.0432,7.193,A,219622,24,6,2,2011,,1997816.98,1935593.87,2003435.31,1915176.0825,64734.79690376629
13,2011-06-24,2009163.08,False,66.38,3.668,,,,,,129.0663,7.193,A,219622,25,6,2,2011,,2086433.49,1997816.98,1970340.25,1971553.5675,93530.4956895022
13,2011-07-01,2048035.74,False,74.29,3.613,,,,,,129.0894,6.877,A,219622,26,7,3,2011,,2009163.08,2086433.49,2018314.71,2007251.855,61906.563418314574
13,2011-07-08,2021699.38,False,77.3,3.563,,,,,,129.1125,6.877,A,219622,27,7,3,2011,,2048035.74,2009163.08,1870843.9,2035362.3225,40269.64411711013
13,2011-07-15,1956813.31,False,75.59,3.553,,,,,,129.1338387,6.877,A,219622,28,7,3,2011,,2021699.38,2048035.74,1932231.05,2041332.9225,34153.39762908949
13,2011-07-22,1987089.36,False,78.5,3.563,,,,,,129.1507742,6.877,A,219622,29,7,3,2011,,1956813.31,2021699.38,1907351.2,2008927.8775,38334.14340311679
13,2011-07-29,1880785.69,False,77.62,3.574,,,,,,129.1677097,6.877,A,219622,30,7,3,2011,,1987089.36,1956813.31,1817887.23,2003409.4475,39847.9313518882
13,2011-08-05,2076231.8,False,75.56,3.595,,,,,,129.1846452,6.877,A,219622,31,8,3,2011,,1880785.69,1987089.36,1969121.45,1961596.935,60043.0623634604
13,2011-08-12,1970341.38,False,75.95,3.606,,,,,,129.2015806,6.877,A,219622,32,8,3,2011,,2076231.8,1880785.69,1877592.55,1975230.04,80830.91443413067
13,2011-08-19,2090340.98,False,76.68,3.578,,,,,,129.2405806,6.877,A,219622,33,8,3,2011,,1970341.38,2076231.8,1997397.63,1978612.0575,80083.04245801088
13,2011-08-26,2035244.54,False,81.53,3.57,,,,,,129.2832581,6.877,A,219622,34,8,3,2011,,2090340.98,1970341.38,1908278.27,2004424.9625,98295.7175655396
13,2011-09-02,1953628.82,False,77.0,3.58,,,,,,129.3259355,6.877,A,219622,35,9,3,2011,,2035244.54,2090340.98,1911852.58,2043039.675,53805.00857197657
13,2011-09-09,1872921.31,True,70.19,3.619,,,,,,129.3686129,6.877,A,219622,36,9,3,2011,Labor Day,1953628.82,2035244.54,1772143.94,2012388.93,62768.48465030539
13,2011-09-16,1923223.82,False,67.54,3.641,,,,,,129.4306,6.877,A,219622,37,9,3,2011,,1872921.31,1953628.82,1790279.74,1988033.9125,95096.7946421744
13,2011-09-23,1847430.96,False,63.6,3.648,,,,,,129.5183333,6.877,A,219622,38,9,3,2011,,1923223.82,1872921.31,1705655.09,1946254.6225,68023.95850345807
13,2011-09-30,1835662.69,False,68.28,3.623,,,,,,129.6060667,6.877,A,219622,39,9,3,2011,,1847430.96,1923223.82,1765584.48,1899301.2275,47993.758054542646
13,2011-10-07,2067232.56,False,60.62,3.592,,,,,,129.6938,6.392,A,219622,40,10,4,2011,,1835662.69,1847430.96,1871924.07,1869809.695,38856.90255322625
13,2011-10-14,1929659.07,False,51.74,3.567,,,,,,129.7706452,6.392,A,219622,41,10,4,2011,,2067232.56,1835662.69,1851431.06,1918387.5075,106546.49475831646
13,2011-10-21,1973544.27,False,54.66,3.579,,,,,,129.7821613,6.392,A,219622,42,10,4,2011,,1929659.07,2067232.56,1796949.59,1919996.32,106692.34856634129
13,2011-10-28,1948733.81,False,47.41,3.567,,,,,,129.7936774,6.392,A,219622,43,10,4,2011,,1973544.27,1929659.07,1887895.07,1951524.6475,96220.7210277299
13,2011-11-04,2036317.54,False,43.51,3.538,,,,,,129.8051935,6.392,A,219622,44,11,4,2011,,1948733.81,1973544.27,1854967.66,1979792.4275,60999.47403870092
13,2011-11-11,2111592.09,False,33.8,3.513,31400.97,30876.79,645.07,4407.38,7740.27,129.8167097,6.392,A,219622,45,11,4,2011,,2036317.54,1948733.81,1939964.63,1972063.6725,46451.35252826153
13,2011-11-18,2016323.51,False,40.65,3.489,11003.75,1090.92,89.88,1201.3,10231.67,129.8268333,6.392,A,219622,46,11,4,2011,,2111592.09,2036317.54,1925393.91,2017546.9275,72728.50768532988
13,2011-11-25,2864170.61,True,38.89,3.445,1282.42,548.1,109030.75,146.33,3557.67,129.8364,6.392,A,219622,47,11,4,2011,Thanksgiving,2016323.51,2111592.09,2766400.05,2028241.7375,67022.51992173419
13,2011-12-02,2051315.66,False,33.94,3.389,7945.42,56.0,25126.9,5550.87,31844.2,129.8459667,6.392,A,219622,48,12,4,2011,,2864170.61,2016323.51,2083379.89,2257100.9375,406786.3854552295
13,2011-12-09,2462779.06,False,24.82,3.341,5924.71,56.0,577.59,1778.83,20371.02,129.8555333,6.392,A,219622,49,12,4,2011,,2051315.66,2864170.61,2461468.35,2260850.4675,404133.4458230421
13,2011-12-16,2760346.71,False,27.85,3.282,3272.56,556.15,959.55,424.43,5933.01,129.8980645,6.392,A,219622,50,12,4,2011,,2462779.06,2051315.66,2771646.81,2348647.21,399013.5951481142
13,2011-12-23,3556766.03,False,24.76,3.186,686.24,193.26,2971.53,239.78,3567.03,129.9845484,6.392,A,219622,51,12,4,2011,,2760346.71,2462779.06,3595903.2,2534653.01,364371.7668915764
13,2011-12-30,1969056.91,True,31.53,3.119,5970.81,89121.94,406.4,1772.02,3645.0,130.0710323,6.392,A,219622,52,12,4,2011,Christmas,3556766.03,2760346.71,1675292.0,2707801.865,636268.1370081805
13,2012-01-06,1865752.78,False,33.8,3.08,6809.96,37106.52,179.77,1922.55,7481.58,130.1575161,6.104,A,219622,1,1,1,2012,,1969056.91,3556766.03,1744544.39,2687237.1775,665229.2267106986
13,2012-01-13,1794962.64,False,25.61,3.056,3627.07,14887.88,119.93,798.48,4668.82,130.244,6.104,A,219622,2,1,1,2012,,1865752.78,1969056.91,1682316.31,2537980.6075,788021.752297481
13,2012-01-20,1811606.21,False,32.71,3.047,3150.56,6765.52,87.63,1196.17,3136.96,130.2792258,6.104,A,219622,3,1,1,2012,,1794962.64,1865752.78,1770177.37,2296634.59,843123.6093868107
13,2012-01-27,1733983.09,False,34.32,3.058,3743.0,3744.31,108.46,253.99,3511.82,130.3144516,6.104,A,219622,4,1,1,2012,,1811606.21,1794962.64,1633663.12,1860344.635,78523.55508524789
13,2012-02-03,1927780.74,False,31.39,3.077,53423.29,5822.12,282.08,57817.56,9654.23,130.3496774,6.104,A,219622,5,2,1,2012,,1733983.09,1811606.21,1848186.58,1801576.18,54258.032328377696
13,2012-02-10,2069284.57,True,33.73,3.116,9264.48,8292.73,179.72,18849.21,9083.54,130.3849032,6.104,A,219622,6,2,1,2012,Super Bowl,1927780.74,1733983.09,1944438.9,1817083.17,80991.54325861202
13,2012-02-17,2214477.06,False,36.57,3.119,21621.16,16497.47,25.52,13643.83,14660.97,130.4546207,6.104,A,219622,7,2,1,2012,,2069284.57,1927780.74,2003480.59,1885663.6525,146038.7941986444
13,2012-02-24,1929768.03,False,35.38,3.145,16404.54,12013.87,3.4,2584.12,5126.53,130.5502069,6.104,A,219622,8,2,1,2012,,2214477.06,2069284.57,1831933.95,1986381.365,204971.1442700904
13,2012-03-02,1969742.76,False,32.36,3.242,25204.67,2436.75,167.88,16066.76,7289.69,130.6457931,6.104,A,219622,9,3,1,2012,,1929768.03,2214477.06,1894960.68,2035327.6,136573.24621403203
13,2012-03-09,1986445.65,False,38.24,3.38,9173.97,339.05,9.44,1300.75,7479.12,130.7413793,6.104,A,219622,10,3,1,2012,,1969742.76,1929768.03,1852432.58,2045818.105,126822.1801127621
13,2012-03-16,2025582.62,False,52.5,3.529,8901.34,637.7,3.85,6169.81,2446.53,130.8261935,6.104,A,219622,11,3,1,2012,,1986445.65,1969742.76,1852443.78,2025108.375,128465.86819346354
13,2012-03-23,1904421.74,False,47.83,3.671,3489.61,75.36,2.52,827.19,3427.9,130.8966452,6.104,A,219622,12,3,1,2012,,2025582.62,1986445.65,1807545.43,1977884.765,39706.785969419805
13,2012-03-30,1948982.7,False,53.2,3.734,10556.61,43.54,15.84,1116.83,8179.03,130.9670968,6.104,A,219622,13,3,1,2012,,1904421.74,2025582.62,1864238.64,1971548.1925,50500.40860218656
13,2012-04-06,2271614.76,False,48.85,3.793,9249.62,,59.94,3969.24,6016.86,131.0375484,5.965,A,219622,14,4,2,2012,,1948982.7,1904421.74,1887465.04,1966358.1775,51797.91067027722
13,2012-04-13,2057637.86,False,51.7,3.833,7419.44,19610.52,54.65,3021.51,3374.9,131.108,5.965,A,219622,15,4,2,2012,,2271614.76,1948982.7,1950994.04,2037650.455,163805.56556785063
13,2012-04-20,1955689.12,False,50.24,3.845,22464.84,8216.22,70.45,1561.38,7307.24,131.1173333,5.965,A,219622,16,4,2,2012,,2057637.86,2271614.76,2124316.34,2045664.265,163802.4918890558
13,2012-04-27,1970121.65,False,64.8,3.842,4626.7,0.11,67.16,104.18,3280.73,131.1266667,5.965,A,219622,17,4,2,2012,,1955689.12,2057637.86,1895583.12,2058481.11,150535.44303980563
13,2012-05-04,1995994.51,False,54.41,3.831,15589.85,,337.47,7557.14,5025.28,131.136,5.965,A,219622,18,5,2,2012,,1970121.65,1955689.12,1986380.4,2063765.8475,145703.50877811137
13,2012-05-11,2080764.17,False,56.47,3.809,14566.92,86.0,60.34,6009.18,4224.91,131.1453333,5.965,A,219622,19,5,2,2012,,1995994.51,1970121.65,1958823.56,1994860.785,45050.6774545845
13,2012-05-18,2131900.55,False,65.17,3.808,7623.14,,86.99,2583.46,3312.67,131.0983226,5.965,A,219622,20,5,2,2012,,2080764.17,1995994.51,1860923.55,2000642.3625,55956.57385478943
13,2012-05-25,2043349.41,False,62.39,3.801,7282.07,,416.15,1048.83,7293.87,131.0287742,5.965,A,219622,21,5,2,2012,,2131900.55,2080764.17,1866369.93,2044695.22,74919.32379023703
13,2012-06-01,2035431.39,False,61.11,3.788,8868.86,123.0,37.87,3793.73,6276.31,130.9592258,5.965,A,219622,22,6,2,2012,,2043349.41,2131900.55,1935593.87,2063002.16,57557.89226195284
13,2012-06-08,2182437.9,False,68.4,3.776,12461.96,406.6,254.19,1450.62,8952.93,130.8896774,5.965,A,219622,23,6,2,2012,,2035431.39,2043349.41,1997816.98,2072861.38,44045.57567169267
13,2012-06-15,2152229.11,False,65.97,3.756,8819.8,416.5,0.22,3496.08,6331.52,130.8295333,5.965,A,219622,24,6,2,2012,,2182437.9,2035431.39,2086433.49,2098279.8125,71134.17137412512
13,2012-06-22,2094373.0,False,72.89,3.737,9298.46,565.14,1.79,4025.82,8626.51,130.7929,5.965,A,219622,25,6,2,2012,,2152229.11,2182437.9,2009163.08,2103361.9525,74960.1474874735
13,2012-06-29,2037663.71,False,82.0,3.681,4768.5,446.92,,743.34,4076.02,130.7562667,5.965,A,219622,26,6,2,2012,,2094373.0,2152229.11,2048035.74,2116117.85,65026.95712713326
13,2012-07-06,2184980.35,False,79.23,3.63,14357.07,337.7,89.85,8820.75,5507.25,130.7196333,5.765,A,219622,27,7,3,2012,,2037663.71,2094373.0,2021699.38,2116675.93,64106.72586217578
13,2012-07-13,2002750.99,False,83.68,3.595,6330.74,220.42,1.17,4033.74,4225.77,130.683,5.765,A,219622,28,7,3,2012,,2184980.35,2037663.71,1956813.31,2117311.5425,64982.71047634989
13,2012-07-20,2053089.32,False,75.69,3.556,6060.59,133.34,35.23,1518.75,6675.69,130.7012903,5.765,A,219622,29,7,3,2012,,2002750.99,2184980.35,1987089.36,2079942.0125,79555.46191570697
13,2012-07-27,1914430.53,False,80.42,3.537,6699.6,96.56,5.2,8723.87,6650.26,130.7195806,5.765,A,219622,30,7,3,2012,,2053089.32,2002750.99,1880785.69,2069621.0925,79736.94814315684
13,2012-08-03,2044148.23,False,81.99,3.512,48280.91,73.92,98.64,13485.99,7765.27,130.737871,5.765,A,219622,31,8,3,2012,,1914430.53,2053089.32,2076231.8,2038812.7975,113048.91998178024
13,2012-08-10,2041019.92,False,81.69,3.509,6249.06,70.38,51.09,3258.43,7070.04,130.7561613,5.765,A,219622,32,8,3,2012,,2044148.23,1914430.53,1970341.38,2003604.7675,63364.72956185095
13,2012-08-17,2095769.18,False,79.4,3.545,5063.08,6.76,40.96,2344.61,5594.85,130.7909677,5.765,A,219622,33,8,3,2012,,2041019.92,2044148.23,2090340.98,2013172.0,66026.01458789285
13,2012-08-24,2059458.25,False,77.37,3.582,9360.8,71.92,179.51,8290.49,6291.99,130.8381613,5.765,A,219622,34,8,3,2012,,2095769.18,2041019.92,2035244.54,2023841.965,77140.16010407473
13,2012-08-31,2073855.42,False,79.18,3.624,21327.53,50.44,88.44,9444.6,3872.19,130.8853548,5.765,A,219622,35,8,3,2012,,2059458.25,2095769.18,1953628.82,2060098.895,25107.8384771818
13,2012-09-07,2165796.31,True,70.65,3.689,17452.15,18.74,69.23,4472.17,5180.78,130.9325484,5.765,A,219622,36,9,3,2012,Labor Day,2073855.42,2059458.25,1872921.31,2067525.6925,23132.946495550572
13,2012-09-14,1919917.03,False,68.55,3.749,13208.43,,28.06,1300.16,10484.98,130.9776667,5.765,A,219622,37,9,3,2012,,2165796.31,2073855.42,1923223.82,2098719.79,47144.00298853539
13,2012-09-21,1938379.66,False,67.96,3.821,10671.71,141.83,46.0,2465.37,12372.29,131.0103333,5.765,A,219622,38,9,3,2012,,1919917.03,2165796.31,1847430.96,2054756.7525,101486.28359321864
13,2012-09-28,1927664.11,False,64.8,3.821,5197.64,63.1,2.6,3022.73,9779.77,131.043,5.765,A,219622,39,9,3,2012,,1938379.66,1919917.03,1835662.69,2024487.105,116554.5860868118
13,2012-10-05,2041918.74,False,61.79,3.815,6607.14,,50.6,3943.91,7700.91,131.0756667,5.621,A,219622,40,10,4,2012,,1927664.11,1938379.66,2067232.56,1987939.2775,118812.74015379044
13,2012-10-12,1999079.44,False,55.1,3.797,1927.15,,9.72,518.97,11269.24,131.1083333,5.621,A,219622,41,10,4,2012,,2041918.74,1927664.11,1929659.07,1956969.885,57136.23177215272
13,2012-10-19,2018010.15,False,52.06,3.781,2753.9,,8.84,775.96,6978.9,131.1499677,5.621,A,219622,42,10,4,2012,,1999079.44,2041918.74,1973544.27,1976760.4875,53626.09971757565
13,2012-10-26,2035189.66,False,46.97,3.755,10192.49,364.57,150.0,1714.15,5563.92,131.1930968,5.621,A,219622,43,10,4,2012,,2018010.15,1999079.44,1948733.81,1996668.11,49228.95054446071
14,2011-02-04,1995891.87,False,28.73,3.231,,,,,,183.4408542,8.549,A,200898,5,2,1,2011,,1613718.38,1743188.87,2623469.95,1730187.3125,104573.4127456772
14,2011-02-11,1980405.03,True,30.3,3.239,,,,,,183.7016129,8.549,A,200898,6,2,1,2011,Super Bowl,1995891.87,1613718.38,1704218.84,1762973.755,164316.60222003394
14,2011-02-18,2019031.67,False,40.7,3.245,,,,,,183.9371353,8.549,A,200898,7,2,1,2011,,1980405.03,1995891.87,2204556.7,1833301.0375,186558.3998187481
14,2011-02-25,1875708.88,False,35.78,3.274,,,,,,184.1625632,8.549,A,200898,8,2,1,2011,,2019031.67,1980405.03,2095591.63,1902261.7375,193015.94249192416
14,2011-03-04,2041215.61,False,38.65,3.433,,,,,,184.3879911,8.549,A,200898,9,3,1,2011,,1875708.88,2019031.67,2237544.75,1967759.3625,63386.35954634871
14,2011-03-11,1931104.67,False,45.01,3.582,,,,,,184.613419,8.549,A,200898,10,3,1,2011,,2041215.61,1875708.88,2156035.06,1979090.2975,73358.28445891156
14,2011-03-18,1932491.42,False,46.66,3.631,,,,,,184.809719,8.549,A,200898,11,3,1,2011,,1931104.67,2041215.61,2066219.3,1966765.2075,77109.39036471408
14,2011-03-25,1879451.23,False,41.76,3.625,,,,,,184.9943679,8.549,A,200898,12,3,1,2011,,1932491.42,1931104.67,2050396.27,1945130.145,69301.7073793262
14,2011-04-01,1869110.55,False,37.27,3.638,,,,,,185.1790167,8.521,A,200898,13,4,2,2011,,1879451.23,1932491.42,2495630.51,1946065.7325,68066.35606172758
14,2011-04-08,2037798.88,False,48.71,3.72,,,,,,185.3636656,8.521,A,200898,14,4,2,2011,,1869110.55,1879451.23,2258781.2800000003,1903039.4675,33479.59322984741
14,2011-04-15,1974960.86,False,53.69,3.821,,,,,,185.5339821,8.521,A,200898,15,4,2,2011,,2037798.88,1869110.55,2121788.61,1929713.02,77220.85111895227
14,2011-04-22,2256461.39,False,53.04,3.892,,,,,,185.6684673,8.521,A,200898,16,4,2,2011,,1974960.86,2037798.88,2138144.91,1940330.38,80576.9067976538
14,2011-04-29,1930617.64,False,66.18,3.962,,,,,,185.8029526,8.521,A,200898,17,4,2,2011,,2256461.39,1974960.86,2082355.12,2034582.92,163479.14558165552
14,2011-05-06,2095599.93,False,58.21,4.046,,,,,,185.9374378,8.521,A,200898,18,5,2,2011,,1930617.64,2256461.39,2370116.52,2049959.6925,144520.1102526552
14,2011-05-13,2004330.3,False,60.38,4.066,,,,,,186.0719231,8.521,A,200898,19,5,2,2011,,2095599.93,1930617.64,2129771.13,2064409.955,145783.04928378953
14,2011-05-20,1959967.8,False,62.28,4.062,,,,,,185.9661154,8.521,A,200898,20,5,2,2011,,2004330.3,2095599.93,2108187.1,2071752.315,140417.0878995395
14,2011-05-27,2080694.24,False,69.7,3.985,,,,,,185.8603077,8.521,A,200898,21,5,2,2011,,1959967.8,2004330.3,2227152.16,1997628.9175,72000.22893764208
14,2011-06-03,2079899.47,False,76.38,3.922,,,,,,185.7545,8.521,A,200898,22,6,2,2011,,2080694.24,1959967.8,2363601.47,2035148.0675,64111.07268944928
14,2011-06-10,2132446.0,False,73.88,3.881,,,,,,185.6486923,8.521,A,200898,23,6,2,2011,,2079899.47,2080694.24,2249570.04,2031222.9525,59490.40023152407
14,2011-06-17,2082083.34,False,69.32,3.842,,,,,,185.6719333,8.521,A,200898,24,6,2,2011,,2132446.0,2079899.47,2248645.59,2063251.8775,73113.62298778462
14,2011-06-24,2069523.52,False,74.85,3.804,,,,,,185.7919609,8.521,A,200898,25,6,2,2011,,2082083.34,2132446.0,2246179.91,2093780.7625,25792.619336350897
14,2011-07-01,2074668.19,False,74.04,3.748,,,,,,185.9119885,8.625,A,200898,26,7,3,2011,,2069523.52,2082083.34,2334788.42,2090988.0825,28176.45667882381
14,2011-07-08,2063401.06,False,77.49,3.711,,,,,,186.032016,8.625,A,200898,27,7,3,2011,,2074668.19,2069523.52,2236209.13,2089680.2625,28972.850074668782
14,2011-07-15,1953544.76,False,78.47,3.76,,,,,,186.1399808,8.625,A,200898,28,7,3,2011,,2063401.06,2074668.19,2130287.27,2072419.0275,7919.70895012135
14,2011-07-22,1882070.88,False,82.33,3.811,,,,,,186.2177885,8.625,A,200898,29,7,3,2011,,1953544.76,2063401.06,2044155.39,2040284.3825,58009.52872883229
14,2011-07-29,1871021.01,False,81.31,3.829,,,,,,186.2955962,8.625,A,200898,30,7,3,2011,,1882070.88,1953544.76,2054843.28,1993421.2225,92172.44422070125
14,2011-08-05,2066020.69,False,78.22,3.842,,,,,,186.3734038,8.625,A,200898,31,8,3,2011,,1871021.01,1882070.88,2219813.5,1942509.4275,88506.07744192077
14,2011-08-12,1928773.82,False,77.0,3.812,,,,,,186.4512115,8.625,A,200898,32,8,3,2011,,2066020.69,1871021.01,2052984.81,1943164.335,89700.43993381606
14,2011-08-19,1896873.99,False,72.98,3.747,,,,,,186.5093071,8.625,A,200898,33,8,3,2011,,1928773.82,2066020.69,2057138.31,1936971.6,89599.92671988098
14,2011-08-26,2273470.62,False,72.55,3.704,,,,,,186.5641172,8.625,A,200898,34,8,3,2011,,1896873.99,1928773.82,2020332.07,1940672.3775,86839.673842854
14,2011-09-02,1750891.47,False,70.63,3.703,,,,,,186.6189274,8.625,A,200898,35,9,3,2011,,2273470.62,1896873.99,2182563.66,2041284.78,171304.13687219247
14,2011-09-09,2202742.9,True,71.48,3.738,,,,,,186.6737376,8.625,A,200898,36,9,3,2011,Labor Day,1750891.47,2273470.62,2191767.76,1962502.475,221303.05379227264
14,2011-09-16,1864637.89,False,69.17,3.742,,,,,,186.8024,8.625,A,200898,37,9,3,2011,,2202742.9,1750891.47,1953539.85,2030994.745,248151.9697620905
14,2011-09-23,1871555.64,False,63.75,3.711,,,,,,187.0295321,8.625,A,200898,38,9,3,2011,,1864637.89,2202742.9,1879891.13,2022935.72,254404.2944071077
14,2011-09-30,1809989.29,False,70.66,3.645,,,,,,187.2566641,8.625,A,200898,39,9,3,2011,,1871555.64,1864637.89,1855703.66,1922456.975,194875.10081590843
14,2011-10-07,2078796.76,False,55.82,3.583,,,,,,187.4837962,8.523,A,200898,40,10,4,2011,,1809989.29,1871555.64,2091663.2,1937231.43,179136.8511643147
14,2011-10-14,1890870.75,False,63.82,3.541,,,,,,187.6917481,8.523,A,200898,41,10,4,2011,,2078796.76,1809989.29,1932162.63,1906244.895,118284.64944984858
14,2011-10-21,2009004.59,False,59.6,3.57,,,,,,187.7846197,8.523,A,200898,42,10,4,2011,,1890870.75,2078796.76,1936621.09,1912803.11,115912.2593744751
14,2011-10-28,2056846.12,False,51.78,3.569,,,,,,187.8774913,8.523,A,200898,43,10,4,2011,,2009004.59,1890870.75,1984768.34,1947165.3475,119912.84769733192
14,2011-11-04,2174056.71,False,43.92,3.551,,,,,,187.9703629,8.523,A,200898,44,11,4,2011,,2056846.12,2009004.59,2078417.47,2008879.555,83895.37254658653
14,2011-11-11,2081534.65,False,47.65,3.53,11376.03,22505.23,1079.89,2679.33,4257.94,188.0632345,8.523,A,200898,45,11,4,2011,,2174056.71,2056846.12,2092189.06,2032694.5425,117248.68594085664
14,2011-11-18,1969360.72,False,51.34,3.53,16308.11,749.9,273.72,2331.53,9347.0,188.1983654,8.523,A,200898,46,11,4,2011,,2081534.65,2174056.71,1968462.58,2080360.5175,69342.02755255705
14,2011-11-25,2685351.81,True,48.71,3.492,286.52,54.0,89402.64,13.0,1915.8,188.3504,8.523,A,200898,47,11,4,2011,Thanksgiving,1969360.72,2081534.65,2921709.71,2070449.55,84184.97075648418
14,2011-12-02,2143080.57,False,50.19,3.452,6428.59,,3657.58,2939.92,34955.25,188.5024346,8.523,A,200898,48,12,4,2011,,2685351.81,1969360.72,2258489.63,2227575.9725,316452.3204521016
14,2011-12-09,2470581.29,False,46.57,3.415,7297.72,15.0,342.71,4849.0,7509.9,188.6544692,8.523,A,200898,49,12,4,2011,,2143080.57,2685351.81,2600519.26,2219831.9375,318570.5022080811
14,2011-12-16,2594363.09,False,39.93,3.413,5398.47,6.12,881.17,290.64,6390.47,188.7979349,8.523,A,200898,50,12,4,2011,,2470581.29,2143080.57,2762861.41,2317093.5975,321647.4626340751
14,2011-12-23,3369068.99,False,42.27,3.389,924.14,112.73,2127.77,80.02,4638.81,188.9299752,8.523,A,200898,51,12,4,2011,,2594363.09,2470581.29,3818686.45,2473344.19,237117.76076258635
14,2011-12-30,1914148.89,True,37.79,3.389,7844.31,70574.85,312.98,1559.84,2851.33,189.0620155,8.523,A,200898,52,12,4,2011,Christmas,3369068.99,2594363.09,1623716.46,2644273.485,519353.0874229904
14,2012-01-06,1859144.96,False,35.88,3.422,10428.95,39234.09,839.74,981.17,15911.56,189.1940558,8.424,A,200898,1,1,1,2012,,1914148.89,3369068.99,1864746.1,2587040.565,599435.3025690619
14,2012-01-13,1696248.27,False,41.18,3.513,4605.8,21593.85,636.54,727.57,4054.79,189.3260962,8.424,A,200898,2,1,1,2012,,1859144.96,1914148.89,1699095.9,2434181.4825,707289.1201698713
14,2012-01-20,1789113.32,False,31.85,3.533,5037.95,4952.93,860.9,2560.08,5386.74,189.4214733,8.424,A,200898,3,1,1,2012,,1696248.27,1859144.96,1743188.87,2209652.7775000003,778461.8208975507
14,2012-01-27,1595362.27,False,37.93,3.567,3468.31,2195.14,689.52,252.01,2128.36,189.5168505,8.424,A,200898,4,1,1,2012,,1789113.32,1696248.27,1613718.38,1814663.86,94076.07117053877
14,2012-02-03,1877410.36,False,42.96,3.617,78124.5,4232.19,788.56,46081.94,14550.73,189.6122277,8.424,A,200898,5,2,1,2012,,1595362.27,1789113.32,1995891.87,1734967.205,114514.35195398604
14,2012-02-10,2077256.24,True,37.0,3.64,17118.97,6533.16,285.82,11597.23,6174.43,189.7076048,8.424,A,200898,6,2,1,2012,Super Bowl,1877410.36,1595362.27,1980405.03,1739533.555,121280.8610492579
14,2012-02-17,2020550.99,False,36.85,3.695,23664.75,13769.67,143.36,11965.7,10506.12,189.8424834,8.424,A,200898,7,2,1,2012,,2077256.24,1877410.36,2019031.67,1834785.5475,200015.3073606666
14,2012-02-24,1875040.16,False,42.86,3.739,15074.23,8644.89,4.2,4450.84,7278.87,190.0069881,8.424,A,200898,8,2,1,2012,,2020550.99,2077256.24,1875708.88,1892644.965,215290.78632119665
14,2012-03-02,1926004.99,False,41.55,3.816,20212.56,1991.38,46.67,11970.8,6876.57,190.1714927,8.424,A,200898,9,3,1,2012,,1875040.16,2020550.99,2041215.61,1962564.4375,102352.92846862324
14,2012-03-09,2020839.31,False,45.52,3.848,15710.87,1050.48,1.49,2302.28,2702.96,190.3359973,8.424,A,200898,10,3,1,2012,,1926004.99,1875040.16,1931104.67,1974713.095,91147.10210922656
14,2012-03-16,1941040.5,False,50.56,3.862,6021.47,280.43,5.5,1814.5,1581.84,190.4618964,8.424,A,200898,11,3,1,2012,,2020839.31,1926004.99,1932491.42,1960608.8625,72434.32955629147
14,2012-03-23,1893447.71,False,59.45,3.9,4718.7,348.81,6.85,353.11,3726.39,190.5363213,8.424,A,200898,12,3,1,2012,,1941040.5,2020839.31,1879451.23,1940731.24,60414.06831608981
14,2012-03-30,1905033.01,False,50.04,3.953,11267.8,185.8,8.84,1152.46,2509.18,190.6107463,8.424,A,200898,13,3,1,2012,,1893447.71,1941040.5,1869110.55,1945333.1275,54114.950783640095
14,2012-04-06,2376022.26,False,49.73,3.996,8376.85,,81.19,3578.4,4857.19,190.6851712,8.567,A,200898,14,4,2,2012,,1905033.01,1893447.71,2037798.88,1940090.1325,57520.57683983527
14,2012-04-13,1912909.69,False,51.83,4.044,5236.77,13739.76,51.75,984.02,2638.42,190.7595962,8.567,A,200898,15,4,2,2012,,2376022.26,1905033.01,1974960.86,2028885.87,232309.7848470413
14,2012-04-20,1875686.44,False,63.13,4.027,32124.49,6870.09,100.15,2213.04,3706.04,190.8138013,8.567,A,200898,16,4,2,2012,,1912909.69,2376022.26,2256461.39,2021853.1675,236247.98982296645
14,2012-04-27,1784029.95,False,53.2,4.004,3548.09,0.35,45.88,78.21,4193.26,190.8680064,8.567,A,200898,17,4,2,2012,,1875686.44,1912909.69,1930617.64,2017412.85,239608.8639988437
14,2012-05-04,1949354.29,False,55.21,3.951,21068.05,,128.13,5490.93,2764.55,190.9222115,8.567,A,200898,18,5,2,2012,,1784029.95,1875686.44,2095599.93,1987162.085,264836.5140749369
14,2012-05-11,1987531.05,False,61.24,3.889,10626.27,,131.11,1664.04,10557.13,190.9764167,8.567,A,200898,19,5,2,2012,,1949354.29,1784029.95,2004330.3,1880495.0925,70995.1690089886
14,2012-05-18,1932233.17,False,66.3,3.848,8818.97,,8.88,1297.39,3330.23,190.9964479,8.567,A,200898,20,5,2,2012,,1987531.05,1949354.29,1959967.8,1899150.4325,89693.63651273689
14,2012-05-25,2030869.61,False,67.21,3.798,11421.79,,634.52,1071.25,3204.72,191.0028096,8.567,A,200898,21,5,2,2012,,1932233.17,1987531.05,2080694.24,1913287.115,89217.65651235083
14,2012-06-01,2049485.49,False,74.48,3.742,7765.54,11.0,185.64,2473.3,2603.92,191.0091712,8.567,A,200898,22,6,2,2012,,2030869.61,1932233.17,2079899.47,1974997.03,43837.36872435816
14,2012-06-08,2099615.88,False,64.3,3.689,4636.1,570.2,172.7,1103.04,8024.53,191.0155329,8.567,A,200898,23,6,2,2012,,2049485.49,2030869.61,2132446.0,2000029.83,52120.24860880159
14,2012-06-15,1905733.68,False,71.93,3.62,10737.66,423.4,5.06,1904.52,3823.07,191.0299731,8.567,A,200898,24,6,2,2012,,2099615.88,2049485.49,2082083.34,2028051.0375,70166.39869911983
14,2012-06-22,1660228.88,False,74.22,3.564,10291.35,317.0,4.3,3292.07,6115.51,191.0646096,8.567,A,200898,25,6,2,2012,,1905733.68,2099615.88,2069523.52,2021426.165,82411.34021921545
14,2012-06-29,1591835.02,False,75.22,3.506,4575.3,211.7,,304.94,2686.11,191.0992462,8.567,A,200898,26,6,2,2012,,1660228.88,1905733.68,2074668.19,1928765.9825,196981.85140121623
14,2012-07-06,1862128.95,False,82.99,3.475,7024.93,416.3,83.47,6927.24,6002.43,191.1338827,8.684,A,200898,27,7,3,2012,,1591835.02,1660228.88,2063401.06,1814353.365,233090.7085032792
14,2012-07-13,1544422.35,False,79.97,3.523,9158.47,-2.5,5.37,4516.68,2574.55,191.1685192,8.684,A,200898,28,7,3,2012,,1862128.95,1591835.02,1953544.76,1754981.6325,152535.92882710538
14,2012-07-20,1553250.16,False,78.89,3.567,4564.87,58.48,19.69,1418.34,3764.15,191.1670428,8.684,A,200898,29,7,3,2012,,1544422.35,1862128.95,1882070.88,1664653.7999999998,139969.27171624056
14,2012-07-27,1479514.66,False,77.2,3.647,4945.52,113.66,4.1,10751.35,3298.31,191.1655664,8.684,A,200898,30,7,3,2012,,1553250.16,1544422.35,1871021.01,1637909.12,150890.98772442547
14,2012-08-03,1656886.46,False,76.58,3.654,17465.29,37.82,110.8,13149.34,5089.95,191.16409,8.684,A,200898,31,8,3,2012,,1479514.66,1553250.16,2066020.69,1609829.03,171382.89196961638
14,2012-08-10,1648570.03,False,78.65,3.722,32432.09,23.68,32.44,4309.81,3570.81,191.1626135,8.684,A,200898,32,8,3,2012,,1656886.46,1479514.66,1928773.82,1558518.4075,73358.29682786735
14,2012-08-17,1660433.3,False,75.71,3.807,4625.55,62.5,5.84,2100.73,2663.23,191.2284919,8.684,A,200898,33,8,3,2012,,1648570.03,1656886.46,1896873.99,1584555.3275,84346.96241507426
14,2012-08-24,1621841.33,False,72.62,3.834,6647.88,34.56,255.31,6931.8,9414.1,191.3448865,8.684,A,200898,34,8,3,2012,,1660433.3,1648570.03,2273470.62,1611351.1125,88031.48495357108
14,2012-08-31,1613342.19,False,75.09,3.867,24718.73,9.94,120.98,14110.32,3332.99,191.461281,8.684,A,200898,35,8,3,2012,,1621841.33,1660433.3,1750891.47,1646932.78,17450.895263399783
14,2012-09-07,1904512.34,True,75.7,3.911,6623.84,6.97,34.35,2720.17,5498.39,191.5776756,8.684,A,200898,36,9,3,2012,Labor Day,1613342.19,1621841.33,2202742.9,1636046.7125,22127.112818365586
14,2012-09-14,1554794.22,False,67.87,3.948,11320.02,,28.2,855.45,1743.58,191.69985,8.684,A,200898,37,9,3,2012,,1904512.34,1613342.19,1864637.89,1700032.29,137851.5753999669
14,2012-09-21,1565352.46,False,65.32,4.038,21474.27,98.28,29.88,1924.92,15282.51,191.8567038,8.684,A,200898,38,9,3,2012,,1554794.22,1904512.34,1871555.64,1673622.52,156785.7175502622
14,2012-09-28,1522512.2,False,64.88,3.997,3816.64,38.19,8.16,2545.14,3536.04,192.0135577,8.684,A,200898,39,9,3,2012,,1565352.46,1554794.22,1809989.29,1659500.3025,165316.5144295131
14,2012-10-05,1687592.16,False,64.89,3.985,9219.05,,12.04,3592.0,3300.66,192.1704115,8.667,A,200898,40,10,4,2012,,1522512.2,1565352.46,2078796.76,1636792.805,179407.63355694426
14,2012-10-12,1639585.61,False,54.47,4.0,3214.56,,20.28,822.73,7207.7,192.3272654,8.667,A,200898,41,10,4,2012,,1687592.16,1522512.2,1890870.75,1582562.7599999998,72352.21917928218
14,2012-10-19,1590274.72,False,56.47,3.969,4192.74,,17.46,1076.25,3839.99,192.3308542,8.667,A,200898,42,10,4,2012,,1639585.61,1687592.16,2009004.59,1603760.6075,73909.06465461067
14,2012-10-26,1704357.62,False,58.85,3.882,9258.41,99.19,117.84,1489.28,1433.31,192.3088989,8.667,A,200898,43,10,4,2012,,1590274.72,1639585.61,2056846.12,1609991.1725,70566.87872924087
15,2011-02-04,556550.85,False,20.69,3.4,,,,,,133.1834194,7.771,B,123737,5,2,1,2011,,481119.6,487311.03,652122.44,489373.9,13929.961124773115
15,2011-02-11,582864.35,True,21.64,3.416,,,,,,133.260871,7.771,B,123737,6,2,1,2011,Super Bowl,556550.85,481119.6,682447.1,501101.42,37121.37363261705
15,2011-02-18,649993.5,False,33.06,3.42,,,,,,133.3701429,7.771,B,123737,7,2,1,2011,,582864.35,556550.85,660838.75,526961.4575,50577.65593081575
15,2011-02-25,547564.09,False,20.87,3.452,,,,,,133.4921429,7.771,B,123737,8,2,1,2011,,649993.5,582864.35,564883.2000000001,567632.075,69815.53888123512
15,2011-03-04,573374.49,False,28.16,3.605,,,,,,133.6141429,7.771,B,123737,9,3,1,2011,,547564.09,649993.5,605325.43,584243.1975,46322.15645644574
15,2011-03-11,537035.28,False,34.27,3.752,,,,,,133.7361429,7.771,B,123737,10,3,1,2011,,573374.49,547564.09,604173.59,588449.1074999999,43656.73110863016
15,2011-03-18,551553.99,False,40.23,3.796,,,,,,133.8492258,7.771,B,123737,11,3,1,2011,,537035.28,573374.49,593710.67,576991.84,51006.03474385303
15,2011-03-25,527389.28,False,32.63,3.789,,,,,,133.9587419,7.771,B,123737,12,3,1,2011,,551553.99,537035.28,592111.49,552381.9624999999,15276.390372950156
15,2011-04-01,542556.05,False,30.34,3.811,,,,,,134.0682581,7.658,B,123737,13,4,2,2011,,527389.28,551553.99,718470.71,547338.26,19998.09034187861
15,2011-04-08,587370.8099999999,False,40.94,3.895,,,,,,134.1777742,7.658,B,123737,14,4,2,2011,,542556.05,527389.28,634605.77,539633.65,10121.117376202725
15,2011-04-15,607691.36,False,48.63,3.981,,,,,,134.2784667,7.658,B,123737,15,4,2,2011,,587370.8099999999,542556.05,641208.65,552217.5325,25468.801659691348
15,2011-04-22,655318.26,False,41.37,4.061,,,,,,134.3571,7.658,B,123737,16,4,2,2011,,607691.36,587370.8099999999,643097.6,566251.875,37572.30249870826
15,2011-04-29,560764.41,False,55.46,4.117,,,,,,134.4357333,7.658,B,123737,17,4,2,2011,,655318.26,607691.36,570791.11,598234.12,46783.53489222969
15,2011-05-06,630522.67,False,49.87,4.192,,,,,,134.5143667,7.658,B,123737,18,5,2,2011,,560764.41,655318.26,661348.88,602786.21,39946.39327116705
15,2011-05-13,630482.91,False,57.07,4.211,,,,,,134.593,7.658,B,123737,19,5,2,2011,,630522.67,560764.41,594385.2,613574.175,40221.46569072672
15,2011-05-20,593941.9,False,57.19,4.202,,,,,,134.6803871,7.658,B,123737,20,5,2,2011,,630482.91,630522.67,616598.1,619272.0625,40721.54640996293
15,2011-05-27,636193.24,False,65.87,4.134,,,,,,134.7677742,7.658,B,123737,21,5,2,2011,,593941.9,630482.91,744772.88,603927.9725,33542.29873066391
15,2011-06-03,695396.19,False,69.8,4.069,,,,,,134.8551613,7.658,B,123737,22,6,2,2011,,636193.24,593941.9,693192.5,622785.1799999999,19415.06865619435
15,2011-06-10,642679.81,False,69.86,4.025,,,,,,134.9425484,7.658,B,123737,23,6,2,2011,,695396.19,636193.24,619337.29,639003.56,41996.75104575202
15,2011-06-17,639928.85,False,63.9,3.989,,,,,,135.0837333,7.658,B,123737,24,6,2,2011,,642679.81,695396.19,652329.53,642052.7849999999,41612.9128213592
15,2011-06-24,656594.95,False,69.96,3.964,,,,,,135.2652667,7.658,B,123737,25,6,2,2011,,639928.85,642679.81,672194.03,653549.5225,28024.14133242687
15,2011-07-01,674669.16,False,67.43,3.916,,,,,,135.4468,7.806,B,123737,26,7,3,2011,,656594.95,639928.85,709337.11,658649.95,25560.608599734307
15,2011-07-08,635118.48,False,73.47,3.886,,,,,,135.6283333,7.806,B,123737,27,7,3,2011,,674669.16,656594.95,691497.62,653468.1925,15905.561162663778
15,2011-07-15,624114.56,False,73.34,3.915,,,,,,135.7837419,7.806,B,123737,28,7,3,2011,,635118.48,674669.16,633203.69,651577.86,17934.97469305751
15,2011-07-22,607475.4400000001,False,79.97,3.972,,,,,,135.8738387,7.806,B,123737,29,7,3,2011,,624114.56,635118.48,598553.43,647624.2875,22516.66362630653
15,2011-07-29,577511.02,False,74.67,4.004,,,,,,135.9639355,7.806,B,123737,30,7,3,2011,,607475.4400000001,624114.56,619224.0599999999,635344.41,28573.157723115
15,2011-08-05,607961.21,False,73.63,4.02,,,,,,136.0540323,7.806,B,123737,31,8,3,2011,,577511.02,607475.4400000001,639651.24,611054.875,25083.959157694808
15,2011-08-12,590836.37,False,70.63,3.995,,,,,,136.144129,7.806,B,123737,32,8,3,2011,,607961.21,577511.02,622437.08,604265.5575,19440.073475064164
15,2011-08-19,599488.98,False,70.41,3.942,,,,,,136.183129,7.806,B,123737,33,8,3,2011,,590836.37,607961.21,637090.44,595946.01,14642.974019346855
15,2011-08-26,605413.17,False,69.19,3.906,,,,,,136.2136129,7.806,B,123737,34,8,3,2011,,599488.98,590836.37,649791.15,593949.395,12999.090466348012
15,2011-09-02,649159.6799999999,False,67.63,3.879,,,,,,136.2440968,7.806,B,123737,35,9,3,2011,,605413.17,599488.98,638647.21,600924.9325,7604.703145888803
15,2011-09-09,607593.51,True,67.59,3.93,,,,,,136.2745806,7.806,B,123737,36,9,3,2011,Labor Day,649159.6799999999,605413.17,641965.2,611224.55,25988.764960765813
15,2011-09-16,545052.34,False,62.1,3.937,,,,,,136.3145,7.806,B,123737,37,9,3,2011,,607593.51,649159.6799999999,583210.87,615413.835,22756.34596533521
15,2011-09-23,545570.86,False,59.0,3.899,,,,,,136.367,7.806,B,123737,38,9,3,2011,,545052.34,607593.51,548542.47,601804.675,42855.78869232524
15,2011-09-30,521297.31,False,64.87,3.858,,,,,,136.4195,7.806,B,123737,39,9,3,2011,,545570.86,545052.34,566945.95,586844.0975,50871.73763521639
15,2011-10-07,579068.88,False,51.24,3.775,,,,,,136.472,7.866,B,123737,40,10,4,2011,,521297.31,545570.86,591603.79,554878.505,36922.234420605855
15,2011-10-14,537300.94,False,61.3,3.744,,,,,,136.5150968,7.866,B,123737,41,10,4,2011,,579068.88,521297.31,577011.26,547747.3475,23753.196593033448
15,2011-10-21,603318.89,False,51.67,3.757,,,,,,136.5017742,7.866,B,123737,42,10,4,2011,,537300.94,579068.88,600395.73,545809.4975,24354.919824017
15,2011-10-28,589842.69,False,45.54,3.757,,,,,,136.4884516,7.866,B,123737,43,10,4,2011,,603318.89,537300.94,598301.5,560246.505,37652.13979995163
15,2011-11-04,615121.78,False,43.39,3.738,,,,,,136.475129,7.866,B,123737,44,11,4,2011,,589842.69,603318.89,612987.64,577382.85,28503.379858742974
15,2011-11-11,618949.82,False,47.13,3.719,9727.57,4267.72,617.98,1236.64,2067.74,136.4618065,7.866,B,123737,45,11,4,2011,,615121.78,589842.69,619639.74,586396.075,34320.83541571058
15,2011-11-18,597856.51,False,46.53,3.717,3668.4,615.27,49.57,946.2,4393.97,136.4666667,7.866,B,123737,46,11,4,2011,,618949.82,615121.78,608200.81,606808.2949999999,13121.716890204842
15,2011-11-25,1066478.1,True,41.1,3.689,299.72,54.94,67073.91,34.22,171.76,136.4788,7.866,B,123737,47,11,4,2011,Thanksgiving,597856.51,618949.82,1120018.92,605442.7,13868.879683860094
15,2011-12-02,699028.66,False,45.67,3.666,3751.34,191.82,6485.06,1803.17,16136.43,136.4909333,7.866,B,123737,48,12,4,2011,,1066478.1,597856.51,754134.95,724601.5525,228102.30796417428
15,2011-12-09,764565.55,False,38.53,3.627,3581.98,193.94,75.62,1713.45,5227.94,136.5030667,7.866,B,123737,49,12,4,2011,,699028.66,1066478.1,847294.04,745578.2725000001,218327.0099430975
15,2011-12-16,870415.49,False,35.49,3.611,2176.13,19.0,158.53,925.45,1273.02,136.5335161,7.866,B,123737,50,12,4,2011,,764565.55,699028.66,983825.15,781982.2050000001,201680.2885183537
15,2011-12-23,1182691.87,False,34.93,3.587,260.78,7.27,1120.42,80.13,622.48,136.5883871,7.866,B,123737,51,12,4,2011,,870415.49,764565.55,1368318.17,850121.9500000001,160593.5773648676
15,2011-12-30,603460.79,True,31.44,3.566,3248.4,31122.2,111.35,605.88,3474.84,136.6432581,7.866,B,123737,52,12,4,2011,Christmas,1182691.87,870415.49,543754.17,879175.3925000001,214310.71619972543
15,2012-01-06,516087.65,False,30.24,3.585,5597.99,17413.82,18.8,646.2,3098.77,136.698129,7.943,B,123737,1,1,1,2012,,603460.79,1182691.87,509640.77,855283.425,244315.12546391124
15,2012-01-13,454183.42,False,36.26,3.666,1684.66,8959.27,1.0,487.76,542.9,136.753,7.943,B,123737,2,1,1,2012,,516087.65,603460.79,479424.2,793163.9500000001,300254.5396978884
15,2012-01-20,492721.85,False,21.39,3.705,2637.43,3151.32,,265.47,2257.53,136.8564194,7.943,B,123737,3,1,1,2012,,454183.42,516087.65,487311.03,689105.9325,334706.8772772981
15,2012-01-27,466045.63,False,30.87,3.737,875.81,2072.02,,58.58,1418.14,136.9598387,7.943,B,123737,4,1,1,2012,,492721.85,454183.42,481119.6,516613.4275,63274.67668052149
15,2012-02-03,523831.64,False,35.3,3.796,25565.53,3425.96,56.72,19303.94,3230.99,137.0632581,7.943,B,123737,5,2,1,2012,,466045.63,492721.85,556550.85,482259.6375,27718.587917447458
15,2012-02-10,628218.22,True,31.91,3.826,5140.44,5527.21,10.39,9439.38,6371.82,137.1666774,7.943,B,123737,6,2,1,2012,Super Bowl,523831.64,466045.63,582864.35,484195.635,30950.847943643468
15,2012-02-17,598502.83,False,30.26,3.874,17822.56,7914.95,1.76,11094.94,4922.19,137.2583103,7.943,B,123737,7,2,1,2012,,628218.22,523831.64,649993.5,527704.335,71048.36147162395
15,2012-02-24,561137.06,False,33.18,3.917,6881.03,5859.12,1.0,3607.57,4147.13,137.3411034,7.943,B,123737,8,2,1,2012,,598502.83,628218.22,547564.09,554149.58,73336.79774041886
15,2012-03-02,541292.64,False,33.24,3.983,11611.99,1749.22,27.4,7977.5,2327.04,137.4238966,7.943,B,123737,9,3,1,2012,,561137.06,598502.83,573374.49,577922.4375,45316.59580015545
15,2012-03-09,545120.67,False,36.97,4.021,7926.63,615.68,1.49,2126.98,2194.94,137.5066897,7.943,B,123737,10,3,1,2012,,541292.64,561137.06,537035.28,582287.6875,38731.93180998077
15,2012-03-16,570611.23,False,47.42,4.021,3518.76,104.88,2.98,797.26,1364.77,137.5843871,7.943,B,123737,11,3,1,2012,,545120.67,541292.64,551553.99,561513.3,26114.87631797968
15,2012-03-23,565481.88,False,58.92,4.054,7318.86,118.73,0.5,3744.04,1224.93,137.6552903,7.943,B,123737,12,3,1,2012,,570611.23,545120.67,527389.28,554540.4,13735.8649567975
15,2012-03-30,557547.25,False,42.65,4.098,4292.7,72.67,3.0,1169.95,2965.23,137.7261935,7.943,B,123737,13,3,1,2012,,565481.88,570611.23,542556.05,555626.605,14577.410087310089
15,2012-04-06,659950.36,False,40.01,4.143,8567.95,,46.32,1144.78,3518.73,137.7970968,8.15,B,123737,14,4,2,2012,,557547.25,565481.88,587370.8099999999,559690.2575000001,11100.689056579597
15,2012-04-13,558585.13,False,43.52,4.187,3408.63,3269.14,13.58,1547.19,1809.75,137.868,8.15,B,123737,15,4,2,2012,,659950.36,557547.25,607691.36,588397.68,48003.56493570343
15,2012-04-20,534780.57,False,54.47,4.17,4577.67,1678.35,5.9,1094.79,1830.84,137.9230667,8.15,B,123737,16,4,2,2012,,558585.13,659950.36,655318.26,585391.155,49830.714434661655
15,2012-04-27,527402.62,False,41.57,4.163,1863.53,,9.82,192.32,1271.7,137.9781333,8.15,B,123737,17,4,2,2012,,534780.57,558585.13,560764.41,577715.8275,55912.75876248041
15,2012-05-04,577868.38,False,51.04,4.124,8300.37,,110.97,3056.54,1610.94,138.0332,8.15,B,123737,18,5,2,2012,,527402.62,534780.57,630522.67,570179.6699999999,61308.46170091947
15,2012-05-11,579539.95,False,54.23,4.055,11017.0,,11.17,1287.37,2683.72,138.0882667,8.15,B,123737,19,5,2,2012,,577868.38,527402.62,630482.91,549659.175,23037.35406253126
15,2012-05-18,600050.98,False,58.84,4.029,5226.88,,8.93,546.11,1281.16,138.1065806,8.15,B,123737,20,5,2,2012,,579539.95,577868.38,593941.9,554897.88,27662.07372461293
15,2012-05-25,693780.42,False,67.97,3.979,6258.04,,482.11,928.64,1315.99,138.1101935,8.15,B,123737,21,5,2,2012,,600050.98,579539.95,636193.24,571215.4825,30900.974314842133
15,2012-06-01,663971.26,False,67.61,3.915,3762.0,22.8,41.98,1170.77,2160.94,138.1138065,8.15,B,123737,22,6,2,2012,,693780.42,600050.98,695396.19,612809.9325,54914.523098917125
15,2012-06-08,611390.67,False,59.35,3.871,4658.21,269.0,0.19,399.04,3998.9,138.1174194,8.15,B,123737,23,6,2,2012,,663971.26,693780.42,642679.81,634335.6525000001,53509.99095472062
15,2012-06-15,636737.65,False,67.7,3.786,3453.42,478.6,0.01,404.11,3862.9,138.1295333,8.15,B,123737,24,6,2,2012,,611390.67,663971.26,639928.85,642298.3325,44197.44907514466
15,2012-06-22,687085.6,False,74.28,3.722,3816.09,1314.0,,667.31,2567.0,138.1629,8.15,B,123737,25,6,2,2012,,636737.65,611390.67,656594.95,651470.0,35448.77981884247
15,2012-06-29,624099.48,False,68.91,3.667,3076.48,589.4,,1770.01,2113.3,138.1962667,8.15,B,123737,26,6,2,2012,,687085.6,636737.65,674669.16,649796.295,32847.84184189184
15,2012-07-06,678024.75,False,74.64,3.646,4916.59,270.1,24.22,1747.41,2772.41,138.2296333,8.193,B,123737,27,7,3,2012,,624099.48,687085.6,635118.48,639828.35,33160.715207962225
15,2012-07-13,591335.5,False,72.62,3.689,3376.03,189.6,50.02,942.78,753.32,138.263,8.193,B,123737,28,7,3,2012,,678024.75,624099.48,624114.56,656486.87,30763.27504307001
15,2012-07-20,592369.22,False,75.31,3.732,1131.83,179.69,31.31,274.96,1321.82,138.2331935,8.193,B,123737,29,7,3,2012,,591335.5,678024.75,607475.4400000001,645136.3325,45381.59608710566
15,2012-07-27,571190.83,False,73.9,3.82,2403.14,122.34,0.87,2132.06,1082.9,138.2033871,8.193,B,123737,30,7,3,2012,,592369.22,591335.5,577511.02,621457.2374999999,40662.41814404976
15,2012-08-03,590739.62,False,73.13,3.819,7251.41,216.62,0.48,4906.29,1420.37,138.1735806,8.193,B,123737,31,8,3,2012,,571190.83,592369.22,607961.21,608230.075,47540.14343789288
15,2012-08-10,590453.63,False,73.99,3.863,15384.57,19.31,100.34,1649.99,1552.05,138.1437742,8.193,B,123737,32,8,3,2012,,590739.62,571190.83,590836.37,586408.7925,10167.62168615807
15,2012-08-17,579738.2,False,70.29,3.963,3690.95,10.66,0.3,788.18,1176.04,138.1857097,8.193,B,123737,33,8,3,2012,,590453.63,590739.62,599488.98,586188.325,10033.86652285019
15,2012-08-24,606210.77,False,66.98,3.997,3669.07,-6.69,,2813.59,1610.18,138.2814516,8.193,B,123737,34,8,3,2012,,579738.2,590453.63,605413.17,583030.5700000001,9408.336997040218
15,2012-08-31,610185.32,False,71.42,4.026,5501.66,135.77,27.69,1513.49,2862.32,138.3771935,8.193,B,123737,35,8,3,2012,,606210.77,579738.2,649159.6799999999,591785.5549999999,10894.85497105727
15,2012-09-07,587259.8200000001,True,71.61,4.076,7925.48,13.2,15.69,1684.3,1941.32,138.4729355,8.193,B,123737,36,9,3,2012,Labor Day,610185.32,606210.77,607593.51,596646.98,14130.54793027748
15,2012-09-14,527509.76,False,65.44,4.088,5163.64,,1.49,922.73,3154.77,138.5673,8.193,B,123737,37,9,3,2012,,587259.8200000001,610185.32,545052.34,595848.5275,14676.832509022304
15,2012-09-21,533161.64,False,60.34,4.203,3412.14,91.0,28.5,118.17,1880.31,138.6534,8.193,B,123737,38,9,3,2012,,527509.76,587259.8200000001,545570.86,582791.4175,38187.78269965012
15,2012-09-28,553901.97,False,57.13,4.158,5223.97,19.73,0.66,1260.77,5490.76,138.7395,8.193,B,123737,39,9,3,2012,,533161.64,527509.76,521297.31,564529.135,40642.8556136177
15,2012-10-05,573498.64,False,59.57,4.151,2337.37,,6.22,1443.89,1892.94,138.8256,7.992,B,123737,40,10,4,2012,,553901.97,533161.64,579068.88,550458.2975000001,27030.97404007437
15,2012-10-12,551799.63,False,49.12,4.186,1351.82,,5.8,500.2,3631.62,138.9117,7.992,B,123737,41,10,4,2012,,573498.64,553901.97,537300.94,547018.0025,20985.57820755897
15,2012-10-19,555652.77,False,52.89,4.153,710.9,,1.68,176.01,1098.68,138.8336129,7.992,B,123737,42,10,4,2012,,551799.63,573498.64,603318.89,553090.47,16492.184695307893
15,2012-10-26,558473.6,False,55.75,4.071,4657.77,-7.01,100.0,1077.51,1234.65,138.7281613,7.992,B,123737,43,10,4,2012,,555652.77,551799.63,589842.69,558713.2525,9981.997996799291
16,2011-02-04,479263.15,False,13.64,3.011,,,,,,191.7625895,6.614,B,57197,5,2,1,2011,,448391.99,462888.13,477409.3,488797.9175,57230.34588421168
16,2011-02-11,466806.89,True,15.02,3.037,,,,,,191.8572881,6.614,B,57197,6,2,1,2011,Super Bowl,479263.15,448391.99,472044.28,465227.215,13067.85481506447
16,2011-02-18,491179.79,False,27.18,3.051,,,,,,191.9178331,6.614,B,57197,7,2,1,2011,,466806.89,479263.15,469868.7,464337.54,12717.87295430219
16,2011-02-25,475201.64,False,26.15,3.101,,,,,,191.9647167,6.614,B,57197,8,2,1,2011,,491179.79,466806.89,443242.17,471410.455,18289.65068712168
16,2011-03-04,484829.07,False,31.77,3.232,,,,,,192.0116004,6.614,B,57197,9,3,1,2011,,475201.64,491179.79,444181.85,478112.8675,10138.50722473722
16,2011-03-11,457504.35,False,29.36,3.372,,,,,,192.058484,6.614,B,57197,10,3,1,2011,,484829.07,475201.64,445393.74,479504.3475,10714.59045830719
16,2011-03-18,497373.49,False,36.5,3.406,,,,,,192.1237981,6.614,B,57197,11,3,1,2011,,457504.35,484829.07,504307.35,477178.7125,14669.100137028978
16,2011-03-25,465279.68,False,32.61,3.414,,,,,,192.1964844,6.614,B,57197,12,3,1,2011,,497373.49,457504.35,483177.2,478727.1375,16810.27348262114
16,2011-04-01,459756.11,False,35.75,3.461,,,,,,192.2691707,6.339,B,57197,13,4,2,2011,,465279.68,497373.49,490503.69,476246.6475,18180.11314333104
16,2011-04-08,439276.5,False,38.04,3.532,,,,,,192.3418571,6.339,B,57197,14,4,2,2011,,459756.11,465279.68,424083.99,469978.4075,18553.22130155096
16,2011-04-15,427855.24,False,34.59,3.611,,,,,,192.4225954,6.339,B,57197,15,4,2,2011,,439276.5,459756.11,436312.41,465421.445,24059.699684414256
16,2011-04-22,368600.0,False,40.74,3.636,,,,,,192.5234638,6.339,B,57197,16,4,2,2011,,427855.24,439276.5,370230.94,448041.8825,17499.49765342839
16,2011-04-29,378100.31,False,37.77,3.663,,,,,,192.6243322,6.339,B,57197,17,4,2,2011,,368600.0,427855.24,383550.93,423871.9625,39140.03983831352
16,2011-05-06,423805.22,False,38.64,3.735,,,,,,192.7252006,6.339,B,57197,18,5,2,2011,,378100.31,368600.0,403217.22,403458.0125,35290.61663768132
16,2011-05-13,410406.95,False,43.29,3.767,,,,,,192.826069,6.339,B,57197,19,5,2,2011,,423805.22,378100.31,401770.9,399590.1925,30591.325284869992
16,2011-05-20,435397.19,False,43.95,3.828,,,,,,192.831317,6.339,B,57197,20,5,2,2011,,410406.95,423805.22,435300.51,395228.12,26137.241468255703
16,2011-05-27,444718.68,False,45.17,3.795,,,,,,192.8365651,6.339,B,57197,21,5,2,2011,,435397.19,410406.95,479430.0,411927.4175,24755.4535181385
16,2011-06-03,531080.31,False,54.08,3.763,,,,,,192.8418131,6.339,B,57197,22,6,2,2011,,444718.68,435397.19,516295.81,428582.01,14832.277031631904
16,2011-06-10,600952.06,False,55.78,3.735,,,,,,192.8470612,6.339,B,57197,23,6,2,2011,,531080.31,444718.68,535587.31,455400.7825,52491.54494579112
16,2011-06-17,581546.23,False,58.34,3.697,,,,,,192.9034759,6.339,B,57197,24,6,2,2011,,600952.06,531080.31,540149.85,503037.06000000006,78209.02879464284
16,2011-06-24,569105.03,False,54.36,3.661,,,,,,192.9982655,6.339,B,57197,25,6,2,2011,,581546.23,600952.06,546554.96,539574.3200000001,69758.17477124173
16,2011-07-01,608737.56,False,63.59,3.597,,,,,,193.0930552,6.338,B,57197,26,7,3,2011,,569105.03,581546.23,610641.42,570670.9075,29467.995175326043
16,2011-07-08,634634.66,False,65.0,3.54,,,,,,193.1878448,6.338,B,57197,27,7,3,2011,,608737.56,569105.03,614253.33,590085.22,18065.443270852767
16,2011-07-15,586841.77,False,65.16,3.532,,,,,,193.3125484,6.338,B,57197,28,7,3,2011,,634634.66,608737.56,586583.69,598505.87,29223.368096754224
16,2011-07-22,581758.22,False,65.36,3.545,,,,,,193.5120367,6.338,B,57197,29,7,3,2011,,586841.77,634634.66,588344.18,599829.755,28304.457144076987
16,2011-07-29,582381.95,False,66.84,3.547,,,,,,193.711525,6.338,B,57197,30,7,3,2011,,581758.22,586841.77,562633.67,602993.0525,24124.48776174147
16,2011-08-05,592981.33,False,63.96,3.554,,,,,,193.9110133,6.338,B,57197,31,8,3,2011,,582381.95,581758.22,586936.45,596404.15,25587.342994334696
16,2011-08-12,563884.47,False,67.09,3.542,,,,,,194.1105017,6.338,B,57197,32,8,3,2011,,592981.33,582381.95,543757.97,585990.8175,5181.061390593312
16,2011-08-19,554630.42,False,68.83,3.499,,,,,,194.2500634,6.338,B,57197,33,8,3,2011,,563884.47,592981.33,521516.96,580251.4924999999,12065.615956238416
16,2011-08-26,557312.01,False,67.51,3.485,,,,,,194.3796374,6.338,B,57197,34,8,3,2011,,554630.42,563884.47,581010.52,573469.5425,17387.035498624795
16,2011-09-02,580805.3300000001,False,63.44,3.511,,,,,,194.5092113,6.338,B,57197,35,9,3,2011,,557312.01,554630.42,542087.89,567202.0575,17620.40849349535
16,2011-09-09,574622.56,True,56.99,3.566,,,,,,194.6387853,6.338,B,57197,36,9,3,2011,Labor Day,580805.3300000001,557312.01,537518.57,564158.0575,11759.40438561038
16,2011-09-16,539081.09,False,53.68,3.596,,,,,,194.7419707,6.338,B,57197,37,9,3,2011,,574622.56,580805.3300000001,522049.52,566842.5800000001,12851.136042561337
16,2011-09-23,504856.97,False,50.39,3.581,,,,,,194.8099713,6.338,B,57197,38,9,3,2011,,539081.09,574622.56,511330.32,562955.2475,18766.7538663949
16,2011-09-30,450075.31,False,57.61,3.538,,,,,,194.8779718,6.338,B,57197,39,9,3,2011,,504856.97,539081.09,463977.54,549841.4875,35176.95299331071
16,2011-10-07,482926.93,False,48.91,3.498,,,,,,194.9459724,6.232,B,57197,40,10,4,2011,,450075.31,504856.97,442894.2,517158.9825,53022.63719072399
16,2011-10-14,498241.06,False,39.97,3.491,,,,,,195.0261012,6.232,B,57197,41,10,4,2011,,482926.93,450075.31,452169.28,494235.075,37425.2530740386
16,2011-10-21,560104.16,False,46.99,3.548,,,,,,195.1789994,6.232,B,57197,42,10,4,2011,,498241.06,482926.93,541216.92,484025.0675,24425.768802689403
16,2011-10-28,505918.21,False,41.97,3.55,,,,,,195.3318977,6.232,B,57197,43,10,4,2011,,560104.16,498241.06,495022.51,497836.865,46118.87429219304
16,2011-11-04,511059.95,False,33.43,3.527,,,,,,195.4847959,6.232,B,57197,44,11,4,2011,,505918.21,560104.16,446905.02,511797.59,33592.590099731744
16,2011-11-11,513181.31,False,29.56,3.505,5042.4,2193.04,200.11,3309.98,2743.18,195.6376941,6.232,B,57197,45,11,4,2011,,511059.95,505918.21,453632.76,518830.8450000001,28015.16689925697
16,2011-11-18,480353.64,False,31.73,3.479,2089.46,154.21,3.55,830.6,4425.07,195.7184713,6.232,B,57197,46,11,4,2011,,513181.31,511059.95,458634.68,522565.9075,25210.60597601756
16,2011-11-25,712422.4,True,31.39,3.424,90.28,126.47,34754.69,24.64,1560.32,195.7704,6.232,B,57197,47,11,4,2011,Thanksgiving,480353.64,513181.31,651837.77,502628.2775,15159.62540988701
16,2011-12-02,530492.84,False,27.83,3.378,516.47,61.0,944.52,9.0,7124.75,195.8223287,6.232,B,57197,48,12,4,2011,,712422.4,480353.64,512260.59,554254.325,106506.96031325156
16,2011-12-09,574798.86,False,14.44,3.331,2229.52,28.0,73.7,1696.73,6465.69,195.8742575,6.232,B,57197,49,12,4,2011,,530492.84,712422.4,570103.64,559112.5475,104300.27583829328
16,2011-12-16,679481.9,False,22.5,3.266,2801.5,,99.57,422.6,2684.19,195.9841685,6.232,B,57197,50,12,4,2011,,574798.86,530492.84,648652.01,574516.935,99704.30252233818
16,2011-12-23,950691.96,False,20.79,3.173,485.0,0.18,475.6,16.2,960.85,196.1713893,6.232,B,57197,51,12,4,2011,,679481.9,574798.86,1004730.69,624299.0,85753.02831180376
16,2011-12-30,665861.06,True,23.91,3.119,921.67,11778.68,101.87,272.51,1673.25,196.3586101,6.232,B,57197,52,12,4,2011,Christmas,950691.96,679481.9,575317.38,683866.39,188533.18054415795
16,2012-01-06,564538.0700000001,False,26.49,3.095,443.59,5524.49,15.7,35.25,3296.96,196.5458309,6.162,B,57197,1,1,1,2012,,665861.06,950691.96,573545.96,717708.4450000001,162125.35049625687
16,2012-01-13,508520.09,False,19.55,3.077,1353.58,2551.73,0.24,289.67,1899.49,196.7330517,6.162,B,57197,2,1,1,2012,,564538.0700000001,665861.06,470365.59,715143.2474999999,165192.39405464445
16,2012-01-20,474389.75,False,29.3,3.055,2087.19,1399.47,5.58,75.83,4742.74,196.7796652,6.162,B,57197,3,1,1,2012,,508520.09,564538.0700000001,462888.13,672402.795,196621.4582649021
16,2012-01-27,453979.19,False,28.17,3.038,612.01,1011.32,,8.41,2482.91,196.8262786,6.162,B,57197,4,1,1,2012,,474389.75,508520.09,448391.99,553327.2425,83722.4608885492
16,2012-02-03,475905.1,False,25.53,3.031,32702.46,747.82,2.39,8063.07,2940.68,196.8728921,6.162,B,57197,5,2,1,2012,,453979.19,474389.75,479263.15,500356.775,48342.68340865825
16,2012-02-10,473766.97,True,23.69,3.103,7247.14,985.13,0.45,9481.58,6298.1,196.9195056,6.162,B,57197,6,2,1,2012,Super Bowl,475905.1,453979.19,466806.89,478198.5325,22551.7187602386
16,2012-02-17,494069.49,False,31.19,3.113,5656.83,2712.39,,2883.67,4484.79,196.9432711,6.162,B,57197,7,2,1,2012,,473766.97,475905.1,491179.79,469510.2525,10392.900086993752
16,2012-02-24,495720.3,False,26.21,3.129,12120.37,2778.82,,1634.92,4210.7,196.9499007,6.162,B,57197,8,2,1,2012,,494069.49,473766.97,475201.64,474430.1875,16396.75502212452
16,2012-03-02,464189.09,False,23.4,3.191,8501.55,871.52,,2066.16,3207.63,196.9565303,6.162,B,57197,9,3,1,2012,,495720.3,494069.49,484829.07,484865.465,11633.375137598834
16,2012-03-09,495951.66,False,28.16,3.286,5302.57,557.02,3.17,5974.36,3037.04,196.9631599,6.162,B,57197,10,3,1,2012,,464189.09,495720.3,457504.35,481936.4625,15480.249469390395
16,2012-03-16,520850.71,False,38.02,3.486,3501.15,0.3,1.33,1396.55,1515.46,197.0457208,6.162,B,57197,11,3,1,2012,,495951.66,464189.09,497373.49,487482.635,15551.628066551984
16,2012-03-23,493503.89,False,38.7,3.664,1462.21,2.5,4.43,367.45,1256.65,197.2295234,6.162,B,57197,12,3,1,2012,,520850.71,495951.66,465279.68,494177.94,23211.29567547948
16,2012-03-30,485095.41,False,48.29,3.75,3404.77,,5.0,188.8,1133.72,197.4133259,6.162,B,57197,13,3,1,2012,,493503.89,520850.71,459756.11,493623.8375,23188.64730505334
16,2012-04-06,502662.07,False,48.93,3.854,7612.73,,43.82,897.11,5294.18,197.5971285,6.169,B,57197,14,4,2,2012,,485095.41,493503.89,439276.5,498850.4175,15386.15452024827
16,2012-04-13,450756.71,False,45.83,3.901,3532.73,1368.42,22.0,214.95,1983.5,197.780931,6.169,B,57197,15,4,2,2012,,502662.07,485095.41,427855.24,500528.02,15330.468050125892
16,2012-04-20,436221.26,False,43.61,3.936,2479.18,582.08,22.92,558.25,1659.22,197.7227385,6.169,B,57197,16,4,2,2012,,450756.71,502662.07,368600.0,483004.52,22663.84134245419
16,2012-04-27,398445.15,False,59.69,3.927,3351.91,205.74,16.41,366.79,2049.94,197.664546,6.169,B,57197,17,4,2,2012,,436221.26,450756.71,378100.31,468683.8625,30545.38063324412
16,2012-05-04,426959.62,False,51.34,3.903,3332.89,,35.34,766.61,2282.68,197.6063534,6.169,B,57197,18,5,2,2012,,398445.15,436221.26,423805.22,447021.2975,43151.40703339544
16,2012-05-11,479855.0,False,53.57,3.87,4814.92,,61.11,343.64,837.48,197.5481609,6.169,B,57197,19,5,2,2012,,426959.62,398445.15,410406.95,428095.68500000006,22060.461559102747
16,2012-05-18,493506.47,False,56.74,3.837,5303.48,,96.9,765.65,2341.97,197.5553137,6.169,B,57197,20,5,2,2012,,479855.0,426959.62,435397.19,435370.2575,33733.36087411353
16,2012-05-25,518045.09,False,57.36,3.804,990.24,,123.98,321.46,1405.5,197.5886046,6.169,B,57197,21,5,2,2012,,493506.47,479855.0,444718.68,449691.56,44618.81174644329
16,2012-06-01,532311.9299999999,False,58.97,3.764,4078.25,22.4,60.41,98.46,968.96,197.6218954,6.169,B,57197,22,6,2,2012,,518045.09,493506.47,531080.31,479591.545,38481.5505515978
16,2012-06-08,603618.89,False,65.43,3.741,3644.68,37.2,63.9,611.78,5520.95,197.6551863,6.169,B,57197,23,6,2,2012,,532311.9299999999,518045.09,600952.06,505929.6225,23643.401886672247
16,2012-06-15,570045.79,False,65.36,3.723,7027.33,141.8,125.91,642.76,1980.96,197.692292,6.169,B,57197,24,6,2,2012,,603618.89,532311.9299999999,581546.23,536870.595,47296.804992550686
16,2012-06-22,581745.72,False,70.41,3.735,1291.33,201.0,0.27,696.47,1682.13,197.7389345,6.169,B,57197,25,6,2,2012,,570045.79,603618.89,569105.03,556005.425,38585.58728017016
16,2012-06-29,570162.28,False,77.31,3.693,731.74,107.4,,455.32,1375.35,197.785577,6.169,B,57197,26,6,2,2012,,581745.72,570045.79,608737.56,571930.5825,29853.39637317925
16,2012-07-06,641763.53,False,70.49,3.646,1559.36,68.8,13.1,420.62,6013.75,197.8322195,6.061,B,57197,27,7,3,2012,,570162.28,581745.72,634634.66,581393.1699999999,15800.873858509352
16,2012-07-13,569005.0599999999,False,70.29,3.613,2375.53,17.9,2.07,983.3,1834.23,197.8788621,6.061,B,57197,28,7,3,2012,,641763.53,570162.28,586841.77,590929.3300000001,34330.97333752895
16,2012-07-20,565297.54,False,68.43,3.585,1115.42,105.35,4.69,196.54,948.69,197.9290378,6.061,B,57197,29,7,3,2012,,569005.0599999999,641763.53,581758.22,590669.1475,34545.27359506869
16,2012-07-27,539337.87,False,69.0,3.57,589.03,31.77,,855.31,1457.52,197.9792136,6.061,B,57197,30,7,3,2012,,565297.54,569005.0599999999,582381.95,586557.1025,36862.73201908512
16,2012-08-03,584000.71,False,68.59,3.528,4801.46,,,3030.35,2945.89,198.0293893,6.061,B,57197,31,8,3,2012,,539337.87,565297.54,592981.33,578851.0,43969.35556291137
16,2012-08-10,554036.84,False,70.24,3.509,7036.67,11.2,11.0,3031.99,2296.61,198.0795651,6.061,B,57197,32,8,3,2012,,584000.71,539337.87,563884.47,564410.2949999999,18567.982517838507
16,2012-08-17,521896.6,False,62.07,3.545,408.1,,1.1,870.38,604.8,198.1001057,6.061,B,57197,33,8,3,2012,,554036.84,584000.71,554630.42,560668.24,18839.62778372552
16,2012-08-24,551152.15,False,61.44,3.558,1556.47,16.0,3.34,869.05,1691.12,198.0984199,6.061,B,57197,34,8,3,2012,,521896.6,554036.84,557312.01,549818.0049999999,26303.953927541366
16,2012-08-31,551837.3099999999,False,64.19,3.556,8702.4,,35.78,3576.08,4493.67,198.0967341,6.061,B,57197,35,8,3,2012,,551152.15,521896.6,580805.3300000001,552771.575,25382.05656856735
16,2012-09-07,537138.58,True,60.09,3.596,2291.22,-9.98,37.43,411.53,1576.74,198.0950484,6.061,B,57197,36,9,3,2012,Labor Day,551837.3099999999,551152.15,574622.56,544730.725,15272.4074755953
16,2012-09-14,526525.16,False,56.69,3.659,5323.84,,9.3,1307.03,4474.84,198.1267184,6.061,B,57197,37,9,3,2012,,537138.58,551837.3099999999,539081.09,540506.16,14134.925796913569
16,2012-09-21,509942.56,False,56.48,3.765,3913.62,1.91,,143.35,5661.0,198.358523,6.061,B,57197,38,9,3,2012,,526525.16,537138.58,504856.97,541663.3,12154.356249794511
16,2012-09-28,469607.73,False,51.4,3.789,2130.57,3.82,,583.9,1409.43,198.5903276,6.061,B,57197,39,9,3,2012,,509942.56,526525.16,450075.31,531360.9025,17652.144556906977
16,2012-10-05,471281.68,False,50.46,3.779,2228.83,,23.32,1534.31,4451.29,198.8221322,5.847,B,57197,40,10,4,2012,,469607.73,509942.56,482926.93,510803.5075,29656.58844921535
16,2012-10-12,491817.19,False,43.26,3.76,522.32,,11.09,40.2,5247.6,199.0539368,5.847,B,57197,41,10,4,2012,,471281.68,469607.73,498241.06,494339.2825,28417.69226670469
16,2012-10-19,577198.97,False,40.59,3.75,1278.03,,1.16,16.38,1395.48,199.1481963,5.847,B,57197,42,10,4,2012,,491817.19,471281.68,560104.16,485662.29,19078.47955200392
16,2012-10-26,475770.14,False,40.99,3.686,2285.52,20.48,,201.97,1237.41,199.2195317,5.847,B,57197,43,10,4,2012,,577198.97,491817.19,505918.21,502476.3925,50828.27706659681
17,2011-02-04,816603.05,False,11.29,2.974,,,,,,127.7195806,6.866,B,93188,5,2,1,2011,,736335.6900000001,755804.37,789036.02,833430.39,166720.0194986531
17,2011-02-11,813211.46,True,14.19,3.034,,,,,,127.859129,6.866,B,93188,6,2,1,2011,Super Bowl,816603.05,736335.6900000001,841951.91,766813.3675,34631.58129388587
17,2011-02-18,860962.91,False,26.86,3.062,,,,,,127.99525,6.866,B,93188,7,2,1,2011,,813211.46,816603.05,800714.0,780488.6425000001,40553.79035937348
17,2011-02-25,767256.53,False,24.36,3.12,,,,,,128.13,6.866,B,93188,8,2,1,2011,,860962.91,813211.46,749549.55,806778.2775000001,51755.98041003049
17,2011-03-04,816138.33,False,24.21,3.23,,,,,,128.26475,6.866,B,93188,9,3,1,2011,,767256.53,860962.91,783300.05,814508.4875,38283.28760609328
17,2011-03-11,779602.36,False,32.42,3.346,,,,,,128.3995,6.866,B,93188,10,3,1,2011,,816138.33,767256.53,763961.82,814392.3075,38275.51668770071
17,2011-03-18,778436.81,False,34.48,3.407,,,,,,128.5121935,6.866,B,93188,11,3,1,2011,,779602.36,816138.33,752034.52,805990.0325,42117.29129729415
17,2011-03-25,781267.76,False,36.71,3.435,,,,,,128.6160645,6.866,B,93188,12,3,1,2011,,778436.81,779602.36,793097.64,785358.5075,21261.249515377647
17,2011-04-01,795859.23,False,39.38,3.487,,,,,,128.7199355,6.774,B,93188,13,4,2,2011,,781267.76,778436.81,848521.17,788861.315,18221.74687047921
17,2011-04-08,811855.72,False,39.16,3.547,,,,,,128.8238065,6.774,B,93188,14,4,2,2011,,795859.23,781267.76,770228.02,783791.54,8128.570392345976
17,2011-04-15,825283.4299999999,False,39.98,3.616,,,,,,128.9107333,6.774,B,93188,15,4,2,2011,,811855.72,795859.23,757738.76,791854.88,15364.46259009789
17,2011-04-22,1060770.11,False,42.24,3.655,,,,,,128.9553,6.774,B,93188,16,4,2,2011,,825283.4299999999,811855.72,977790.83,803566.5349999999,19122.1689257001
17,2011-04-29,806979.15,False,40.14,3.683,,,,,,128.9998667,6.774,B,93188,17,4,2,2011,,1060770.11,825283.4299999999,807798.73,873442.1225,125463.17487038228
17,2011-05-06,882132.28,False,45.66,3.744,,,,,,129.0444333,6.774,B,93188,18,5,2,2011,,806979.15,1060770.11,843848.65,876222.1024999999,123275.21120827706
17,2011-05-13,870625.49,False,49.26,3.77,,,,,,129.089,6.774,B,93188,19,5,2,2011,,882132.28,806979.15,813756.09,893791.2425,115826.78644700848
17,2011-05-20,844443.35,False,51.93,3.802,,,,,,129.0756774,6.774,B,93188,20,5,2,2011,,870625.49,882132.28,826626.5,905126.7575,108898.86667610136
17,2011-05-27,892056.64,False,51.04,3.778,,,,,,129.0623548,6.774,B,93188,21,5,2,2011,,844443.35,870625.49,872817.62,851045.0675,33342.64279350264
17,2011-06-03,895020.48,False,49.61,3.752,,,,,,129.0490323,6.774,B,93188,22,6,2,2011,,892056.64,844443.35,876902.87,872314.4400000001,20540.97249398749
17,2011-06-10,881190.46,False,54.57,3.732,,,,,,129.0357097,6.774,B,93188,23,6,2,2011,,895020.48,892056.64,845252.21,875536.49,23405.43027021897
17,2011-06-17,894686.67,False,56.61,3.704,,,,,,129.0432,6.774,B,93188,24,6,2,2011,,881190.46,895020.48,877996.27,878177.7325,23262.181800710496
17,2011-06-24,920719.98,False,60.99,3.668,,,,,,129.0663,6.774,B,93188,25,6,2,2011,,894686.67,881190.46,893995.44,890738.5625,6501.947399431299
17,2011-07-01,940554.34,False,67.39,3.613,,,,,,129.0894,6.745,B,93188,26,7,3,2011,,920719.98,894686.67,958875.37,897904.3975,16518.44687997143
17,2011-07-08,915064.22,False,70.6,3.563,,,,,,129.1125,6.745,B,93188,27,7,3,2011,,940554.34,920719.98,836915.92,909287.8625,26526.36911616387
17,2011-07-15,902727.76,False,67.93,3.553,,,,,,129.1338387,6.745,B,93188,28,7,3,2011,,915064.22,940554.34,876591.41,917756.3025,18867.8664228128
17,2011-07-22,899044.34,False,69.82,3.563,,,,,,129.1507742,6.745,B,93188,29,7,3,2011,,902727.76,915064.22,893504.87,919766.575,15763.602739005531
17,2011-07-29,861894.77,False,68.59,3.574,,,,,,129.1677097,6.745,B,93188,30,7,3,2011,,899044.34,902727.76,833517.19,914347.665,18766.257075651687
17,2011-08-05,866184.92,False,65.71,3.595,,,,,,129.1846452,6.745,B,93188,31,8,3,2011,,861894.77,899044.34,795301.17,894682.7725,22907.07027002428
17,2011-08-12,800819.79,False,64.79,3.606,,,,,,129.2015806,6.745,B,93188,32,8,3,2011,,866184.92,861894.77,759995.1799999999,882462.9475,21398.047479941342
17,2011-08-19,797523.04,False,67.59,3.578,,,,,,129.2405806,6.745,B,93188,33,8,3,2011,,800819.79,866184.92,783929.7,856985.9550000001,40956.33146572432
17,2011-08-26,837390.79,False,72.04,3.57,,,,,,129.2832581,6.745,B,93188,34,8,3,2011,,797523.04,800819.79,802583.89,831605.6300000001,37516.88590691432
17,2011-09-02,847380.07,False,69.31,3.58,,,,,,129.3259355,6.745,B,93188,35,9,3,2011,,837390.79,797523.04,834373.73,825479.635,32600.996916163785
17,2011-09-09,1161900.18,True,61.94,3.619,,,,,,129.3686129,6.745,B,93188,36,9,3,2011,Labor Day,847380.07,837390.79,1200888.28,820778.4225,25316.517863248344
17,2011-09-16,1051116.95,False,61.48,3.641,,,,,,129.4306,6.745,B,93188,37,9,3,2011,,1161900.18,847380.07,871264.25,911048.52,168615.66025347065
17,2011-09-23,895535.31,False,56.96,3.648,,,,,,129.5183333,6.745,B,93188,38,9,3,2011,,1051116.95,1161900.18,852876.2899999999,974446.9975,159109.3809556853
17,2011-09-30,868191.05,False,61.4,3.623,,,,,,129.6060667,6.745,B,93188,39,9,3,2011,,895535.31,1051116.95,829207.27,988983.1275,144389.33413126614
17,2011-10-07,918006.9,False,54.4,3.592,,,,,,129.6938,6.617,B,93188,40,10,4,2011,,868191.05,895535.31,827738.06,994185.8725,137811.30251650725
17,2011-10-14,884042.63,False,47.69,3.567,,,,,,129.7706452,6.617,B,93188,41,10,4,2011,,918006.9,868191.05,838297.32,933212.5525,81199.40313317224
17,2011-10-21,877380.22,False,47.27,3.579,,,,,,129.7821613,6.617,B,93188,42,10,4,2011,,884042.63,918006.9,815093.76,891443.9725,20958.740702489427
17,2011-10-28,936508.43,False,41.89,3.567,,,,,,129.7936774,6.617,B,93188,43,10,4,2011,,877380.22,884042.63,861941.25,886905.2,21729.048944656817
17,2011-11-04,927657.63,False,37.52,3.538,,,,,,129.8051935,6.617,B,93188,44,11,4,2011,,936508.43,877380.22,818434.49,903984.545,28046.982118178174
17,2011-11-11,914759.2,False,27.61,3.513,3935.0,4172.99,225.67,2515.61,3009.79,129.8167097,6.617,B,93188,45,11,4,2011,,927657.63,936508.43,855459.96,906397.2275,30002.244272166256
17,2011-11-18,877724.31,False,32.93,3.489,6004.88,247.29,32.39,653.49,4391.01,129.8268333,6.617,B,93188,46,11,4,2011,,914759.2,927657.63,782252.57,914076.37,26043.051668744865
17,2011-11-25,1225700.28,True,32.81,3.445,310.16,181.17,62095.85,106.24,1292.3,129.8364,6.617,B,93188,47,11,4,2011,Thanksgiving,877724.31,914759.2,1005448.76,914162.3925,25881.50473859545
17,2011-12-02,945267.68,False,26.47,3.389,5562.36,222.94,16380.88,2303.32,17707.05,129.8459667,6.617,B,93188,48,12,4,2011,,1225700.28,877724.31,926573.81,986460.355,160891.35598492916
17,2011-12-09,976522.93,False,17.56,3.341,8530.15,,29.6,840.04,6700.99,129.8555333,6.617,B,93188,49,12,4,2011,,945267.68,1225700.28,962475.55,990862.8675,158975.50422731484
17,2011-12-16,1067754.06,False,21.07,3.282,3356.86,0.03,38.78,1286.21,2618.88,129.8980645,6.617,B,93188,50,12,4,2011,,976522.93,945267.68,1049372.38,1006303.8,151964.69858453108
17,2011-12-23,1289156.9,False,18.76,3.186,945.5,35.63,1077.82,57.64,2404.82,129.9845484,6.617,B,93188,51,12,4,2011,,1067754.06,976522.93,1309226.79,1053811.2375,125824.52275795864
17,2011-12-30,777207.3,True,26.73,3.119,4439.21,42391.85,120.08,1366.9,2383.67,130.0710323,6.617,B,93188,52,12,4,2011,Christmas,1289156.9,1067754.06,635862.55,1069675.3925,155274.47080610204
17,2012-01-06,1198104.22,False,27.64,3.08,5185.45,12090.5,33.9,1490.06,4832.68,130.1575161,6.403,B,93188,1,1,1,2012,,777207.3,1289156.9,1083071.14,1027660.2975,212390.92669102325
17,2012-01-13,873576.96,False,20.28,3.056,1552.86,3911.73,0.52,542.24,1709.97,130.244,6.403,B,93188,2,1,1,2012,,1198104.22,777207.3,758510.36,1083055.62,223227.2762342264
17,2012-01-20,809272.65,False,27.26,3.047,1461.59,577.33,,442.39,1407.74,130.2792258,6.403,B,93188,3,1,1,2012,,873576.96,1198104.22,755804.37,1034511.345,247461.9400235885
17,2012-01-27,769522.33,False,29.99,3.058,1834.7,684.22,,118.0,1109.1,130.3144516,6.403,B,93188,4,1,1,2012,,809272.65,873576.96,736335.6900000001,914540.2825,193242.61346404572
17,2012-02-03,864852.85,False,26.26,3.077,32793.78,5509.47,38.96,35785.26,4518.58,130.3496774,6.403,B,93188,5,2,1,2012,,769522.33,809272.65,816603.05,912619.04,195092.4710226884
17,2012-02-10,880165.7,True,23.63,3.116,5658.48,13498.72,16.27,4292.59,6008.71,130.3849032,6.403,B,93188,6,2,1,2012,Super Bowl,864852.85,769522.33,813211.46,829306.1975,48986.1162472931
17,2012-02-17,927084.65,False,30.76,3.119,10862.6,14264.11,2.64,8459.96,4740.08,130.4546207,6.403,B,93188,7,2,1,2012,,880165.7,864852.85,860962.91,830953.3825,51038.72537429837
17,2012-02-24,843864.4299999999,False,30.01,3.145,8628.93,3368.34,,3876.56,4378.82,130.5502069,6.403,B,93188,8,2,1,2012,,927084.65,880165.7,767256.53,860406.3825000001,66121.36330747975
17,2012-03-02,856178.47,False,26.28,3.242,14469.08,1163.89,37.38,8771.3,2237.79,130.6457931,6.403,B,93188,9,3,1,2012,,843864.4299999999,927084.65,816138.33,878991.9075,35346.58065738094
17,2012-03-09,860224.98,False,32.02,3.38,3944.86,104.91,2.16,550.85,3717.62,130.7413793,6.403,B,93188,10,3,1,2012,,856178.47,843864.4299999999,779602.36,876823.3125,36741.76124878522
17,2012-03-16,853136.46,False,43.69,3.529,6373.65,46.13,1.02,1938.3,1278.79,130.8261935,6.403,B,93188,11,3,1,2012,,860224.98,856178.47,778436.81,871838.1325000001,37482.422849646005
17,2012-03-23,851762.28,False,40.69,3.671,5060.41,42.99,,315.1,1399.39,130.8966452,6.403,B,93188,12,3,1,2012,,853136.46,860224.98,781267.76,853351.085,6959.100166673192
17,2012-03-30,872469.03,False,45.29,3.734,8337.43,74.41,6.0,418.13,3444.54,130.9670968,6.403,B,93188,13,3,1,2012,,851762.28,853136.46,795859.23,855325.5475,3751.483927405709
17,2012-04-06,986922.62,False,43.92,3.793,11072.17,,43.74,2299.75,4192.05,131.0375484,6.235,B,93188,14,4,2,2012,,872469.03,851762.28,811855.72,859398.1875,9470.072582107616
17,2012-04-13,877055.32,False,46.94,3.833,2328.03,6989.17,3.6,895.75,1545.65,131.108,6.235,B,93188,15,4,2,2012,,986922.62,872469.03,825283.4299999999,891072.5975,64595.59099336891
17,2012-04-20,1119979.98,False,47.69,3.845,2570.29,1288.35,2.1,341.52,2157.85,131.1173333,6.235,B,93188,16,4,2,2012,,877055.32,986922.62,1060770.11,897052.3125,60915.45151961588
17,2012-04-27,925916.65,False,59.11,3.842,1832.86,,1.62,8.94,2211.39,131.1266667,6.235,B,93188,17,4,2,2012,,1119979.98,877055.32,806979.15,964106.7375,116608.24863095114
17,2012-05-04,930121.14,False,48.86,3.831,10140.57,,181.65,2709.84,1859.33,131.136,6.235,B,93188,18,5,2,2012,,925916.65,1119979.98,882132.28,977468.6425,105102.01753981572
17,2012-05-11,944100.3,False,49.96,3.809,6288.63,,22.59,997.55,1266.73,131.1453333,6.235,B,93188,19,5,2,2012,,930121.14,925916.65,870625.49,963268.2725,107214.90652374874
17,2012-05-18,968816.33,False,59.67,3.808,3847.57,,92.93,1216.19,2403.0,131.0983226,6.235,B,93188,20,5,2,2012,,944100.3,930121.14,844443.35,980029.5175,93623.517697001
17,2012-05-25,984881.59,False,55.69,3.801,5528.92,,71.81,595.85,2754.3,131.0287742,6.235,B,93188,21,5,2,2012,,968816.33,944100.3,892056.64,942238.605,19348.38966165308
17,2012-06-01,938914.28,False,54.13,3.788,3996.22,25.0,31.8,1667.66,881.3,130.9592258,6.235,B,93188,22,6,2,2012,,984881.59,968816.33,895020.48,956979.84,24534.8898841686
17,2012-06-08,987990.24,False,60.51,3.776,6233.58,140.2,328.34,763.88,4501.73,130.8896774,6.235,B,93188,23,6,2,2012,,938914.28,984881.59,881190.46,959178.125,21537.001722179924
17,2012-06-15,964169.67,False,56.67,3.756,6069.6,147.0,0.18,1949.47,1373.68,130.8295333,6.235,B,93188,24,6,2,2012,,987990.24,938914.28,894686.67,970150.61,22455.45802461157
17,2012-06-22,981210.57,False,62.9,3.737,3500.33,466.98,,1789.53,2980.58,130.7929,6.235,B,93188,25,6,2,2012,,964169.67,987990.24,920719.98,968988.945,22666.688209511125
17,2012-06-29,982322.24,False,71.14,3.681,2895.23,281.3,,357.75,1195.05,130.7562667,6.235,B,93188,26,6,2,2012,,981210.57,964169.67,940554.34,968071.19,21868.99722397035
17,2012-07-06,1046782.52,False,68.91,3.63,9824.36,128.0,25.38,3990.35,3618.23,130.7196333,5.936,B,93188,27,7,3,2012,,982322.24,981210.57,915064.22,978923.18,10273.970285144653
17,2012-07-13,960746.04,False,72.94,3.595,5814.57,64.9,0.18,1807.43,1705.19,130.683,5.936,B,93188,28,7,3,2012,,1046782.52,982322.24,902727.76,993621.25,36401.50545216759
17,2012-07-20,944698.7,False,70.59,3.556,2836.48,34.2,20.25,738.75,1189.5,130.7012903,5.936,B,93188,29,7,3,2012,,960746.04,1046782.52,899044.34,992765.3425,37352.65432338124
17,2012-07-27,907493.24,False,74.2,3.537,4345.01,57.6,7.79,3965.83,6114.63,130.7195806,5.936,B,93188,30,7,3,2012,,944698.7,960746.04,861894.77,983637.375,44830.31915262196
17,2012-08-03,877813.33,False,72.94,3.512,13721.83,56.6,8.34,12343.79,1797.84,130.737871,5.936,B,93188,31,8,3,2012,,907493.24,944698.7,866184.92,964930.125,58950.90457478936
17,2012-08-10,849074.04,False,73.29,3.509,3711.96,9.2,4.42,2316.51,1613.36,130.7561613,5.936,B,93188,32,8,3,2012,,877813.33,907493.24,800819.79,922687.8275,37316.22552402453
17,2012-08-17,844928.17,False,70.98,3.545,1833.19,5.6,0.81,1344.67,1707.05,130.7909677,5.936,B,93188,33,8,3,2012,,849074.04,877813.33,797523.04,894769.8275,40948.77017884448
17,2012-08-24,924299.78,False,68.89,3.582,3255.74,6.0,50.17,3022.22,3782.36,130.8381613,5.936,B,93188,34,8,3,2012,,844928.17,849074.04,837390.79,869827.1950000001,29058.356150943386
17,2012-08-31,865924.2,False,68.07,3.624,11235.99,,2.73,3648.33,1964.35,130.8853548,5.936,B,93188,35,8,3,2012,,924299.78,844928.17,847380.07,874028.8300000001,36565.3789375165
17,2012-09-07,1255633.29,True,61.99,3.689,13396.45,,18.08,1299.65,1333.12,130.9325484,5.936,B,93188,36,9,3,2012,Labor Day,865924.2,924299.78,1161900.18,871056.5475,36638.34760047725
17,2012-09-14,1071040.22,False,59.64,3.749,5620.89,,13.95,260.46,4585.25,130.9776667,5.936,B,93188,37,9,3,2012,,1255633.29,865924.2,1051116.95,972696.36,191590.30928908667
17,2012-09-21,938303.28,False,58.43,3.821,6035.13,1.91,14.5,859.64,6132.91,131.0103333,5.936,B,93188,38,9,3,2012,,1071040.22,1255633.29,895535.31,1029224.3725,173863.62421496405
17,2012-09-28,972716.24,False,57.77,3.821,4716.69,,9.0,1925.91,1643.33,131.043,5.936,B,93188,39,9,3,2012,,938303.28,1071040.22,868191.05,1032725.2475,171166.71203101645
17,2012-10-05,952609.17,False,52.81,3.815,3029.6,,,2246.04,3033.47,131.0756667,5.527,B,93188,40,10,4,2012,,972716.24,938303.28,918006.9,1059423.2575,142386.19608272446
17,2012-10-12,919878.34,False,44.82,3.797,1171.21,,3.58,371.84,3776.18,131.1083333,5.527,B,93188,41,10,4,2012,,952609.17,972716.24,884042.63,983667.2275,59934.56046413429
17,2012-10-19,957356.84,False,48.16,3.781,708.27,,1.4,14.01,1328.57,131.1499677,5.527,B,93188,42,10,4,2012,,919878.34,952609.17,877380.22,945876.7575,22352.91534219336
17,2012-10-26,943465.29,False,39.94,3.755,5593.69,112.2,,134.13,748.23,131.1930968,5.527,B,93188,43,10,4,2012,,957356.84,919878.34,936508.43,950640.1475,22230.861945211866
18,2011-02-04,1055841.24,False,20.79,3.24,,,,,,133.1834194,9.131,B,120653,5,2,1,2011,,849540.85,891148.55,1205307.5,862956.245,66770.07480150313
18,2011-02-11,1122053.58,True,24.3,3.255,,,,,,133.260871,9.131,B,120653,6,2,1,2011,Super Bowl,1055841.24,849540.85,1187880.7,893426.48,118073.4704225592
18,2011-02-18,1095058.57,False,31.59,3.263,,,,,,133.3701429,9.131,B,120653,7,2,1,2011,,1122053.58,1055841.24,1150663.42,979646.055,130185.48581815606
18,2011-02-25,1005983.31,False,26.15,3.281,,,,,,133.4921429,9.131,B,120653,8,2,1,2011,,1095058.57,1122053.58,1068157.45,1030623.56,123744.62724555995
18,2011-03-04,1063310.62,False,28.49,3.437,,,,,,133.6141429,9.131,B,120653,9,3,1,2011,,1005983.31,1095058.57,1179738.5,1069734.175,50450.74017571659
18,2011-03-11,1002714.25,False,38.4,3.6,,,,,,133.7361429,9.131,B,120653,10,3,1,2011,,1063310.62,1005983.31,1138800.32,1071601.52,49900.34087846388
18,2011-03-18,945889.59,False,41.12,3.634,,,,,,133.8492258,9.131,B,120653,11,3,1,2011,,1002714.25,1063310.62,1087507.47,1041766.6875,45128.36782615387
18,2011-03-25,944523.3,False,36.65,3.624,,,,,,133.9587419,9.131,B,120653,12,3,1,2011,,945889.59,1002714.25,1092704.09,1004474.4425,47955.72848655562
18,2011-04-01,938083.17,False,35.06,3.638,,,,,,134.0682581,8.975,B,120653,13,4,2,2011,,944523.3,945889.59,1254107.84,989109.44,56411.53925292099
18,2011-04-08,1018541.3,False,43.32,3.72,,,,,,134.1777742,8.975,B,120653,14,4,2,2011,,938083.17,944523.3,1174447.55,957802.5775,30133.98878894384
18,2011-04-15,988157.72,False,49.91,3.823,,,,,,134.2784667,8.975,B,120653,15,4,2,2011,,1018541.3,938083.17,1135577.62,961759.34,38007.37668425118
18,2011-04-22,1105860.06,False,45.99,3.919,,,,,,134.3571,8.975,B,120653,16,4,2,2011,,988157.72,1018541.3,1132433.55,972326.3725,38000.258092953736
18,2011-04-29,974114.39,False,58.82,3.988,,,,,,134.4357333,8.975,B,120653,17,4,2,2011,,1105860.06,988157.72,1060446.16,1012660.5625,70434.14458550642
18,2011-05-06,1065427.37,False,54.17,4.078,,,,,,134.5143667,8.975,B,120653,18,5,2,2011,,974114.39,1105860.06,1222255.47,1021668.3675,59111.09289325377
18,2011-05-13,993172.98,False,58.48,4.095,,,,,,134.593,8.975,B,120653,19,5,2,2011,,1065427.37,974114.39,1092616.49,1033389.885,62816.82303263141
18,2011-05-20,994610.43,False,57.55,4.101,,,,,,134.6803871,8.975,B,120653,20,5,2,2011,,993172.98,1065427.37,1101621.36,1034643.7,61652.31073450988
18,2011-05-27,1065214.14,False,64.6,4.034,,,,,,134.7677742,8.975,B,120653,21,5,2,2011,,994610.43,993172.98,1256282.79,1006831.2925,40165.470195898735
18,2011-06-03,1178039.0,False,70.9,3.973,,,,,,134.8551613,8.975,B,120653,22,6,2,2011,,1065214.14,994610.43,1271311.76,1029606.23,41243.848222778965
18,2011-06-10,1044079.2,False,69.49,3.924,,,,,,134.9425484,8.975,B,120653,23,6,2,2011,,1178039.0,1065214.14,1173521.82,1057759.1375,86952.00473983679
18,2011-06-17,1045859.39,False,63.23,3.873,,,,,,135.0837333,8.975,B,120653,24,6,2,2011,,1044079.2,1178039.0,1183225.92,1070485.6925,77566.87765093797
18,2011-06-24,1056478.65,False,67.41,3.851,,,,,,135.2652667,8.975,B,120653,25,6,2,2011,,1045859.39,1044079.2,1220983.17,1083297.9325,63881.78369888623
18,2011-07-01,1087051.26,False,69.75,3.815,,,,,,135.4468,8.89,B,120653,26,7,3,2011,,1056478.65,1045859.39,1257928.35,1081114.06,64848.07895355781
18,2011-07-08,1048802.62,False,73.12,3.784,,,,,,135.6283333,8.89,B,120653,27,7,3,2011,,1087051.26,1056478.65,1171391.41,1058367.125,19890.820111802303
18,2011-07-15,974916.13,False,74.36,3.827,,,,,,135.7837419,8.89,B,120653,28,7,3,2011,,1048802.62,1087051.26,1115514.61,1059547.98,18874.069117226445
18,2011-07-22,991262.46,False,78.68,3.882,,,,,,135.8738387,8.89,B,120653,29,7,3,2011,,974916.13,1048802.62,1032908.23,1041812.165,47559.182283772025
18,2011-07-29,954148.64,False,73.85,3.898,,,,,,135.9639355,8.89,B,120653,30,7,3,2011,,991262.46,974916.13,1078557.62,1025508.1175,51841.12425576845
18,2011-08-05,1002806.39,False,74.58,3.903,,,,,,136.0540323,8.89,B,120653,31,8,3,2011,,954148.64,991262.46,1166117.85,992282.4625,40625.71653475964
18,2011-08-12,928470.83,False,73.57,3.88,,,,,,136.144129,8.89,B,120653,32,8,3,2011,,1002806.39,954148.64,1084722.78,980783.405,21123.90497781463
18,2011-08-19,932679.79,False,69.24,3.82,,,,,,136.183129,8.89,B,120653,33,8,3,2011,,928470.83,1002806.39,1141860.67,969172.08,34164.05127575778
18,2011-08-26,1147906.46,False,70.32,3.796,,,,,,136.2136129,8.89,B,120653,34,8,3,2011,,932679.79,928470.83,1214302.76,954526.4125,34094.31640579515
18,2011-09-02,540922.94,False,68.23,3.784,,,,,,136.2440968,8.89,B,120653,35,9,3,2011,,1147906.46,932679.79,1187359.77,1002965.8675,102465.35038699245
18,2011-09-09,951549.61,True,68.11,3.809,,,,,,136.2745806,8.89,B,120653,36,9,3,2011,Labor Day,540922.94,1147906.46,1011201.12,887495.005,252749.5500579642
18,2011-09-16,845715.37,False,66.23,3.809,,,,,,136.3145,8.89,B,120653,37,9,3,2011,,951549.61,540922.94,997998.21,893264.7,254255.65993648552
18,2011-09-23,853073.17,False,60.44,3.758,,,,,,136.367,8.89,B,120653,38,9,3,2011,,845715.37,951549.61,950862.92,871523.595,253478.80168202767
18,2011-09-30,847348.08,False,69.01,3.684,,,,,,136.4195,8.89,B,120653,39,9,3,2011,,853073.17,845715.37,948977.5,797815.2725,177928.61077829992
18,2011-10-07,1019741.1,False,54.65,3.633,,,,,,136.472,8.471,B,120653,40,10,4,2011,,847348.08,853073.17,1107432.71,874421.5575,51515.39742647533
18,2011-10-14,953533.95,False,60.26,3.583,,,,,,136.5150968,8.471,B,120653,41,10,4,2011,,1019741.1,847348.08,1029618.1,891469.43,85572.62342378058
18,2011-10-21,1048212.62,False,55.83,3.618,,,,,,136.5017742,8.471,B,120653,42,10,4,2011,,953533.95,1019741.1,1052120.43,918424.075,83307.42409278807
18,2011-10-28,1106642.63,False,45.61,3.604,,,,,,136.4884516,8.471,B,120653,43,10,4,2011,,1048212.62,953533.95,1038576.54,967208.9375,89209.22059826342
18,2011-11-04,1100625.06,False,38.29,3.586,,,,,,136.475129,8.471,B,120653,44,11,4,2011,,1106642.63,1048212.62,1089530.94,1032032.575,63617.525488583895
18,2011-11-11,1079931.63,False,45.69,3.57,15992.53,14793.25,213.79,2921.6,3231.9,136.4618065,8.471,B,120653,45,11,4,2011,,1100625.06,1106642.63,1081322.12,1052253.565,70851.63734252698
18,2011-11-18,1056992.18,False,47.88,3.571,5223.35,1781.71,182.6,1170.74,4346.68,136.4666667,8.471,B,120653,46,11,4,2011,,1079931.63,1100625.06,1045722.37,1083852.985,26370.96295423557
18,2011-11-25,1624170.99,True,41.97,3.536,748.82,46.0,71366.86,19.0,577.4,136.4788,8.471,B,120653,47,11,4,2011,Thanksgiving,1056992.18,1079931.63,1653759.36,1086047.875,22496.519144580063
18,2011-12-02,1188047.61,False,46.25,3.501,4614.36,7.0,1389.17,2419.58,23235.01,136.4909333,8.471,B,120653,48,12,4,2011,,1624170.99,1056992.18,1211026.13,1215429.965,273076.132384107
18,2011-12-09,1368471.23,False,42.36,3.47,5128.67,10.5,659.34,2773.46,6374.67,136.5030667,8.471,B,120653,49,12,4,2011,,1188047.61,1624170.99,1416168.98,1237285.6025,264178.3954229592
18,2011-12-16,1516924.23,False,35.52,3.445,3332.41,2.65,882.11,1350.2,2932.75,136.5335161,8.471,B,120653,50,12,4,2011,,1368471.23,1188047.61,1588430.71,1309420.5025,245632.7168991306
18,2011-12-23,1882393.4,False,35.78,3.413,159.95,12.79,2083.28,71.51,2131.65,136.5883871,8.471,B,120653,51,12,4,2011,,1516924.23,1368471.23,2027507.15,1424403.515,189261.42511147
18,2011-12-30,1010562.49,True,32.36,3.402,3214.22,53296.65,300.74,621.37,1276.08,136.6432581,8.471,B,120653,52,12,4,2011,Christmas,1882393.4,1516924.23,887907.01,1488959.1175,294752.80521343
18,2012-01-06,977286.07,False,31.27,3.439,6196.77,43731.43,128.45,1653.17,8527.2,136.698129,8.075,B,120653,1,1,1,2012,,1010562.49,1882393.4,933960.3,1444587.8375,361053.09140792425
18,2012-01-13,890130.25,False,35.25,3.523,3761.79,22411.4,10.54,807.3,2977.83,136.753,8.075,B,120653,2,1,1,2012,,977286.07,1010562.49,777175.28,1346791.5475,434126.9979571708
18,2012-01-20,937522.77,False,24.2,3.542,4209.35,5114.77,3.66,414.31,965.11,136.8564194,8.075,B,120653,3,1,1,2012,,890130.25,977286.07,891148.55,1190093.0525,464318.6724311207
18,2012-01-27,825584.22,False,30.44,3.568,3237.56,3060.93,,22.5,653.02,136.9598387,8.075,B,120653,4,1,1,2012,,937522.77,890130.25,849540.85,953875.395,51936.94349547769
18,2012-02-03,1049772.04,False,37.62,3.633,19499.87,3227.0,424.44,43570.91,3158.83,137.0632581,8.075,B,120653,5,2,1,2012,,825584.22,937522.77,1055841.24,907630.8275,65277.09411743946
18,2012-02-10,1161615.51,True,32.83,3.655,36778.65,4105.7,222.56,16024.01,8840.68,137.1666774,8.075,B,120653,6,2,1,2012,Super Bowl,1049772.04,825584.22,1122053.58,925752.32,94555.12425877494
18,2012-02-17,1115985.81,False,32.87,3.703,17875.37,9663.67,2.0,10433.78,5439.08,137.2583103,8.075,B,120653,7,2,1,2012,,1161615.51,1049772.04,1095058.57,993623.635,144635.7096263468
18,2012-02-24,1037861.11,False,36.34,3.751,8425.97,10284.14,,1417.12,3566.91,137.3411034,8.075,B,120653,8,2,1,2012,,1115985.81,1161615.51,1005983.31,1038239.395,149020.575931449
18,2012-03-02,1047178.91,False,33.59,3.827,26970.65,2430.78,152.58,28367.78,3625.67,137.4238966,8.075,B,120653,9,3,1,2012,,1037861.11,1115985.81,1063310.62,1091308.6175,58120.41033080747
18,2012-03-09,1084894.47,False,38.1,3.876,7410.18,368.19,25.46,1852.39,2332.07,137.5066897,8.075,B,120653,10,3,1,2012,,1047178.91,1037861.11,1002714.25,1090660.335,58749.20999153132
18,2012-03-16,1022018.43,False,45.84,3.867,9284.23,167.65,4.93,2554.94,2070.14,137.5843871,8.075,B,120653,11,3,1,2012,,1084894.47,1047178.91,945889.59,1071480.0750000002,35969.83861114073
18,2012-03-23,1031139.3,False,58.06,3.889,4449.37,237.61,6.53,475.59,2848.63,137.6552903,8.075,B,120653,12,3,1,2012,,1022018.43,1084894.47,944523.3,1047988.23,26706.51993636552
18,2012-03-30,1009121.2,False,45.35,3.921,13122.32,267.64,6.93,657.56,2566.75,137.7261935,8.075,B,120653,13,3,1,2012,,1031139.3,1022018.43,938083.17,1046307.7775,27747.35315644813
18,2012-04-06,1200815.3,False,43.8,3.957,7879.75,,43.89,3186.17,5337.91,137.7970968,8.304,B,120653,14,4,2,2012,,1009121.2,1031139.3,1018541.3,1036793.35,33315.32266733522
18,2012-04-13,998443.5,False,47.75,4.025,5798.35,9592.28,11.72,1492.2,2261.14,137.868,8.304,B,120653,15,4,2,2012,,1200815.3,1009121.2,988157.72,1065773.5575,90479.8408539375
18,2012-04-20,1025813.8,False,60.88,4.046,9959.48,11361.33,10.57,203.57,2562.42,137.9230667,8.304,B,120653,16,4,2,2012,,998443.5,1200815.3,1105860.06,1059879.825,94938.02527991172
18,2012-04-27,961186.23,False,50.43,4.023,2255.05,5.83,23.93,17.92,1445.88,137.9781333,8.304,B,120653,17,4,2,2012,,1025813.8,998443.5,974114.39,1058548.45,95511.03248073836
18,2012-05-04,1050027.89,False,49.66,3.991,13737.74,,39.54,4131.8,3521.29,138.0332,8.304,B,120653,18,5,2,2012,,961186.23,1025813.8,1065427.37,1046564.7075,106190.0505071776
18,2012-05-11,1060433.1,False,57.44,3.947,11557.93,,89.44,1570.63,3911.58,138.0882667,8.304,B,120653,19,5,2,2012,,1050027.89,961186.23,993172.98,1008867.855,38137.98663166609
18,2012-05-18,1047444.59,False,62.31,3.899,9525.2,,70.23,868.98,2396.74,138.1065806,8.304,B,120653,20,5,2,2012,,1060433.1,1050027.89,994610.43,1024365.255,44546.40936018398
18,2012-05-25,1088446.58,False,65.48,3.85,12179.37,,251.38,2595.31,1605.36,138.1101935,8.304,B,120653,21,5,2,2012,,1047444.59,1060433.1,1065214.14,1029772.9525,46067.82106515848
18,2012-06-01,1118313.7,False,71.42,3.798,13525.26,1.2,36.26,1889.92,1629.62,138.1138065,8.304,B,120653,22,6,2,2012,,1088446.58,1047444.59,1178039.0,1061588.04,18765.121042865536
18,2012-06-08,1110479.94,False,59.1,3.746,9422.6,218.0,32.42,427.69,6113.61,138.1174194,8.304,B,120653,23,6,2,2012,,1118313.7,1088446.58,1044079.2,1078659.4925,31489.75905398501
18,2012-06-15,1057425.83,False,66.58,3.683,6285.43,296.4,0.44,3224.15,2870.91,138.1295333,8.304,B,120653,24,6,2,2012,,1110479.94,1118313.7,1045859.39,1091171.2025,31775.161803279527
18,2012-06-22,1080357.89,False,70.92,3.629,8206.82,478.09,1.37,3726.43,4323.55,138.1629,8.304,B,120653,25,6,2,2012,,1057425.83,1110479.94,1056478.65,1093666.5125,27269.09092316766
18,2012-06-29,1097006.3,False,70.17,3.577,4281.61,262.88,,829.99,2102.06,138.1962667,8.304,B,120653,26,6,2,2012,,1080357.89,1057425.83,1087051.26,1091644.34,28073.267060746
18,2012-07-06,1158247.31,False,76.08,3.538,7264.07,216.52,104.43,5508.05,4833.1,138.2296333,8.535,B,120653,27,7,3,2012,,1097006.3,1080357.89,1048802.62,1086317.49,22864.23334186641
18,2012-07-13,1024784.92,False,75.09,3.561,6538.92,113.06,0.28,3817.92,959.97,138.263,8.535,B,120653,28,7,3,2012,,1158247.31,1097006.3,974916.13,1098259.3325,43158.48354219033
18,2012-07-20,1033543.56,False,77.43,3.61,2316.87,161.52,27.08,525.04,887.18,138.2331935,8.535,B,120653,29,7,3,2012,,1024784.92,1158247.31,991262.46,1090099.105,54932.447058122285
18,2012-07-27,924506.26,False,72.97,3.701,4182.36,117.52,5.9,3944.27,4654.0,138.2033871,8.535,B,120653,30,7,3,2012,,1033543.56,1024784.92,954148.64,1078395.5225,62205.209445870576
18,2012-08-03,1052066.58,False,72.67,3.698,20286.36,66.83,46.62,17046.57,1583.43,138.1735806,8.535,B,120653,31,8,3,2012,,924506.26,1033543.56,1002806.39,1035270.5125,95751.31395139036
18,2012-08-10,967304.07,False,75.7,3.772,20397.03,134.57,41.72,3800.38,2169.34,138.1437742,8.535,B,120653,32,8,3,2012,,1052066.58,924506.26,928470.83,1008725.33,57286.32959246232
18,2012-08-17,1048134.24,False,73.25,3.84,1852.64,70.36,8.9,2345.51,767.44,138.1857097,8.535,B,120653,33,8,3,2012,,967304.07,1052066.58,932679.79,994355.1175,59095.87970512453
18,2012-08-24,1145840.91,False,68.52,3.874,842.8,63.4,32.68,460.81,3260.03,138.2814516,8.535,B,120653,34,8,3,2012,,1048134.24,967304.07,1147906.46,998002.7875,62663.67102754783
18,2012-08-31,1117097.23,False,70.09,3.884,20913.04,7.98,98.98,9800.5,4527.8,138.3771935,8.535,B,120653,35,8,3,2012,,1145840.91,1048134.24,540922.94,1053336.45,73000.73307179166
18,2012-09-07,1083521.24,True,71.85,3.921,5817.03,3.0,99.56,346.88,4664.82,138.4729355,8.535,B,120653,36,9,3,2012,Labor Day,1117097.23,1145840.91,951549.61,1069594.1124999998,79569.46487942197
18,2012-09-14,960476.1,False,64.45,3.988,10608.96,,12.41,1458.55,5520.31,138.5673,8.535,B,120653,37,9,3,2012,,1083521.24,1117097.23,845715.37,1098648.405,42221.651865047206
18,2012-09-21,971386.65,False,60.23,4.056,7820.69,41.64,296.78,1323.47,7158.18,138.6534,8.535,B,120653,38,9,3,2012,,960476.1,1083521.24,853073.17,1076733.87,81582.10850617664
18,2012-09-28,1002856.2,False,58.24,4.018,2247.94,22.73,45.56,2464.93,1640.3,138.7395,8.535,B,120653,39,9,3,2012,,971386.65,960476.1,847348.08,1033120.305,78910.50386581596
18,2012-10-05,1092204.79,False,59.68,4.027,6366.36,,27.33,3667.31,3573.44,138.8256,8.243,B,120653,40,10,4,2012,,1002856.2,971386.65,1019741.1,1004560.0475,55622.66248631993
18,2012-10-12,1074079.0,False,50.97,4.029,2241.19,,30.08,901.32,3592.56,138.9117,8.243,B,120653,41,10,4,2012,,1092204.79,1002856.2,953533.95,1006730.935,59748.1427965752
18,2012-10-19,1048706.75,False,51.96,4.0,1894.83,,2.24,501.85,1453.25,138.8336129,8.243,B,120653,42,10,4,2012,,1074079.0,1092204.79,1048212.62,1035131.66,57385.738876438016
18,2012-10-26,1127516.25,False,56.09,3.917,5430.61,128.31,50.0,822.64,969.64,138.7281613,8.243,B,120653,43,10,4,2012,,1048706.75,1074079.0,1106642.63,1054461.685,38754.0379908537
19,2011-02-04,1370562.11,False,21.02,3.4,,,,,,133.1834194,7.771,A,203819,5,2,1,2011,,1284185.49,1212967.84,1507637.17,1225633.4625,43068.98414889047
19,2011-02-11,1430851.11,True,21.79,3.416,,,,,,133.260871,7.771,A,203819,6,2,1,2011,Super Bowl,1370562.11,1284185.49,1536549.95,1262229.9925,84082.84960834653
19,2011-02-18,1457270.16,False,34.74,3.42,,,,,,133.3701429,7.771,A,203819,7,2,1,2011,,1430851.11,1370562.11,1515976.11,1324641.6375000002,95737.2772434456
19,2011-02-25,1296658.47,False,23.24,3.452,,,,,,133.4921429,7.771,A,203819,8,2,1,2011,,1457270.16,1430851.11,1373270.06,1385717.2175,76801.17361317098
19,2011-03-04,1433569.44,False,29.28,3.605,,,,,,133.6141429,7.771,A,203819,9,3,1,2011,,1296658.47,1457270.16,1495844.57,1388835.4625,71365.57483524695
19,2011-03-11,1351450.43,False,35.59,3.752,,,,,,133.7361429,7.771,A,203819,10,3,1,2011,,1433569.44,1296658.47,1467889.2,1404587.295,72924.31747513913
19,2011-03-18,1257972.37,False,40.32,3.796,,,,,,133.8492258,7.771,A,203819,11,3,1,2011,,1351450.43,1433569.44,1332940.35,1384737.125,74187.8015246962
19,2011-03-25,1266564.94,False,33.26,3.789,,,,,,133.9587419,7.771,A,203819,12,3,1,2011,,1257972.37,1351450.43,1427023.45,1334912.6775,76135.51373347659
19,2011-04-01,1305950.22,False,30.68,3.811,,,,,,134.0682581,7.658,A,203819,13,4,2,2011,,1266564.94,1257972.37,1642970.27,1327389.295,82404.43565596029
19,2011-04-08,1419911.91,False,41.26,3.895,,,,,,134.1777742,7.658,A,203819,14,4,2,2011,,1305950.22,1266564.94,1489613.32,1295484.49,42759.86226831041
19,2011-04-15,1392093.04,False,48.67,3.981,,,,,,134.2784667,7.658,A,203819,15,4,2,2011,,1419911.91,1305950.22,1460354.67,1312599.86,74528.45163747804
19,2011-04-22,1514288.82,False,41.66,4.061,,,,,,134.3571,7.658,A,203819,16,4,2,2011,,1392093.04,1419911.91,1456793.33,1346130.0275,71882.73965966978
19,2011-04-29,1297237.7,False,54.23,4.117,,,,,,134.4357333,7.658,A,203819,17,4,2,2011,,1514288.82,1392093.04,1405065.57,1408060.9975,85841.67781163768
19,2011-05-06,1451953.95,False,50.43,4.192,,,,,,134.5143667,7.658,A,203819,18,5,2,2011,,1297237.7,1514288.82,1566219.77,1405882.8675,89335.6896476849
19,2011-05-13,1429143.06,False,54.2,4.211,,,,,,134.593,7.658,A,203819,19,5,2,2011,,1451953.95,1297237.7,1437319.45,1413893.3775,92397.06680390704
19,2011-05-20,1355234.3,False,52.8,4.202,,,,,,134.6803871,7.658,A,203819,20,5,2,2011,,1429143.06,1451953.95,1377716.17,1423155.8824999998,91334.14105658726
19,2011-05-27,1388553.11,False,63.2,4.134,,,,,,134.7677742,7.658,A,203819,21,5,2,2011,,1355234.3,1429143.06,1648882.62,1383392.2525,70732.64205549343
19,2011-06-03,1457345.75,False,66.01,4.069,,,,,,134.8551613,7.658,A,203819,22,6,2,2011,,1388553.11,1355234.3,1519013.49,1406221.105,42929.09450184343
19,2011-06-10,1467473.63,False,68.26,4.025,,,,,,134.9425484,7.658,A,203819,23,6,2,2011,,1457345.75,1388553.11,1410683.94,1407569.0550000002,44883.88649993305
19,2011-06-17,1418973.62,False,64.02,3.989,,,,,,135.0837333,7.658,A,203819,24,6,2,2011,,1467473.63,1457345.75,1457314.39,1417151.6974999998,54158.72372657969
19,2011-06-24,1440785.7,False,68.4,3.964,,,,,,135.2652667,7.658,A,203819,25,6,2,2011,,1418973.62,1467473.63,1450407.32,1433086.5275,36301.43306162688
19,2011-07-01,1462731.93,False,67.64,3.916,,,,,,135.4468,7.806,A,203819,26,7,3,2011,,1440785.7,1418973.62,1549018.68,1446144.675,21192.55565374889
19,2011-07-08,1465489.75,False,73.2,3.886,,,,,,135.6283333,7.806,A,203819,27,7,3,2011,,1462731.93,1440785.7,1577541.24,1447491.2199999995,22284.474856897035
19,2011-07-15,1391580.41,False,73.7,3.915,,,,,,135.7837419,7.806,A,203819,28,7,3,2011,,1465489.75,1462731.93,1412157.02,1446995.25,21706.065870567407
19,2011-07-22,1377119.45,False,79.37,3.972,,,,,,135.8738387,7.806,A,203819,29,7,3,2011,,1391580.41,1465489.75,1372043.71,1440146.9474999998,34212.35470106737
19,2011-07-29,1298775.8,False,74.86,4.004,,,,,,135.9639355,7.806,A,203819,30,7,3,2011,,1377119.45,1391580.41,1366395.96,1424230.385,46440.51834216036
19,2011-08-05,1408968.55,False,73.84,4.02,,,,,,136.0540323,7.806,A,203819,31,8,3,2011,,1298775.8,1377119.45,1492060.89,1383241.3524999998,68328.24213714429
19,2011-08-12,1360969.45,False,70.92,3.995,,,,,,136.144129,7.806,A,203819,32,8,3,2011,,1408968.55,1298775.8,1418027.08,1369111.0525,48664.40967888376
19,2011-08-19,1391792.69,False,71.14,3.942,,,,,,136.183129,7.806,A,203819,33,8,3,2011,,1360969.45,1408968.55,1419383.19,1361458.3125,46302.7366180356
19,2011-08-26,1547729.24,False,69.34,3.906,,,,,,136.2136129,7.806,A,203819,34,8,3,2011,,1391792.69,1360969.45,1557888.16,1365126.6225,48486.79370870562
19,2011-09-02,1609951.02,False,69.27,3.879,,,,,,136.2440968,7.806,A,203819,35,9,3,2011,,1547729.24,1391792.69,1623519.64,1427364.9825,82663.45008913768
19,2011-09-09,1566712.79,True,68.28,3.93,,,,,,136.2745806,7.806,A,203819,36,9,3,2011,Labor Day,1609951.02,1547729.24,1591453.39,1477610.6,120278.12490406992
19,2011-09-16,1365633.53,False,62.76,3.937,,,,,,136.3145,7.806,A,203819,37,9,3,2011,,1566712.79,1609951.02,1386789.31,1529046.435,95134.8935147734
19,2011-09-23,1300375.76,False,61.32,3.899,,,,,,136.367,7.806,A,203819,38,9,3,2011,,1365633.53,1566712.79,1318343.58,1522506.645,107774.54164943806
19,2011-09-30,1330757.22,False,64.99,3.858,,,,,,136.4195,7.806,A,203819,39,9,3,2011,,1300375.76,1365633.53,1379456.3,1460668.275,150837.7386891412
19,2011-10-07,1461718.87,False,53.1,3.775,,,,,,136.472,7.866,A,203819,40,10,4,2011,,1330757.22,1300375.76,1428960.72,1390869.825,120222.46047145117
19,2011-10-14,1318905.53,False,61.86,3.744,,,,,,136.5150968,7.866,A,203819,41,10,4,2011,,1461718.87,1330757.22,1369317.63,1364621.345,70007.6853724125
19,2011-10-21,1374863.1,False,52.05,3.757,,,,,,136.5017742,7.866,A,203819,42,10,4,2011,,1318905.53,1461718.87,1357154.71,1352939.345,73589.54355125934
19,2011-10-28,1396612.36,False,46.49,3.757,,,,,,136.4884516,7.866,A,203819,43,10,4,2011,,1374863.1,1318905.53,1404576.48,1371561.1800000002,64747.95330208512
19,2011-11-04,1480289.64,False,44.97,3.738,,,,,,136.475129,7.866,A,203819,44,11,4,2011,,1396612.36,1374863.1,1435379.25,1388024.965,59034.63946992721
19,2011-11-11,1502078.93,False,48.22,3.719,27064.58,16590.75,502.96,8568.62,6349.89,136.4618065,7.866,A,203819,45,11,4,2011,,1480289.64,1396612.36,1490235.86,1392667.6575000002,66960.25242918669
19,2011-11-18,1411835.57,False,48.21,3.717,10100.14,1785.29,92.36,978.96,7776.94,136.4666667,7.866,A,203819,46,11,4,2011,,1502078.93,1480289.64,1377593.1,1438461.0075,62163.43431094656
19,2011-11-25,1974646.78,True,42.75,3.689,1328.35,1436.52,88805.58,23.79,1869.98,136.4788,7.866,A,203819,47,11,4,2011,Thanksgiving,1411835.57,1502078.93,1993367.83,1447704.125,51365.86705587902
19,2011-12-02,1484708.38,False,45.67,3.666,7197.6,239.76,9191.67,4716.48,28279.83,136.4909333,7.866,A,203819,48,12,4,2011,,1974646.78,1411835.57,1615987.96,1592212.73,257838.8401221819
19,2011-12-09,1713769.06,False,40.18,3.627,7210.8,9.5,481.91,4650.7,11954.56,136.5030667,7.866,A,203819,49,12,4,2011,,1484708.38,1974646.78,1799070.98,1593317.4149999998,257208.17010392816
19,2011-12-16,1852179.15,False,37.07,3.611,5307.81,292.4,825.0,489.96,4799.18,136.5335161,7.866,A,203819,50,12,4,2011,,1713769.06,1484708.38,1911967.44,1646239.9475,253935.0889222744
19,2011-12-23,2480159.47,False,36.09,3.587,3124.45,475.86,1902.55,145.88,3248.83,136.5883871,7.866,A,203819,51,12,4,2011,,1852179.15,1713769.06,2678206.42,1756325.8425,210110.2995898896
19,2011-12-30,1405168.06,True,31.65,3.566,6234.22,50438.17,210.34,1457.96,2373.94,136.6432581,7.866,A,203819,52,12,4,2011,Christmas,2480159.47,1852179.15,1275146.94,1882704.015,426155.03148988326
19,2012-01-06,1266570.4,False,31.84,3.585,9970.68,26073.98,233.88,1552.93,10335.05,136.698129,7.943,A,203819,1,1,1,2012,,1405168.06,2480159.47,1224175.99,1862818.935,451989.2070262716
19,2012-01-13,1182198.7,False,37.08,3.666,3504.09,11505.42,291.37,1698.88,5451.32,136.753,7.943,A,203819,2,1,1,2012,,1266570.4,1405168.06,1181204.53,1751019.27,546559.7008197109
19,2012-01-20,1237104.73,False,23.44,3.705,5571.99,5702.57,225.06,1122.08,2863.93,136.8564194,7.943,A,203819,3,1,1,2012,,1182198.7,1266570.4,1212967.84,1583524.1575000002,604783.0432941377
19,2012-01-27,1279623.26,False,32.41,3.737,3112.37,4031.78,289.74,20.97,2353.81,136.9598387,7.943,A,203819,4,1,1,2012,,1237104.73,1182198.7,1284185.49,1272760.4725,94943.58471691808
19,2012-02-03,1345311.65,False,36.22,3.796,51879.66,6433.83,394.18,52739.02,6473.61,137.0632581,7.943,A,203819,5,2,1,2012,,1279623.26,1237104.73,1370562.11,1241374.2725,43273.5764627636
19,2012-02-10,1499496.67,True,32.61,3.826,12739.73,8415.91,279.21,16150.68,7888.04,137.1666774,7.943,A,203819,6,2,1,2012,Super Bowl,1345311.65,1279623.26,1430851.11,1261059.585,68886.12522931464
19,2012-02-17,1424720.27,False,30.95,3.874,14910.8,14860.19,82.94,11200.69,7571.06,137.2583103,7.943,A,203819,7,2,1,2012,,1499496.67,1345311.65,1457270.16,1340384.0775,115035.6446586735
19,2012-02-24,1352470.09,False,33.91,3.917,13926.46,11835.35,2.8,4929.34,6287.18,137.3411034,7.943,A,203819,8,2,1,2012,,1424720.27,1499496.67,1296658.47,1387287.9625,95473.6798967966
19,2012-03-02,1308977.05,False,34.83,3.983,28177.29,3485.95,22.78,31324.8,2851.55,137.4238966,7.943,A,203819,9,3,1,2012,,1352470.09,1424720.27,1433569.44,1405499.6700000002,72202.49667857379
19,2012-03-09,1358816.46,False,38.15,4.021,6724.01,745.75,2.68,1532.63,3952.89,137.5066897,7.943,A,203819,10,3,1,2012,,1308977.05,1352470.09,1351450.43,1396416.02,83673.11238925045
19,2012-03-16,1312849.1,False,48.2,4.021,8353.56,84.57,3.04,3175.2,2613.7,137.5843871,7.943,A,203819,11,3,1,2012,,1358816.46,1308977.05,1257972.37,1361245.9675,47763.11459369987
19,2012-03-23,1342254.55,False,56.72,4.054,6048.55,170.78,1.02,986.74,2684.83,137.6552903,7.943,A,203819,12,3,1,2012,,1312849.1,1358816.46,1266564.94,1333278.175,26002.726675816768
19,2012-03-30,1327139.35,False,43.47,4.098,9356.36,134.4,6.75,2056.18,3420.94,137.7261935,7.943,A,203819,13,3,1,2012,,1342254.55,1312849.1,1305950.22,1330724.29,23906.636290175524
19,2012-04-06,1631737.68,False,40.23,4.143,9337.26,,52.59,2949.23,5996.69,137.7970968,8.15,A,203819,14,4,2,2012,,1327139.35,1342254.55,1419911.91,1335264.865,19765.490448385743
19,2012-04-13,1365098.46,False,44.42,4.187,5254.86,12590.76,22.55,1818.94,3264.93,137.868,8.15,A,203819,15,4,2,2012,,1631737.68,1327139.35,1392093.04,1403495.17,152634.6161736184
19,2012-04-20,1255087.26,False,55.2,4.17,6304.48,5712.68,34.16,1321.97,3751.92,137.9230667,8.15,A,203819,16,4,2,2012,,1365098.46,1631737.68,1514288.82,1416557.5100000002,144299.5456110658
19,2012-04-27,1285897.24,False,42.45,4.163,3735.3,-265.76,52.82,67.72,2959.27,137.9781333,8.15,A,203819,17,4,2,2012,,1255087.26,1365098.46,1297237.7,1394765.6875,164437.68247119756
19,2012-05-04,1405007.44,False,50.76,4.124,21028.84,532.0,122.17,7269.47,2609.22,138.0332,8.15,A,203819,18,5,2,2012,,1285897.24,1255087.26,1451953.95,1384455.16,171243.5338707018
19,2012-05-11,1442873.22,False,55.33,4.055,10882.1,,30.22,1751.72,3236.51,138.0882667,8.15,A,203819,19,5,2,2012,,1405007.44,1285897.24,1429143.06,1327772.6,69270.35142736632
19,2012-05-18,1366937.1,False,58.81,4.029,12613.98,,11.5,1705.28,3600.79,138.1065806,8.15,A,203819,20,5,2,2012,,1442873.22,1405007.44,1355234.3,1347216.29,90807.21215298706
19,2012-05-25,1485540.28,False,67.79,3.979,10665.28,,1095.85,1053.96,2647.45,138.1101935,8.15,A,203819,21,5,2,2012,,1366937.1,1442873.22,1388553.11,1375178.75,67110.36889160397
19,2012-06-01,1450733.29,False,68.18,3.915,8247.79,36.2,100.6,2171.48,4578.85,138.1138065,8.15,A,203819,22,6,2,2012,,1485540.28,1366937.1,1457345.75,1425089.51,50844.692477031545
19,2012-06-08,1390122.11,False,60.19,3.871,10625.25,292.4,51.96,2760.12,6219.56,138.1174194,8.15,A,203819,23,6,2,2012,,1450733.29,1485540.28,1467473.63,1436520.9725,49957.14442366097
19,2012-06-15,1440263.15,False,68.19,3.786,9987.83,697.0,0.05,2837.84,4710.66,138.1295333,8.15,A,203819,24,6,2,2012,,1390122.11,1450733.29,1418973.62,1423333.195,54479.29982520643
19,2012-06-22,1468350.36,False,75.83,3.722,10418.79,1232.8,0.51,2971.07,12187.35,138.1629,8.15,A,203819,25,6,2,2012,,1440263.15,1390122.11,1440785.7,1441664.7075,39437.32906454896
19,2012-06-29,1379652.65,False,69.92,3.667,11993.32,535.4,,3736.21,3432.8,138.1962667,8.15,A,203819,26,6,2,2012,,1468350.36,1440263.15,1462731.93,1437367.2275,33561.35486430271
19,2012-07-06,1557120.44,False,76.07,3.646,10945.79,600.3,101.46,6664.35,7855.14,138.2296333,8.193,A,203819,27,7,3,2012,,1379652.65,1468350.36,1465489.75,1419597.0675,41905.84726316133
19,2012-07-13,1321741.35,False,73.17,3.689,8183.44,328.2,35.88,2677.28,1877.81,138.263,8.193,A,203819,28,7,3,2012,,1557120.44,1379652.65,1391580.41,1461346.65,73801.74887941303
19,2012-07-20,1317672.92,False,76.17,3.732,6029.42,424.15,17.82,3070.32,2610.94,138.2331935,8.193,A,203819,29,7,3,2012,,1321741.35,1557120.44,1377119.45,1431716.2000000002,103074.9985205108
19,2012-07-27,1248915.43,False,74.43,3.82,6705.0,282.26,5.43,4414.95,4550.07,138.2033871,8.193,A,203819,30,7,3,2012,,1317672.92,1321741.35,1298775.8,1394046.84,112340.62972796088
19,2012-08-03,1342123.78,False,73.41,3.819,36466.8,220.13,41.77,16284.94,2242.89,138.1735806,8.193,A,203819,31,8,3,2012,,1248915.43,1317672.92,1408968.55,1361362.535,134714.673232632
19,2012-08-10,1408907.89,False,74.45,3.863,6196.55,232.43,76.35,3086.53,3417.36,138.1437742,8.193,A,203819,32,8,3,2012,,1342123.78,1248915.43,1360969.45,1307613.37,40567.68386986837
19,2012-08-17,1375101.26,False,69.83,3.963,4512.6,370.35,11.11,2282.3,3764.75,138.1857097,8.193,A,203819,33,8,3,2012,,1408907.89,1342123.78,1391792.69,1329405.005,66077.45319687018
19,2012-08-24,1544653.37,False,66.66,3.997,9087.86,237.03,102.63,5601.12,6738.74,138.2814516,8.193,A,203819,34,8,3,2012,,1375101.26,1408907.89,1547729.24,1343762.09,68859.0149187515
19,2012-08-31,1542719.87,False,71.85,4.026,19970.78,236.96,23.99,7058.25,2595.88,138.3771935,8.193,A,203819,35,8,3,2012,,1544653.37,1375101.26,1609951.02,1417696.5750000002,88921.08296079909
19,2012-09-07,1497073.82,True,72.2,4.076,9053.47,27.41,22.94,1677.12,4844.18,138.4729355,8.193,A,203819,36,9,3,2012,Labor Day,1542719.87,1544653.37,1566712.79,1467845.5975,88658.06243180706
19,2012-09-14,1370653.41,False,65.08,4.088,13667.97,,13.57,1166.93,7136.43,138.5673,8.193,A,203819,37,9,3,2012,,1497073.82,1542719.87,1365633.53,1489887.08,79620.10618022134
19,2012-09-21,1338572.29,False,60.62,4.203,11030.97,147.55,13.5,1516.01,9152.78,138.6534,8.193,A,203819,38,9,3,2012,,1370653.41,1497073.82,1300375.76,1488775.1175000002,81759.8550036224
19,2012-09-28,1338299.02,False,56.81,4.158,2992.04,48.46,,2463.88,3732.36,138.7395,8.193,A,203819,39,9,3,2012,,1338572.29,1370653.41,1330757.22,1437254.8475,98107.38856594832
19,2012-10-05,1408016.1,False,59.86,4.151,6971.59,,10.96,3640.93,3827.33,138.8256,7.992,A,203819,40,10,4,2012,,1338299.02,1338572.29,1461718.87,1386149.6349999998,75493.03040743554
19,2012-10-12,1352809.5,False,48.29,4.186,2374.5,,7.25,919.32,6101.0,138.9117,7.992,A,203819,41,10,4,2012,,1408016.1,1338299.02,1318905.53,1363885.205,33109.62106436015
19,2012-10-19,1321102.35,False,53.44,4.153,2948.25,,17.4,811.41,2017.49,138.8336129,7.992,A,203819,42,10,4,2012,,1352809.5,1408016.1,1374863.1,1359424.2275,33095.83247872547
19,2012-10-26,1322117.96,False,56.49,4.071,5430.75,90.07,,904.34,1665.77,138.7281613,7.992,A,203819,43,10,4,2012,,1321102.35,1352809.5,1396612.36,1355056.7425000002,37609.68704602496
20,2011-02-04,2351143.07,False,28.58,3.231,,,,,,205.7329407,7.343,A,203742,5,2,1,2011,,1761506.68,1781805.66,2401395.47,1817672.075,56359.8678826244
20,2011-02-11,2211388.14,True,25.38,3.239,,,,,,206.0763862,7.343,A,203742,6,2,1,2011,Super Bowl,2351143.07,1761506.68,2109107.9,1944700.105,276244.488612015
20,2011-02-18,2258616.24,False,42.95,3.245,,,,,,206.3694701,7.343,A,203742,7,2,1,2011,,2211388.14,2351143.07,2161549.76,2026460.8875,299818.56778458203
20,2011-02-25,1938608.52,False,33.2,3.274,,,,,,206.6424093,7.343,A,203742,8,2,1,2011,,2258616.24,2211388.14,1898193.95,2145663.5325,262600.05446593254
20,2011-03-04,2143424.61,False,37.33,3.433,,,,,,206.9153485,7.343,A,203742,9,3,1,2011,,1938608.52,2258616.24,2119213.72,2189938.9925,177323.04913382808
20,2011-03-11,1990932.77,False,39.53,3.582,,,,,,207.1882876,7.343,A,203742,10,3,1,2011,,2143424.61,1938608.52,2010974.84,2138009.3775,141091.55985020456
20,2011-03-18,1931668.64,False,44.8,3.631,,,,,,207.4283845,7.343,A,203742,11,3,1,2011,,1990932.77,2143424.61,1951848.43,2082895.535,145850.86896108426
20,2011-03-25,1824711.21,False,44.83,3.625,,,,,,207.6553444,7.343,A,203742,12,3,1,2011,,1931668.64,1990932.77,1894742.95,2001158.635,98464.12586878914
20,2011-04-01,1927993.09,False,32.43,3.638,,,,,,207.8823043,7.287,A,203742,13,4,2,2011,,1824711.21,1931668.64,2405395.22,1972684.3075,132995.71402320036
20,2011-04-08,2027056.39,False,47.09,3.72,,,,,,208.1092642,7.287,A,203742,14,4,2,2011,,1927993.09,1824711.21,2007796.26,1918826.4275,69055.4099186201
20,2011-04-15,2057406.33,False,55.0,3.821,,,,,,208.3172811,7.287,A,203742,15,4,2,2011,,2027056.39,1927993.09,1985784.59,1927857.3325,82652.12255922199
20,2011-04-22,2313861.81,False,52.56,3.892,,,,,,208.4779405,7.287,A,203742,16,4,2,2011,,2057406.33,2027056.39,1878862.42,1959291.755,105372.42698700544
20,2011-04-29,1881788.19,False,62.97,3.962,,,,,,208.6386,7.287,A,203742,17,4,2,2011,,2313861.81,2057406.33,1919053.21,2081579.405,164419.147858465
20,2011-05-06,2090838.44,False,53.41,4.046,,,,,,208.7992595,7.287,A,203742,18,5,2,2011,,1881788.19,2313861.81,2137202.38,2070028.18,179717.38812870043
20,2011-05-13,2036748.53,False,62.26,4.066,,,,,,208.9599189,7.287,A,203742,19,5,2,2011,,2090838.44,1881788.19,2033211.62,2085973.6925,177449.02882923753
20,2011-05-20,1953416.06,False,59.01,4.062,,,,,,208.7583165,7.287,A,203742,20,5,2,2011,,2036748.53,2090838.44,1893736.9,2080809.2425,178852.64861057527
20,2011-05-27,1944433.17,False,69.12,3.985,,,,,,208.556714,7.287,A,203742,21,5,2,2011,,1953416.06,2036748.53,2065984.95,1990697.805,92014.58000578724
20,2011-06-03,2182246.69,False,73.51,3.922,,,,,,208.3551116,7.287,A,203742,22,6,2,2011,,1944433.17,1953416.06,2203619.35,2006359.05,69995.38707029002
20,2011-06-10,2135062.04,False,73.64,3.881,,,,,,208.1535092,7.287,A,203742,23,6,2,2011,,2182246.69,1944433.17,2100489.79,2029211.1125,110164.86155052805
20,2011-06-17,2065191.27,False,66.41,3.842,,,,,,208.1265604,7.287,A,203742,24,6,2,2011,,2135062.04,2182246.69,2091903.63,2053789.49,122665.00423137796
20,2011-06-24,1950826.32,False,72.4,3.804,,,,,,208.2306018,7.287,A,203742,25,6,2,2011,,2065191.27,2135062.04,1973135.87,2081733.2925,103395.45530602294
20,2011-07-01,2053165.41,False,69.66,3.748,,,,,,208.3346432,7.274,A,203742,26,7,3,2011,,1950826.32,2065191.27,2143676.77,2083331.58,100576.59478011348
20,2011-07-08,2123787.79,False,74.69,3.711,,,,,,208.4386847,7.274,A,203742,27,7,3,2011,,2053165.41,1950826.32,2107285.85,2051061.26,75954.50144052634
20,2011-07-15,2039875.75,False,74.88,3.76,,,,,,208.5309337,7.274,A,203742,28,7,3,2011,,2123787.79,2053165.41,2031852.16,2048242.6975,71899.23229586352
20,2011-07-22,1950904.84,False,78.89,3.811,,,,,,208.5937018,7.274,A,203742,29,7,3,2011,,2039875.75,2123787.79,1900535.9,2041913.8175,71018.85108116493
20,2011-07-29,1858440.92,False,77.47,3.829,,,,,,208.6564699,7.274,A,203742,30,7,3,2011,,1950904.84,2039875.75,1955896.59,2041933.4475,70985.28455509036
20,2011-08-05,2189353.63,False,77.8,3.842,,,,,,208.719238,7.274,A,203742,31,8,3,2011,,1858440.92,1950904.84,1910177.38,1993252.325,114281.34257961564
20,2011-08-12,2052246.4,False,73.52,3.812,,,,,,208.7820061,7.274,A,203742,32,8,3,2011,,2189353.63,1858440.92,2071022.45,2009643.785,140857.10269821767
20,2011-08-19,1990017.93,False,71.25,3.747,,,,,,208.8424359,7.274,A,203742,33,8,3,2011,,2052246.4,2189353.63,1975374.56,2012736.4475,141874.26709746686
20,2011-08-26,1933577.2,False,70.15,3.704,,,,,,208.902476,7.274,A,203742,34,8,3,2011,,1990017.93,2052246.4,1946369.57,2022514.72,137471.75211942854
20,2011-09-02,2141765.98,False,70.82,3.703,,,,,,208.9625161,7.274,A,203742,35,9,3,2011,,1933577.2,1990017.93,2121561.41,2041298.79,109960.22518257464
20,2011-09-09,2050542.56,True,68.74,3.738,,,,,,209.0225562,7.274,A,203742,36,9,3,2011,Labor Day,2141765.98,1933577.2,2014954.79,2029401.8775,89220.75221521714
20,2011-09-16,1979009.46,False,64.02,3.742,,,,,,209.1893892,7.274,A,203742,37,9,3,2011,,2050542.56,2141765.98,1948359.78,2028975.9175,89079.28745070116
20,2011-09-23,1888119.7,False,62.15,3.711,,,,,,209.4986126,7.274,A,203742,38,9,3,2011,,1979009.46,2050542.56,1789687.65,2026223.8,90836.82043512214
20,2011-09-30,1945808.26,False,63.44,3.645,,,,,,209.807836,7.274,A,203742,39,9,3,2011,,1888119.7,1979009.46,1933719.21,2014859.425,107589.86586256688
20,2011-10-07,2135982.79,False,52.42,3.583,,,,,,210.1170595,7.082,A,203742,40,10,4,2011,,1945808.26,1888119.7,2060389.27,1965869.995,67797.91144267184
20,2011-10-14,2010107.68,False,62.54,3.541,,,,,,210.4027602,7.082,A,203742,41,10,4,2011,,2135982.79,1945808.26,1950676.39,1987230.0525,106040.21551811474
20,2011-10-21,2104241.9,False,53.69,3.57,,,,,,210.5473252,7.082,A,203742,42,10,4,2011,,2010107.68,2135982.79,1893955.27,1995004.6075,106376.0856561446
20,2011-10-28,2065421.52,False,49.36,3.569,,,,,,210.6918901,7.082,A,203742,43,10,4,2011,,2104241.9,2010107.68,1891816.0,2049035.1575,87137.4701009984
20,2011-11-04,2284106.6,False,43.88,3.551,,,,,,210.8364551,7.082,A,203742,44,11,4,2011,,2065421.52,2104241.9,2184316.64,2078938.4725,54205.48435769246
20,2011-11-11,2269975.85,False,47.27,3.53,34348.14,11652.84,549.25,9606.11,5472.37,210.9810201,7.082,A,203742,45,11,4,2011,,2284106.6,2065421.52,2187765.28,2115969.425,118560.03291433209
20,2011-11-18,2169933.82,False,49.3,3.53,4817.96,1673.96,658.55,1043.37,6545.16,211.1847207,7.082,A,203742,46,11,4,2011,,2269975.85,2284106.6,2105058.91,2180936.4675,112246.52579031972
20,2011-11-25,2906233.25,True,46.38,3.492,335.66,80.0,101378.79,64.46,2251.98,211.4120757,7.082,A,203742,47,11,4,2011,Thanksgiving,2169933.82,2269975.85,2811634.04,2197359.4475,101584.1065909858
20,2011-12-02,2298776.83,False,46.32,3.452,10007.34,60.0,25959.98,6140.65,35675.62,211.6394306,7.082,A,203742,48,12,4,2011,,2906233.25,2169933.82,2416051.17,2407562.38,336309.0602244121
20,2011-12-09,2546123.78,False,41.64,3.415,9458.19,81.5,791.04,5254.23,11447.14,211.8667856,7.082,A,203742,49,12,4,2011,,2298776.83,2906233.25,2752122.08,2411229.9375,334589.5566852083
20,2011-12-16,2762816.65,False,37.16,3.413,5488.56,217.03,1776.71,466.19,4535.27,212.0685039,7.082,A,203742,50,12,4,2011,,2546123.78,2298776.83,2819193.17,2480266.92,324052.3239779591
20,2011-12-23,3555371.03,False,40.19,3.389,1483.17,80.15,2145.46,38.97,4180.29,212.2360401,7.082,A,203742,51,12,4,2011,,2762816.65,2546123.78,3766687.43,2628487.6275,265003.1009043788
20,2011-12-30,2043245.0,True,36.35,3.389,6918.65,97740.99,270.38,1648.03,2852.19,212.4035763,7.082,A,203742,52,12,4,2011,Christmas,3555371.03,2762816.65,1799737.79,2790772.0725,543845.9270550319
20,2012-01-06,1964701.94,False,33.42,3.422,9273.46,45971.43,207.6,1365.38,5460.86,212.5711125,6.961,A,203742,1,1,1,2012,,2043245.0,3555371.03,1843030.95,2726889.115,629210.7367077797
20,2012-01-13,1911510.64,False,37.79,3.513,3627.81,18632.14,108.48,847.7,3614.04,212.7386486,6.961,A,203742,2,1,1,2012,,1964701.94,2043245.0,1884345.01,2581533.6550000003,741947.6167391272
20,2012-01-20,1892775.94,False,27.65,3.533,2465.98,5030.4,106.54,999.54,3380.92,212.8336399,6.961,A,203742,3,1,1,2012,,1911510.64,1964701.94,1781805.66,2368707.1525,792957.67723181
20,2012-01-27,1761016.51,False,37.19,3.567,1023.6,3044.15,106.08,52.87,2447.73,212.9286312,6.961,A,203742,4,1,1,2012,,1892775.94,1911510.64,1761506.68,1953058.38,67402.73532520927
20,2012-02-03,2203523.2,False,39.93,3.617,58928.52,8766.77,226.27,53603.99,8301.25,213.0236225,6.961,A,203742,5,2,1,2012,,1761016.51,1892775.94,2351143.07,1882501.2575,86530.55231557044
20,2012-02-10,2462978.2800000003,True,33.47,3.64,9804.0,13171.55,132.42,16864.33,7535.63,213.1186138,6.961,A,203742,6,2,1,2012,Super Bowl,2203523.2,1761016.51,2211388.14,1942206.5725,186638.5510892858
20,2012-02-17,2309025.16,False,31.11,3.695,27400.95,19179.87,10.5,11087.4,10204.37,213.2732106,6.961,A,203742,7,2,1,2012,,2462978.2800000003,2203523.2,2258616.24,2080073.4825,315559.62871632405
20,2012-02-24,2045837.55,False,39.79,3.739,11230.85,10561.94,12.2,1457.31,21024.39,213.4725116,6.961,A,203742,8,2,1,2012,,2309025.16,2462978.2800000003,1938608.52,2184135.7875,301527.38169892377
20,2012-03-02,2148822.76,False,39.98,3.816,34117.01,3200.31,6.0,22275.03,4989.3,213.6718127,6.961,A,203742,9,3,1,2012,,2045837.55,2309025.16,2143424.61,2255341.0475000003,175662.56387312527
20,2012-03-09,2139265.4,False,41.14,3.848,10686.42,750.14,3.67,3867.16,3518.62,213.8711137,6.961,A,203742,10,3,1,2012,,2148822.76,2045837.55,1990932.77,2241665.9375,183016.4207184613
20,2012-03-16,2064991.71,False,53.73,3.862,6745.04,310.32,6.94,3282.4,2895.89,214.0167132,6.961,A,203742,11,3,1,2012,,2139265.4,2148822.76,1931668.64,2160737.7175,109231.0101356576
20,2012-03-23,1992436.96,False,66.11,3.9,3580.87,612.11,7.01,332.11,4032.81,214.0907105,6.961,A,203742,12,3,1,2012,,2064991.71,2139265.4,1824711.21,2099729.355,51911.116006247015
20,2012-03-30,2074721.74,False,51.52,3.953,9569.49,116.47,7.75,1285.42,3908.61,214.1647079,6.961,A,203742,13,3,1,2012,,1992436.96,2064991.71,1927993.09,2086379.2075,72981.08777994735
20,2012-04-06,2565259.92,False,50.06,3.996,8408.31,12.57,50.79,4289.46,7382.25,214.2387053,7.139,A,203742,14,4,2,2012,,2074721.74,1992436.96,2027056.39,2067853.9525,60118.4290354365
20,2012-04-13,2045396.06,False,45.68,4.044,9671.84,7934.59,68.02,2515.97,2667.15,214.3127027,7.139,A,203742,15,4,2,2012,,2565259.92,2074721.74,2057406.33,2174352.5825,263177.97870903776
20,2012-04-20,1884427.84,False,60.11,4.027,7522.16,5650.88,67.26,1066.17,4006.0,214.3675045,7.139,A,203742,16,4,2,2012,,2045396.06,2565259.92,2313861.81,2169453.67,266058.8483266596
20,2012-04-27,1886503.93,False,47.64,4.004,2332.34,2.82,41.39,28.04,3318.17,214.4223063,7.139,A,203742,17,4,2,2012,,1884427.84,2045396.06,1881788.19,2142451.39,294023.94911860314
20,2012-05-04,2163510.89,False,62.74,3.951,24594.6,496.0,38.52,9381.13,4648.85,214.4771081,7.139,A,203742,18,5,2,2012,,1886503.93,1884427.84,2090838.44,2095396.9375,322188.1224569104
20,2012-05-11,2168097.11,False,63.19,3.889,17598.62,,19.51,2889.48,3242.44,214.5319099,7.139,A,203742,19,5,2,2012,,2163510.89,1886503.93,2036748.53,1994959.68,135318.4838098868
20,2012-05-18,2039222.26,False,60.99,3.848,8077.14,512.0,5.13,2746.24,3677.78,214.5485571,7.139,A,203742,20,5,2,2012,,2168097.11,2163510.89,1953416.06,2025634.9425,161866.33426333018
20,2012-05-25,2114989.0,False,70.04,3.798,11548.3,,1042.6,1554.19,3450.52,214.5499425,7.139,A,203742,21,5,2,2012,,2039222.26,2168097.11,1944433.17,2064333.5475,132736.54581935398
20,2012-06-01,2143126.59,False,73.67,3.742,12240.61,17.4,82.98,3560.21,3373.36,214.5513278,7.139,A,203742,22,6,2,2012,,2114989.0,2039222.26,2182246.69,2121454.815,59855.98547824936
20,2012-06-08,2231962.13,False,62.01,3.689,8353.32,516.6,46.76,2073.77,7774.31,214.5527132,7.139,A,203742,23,6,2,2012,,2143126.59,2114989.0,2135062.04,2116358.74,55813.04942496188
20,2012-06-15,2165160.29,False,71.51,3.62,9584.57,657.4,3.99,3667.7,5230.22,214.5653243,7.139,A,203742,24,6,2,2012,,2231962.13,2143126.59,2065191.27,2132324.995,79609.23127517883
20,2012-06-22,2060588.69,False,76.51,3.564,12173.74,875.7,2.36,4195.01,7516.62,214.606,7.139,A,203742,25,6,2,2012,,2165160.29,2231962.13,1950826.32,2163809.5025,49859.23383507201
20,2012-06-29,2055952.61,False,74.15,3.506,6569.4,605.7,,561.31,4567.03,214.6466757,7.139,A,203742,26,6,2,2012,,2060588.69,2165160.29,2053165.41,2150209.425,70684.92491954427
20,2012-07-06,2358055.3,False,79.2,3.475,13826.89,342.6,182.74,7751.95,3675.32,214.6873514,7.28,A,203742,27,7,3,2012,,2055952.61,2060588.69,2123787.79,2128415.93,85485.73128051218
20,2012-07-13,2134680.12,False,78.27,3.523,8679.19,99.7,22.34,4960.49,7877.54,214.728027,7.28,A,203742,28,7,3,2012,,2358055.3,2055952.61,2039875.75,2159939.2225,141375.36748798247
20,2012-07-20,1970170.29,False,76.04,3.567,3156.68,142.66,34.1,2751.92,6194.07,214.7331351,7.28,A,203742,29,7,3,2012,,2134680.12,2358055.3,1950904.84,2152319.18,141820.88012647623
20,2012-07-27,1911559.1,False,74.6,3.647,11481.26,130.17,7.09,11794.45,3238.04,214.7382432,7.28,A,203742,30,7,3,2012,,1970170.29,2134680.12,1858440.92,2129714.58,166392.45744874486
20,2012-08-03,2094515.71,False,74.73,3.654,31549.63,83.64,40.76,25656.34,3188.65,214.7433514,7.28,A,203742,31,8,3,2012,,1911559.1,1970170.29,2189353.63,2093616.2025,199998.30290173023
20,2012-08-10,2144245.39,False,75.4,3.722,16845.14,156.18,12.47,6921.28,6346.44,214.7484595,7.28,A,203742,32,8,3,2012,,2094515.71,1911559.1,2052246.4,2027731.305,104414.9693027828
20,2012-08-17,2045061.22,False,69.57,3.807,3008.99,99.68,1.12,2535.66,2831.84,214.825578,7.28,A,203742,33,8,3,2012,,2144245.39,2094515.71,1990017.93,2030122.6225,107737.43827695638
20,2012-08-24,2005341.43,False,68.27,3.834,6125.02,53.4,84.62,9638.85,8710.31,214.9567044,7.28,A,203742,34,8,3,2012,,2045061.22,2144245.39,1933577.2,2048845.355,100081.27279608489
20,2012-08-31,2062481.56,False,72.66,3.867,19058.96,32.04,125.49,9015.83,4449.08,215.0878309,7.28,A,203742,35,8,3,2012,,2005341.43,2045061.22,2141765.98,2072290.9375,60263.526329160806
20,2012-09-07,2080529.06,True,76.36,3.911,11783.56,-0.99,83.85,1938.4,3708.67,215.2189573,7.28,A,203742,36,9,3,2012,Labor Day,2062481.56,2005341.43,2050542.56,2064282.4,58426.06296160856
20,2012-09-14,2047949.98,False,64.84,3.948,10404.97,,40.11,1481.31,8655.59,215.3583757,7.28,A,203742,37,9,3,2012,,2080529.06,2062481.56,1979009.46,2048353.3175,32123.439074035807
20,2012-09-21,2028587.24,False,60.94,4.038,8475.15,168.56,49.78,1727.92,9072.77,215.5475459,7.28,A,203742,38,9,3,2012,,2047949.98,2080529.06,1888119.7,2049075.5075,32057.16017488588
20,2012-09-28,2008350.58,False,58.65,3.997,6245.6,52.64,21.5,3301.81,7195.56,215.7367162,7.28,A,203742,39,9,3,2012,,2028587.24,2047949.98,1945808.26,2054886.96,22022.65655464364
20,2012-10-05,2246411.89,False,60.77,3.985,5800.66,,33.68,4286.15,3224.25,215.9258865,7.293,A,203742,40,10,4,2012,,2008350.58,2028587.24,2135982.79,2041354.215,30715.946838603348
20,2012-10-12,2162951.36,False,47.2,4.0,2449.31,,35.08,1019.9,9743.56,216.1150568,7.293,A,203742,41,10,4,2012,,2246411.89,2008350.58,2010107.68,2082824.9225,110249.88502489086
20,2012-10-19,1999363.49,False,56.26,3.969,4174.31,,15.84,838.05,3838.56,216.1464699,7.293,A,203742,42,10,4,2012,,2162951.36,2246411.89,2104241.9,2111575.2675,113082.22151100473
20,2012-10-26,2031650.55,False,60.04,3.882,10813.19,22.33,102.91,867.39,1671.76,216.1515902,7.293,A,203742,43,10,4,2012,,1999363.49,2162951.36,2065421.52,2104269.33,120904.54895763156
21,2011-02-04,596218.24,False,36.33,2.989,,,,,,212.2240646,8.028,B,140167,5,2,1,2011,,649878.29,663941.73,798593.88,648440.3025,14374.924370267108
21,2011-02-11,771908.51,True,34.61,3.022,,,,,,212.5928624,8.028,B,140167,6,2,1,2011,Super Bowl,596218.24,649878.29,809321.44,640206.8474999999,30021.457548558705
21,2011-02-18,884701.92,False,59.87,3.045,,,,,,212.9033115,8.028,B,140167,7,2,1,2011,,771908.51,596218.24,867283.25,670486.6925,73642.6753304486
21,2011-02-25,768313.85,False,61.27,3.065,,,,,,213.190421,8.028,B,140167,8,2,1,2011,,884701.92,771908.51,749597.24,725676.74,129010.71360681464
21,2011-03-04,796277.72,False,59.52,3.288,,,,,,213.4775305,8.028,B,140167,9,3,1,2011,,768313.85,884701.92,747444.32,755285.63,119019.69771798236
21,2011-03-11,763479.9,False,54.69,3.459,,,,,,213.7646401,8.028,B,140167,10,3,1,2011,,796277.72,768313.85,712312.89,805300.5,54372.276426281176
21,2011-03-18,793569.0,False,63.26,3.488,,,,,,214.0156238,8.028,B,140167,11,3,1,2011,,763479.9,796277.72,727070.0,803193.3475,56229.32376407255
21,2011-03-25,753711.32,False,70.33,3.473,,,,,,214.2521573,8.028,B,140167,12,3,1,2011,,793569.0,763479.9,686497.53,780410.1175,16910.440066974465
21,2011-04-01,732056.37,False,56.36,3.524,,,,,,214.4886908,7.931,B,140167,13,4,2,2011,,753711.32,793569.0,753664.12,776759.485,21378.23332029144
21,2011-04-08,744782.89,False,68.62,3.622,,,,,,214.7252242,7.931,B,140167,14,4,2,2011,,732056.37,753711.32,751181.4,760704.1475,25543.41483254828
21,2011-04-15,768390.05,False,71.01,3.743,,,,,,214.9420631,7.931,B,140167,15,4,2,2011,,744782.89,732056.37,716026.51,756029.895,26556.76446549919
21,2011-04-22,801302.01,False,70.79,3.807,,,,,,215.1096657,7.931,B,140167,16,4,2,2011,,768390.05,744782.89,718780.59,749735.1575,15284.843945069986
21,2011-04-29,783250.75,False,70.19,3.81,,,,,,215.2772683,7.931,B,140167,17,4,2,2011,,801302.01,768390.05,680532.69,761632.8300000001,30430.20061351699
21,2011-05-06,718898.33,False,61.87,3.906,,,,,,215.4448709,7.931,B,140167,18,5,2,2011,,783250.75,801302.01,744969.42,774431.425,23911.940331385897
21,2011-05-13,754236.7000000001,False,75.04,3.899,,,,,,215.6124735,7.931,B,140167,19,5,2,2011,,718898.33,783250.75,723559.88,767960.285,35368.201689604975
21,2011-05-20,744836.56,False,68.36,3.907,,,,,,215.3834778,7.931,B,140167,20,5,2,2011,,754236.7000000001,718898.33,753361.72,764421.9475,36012.96910147382
21,2011-05-27,744389.8099999999,False,76.86,3.786,,,,,,215.1544822,7.931,B,140167,21,5,2,2011,,744836.56,754236.7000000001,755214.26,750305.5850000001,26565.412746067905
21,2011-06-03,773878.58,False,83.82,3.699,,,,,,214.9254865,7.931,B,140167,22,6,2,2011,,744389.8099999999,744836.56,806012.48,740590.35,15157.317217100255
21,2011-06-10,794397.89,False,84.71,3.648,,,,,,214.6964908,7.931,B,140167,23,6,2,2011,,773878.58,744389.8099999999,784305.55,754335.4125000001,13797.201986830283
21,2011-06-17,823220.43,False,87.54,3.637,,,,,,214.6513538,7.931,B,140167,24,6,2,2011,,794397.89,773878.58,785104.29,764375.71,24309.466000733377
21,2011-06-24,771298.98,False,85.72,3.594,,,,,,214.7441108,7.931,B,140167,25,6,2,2011,,823220.43,794397.89,769848.75,783971.6775,33255.40222697648
21,2011-07-01,784639.12,False,87.57,3.524,,,,,,214.8368678,7.852,B,140167,26,7,3,2011,,771298.98,823220.43,711470.8,790698.97,24018.135519163065
21,2011-07-08,734099.4,False,89.16,3.48,,,,,,214.9296249,7.852,B,140167,27,7,3,2011,,784639.12,771298.98,714677.47,793389.105,22026.207560147723
21,2011-07-15,728311.15,False,91.05,3.575,,,,,,215.0134426,7.852,B,140167,28,7,3,2011,,734099.4,784639.12,755098.41,778314.4825,36791.01319701595
21,2011-07-22,784490.67,False,90.27,3.651,,,,,,215.0749122,7.852,B,140167,29,7,3,2011,,728311.15,734099.4,765823.48,754587.1625,27644.060476543327
21,2011-07-29,751167.12,False,91.56,3.682,,,,,,215.1363819,7.852,B,140167,30,7,3,2011,,784490.67,728311.15,715876.27,757885.085,30897.7452482516
21,2011-08-05,783614.89,False,94.22,3.684,,,,,,215.1978515,7.852,B,140167,31,8,3,2011,,751167.12,784490.67,739279.1900000001,749517.085,25253.85088283644
21,2011-08-12,776933.37,False,92.32,3.638,,,,,,215.2593211,7.852,B,140167,32,8,3,2011,,783614.89,751167.12,793589.18,761895.9575,27235.27315089333
21,2011-08-19,855546.5,False,90.11,3.554,,,,,,215.3229307,7.852,B,140167,33,8,3,2011,,776933.37,783614.89,848873.28,774051.5125000001,15625.137026196311
21,2011-08-26,821127.53,False,92.07,3.523,,,,,,215.386897,7.852,B,140167,34,8,3,2011,,855546.5,776933.37,855882.57,791815.47,44731.26779383086
21,2011-09-02,705557.8,False,91.94,3.533,,,,,,215.4508632,7.852,B,140167,35,9,3,2011,,821127.53,855546.5,727772.8,809305.5725,36450.66399582308
21,2011-09-09,653989.65,True,78.87,3.546,,,,,,215.5148295,7.852,B,140167,36,9,3,2011,Labor Day,705557.8,821127.53,674055.81,789791.3,64720.71930942529
21,2011-09-16,653525.84,False,80.62,3.526,,,,,,215.6944378,7.852,B,140167,37,9,3,2011,,653989.65,705557.8,684340.86,759055.37,94981.20293118792
21,2011-09-23,681913.29,False,75.68,3.467,,,,,,216.0282356,7.852,B,140167,38,9,3,2011,,653525.84,653989.65,671688.06,708550.205,78924.31711752305
21,2011-09-30,651970.48,False,78.91,3.355,,,,,,216.3620333,7.852,B,140167,39,9,3,2011,,681913.29,653525.84,677158.39,673746.645,25019.08257890029
21,2011-10-07,663452.46,False,71.64,3.285,,,,,,216.6958311,7.441,B,140167,40,10,4,2011,,651970.48,681913.29,680579.49,660349.815,14401.56290994364
21,2011-10-14,671379.44,False,69.79,3.274,,,,,,217.0048261,7.441,B,140167,41,10,4,2011,,663452.46,651970.48,693412.05,662715.5175,13771.995215435703
21,2011-10-21,729036.0599999999,False,65.16,3.353,,,,,,217.1650042,7.441,B,140167,42,10,4,2011,,671379.44,663452.46,710668.45,667178.9175,12648.1774567711
21,2011-10-28,738812.0,False,65.46,3.372,,,,,,217.3251824,7.441,B,140167,43,10,4,2011,,729036.0599999999,671379.44,731756.65,678959.61,34321.97867796546
21,2011-11-04,767358.37,False,56.01,3.332,,,,,,217.4853605,7.441,B,140167,44,11,4,2011,,738812.0,729036.0599999999,719888.76,700669.99,38740.70947848696
21,2011-11-11,757369.87,False,59.8,3.297,5522.33,7898.33,11.1,2489.99,7562.52,217.6455387,7.441,B,140167,45,11,4,2011,,767358.37,738812.0,735796.38,726646.4675,40272.46233338139
21,2011-11-18,737014.09,False,61.9,3.308,8864.34,545.17,58.71,747.43,4961.44,217.8670218,7.441,B,140167,46,11,4,2011,,757369.87,767358.37,756288.89,748144.075,17383.021283000227
21,2011-11-25,1219263.4,True,56.43,3.236,233.85,206.36,40561.8,319.19,170.64,218.1130269,7.441,B,140167,47,11,4,2011,Thanksgiving,737014.09,757369.87,1245628.61,750138.5825,14712.312020498057
21,2011-12-02,793184.25,False,48.72,3.172,3389.1,43.0,1258.32,325.35,8623.67,218.3590319,7.441,B,140167,48,12,4,2011,,1219263.4,737014.09,829210.73,870251.4325,233017.00392729096
21,2011-12-09,897747.13,False,41.44,3.158,6862.3,19.0,330.9,4746.58,17822.36,218.605037,7.441,B,140167,49,12,4,2011,,793184.25,1219263.4,943891.64,876707.9025,229547.66872131312
21,2011-12-16,1027584.51,False,50.56,3.159,1846.83,65.06,163.18,393.58,2731.41,218.8217928,7.441,B,140167,50,12,4,2011,,897747.13,793184.25,1147556.83,911802.2175,215523.42174167343
21,2011-12-23,1384552.17,False,46.54,3.112,759.8,6.92,577.46,29.81,2830.92,218.9995495,7.441,B,140167,51,12,4,2011,,1027584.51,897747.13,1587257.78,984444.8225,183573.68498287213
21,2011-12-30,804362.36,True,45.16,3.129,2880.59,32642.96,124.32,419.61,3010.84,219.1773063,7.441,B,140167,52,12,4,2011,Christmas,1384552.17,1027584.51,672903.23,1025767.015,257690.9804830235
21,2012-01-06,640181.86,False,48.1,3.157,2211.62,28369.34,7.74,753.62,3371.85,219.355063,7.057,B,140167,1,1,1,2012,,804362.36,1384552.17,629152.0599999999,1028561.5425,254367.1659968039
21,2012-01-13,631181.25,False,45.0,3.261,4873.12,13367.98,0.46,396.66,1861.16,219.5328198,7.057,B,140167,2,1,1,2012,,640181.86,804362.36,650789.13,964170.225,322102.13990558684
21,2012-01-20,651178.2,False,52.21,3.268,4436.0,1092.91,3.46,387.92,3943.31,219.6258417,7.057,B,140167,3,1,1,2012,,631181.25,640181.86,663941.73,865069.4099999999,355352.2972066398
21,2012-01-27,611258.71,False,50.79,3.29,714.08,602.88,,18.42,2562.85,219.7188636,7.057,B,140167,4,1,1,2012,,651178.2,631181.25,649878.29,681725.9175,82165.54874107543
21,2012-02-03,680725.43,False,55.83,3.36,24617.88,1598.17,41.45,25134.87,3110.22,219.8118854,7.057,B,140167,5,2,1,2012,,611258.71,651178.2,596218.24,633450.005,16903.723383998422
21,2012-02-10,770652.7899999999,True,46.52,3.409,26115.19,3985.95,13.1,16646.38,7628.83,219.9049073,7.057,B,140167,6,2,1,2012,Super Bowl,680725.43,611258.71,771908.51,643585.8975,29641.807540653863
21,2012-02-17,834663.52,False,45.03,3.51,12365.91,7922.13,1.38,7862.71,5348.94,220.0651993,7.057,B,140167,7,2,1,2012,,770652.7899999999,680725.43,884701.92,678453.7825,67737.12063397626
21,2012-02-24,747099.0700000001,False,54.81,3.555,7012.83,5600.94,0.5,2229.25,4606.24,220.275944,7.057,B,140167,8,2,1,2012,,834663.52,770652.7899999999,768313.85,724325.1125,98328.97429983722
21,2012-03-02,764385.4,False,59.3,3.63,14017.62,1076.98,7.07,8891.83,3182.63,220.4866886,7.057,B,140167,9,3,1,2012,,747099.0700000001,834663.52,796277.72,758285.2025,63580.00858566901
21,2012-03-09,755084.4,False,57.16,3.669,7379.46,190.49,4.79,479.87,7489.48,220.6974332,7.057,B,140167,10,3,1,2012,,764385.4,747099.0700000001,763479.9,779200.195,38293.59793946447
21,2012-03-16,767338.32,False,63.39,3.734,6510.79,158.12,5.86,2972.55,6576.96,220.8498468,7.057,B,140167,11,3,1,2012,,755084.4,764385.4,793569.0,775308.0975000001,40195.84835070278
21,2012-03-23,729759.97,False,62.96,3.787,4713.76,155.09,2.38,534.23,4878.22,220.9244858,7.057,B,140167,12,3,1,2012,,767338.32,755084.4,753711.32,758476.7975,9208.677219236552
21,2012-03-30,724798.76,False,67.87,3.845,12592.65,180.02,,1101.6,11593.14,220.9991248,7.057,B,140167,13,3,1,2012,,729759.97,767338.32,732056.37,754142.0225,17072.801076393465
21,2012-04-06,761956.5800000001,False,69.02,3.891,14207.85,,6.99,3662.26,1615.27,221.0737638,6.891,B,140167,14,4,2,2012,,724798.76,729759.97,744782.89,744245.3625,20320.48526894639
21,2012-04-13,769319.04,False,69.03,3.891,6932.19,4118.13,2.79,983.98,1285.54,221.1484028,6.891,B,140167,15,4,2,2012,,761956.5800000001,724798.76,768390.05,745963.4075,21780.43572883844
21,2012-04-20,734858.91,False,66.97,3.877,3738.69,3287.37,0.77,894.38,2882.6,221.2021074,6.891,B,140167,16,4,2,2012,,769319.04,761956.5800000001,801302.01,746458.5875,22440.885408683444
21,2012-04-27,674829.58,False,69.21,3.814,2262.49,4.23,2.77,14.0,2289.63,221.255812,6.891,B,140167,17,4,2,2012,,734858.91,769319.04,783250.75,747733.3225,21291.53907219774
21,2012-05-04,697645.32,False,77.53,3.749,14858.74,,8.12,4179.63,3281.61,221.3095166,6.891,B,140167,18,5,2,2012,,674829.58,734858.91,718898.33,735241.0275,42913.55917873627
21,2012-05-11,649945.54,False,74.14,3.688,9252.47,,5.16,2908.8,2619.09,221.3632212,6.891,B,140167,19,5,2,2012,,697645.32,674829.58,754236.7000000001,719163.2124999999,41595.08232355223
21,2012-05-18,700554.16,False,72.42,3.63,4088.63,,28.62,1397.46,2772.05,221.380331,6.891,B,140167,20,5,2,2012,,649945.54,697645.32,744836.56,689319.8374999999,36071.335106307335
21,2012-05-25,722891.24,False,79.49,3.561,7790.27,,508.5,1575.99,4490.59,221.3828029,6.891,B,140167,21,5,2,2012,,700554.16,649945.54,744389.8099999999,680743.65,23534.531783372924
21,2012-06-01,695439.83,False,79.24,3.501,11678.88,,60.71,3660.14,3630.08,221.3852748,6.891,B,140167,22,6,2,2012,,722891.24,700554.16,773878.58,692759.065,30689.764239031127
21,2012-06-08,707895.72,False,79.47,3.452,7055.91,10.8,93.05,751.89,4570.78,221.3877467,6.891,B,140167,23,6,2,2012,,695439.83,722891.24,794397.89,692207.6925,30592.37298013522
21,2012-06-15,727049.04,False,81.51,3.393,6177.81,61.6,0.75,2970.97,3281.16,221.4009901,6.891,B,140167,24,6,2,2012,,707895.72,695439.83,823220.43,706695.2375,11946.389776363068
21,2012-06-22,735870.0,False,81.78,3.346,7545.68,79.95,0.51,3498.46,7223.83,221.4411622,6.891,B,140167,25,6,2,2012,,727049.04,707895.72,771298.98,713318.9575,14482.385425758985
21,2012-06-29,716341.39,False,88.05,3.286,5130.81,38.3,,1849.32,3879.62,221.4813343,6.891,B,140167,26,6,2,2012,,735870.0,727049.04,784639.12,716563.6475,18294.1460186337
21,2012-07-06,693013.59,False,85.26,3.227,6607.09,63.2,37.39,3667.62,3438.32,221.5215064,6.565,B,140167,27,7,3,2012,,716341.39,735870.0,734099.4,721789.0375,12228.958332142263
21,2012-07-13,668132.36,False,82.51,3.256,5088.14,17.8,2.16,2908.11,1533.27,221.5616784,6.565,B,140167,28,7,3,2012,,693013.59,716341.39,728311.15,718068.5049999999,18513.732965946143
21,2012-07-20,691200.33,False,84.25,3.311,4773.73,57.8,10.12,3554.45,4341.89,221.5701123,6.565,B,140167,29,7,3,2012,,668132.36,693013.59,784490.67,703339.335,29288.50569775593
21,2012-07-27,677789.14,False,88.09,3.407,7903.89,12.92,3.43,10055.75,4183.82,221.5785461,6.565,B,140167,30,7,3,2012,,691200.33,668132.36,751167.12,692171.9175,19695.313491565616
21,2012-08-03,693785.85,False,91.57,3.417,41897.36,26.8,5.27,18198.04,5735.86,221.5869799,6.565,B,140167,31,8,3,2012,,677789.14,691200.33,783614.89,682533.855,11759.365250214683
21,2012-08-10,700272.01,False,89.57,3.494,8467.09,27.6,7.17,4045.91,4196.28,221.5954138,6.565,B,140167,32,8,3,2012,,693785.85,677789.14,776933.37,682726.9199999999,11992.795930568327
21,2012-08-17,751963.8099999999,False,85.55,3.571,3036.2,15.6,50.0,3128.07,1844.7,221.6751459,6.565,B,140167,33,8,3,2012,,700272.01,693785.85,855546.5,690761.8325,9452.88648474739
21,2012-08-24,802003.61,False,77.72,3.62,6291.49,3.0,0.0,5817.38,6514.73,221.8083518,6.565,B,140167,34,8,3,2012,,751963.8099999999,700272.01,821127.53,705952.7025,32096.265790617013
21,2012-08-31,763867.59,False,83.58,3.638,20597.87,43.8,29.1,9935.11,3004.08,221.9415576,6.565,B,140167,35,8,3,2012,,802003.61,751963.8099999999,705557.8,737006.32,50549.62173495928
21,2012-09-07,642827.29,True,88.4,3.73,10259.59,20.0,8.12,2815.73,2279.98,222.0747635,6.565,B,140167,36,9,3,2012,Labor Day,763867.59,802003.61,653989.65,754526.7549999999,41997.81344021508
21,2012-09-14,628494.63,False,76.1,3.717,6761.03,,9.73,1332.23,3359.45,222.2174395,6.565,B,140167,37,9,3,2012,,642827.29,763867.59,653525.84,740165.575,68312.19550363134
21,2012-09-21,667151.46,False,71.54,3.721,9104.0,33.73,12.28,1675.24,8387.92,222.4169362,6.565,B,140167,38,9,3,2012,,628494.63,642827.29,681913.29,709298.28,86640.46431313916
21,2012-09-28,647097.65,False,80.38,3.666,5955.46,4.91,,1458.77,7206.16,222.6164329,6.565,B,140167,39,9,3,2012,,667151.46,628494.63,651970.48,675585.2424999999,60979.53428538462
21,2012-10-05,651768.91,False,70.28,3.617,7818.46,,21.03,4198.54,4532.58,222.8159296,6.17,B,140167,40,10,4,2012,,647097.65,667151.46,663452.46,646392.7575000001,15963.25081159708
21,2012-10-12,653043.44,False,61.53,3.601,4007.81,,15.79,610.52,3714.75,223.0154263,6.17,B,140167,41,10,4,2012,,651768.91,647097.65,671379.44,648628.1625000001,15923.551159372351
21,2012-10-19,641368.14,False,68.52,3.594,1144.77,,5.62,724.63,7812.29,223.0598077,6.17,B,140167,42,10,4,2012,,653043.44,651768.91,729036.0599999999,654765.365,8643.937585476137
21,2012-10-26,675202.87,False,70.5,3.506,7477.8,24.95,206.5,754.69,2667.13,223.0783366,6.17,B,140167,43,10,4,2012,,641368.14,653043.44,738812.0,648319.535,5292.3958576078885
22,2011-02-04,946060.98,False,26.39,3.24,,,,,,137.0542431,8.458,B,119557,5,2,1,2011,,799369.15,855001.02,1033017.37,833965.0975,36226.51190212498
22,2011-02-11,1009206.33,True,28.89,3.255,,,,,,137.1378318,8.458,B,119557,6,2,1,2011,Super Bowl,946060.98,799369.15,1022571.25,851991.6675,67338.86979368003
22,2011-02-18,975964.86,False,35.34,3.263,,,,,,137.2511849,8.458,B,119557,7,2,1,2011,,1009206.33,946060.98,988467.61,902409.37,93409.30058654687
22,2011-02-25,911245.43,False,30.23,3.281,,,,,,137.3764439,8.458,B,119557,8,2,1,2011,,975964.86,1009206.33,899761.48,932650.33,92521.50762702826
22,2011-03-04,997353.15,False,33.52,3.437,,,,,,137.5017028,8.458,B,119557,9,3,1,2011,,911245.43,975964.86,1009201.24,960619.4,41816.700873744514
22,2011-03-11,944587.23,False,41.42,3.6,,,,,,137.6269617,8.458,B,119557,10,3,1,2011,,997353.15,911245.43,967187.37,973442.4425,43686.79638911328
22,2011-03-18,926427.12,False,43.38,3.634,,,,,,137.7398929,8.458,B,119557,11,3,1,2011,,944587.23,997353.15,966145.09,957287.6675,37573.34673380657
22,2011-03-25,933528.39,False,38.77,3.624,,,,,,137.8478929,8.458,B,119557,12,3,1,2011,,926427.12,944587.23,1012075.12,944903.2325,37529.13581728816
22,2011-04-01,951588.37,False,36.04,3.638,,,,,,137.9558929,8.252,B,119557,13,4,2,2011,,933528.39,926427.12,1177340.99,950473.9725,32133.652670047613
22,2011-04-08,969046.69,False,44.42,3.72,,,,,,138.0638929,8.252,B,119557,14,4,2,2011,,951588.37,933528.39,1033171.07,939032.7775,11220.453472077905
22,2011-04-15,1008557.04,False,48.88,3.823,,,,,,138.1646952,8.252,B,119557,15,4,2,2011,,969046.69,951588.37,1000968.67,945147.6425,19132.105943214785
22,2011-04-22,1152781.9,False,47.76,3.919,,,,,,138.2475036,8.252,B,119557,16,4,2,2011,,1008557.04,969046.69,969594.47,965680.1225,32052.432160994995
22,2011-04-29,926133.8,False,57.2,3.988,,,,,,138.3303119,8.252,B,119557,17,4,2,2011,,1152781.9,1008557.04,977683.06,1020493.5,91355.33381870916
22,2011-05-06,1032076.06,False,53.63,4.078,,,,,,138.4131202,8.252,B,119557,18,5,2,2011,,926133.8,1152781.9,1052973.28,1014129.8575,98372.1561413344
22,2011-05-13,1001558.74,False,57.71,4.095,,,,,,138.4959286,8.252,B,119557,19,5,2,2011,,1032076.06,926133.8,973585.33,1029887.2,93679.67074624378
22,2011-05-20,970307.83,False,58.56,4.101,,,,,,138.587106,8.252,B,119557,20,5,2,2011,,1001558.74,1032076.06,979977.89,1028137.625,94274.28776889529
22,2011-05-27,1021568.34,False,62.59,4.034,,,,,,138.6782834,8.252,B,119557,21,5,2,2011,,970307.83,1001558.74,1103740.4,982519.1075,45265.20866652698
22,2011-06-03,1125169.92,False,70.09,3.973,,,,,,138.7694608,8.252,B,119557,22,6,2,2011,,1021568.34,970307.83,1095539.13,1006377.7425,27174.860610432228
22,2011-06-10,1060868.49,False,69.53,3.924,,,,,,138.8606382,8.252,B,119557,23,6,2,2011,,1125169.92,1021568.34,1061196.47,1029651.2075,67081.99054894198
22,2011-06-17,1042454.61,False,63.97,3.873,,,,,,139.0028333,8.252,B,119557,24,6,2,2011,,1060868.49,1125169.92,1052895.25,1044478.645,65334.7808169728
22,2011-06-24,1012584.2,False,68.53,3.851,,,,,,139.1832917,8.252,B,119557,25,6,2,2011,,1042454.61,1060868.49,1095020.33,1062515.34,44748.922545801775
22,2011-07-01,1077491.68,False,70.8,3.815,,,,,,139.36375,8.023,B,119557,26,7,3,2011,,1012584.2,1042454.61,1120259.71,1060269.305,47622.40875486109
22,2011-07-08,1017050.65,False,74.22,3.784,,,,,,139.5442083,8.023,B,119557,27,7,3,2011,,1077491.68,1012584.2,1092654.26,1048349.745,27808.26122895395
22,2011-07-15,961953.57,False,75.2,3.827,,,,,,139.7006325,8.023,B,119557,28,7,3,2011,,1017050.65,1077491.68,988392.99,1037395.285,29792.682399155507
22,2011-07-22,964683.8,False,77.79,3.882,,,,,,139.7969712,8.023,B,119557,29,7,3,2011,,961953.57,1017050.65,974123.2,1017270.025,47288.34601331884
22,2011-07-29,944958.69,False,75.32,3.898,,,,,,139.8933099,8.023,B,119557,30,7,3,2011,,964683.8,961953.57,970773.64,1005294.925,54400.68942518444
22,2011-08-05,983232.96,False,75.33,3.903,,,,,,139.9896486,8.023,B,119557,31,8,3,2011,,944958.69,964683.8,1010326.14,972161.6775,31172.351486888696
22,2011-08-12,991779.2,False,74.69,3.88,,,,,,140.0859873,8.023,B,119557,32,8,3,2011,,983232.96,944958.69,993097.43,963707.255,15671.533604186488
22,2011-08-19,973004.91,False,71.3,3.82,,,,,,140.1289205,8.023,B,119557,33,8,3,2011,,991779.2,983232.96,1017045.44,971163.6625,20811.515484630072
22,2011-08-26,1181815.31,False,72.22,3.796,,,,,,140.1629528,8.023,B,119557,34,8,3,2011,,973004.91,991779.2,1081420.96,973243.94,20358.85463977376
22,2011-09-02,912762.76,False,69.16,3.784,,,,,,140.196985,8.023,B,119557,35,9,3,2011,,1181815.31,973004.91,1074535.88,1032458.095,99866.82013793584
22,2011-09-09,1004434.54,True,69.14,3.809,,,,,,140.2310173,8.023,B,119557,36,9,3,2011,Labor Day,912762.76,1181815.31,924174.4,1014840.545,116307.77034284588
22,2011-09-16,937420.65,False,68.08,3.809,,,,,,140.2735,8.023,B,119557,37,9,3,2011,,1004434.54,912762.76,918285.97,1018004.38,115641.56148143658
22,2011-09-23,899834.75,False,62.36,3.758,,,,,,140.32725,8.023,B,119557,38,9,3,2011,,937420.65,1004434.54,902779.25,1009108.315,121478.58189284474
22,2011-09-30,953314.16,False,69.78,3.684,,,,,,140.381,8.023,B,119557,39,9,3,2011,,899834.75,937420.65,905987.17,938613.175,46568.53160483223
22,2011-10-07,993436.67,False,56.44,3.633,,,,,,140.43475,7.706,B,119557,40,10,4,2011,,953314.16,899834.75,1015051.62,948751.025,43369.1726202639
22,2011-10-14,944337.32,False,62.63,3.583,,,,,,140.4784194,7.706,B,119557,41,10,4,2011,,993436.67,953314.16,954401.46,946001.5575,38766.69593639764
22,2011-10-21,981567.22,False,59.3,3.618,,,,,,140.4616048,7.706,B,119557,42,10,4,2011,,944337.32,993436.67,960998.52,947730.725,38408.97366256983
22,2011-10-28,1099351.68,False,49.31,3.604,,,,,,140.4447903,7.706,B,119557,43,10,4,2011,,981567.22,944337.32,1025766.27,968163.8425,23141.467708027743
22,2011-11-04,1106575.59,False,42.81,3.586,,,,,,140.4279758,7.706,B,119557,44,11,4,2011,,1099351.68,981567.22,1006888.16,1004673.2225,66494.55844574296
22,2011-11-11,1051740.29,False,47.8,3.57,12691.27,16756.86,435.92,3159.94,6275.41,140.4111613,7.706,B,119557,45,11,4,2011,,1106575.59,1099351.68,1043698.64,1032957.9525,82304.93604884043
22,2011-11-18,1007579.44,False,50.62,3.571,16544.63,659.84,88.86,747.89,6846.81,140.4127857,7.706,B,119557,46,11,4,2011,,1051740.29,1106575.59,985896.44,1059808.695,57554.66300271916
22,2011-11-25,1535857.49,True,46.28,3.536,1649.31,,70087.94,7.5,5266.9,140.4217857,7.706,B,119557,47,11,4,2011,Thanksgiving,1007579.44,1051740.29,1564502.26,1066311.75,46096.36815201024
22,2011-12-02,1167621.14,False,49.11,3.501,10739.64,,926.79,3397.08,29944.71,140.4307857,7.706,B,119557,48,12,4,2011,,1535857.49,1007579.44,1230514.58,1175438.2025,243667.71083261483
22,2011-12-09,1308967.44,False,45.35,3.47,3311.44,,125.93,2499.81,16837.64,140.4397857,7.706,B,119557,49,12,4,2011,,1167621.14,1535857.49,1367202.84,1190699.59,239798.01721401807
22,2011-12-16,1453153.33,False,39.11,3.445,5083.51,,463.79,423.22,4590.08,140.4700795,7.706,B,119557,50,12,4,2011,,1308967.44,1167621.14,1527682.99,1255006.3775,224087.34367962804
22,2011-12-23,1863195.68,False,39.83,3.413,963.24,5.39,936.62,5.0,4250.08,140.528765,7.706,B,119557,51,12,4,2011,,1453153.33,1308967.44,1962445.04,1366399.85,162330.44006403536
22,2011-12-30,982661.14,True,36.28,3.402,6840.65,55072.53,35.75,388.44,5826.4,140.5874505,7.706,B,119557,52,12,4,2011,Christmas,1863195.68,1453153.33,774262.28,1448234.3975,300197.7945772032
22,2012-01-06,895358.2,False,34.61,3.439,5803.25,34453.8,22.94,1777.64,8239.01,140.6461359,7.503,B,119557,1,1,1,2012,,982661.14,1863195.68,873954.7,1401994.3975,365065.407391356
22,2012-01-13,855437.5700000001,False,39.0,3.523,2325.12,19455.8,6.06,520.21,5824.45,140.7048214,7.503,B,119557,2,1,1,2012,,895358.2,982661.14,807535.52,1298592.0875,449101.4458388581
22,2012-01-20,897027.44,False,29.16,3.542,1697.47,7401.88,2.73,1934.2,7147.3,140.8086118,7.503,B,119557,3,1,1,2012,,855437.5700000001,895358.2,855001.02,1149163.1475,478977.0496321922
22,2012-01-27,786459.23,False,35.68,3.568,1048.86,4022.06,,9.88,2507.98,140.9124021,7.503,B,119557,4,1,1,2012,,897027.44,855437.5700000001,799369.15,907621.0875,53593.32282746573
22,2012-02-03,958487.75,False,40.58,3.633,88646.76,5196.77,27.71,57815.43,8823.94,141.0161924,7.503,B,119557,5,2,1,2012,,786459.23,897027.44,946060.98,858570.61,51775.54640562327
22,2012-02-10,1034448.07,True,35.68,3.655,10155.75,6392.28,3.34,9811.63,5448.98,141.1199827,7.503,B,119557,6,2,1,2012,Super Bowl,958487.75,786459.23,1009206.33,874352.9975,72286.22433025854
22,2012-02-17,1004749.41,False,36.25,3.703,14910.44,10572.12,2.0,10409.34,5499.8,141.2140357,7.503,B,119557,7,2,1,2012,,1034448.07,958487.75,975964.86,919105.6225,104781.2701893541
22,2012-02-24,912958.95,False,39.0,3.751,10045.03,7913.38,,8695.83,3361.36,141.3007857,7.503,B,119557,8,2,1,2012,,1004749.41,1034448.07,911245.43,946036.115,110880.94251216004
22,2012-03-02,974866.65,False,37.47,3.827,28298.18,3333.76,89.58,25615.48,3141.76,141.3875357,7.503,B,119557,9,3,1,2012,,912958.95,1004749.41,997353.15,977661.045,53268.25841990439
22,2012-03-09,991127.01,False,41.72,3.876,7634.61,348.71,0.5,1351.75,5563.8,141.4742857,7.503,B,119557,10,3,1,2012,,974866.65,912958.95,944587.23,981755.77,51915.470963948166
22,2012-03-16,966780.01,False,46.06,3.867,8463.01,51.31,11.36,3719.23,4895.18,141.55478,7.503,B,119557,11,3,1,2012,,991127.01,974866.65,926427.12,970925.505,40529.04915486497
22,2012-03-23,992774.4,False,54.68,3.889,5667.37,96.9,8.73,511.14,2598.98,141.6269332,7.503,B,119557,12,3,1,2012,,966780.01,991127.01,933528.39,961433.155,33865.03221834392
22,2012-03-30,965769.93,False,46.4,3.921,11628.21,29.6,3.59,1653.46,3327.97,141.6990864,7.503,B,119557,13,3,1,2012,,992774.4,966780.01,951588.37,981387.0175,12654.640710568154
22,2012-04-06,1197489.66,False,46.38,3.957,8593.09,,17.67,1946.99,5729.6,141.7712396,7.671,B,119557,14,4,2,2012,,965769.93,992774.4,969046.69,979112.8375,14844.869433564318
22,2012-04-13,939118.24,False,49.89,4.025,5981.5,10877.85,9.5,1633.96,1932.86,141.8433929,7.671,B,119557,15,4,2,2012,,1197489.66,965769.93,1008557.04,1030703.5,111891.04950960045
22,2012-04-20,1000342.87,False,58.81,4.046,7200.16,6519.27,14.55,54.25,3897.67,141.9015262,7.671,B,119557,16,4,2,2012,,939118.24,1197489.66,1152781.9,1023788.0575,117854.67714758417
22,2012-04-27,922539.94,False,51.42,4.023,2573.49,0.18,6.31,247.76,2140.08,141.9596595,7.671,B,119557,17,4,2,2012,,1000342.87,939118.24,926133.8,1025680.175,117249.99531987411
22,2012-05-04,1005083.31,False,50.75,3.991,21823.53,,37.87,6586.49,1565.11,142.0177929,7.671,B,119557,18,5,2,2012,,922539.94,1000342.87,1032076.06,1014872.6775,126259.18688499033
22,2012-05-11,997868.63,False,56.72,3.947,16294.31,,100.09,3370.19,3482.48,142.0759262,7.671,B,119557,19,5,2,2012,,1005083.31,922539.94,1001558.74,966771.09,42094.99319848335
22,2012-05-18,986612.02,False,61.9,3.899,10611.25,,51.9,1482.63,2464.02,142.0970115,7.671,B,119557,20,5,2,2012,,997868.63,1005083.31,970307.83,981458.6875,39393.06265821471
22,2012-05-25,1047297.38,False,62.39,3.85,9329.34,,309.12,1369.3,2638.03,142.1032776,7.671,B,119557,21,5,2,2012,,986612.02,997868.63,1021568.34,978025.975,37763.52112605377
22,2012-06-01,1102857.37,False,70.01,3.798,16432.28,7.6,73.36,3723.8,3331.57,142.1095438,7.671,B,119557,22,6,2,2012,,1047297.38,986612.02,1125169.92,1009215.335,26501.404650370143
22,2012-06-08,1061134.37,False,61.71,3.746,18261.32,142.4,19.79,3041.13,4316.44,142.1158099,7.671,B,119557,23,6,2,2012,,1102857.37,1047297.38,1060868.49,1033658.85,53131.248593922566
22,2012-06-15,1061219.19,False,66.56,3.683,9564.7,193.9,9.06,3070.27,2588.53,142.1292548,7.671,B,119557,24,6,2,2012,,1061134.37,1102857.37,1042454.61,1049475.285,48104.45100207336
22,2012-06-22,1112449.3,False,70.61,3.629,8154.53,387.4,,2396.96,3938.83,142.1606464,7.671,B,119557,25,6,2,2012,,1061219.19,1061134.37,1012584.2,1068127.0775,24060.24648647028
22,2012-06-29,1053881.78,False,70.99,3.577,3297.53,345.5,,339.38,2257.49,142.1920381,7.671,B,119557,26,6,2,2012,,1112449.3,1061219.19,1077491.68,1084415.0575,27117.499408103275
22,2012-07-06,1097786.14,False,77.41,3.538,10677.48,296.2,12.79,6485.38,3465.23,142.2234298,7.753,B,119557,27,7,3,2012,,1053881.78,1112449.3,1017050.65,1072171.16,27071.42628324696
22,2012-07-13,971361.38,False,75.81,3.561,4773.8,183.5,14.16,2046.91,1457.01,142.2548214,7.753,B,119557,28,7,3,2012,,1097786.14,1053881.78,961953.57,1081334.1025,28266.96994073268
22,2012-07-20,991969.37,False,76.57,3.61,3250.89,101.3,15.49,1986.27,2800.15,142.2337569,7.753,B,119557,29,7,3,2012,,971361.38,1097786.14,964683.8,1058869.65,63424.09703357036
22,2012-07-27,925731.21,False,73.52,3.701,5336.52,42.97,2.31,8546.62,3644.59,142.2126924,7.753,B,119557,30,7,3,2012,,991969.37,971361.38,944958.69,1028749.6675,57861.511215216895
22,2012-08-03,1007257.83,False,72.99,3.698,35383.88,88.92,27.32,18389.63,3237.41,142.1916279,7.753,B,119557,31,8,3,2012,,925731.21,991969.37,983232.96,996712.025,72845.50043176206
22,2012-08-10,973812.79,False,76.74,3.772,7212.77,22.87,15.43,2623.17,1906.3,142.1705634,7.753,B,119557,32,8,3,2012,,1007257.83,925731.21,991779.2,974079.9475,35429.71611356023
22,2012-08-17,981273.26,False,74.92,3.84,5160.04,91.43,,2273.84,2354.36,142.2157385,7.753,B,119557,33,8,3,2012,,973812.79,1007257.83,973004.91,974692.8,35388.19371293733
22,2012-08-24,1060906.75,False,70.42,3.874,10456.16,100.54,104.14,6657.04,4648.25,142.3105933,7.753,B,119557,34,8,3,2012,,981273.26,973812.79,1181815.31,972018.7725,34025.44956037474
22,2012-08-31,1022270.86,False,71.93,3.884,37707.43,40.66,119.53,6761.03,2307.61,142.4054482,7.753,B,119557,35,8,3,2012,,1060906.75,981273.26,912762.76,1005812.6575,39427.65992562776
22,2012-09-07,996628.8,True,73.3,3.921,12941.56,4.0,37.34,2510.1,3346.55,142.500303,7.753,B,119557,36,9,3,2012,Labor Day,1022270.86,1060906.75,1004434.54,1009565.915,40315.65965462994
22,2012-09-14,918049.28,False,66.42,3.988,7069.56,3.44,8.43,499.91,6011.9,142.5938833,7.753,B,119557,37,9,3,2012,,996628.8,1022270.86,937420.65,1015269.9175,34808.991459781486
22,2012-09-21,921612.53,False,63.38,4.056,7150.28,106.01,19.0,1217.3,7556.34,142.6798167,7.753,B,119557,38,9,3,2012,,918049.28,996628.8,899834.75,999463.9225,60364.88875252865
22,2012-09-28,976479.51,False,62.17,4.018,4269.8,23.73,1.72,2763.63,2130.39,142.76575,7.753,B,119557,39,9,3,2012,,921612.53,918049.28,953314.16,964640.3675,52809.90347134331
22,2012-10-05,1009887.36,False,62.09,4.027,5294.37,,4.25,1447.19,3652.84,142.8516833,7.543,B,119557,40,10,4,2012,,976479.51,921612.53,993436.67,953192.53,39418.00523278229
22,2012-10-12,1004039.84,False,54.18,4.029,1558.08,,10.35,485.2,4291.26,142.9376167,7.543,B,119557,41,10,4,2012,,1009887.36,976479.51,944337.32,956507.17,44515.85580252104
22,2012-10-19,978027.95,False,55.28,4.0,2834.71,,3.66,459.34,3171.35,142.8633629,7.543,B,119557,42,10,4,2012,,1004039.84,1009887.36,981567.22,978004.81,40318.46378228747
22,2012-10-26,1094422.69,False,57.58,3.917,7330.98,111.86,152.91,536.08,708.93,142.7624113,7.543,B,119557,43,10,4,2012,,978027.95,1004039.84,1099351.68,992108.665,17329.858180877236
23,2011-02-04,1159438.53,False,14.5,3.24,,,,,,133.1834194,5.114,B,114533,5,2,1,2011,,1083657.61,1110706.06,1364721.58,1083288.5625,47186.40360122297
23,2011-02-11,1249786.4,True,21.52,3.255,,,,,,133.260871,5.114,B,114533,6,2,1,2011,Super Bowl,1159438.53,1083657.61,1380892.08,1092639.5750000002,59518.83663369696
23,2011-02-18,1369971.57,False,26.6,3.263,,,,,,133.3701429,5.114,B,114533,7,2,1,2011,,1249786.4,1159438.53,1319588.04,1150897.15,73003.46656761898
23,2011-02-25,1206917.2,False,17.0,3.281,,,,,,133.4921429,5.114,B,114533,8,2,1,2011,,1369971.57,1249786.4,1198709.65,1215713.5275,123237.09534433552
23,2011-03-04,1301185.28,False,20.67,3.437,,,,,,133.6141429,5.114,B,114533,9,3,1,2011,,1206917.2,1369971.57,1311175.93,1246528.4249999998,90189.65832382506
23,2011-03-11,1042043.55,False,29.36,3.6,,,,,,133.7361429,5.114,B,114533,10,3,1,2011,,1301185.28,1206917.2,1408082.96,1281965.1125,70195.46544992352
23,2011-03-18,1203682.62,False,37.28,3.634,,,,,,133.8492258,5.114,B,114533,11,3,1,2011,,1042043.55,1301185.28,1229008.32,1230029.4,142032.65327844795
23,2011-03-25,1148624.83,False,29.11,3.624,,,,,,133.9587419,5.114,B,114533,12,3,1,2011,,1203682.62,1042043.55,1310701.8,1188457.1625,107575.03108835468
23,2011-04-01,1182694.95,False,29.44,3.638,,,,,,134.0682581,4.781,B,114533,13,4,2,2011,,1148624.83,1203682.62,1556627.62,1173884.07,108187.34301943764
23,2011-04-08,1248901.98,False,36.74,3.72,,,,,,134.1777742,4.781,B,114533,14,4,2,2011,,1182694.95,1148624.83,1264434.7,1144261.4875,71822.80866096675
23,2011-04-15,1263680.51,False,45.51,3.823,,,,,,134.2784667,4.781,B,114533,15,4,2,2011,,1248901.98,1182694.95,1288823.72,1195976.095,41948.66283217236
23,2011-04-22,1447301.24,False,39.62,3.919,,,,,,134.3571,4.781,B,114533,16,4,2,2011,,1263680.51,1248901.98,1315023.08,1210975.5675,54478.22660484148
23,2011-04-29,1173307.4,False,54.2,3.988,,,,,,134.4357333,4.781,B,114533,17,4,2,2011,,1447301.24,1263680.51,1259414.52,1285644.67,113378.335768915
23,2011-05-06,1359921.13,False,50.07,4.078,,,,,,134.5143667,4.781,B,114533,18,5,2,2011,,1173307.4,1447301.24,1365552.28,1283297.7825,116279.73014016727
23,2011-05-13,1254914.87,False,55.12,4.095,,,,,,134.593,4.781,B,114533,19,5,2,2011,,1359921.13,1173307.4,1303055.09,1311052.57,118560.36459713454
23,2011-05-20,1337617.55,False,56.67,4.101,,,,,,134.6803871,4.781,B,114533,20,5,2,2011,,1254914.87,1359921.13,1327424.28,1308861.16,119802.33768129682
23,2011-05-27,1361945.18,False,63.27,4.034,,,,,,134.7677742,4.781,B,114533,21,5,2,2011,,1337617.55,1254914.87,1571158.56,1281440.2374999998,85071.43389358572
23,2011-06-03,1562161.97,False,67.21,3.973,,,,,,134.8551613,4.781,B,114533,22,6,2,2011,,1361945.18,1337617.55,1514435.51,1328599.6825,50344.57535963783
23,2011-06-10,1447028.06,False,65.23,3.924,,,,,,134.9425484,4.781,B,114533,23,6,2,2011,,1562161.97,1361945.18,1439432.06,1379159.8925,130318.4542216841
23,2011-06-17,1470520.83,False,61.06,3.873,,,,,,135.0837333,4.781,B,114533,24,6,2,2011,,1447028.06,1562161.97,1507708.93,1427188.19,101474.28513828167
23,2011-06-24,1434036.18,False,63.8,3.851,,,,,,135.2652667,4.781,B,114533,25,6,2,2011,,1470520.83,1447028.06,1415204.88,1460414.0099999998,82320.69264700137
23,2011-07-01,1492507.44,False,65.65,3.815,,,,,,135.4468,4.584,B,114533,26,7,3,2011,,1434036.18,1470520.83,1549113.18,1478436.76,57822.97893091787
23,2011-07-08,1379488.05,False,69.92,3.784,,,,,,135.6283333,4.584,B,114533,27,7,3,2011,,1492507.44,1434036.18,1417535.78,1461023.1275,25856.176154994137
23,2011-07-15,1360520.56,False,69.8,3.827,,,,,,135.7837419,4.584,B,114533,28,7,3,2011,,1379488.05,1492507.44,1413124.11,1444138.125,49387.31026952755
23,2011-07-22,1362144.0,False,76.74,3.882,,,,,,135.8738387,4.584,B,114533,29,7,3,2011,,1360520.56,1379488.05,1333634.45,1416638.0575,59408.62577765908
23,2011-07-29,1319767.55,False,69.55,3.898,,,,,,135.9639355,4.584,B,114533,30,7,3,2011,,1362144.0,1360520.56,1319773.55,1398665.0125,63147.81785717831
23,2011-08-05,1416344.68,False,69.53,3.903,,,,,,136.0540323,4.584,B,114533,31,8,3,2011,,1319767.55,1362144.0,1417013.07,1355480.04,25308.639440011244
23,2011-08-12,1380952.05,False,69.86,3.88,,,,,,136.144129,4.584,B,114533,32,8,3,2011,,1416344.68,1319767.55,1346345.97,1364694.1975,39623.64090347953
23,2011-08-19,1453416.53,False,67.09,3.82,,,,,,136.183129,4.584,B,114533,33,8,3,2011,,1380952.05,1416344.68,1439901.05,1369802.07,40218.71797794731
23,2011-08-26,1637266.29,False,67.04,3.796,,,,,,136.2136129,4.584,B,114533,34,8,3,2011,,1453416.53,1380952.05,1584623.36,1392620.2025,56870.31747518602
23,2011-09-02,1464295.69,False,65.33,3.784,,,,,,136.2440968,4.584,B,114533,35,9,3,2011,,1637266.29,1453416.53,1405119.23,1471994.8875000002,114084.08551964344
23,2011-09-09,1423289.9,True,66.04,3.809,,,,,,136.2745806,4.584,B,114533,36,9,3,2011,Labor Day,1464295.69,1637266.29,1272842.85,1483982.64,108678.49053347802
23,2011-09-16,1253329.17,False,60.52,3.809,,,,,,136.3145,4.584,B,114533,37,9,3,2011,,1423289.9,1464295.69,1159132.58,1494567.1025,96700.95783946448
23,2011-09-23,1289082.81,False,57.14,3.758,,,,,,136.367,4.584,B,114533,38,9,3,2011,,1253329.17,1423289.9,1099055.65,1444545.2625000002,157635.50603958094
23,2011-09-30,1275597.85,False,64.76,3.684,,,,,,136.4195,4.584,B,114533,39,9,3,2011,,1289082.81,1253329.17,1129909.44,1357499.3925,102088.3670380649
23,2011-10-07,1463501.99,False,49.0,3.633,,,,,,136.472,4.42,B,114533,40,10,4,2011,,1275597.85,1289082.81,1179851.68,1310324.9325,76739.38331022426
23,2011-10-14,1257778.34,False,56.79,3.583,,,,,,136.5150968,4.42,B,114533,41,10,4,2011,,1463501.99,1275597.85,1119809.71,1320377.955,96548.21398147973
23,2011-10-21,1441032.59,False,52.12,3.618,,,,,,136.5017742,4.42,B,114533,42,10,4,2011,,1257778.34,1463501.99,1147503.92,1321490.2475,95538.64195320924
23,2011-10-28,1407191.96,False,42.57,3.604,,,,,,136.4884516,4.42,B,114533,43,10,4,2011,,1441032.59,1257778.34,1112871.23,1359477.6925,107781.94353005703
23,2011-11-04,1428436.33,False,39.18,3.586,,,,,,136.475129,4.42,B,114533,44,11,4,2011,,1407191.96,1441032.59,1203119.96,1392376.22,92668.6084063582
23,2011-11-11,1436940.78,False,44.04,3.57,9157.72,9619.31,286.88,3834.44,3543.37,136.4618065,4.42,B,114533,45,11,4,2011,,1428436.33,1407191.96,1387953.75,1383609.805,85042.08605003213
23,2011-11-18,1345631.96,False,45.48,3.571,3761.33,206.48,140.88,529.68,5284.63,136.4666667,4.42,B,114533,46,11,4,2011,,1436940.78,1428436.33,1314994.32,1428400.415,15080.998341612596
23,2011-11-25,2057059.53,True,35.23,3.536,70.24,47.47,103991.94,7.0,677.31,136.4788,4.42,B,114533,47,11,4,2011,Thanksgiving,1345631.96,1436940.78,2072685.05,1404550.2575,41223.111558511286
23,2011-12-02,1552886.59,False,43.6,3.501,6134.68,50.47,8734.68,5080.3,20441.81,136.4909333,4.42,B,114533,48,12,4,2011,,2057059.53,1345631.96,1617025.41,1567017.15,329280.7526775343
23,2011-12-09,1841173.6,False,36.4,3.47,5491.42,,611.34,4318.8,13208.67,136.5030667,4.42,B,114533,49,12,4,2011,,1552886.59,2057059.53,1872365.99,1598129.715,317490.4221663885
23,2011-12-16,2173621.2,False,32.99,3.445,6112.33,19.18,738.38,591.22,4241.95,136.5335161,4.42,B,114533,50,12,4,2011,,1841173.6,1552886.59,2238573.48,1699187.92,313388.9588463222
23,2011-12-23,2587953.32,False,27.8,3.413,1003.58,14.2,1683.17,2.0,570.74,136.5883871,4.42,B,114533,51,12,4,2011,,2173621.2,1841173.6,2734277.1,1906185.23,272843.9685433399
23,2011-12-30,1213486.95,True,22.3,3.402,3895.97,50366.6,237.87,1099.12,2573.14,136.6432581,4.42,B,114533,52,12,4,2011,Christmas,2587953.32,2173621.2,1169773.85,2038908.6775,445314.1638544087
23,2012-01-06,1150662.55,False,24.29,3.439,4230.07,34854.95,38.18,2408.34,3931.61,136.698129,4.261,B,114533,1,1,1,2012,,1213486.95,2587953.32,1122034.48,1954058.7675,580580.0672233612
23,2012-01-13,1031451.35,False,28.49,3.523,2766.24,15216.56,4.84,807.22,2273.23,136.753,4.261,B,114533,2,1,1,2012,,1150662.55,1213486.95,1016756.1,1781431.005,712909.6920555056
23,2012-01-20,1146992.13,False,15.33,3.542,2437.41,4576.79,,2251.32,1848.96,136.8564194,4.261,B,114533,3,1,1,2012,,1031451.35,1150662.55,1110706.06,1495888.5425,731946.9537649918
23,2012-01-27,1037476.38,False,25.71,3.568,957.2,3319.68,,9.0,1709.6,136.9598387,4.261,B,114533,4,1,1,2012,,1146992.13,1031451.35,1083657.61,1135648.245,75872.63451611022
23,2012-02-03,1261872.67,False,29.71,3.633,35688.59,6055.11,132.8,43218.61,5335.65,137.0632581,4.261,B,114533,5,2,1,2012,,1037476.38,1146992.13,1159438.53,1091645.6025,66090.5714375251
23,2012-02-10,1358444.07,True,26.6,3.655,8770.83,8403.67,56.54,9800.67,6133.9,137.1666774,4.261,B,114533,6,2,1,2012,Super Bowl,1261872.67,1037476.38,1249786.4,1119448.1324999998,108790.65924769448
23,2012-02-17,1365546.69,False,27.01,3.703,8924.48,10140.32,1.88,6699.65,2236.81,137.2583103,4.261,B,114533,7,2,1,2012,,1358444.07,1261872.67,1369971.57,1201196.3125,139224.98254808737
23,2012-02-24,1272948.27,False,31.12,3.751,18500.67,10478.33,,7541.62,7320.47,137.3411034,4.261,B,114533,8,2,1,2012,,1365546.69,1358444.07,1206917.2,1255834.9525,153060.13693561347
23,2012-03-02,1322852.2,False,25.91,3.827,29917.01,4311.34,32.93,23421.73,2723.0,137.4238966,4.261,B,114533,9,3,1,2012,,1272948.27,1365546.69,1301185.28,1314702.925,54872.16435443689
23,2012-03-09,1292724.9,False,33.11,3.876,8575.57,1125.61,5.08,4365.63,2742.87,137.5066897,4.261,B,114533,10,3,1,2012,,1322852.2,1272948.27,1042043.55,1329947.8075,42342.30482124747
23,2012-03-16,1258364.31,False,41.19,3.867,5739.62,110.48,6.03,3380.28,838.7,137.5843871,4.261,B,114533,11,3,1,2012,,1292724.9,1322852.2,1203682.62,1313518.015,40300.40476487721
23,2012-03-23,1288154.1,False,57.82,3.889,3502.06,72.5,6.97,276.39,1541.93,137.6552903,4.261,B,114533,12,3,1,2012,,1258364.31,1292724.9,1148624.83,1286722.42,27900.42042690547
23,2012-03-30,1261964.96,False,36.71,3.921,8920.01,116.41,7.09,1010.3,3025.4,137.7261935,4.261,B,114533,13,3,1,2012,,1288154.1,1258364.31,1182694.95,1290523.8775,26393.298157530506
23,2012-04-06,1604605.69,False,37.43,3.957,8261.41,,60.0,3647.54,3494.82,137.7970968,4.125,B,114533,14,4,2,2012,,1261964.96,1288154.1,1248901.98,1275302.0675,17639.878091986157
23,2012-04-13,1231752.54,False,41.81,4.025,4460.9,4852.66,25.17,2064.48,1879.86,137.868,4.125,B,114533,15,4,2,2012,,1604605.69,1261964.96,1263680.51,1353272.265,168080.74429059713
23,2012-04-20,1287899.41,False,56.55,4.046,2438.53,6551.03,30.84,502.31,4874.16,137.9230667,4.125,B,114533,16,4,2,2012,,1231752.54,1604605.69,1447301.24,1346619.3225,173527.98705108417
23,2012-04-27,1277758.76,False,44.62,4.023,2622.72,1325.48,27.04,2.0,2132.69,137.9781333,4.125,B,114533,17,4,2,2012,,1287899.41,1231752.54,1173307.4,1346555.65,173556.63488257263
23,2012-05-04,1317379.68,False,45.88,3.991,9941.93,,99.93,4899.79,2841.41,138.0332,4.125,B,114533,18,5,2,2012,,1277758.76,1287899.41,1359921.13,1350504.1,171153.71526269772
23,2012-05-11,1321914.34,False,52.9,3.947,8839.9,,58.82,1419.42,2237.57,138.0882667,4.125,B,114533,19,5,2,2012,,1317379.68,1277758.76,1254914.87,1278697.5975,35523.21634908917
23,2012-05-18,1332952.47,False,58.42,3.899,9364.2,,104.01,516.81,1374.13,138.1065806,4.125,B,114533,20,5,2,2012,,1321914.34,1317379.68,1337617.55,1301238.0475,21735.20618087527
23,2012-05-25,1552934.64,False,66.43,3.85,7101.14,,246.45,1017.09,2752.95,138.1101935,4.125,B,114533,21,5,2,2012,,1332952.47,1321914.34,1361945.18,1312501.3125,24067.255441689456
23,2012-06-01,1476144.34,False,66.22,3.798,4238.85,92.2,61.64,1401.23,2312.38,138.1138065,4.125,B,114533,22,6,2,2012,,1552934.64,1332952.47,1562161.97,1381295.2825,114612.96776332289
23,2012-06-08,1568048.54,False,56.82,3.746,7565.4,503.4,220.02,2581.42,6208.43,138.1174194,4.125,B,114533,23,6,2,2012,,1476144.34,1552934.64,1447028.06,1420986.4475,112572.91309490716
23,2012-06-15,1543667.68,False,64.73,3.683,4810.62,442.3,41.03,1361.6,2213.38,138.1295333,4.125,B,114533,24,6,2,2012,,1568048.54,1476144.34,1470520.83,1482519.9974999998,107524.33484502805
23,2012-06-22,1522042.57,False,71.82,3.629,5810.83,658.1,8.28,2064.37,5454.93,138.1629,4.125,B,114533,25,6,2,2012,,1543667.68,1568048.54,1434036.18,1535198.7999999998,40631.74708245695
23,2012-06-29,1451782.16,False,64.23,3.577,2621.06,199.8,,343.88,1888.97,138.1962667,4.125,B,114533,26,6,2,2012,,1522042.57,1543667.68,1492507.44,1527475.7825,39041.69985628353
23,2012-07-06,1545370.16,False,70.86,3.538,6918.05,103.8,26.79,6112.89,5184.17,138.2296333,4.156,B,114533,27,7,3,2012,,1451782.16,1522042.57,1379488.05,1521385.2375,50063.26506684009
23,2012-07-13,1384921.63,False,69.19,3.561,4159.57,99.3,0.47,3148.73,1106.63,138.263,4.156,B,114533,28,7,3,2012,,1545370.16,1451782.16,1360520.56,1515715.6425,43925.0384356748
23,2012-07-20,1381339.23,False,71.13,3.61,2538.45,5.7,38.15,437.8,1377.22,138.2331935,4.156,B,114533,29,7,3,2012,,1384921.63,1545370.16,1362144.0,1476029.13,72603.73546984344
23,2012-07-27,1322932.36,False,69.31,3.701,3050.22,205.08,7.05,3797.44,3275.95,138.2033871,4.156,B,114533,30,7,3,2012,,1381339.23,1384921.63,1319767.55,1440853.295,76840.72323560556
23,2012-08-03,1416926.31,False,71.51,3.698,2030.27,77.84,25.26,1810.24,1863.72,138.1735806,4.156,B,114533,31,8,3,2012,,1322932.36,1381339.23,1416344.68,1408640.845,95479.1937600178
23,2012-08-10,1436311.76,False,71.12,3.772,23983.92,144.9,106.86,13110.54,4860.8,138.1437742,4.156,B,114533,32,8,3,2012,,1416926.31,1322932.36,1380952.05,1376529.8824999998,39149.78510958799
23,2012-08-17,1510131.45,False,69.97,3.84,2665.76,33.79,50.4,1135.93,3513.48,138.1857097,4.156,B,114533,33,8,3,2012,,1436311.76,1416926.31,1453416.53,1389377.415,49804.05642230245
23,2012-08-24,1702220.96,False,64.63,3.874,3082.87,134.11,55.0,5325.05,5906.69,138.2814516,4.156,B,114533,34,8,3,2012,,1510131.45,1436311.76,1637266.29,1421575.4700000002,77052.79072580097
23,2012-08-31,1577468.78,False,68.34,3.884,17318.35,23.29,118.36,4812.58,3030.79,138.3771935,4.156,B,114533,35,8,3,2012,,1702220.96,1510131.45,1464295.69,1516397.62,130227.8324837915
23,2012-09-07,1427162.26,True,66.74,3.921,13578.43,91.22,85.23,1288.27,4827.11,138.4729355,4.156,B,114533,36,9,3,2012,Labor Day,1577468.78,1702220.96,1423289.9,1556533.2374999998,112944.73421764487
23,2012-09-14,1279041.64,False,61.37,3.988,5186.12,,21.5,990.89,7934.73,138.5673,4.156,B,114533,37,9,3,2012,,1427162.26,1577468.78,1253329.17,1554245.8624999998,116235.76155375384
23,2012-09-21,1338627.55,False,56.8,4.056,7503.68,200.82,10.5,1993.04,6412.69,138.6534,4.156,B,114533,38,9,3,2012,,1279041.64,1427162.26,1289082.81,1496473.41,183460.18134016104
23,2012-09-28,1319035.06,False,53.71,4.018,4330.13,60.55,4.72,2646.89,3369.45,138.7395,4.156,B,114533,39,9,3,2012,,1338627.55,1279041.64,1275597.85,1405575.0575,129751.21534610688
23,2012-10-05,1464616.59,False,56.65,4.027,5347.45,,6.73,2506.49,3127.25,138.8256,4.145,B,114533,40,10,4,2012,,1319035.06,1338627.55,1463501.99,1340966.6275,62585.55764048011
23,2012-10-12,1412925.25,False,48.1,4.029,1557.1,,1.12,998.46,5518.58,138.9117,4.145,B,114533,41,10,4,2012,,1464616.59,1319035.06,1257778.34,1350330.21,80124.43557939238
23,2012-10-19,1363155.77,False,47.89,4.0,1134.33,,2.15,625.26,1894.98,138.8336129,4.145,B,114533,42,10,4,2012,,1412925.25,1464616.59,1441032.59,1383801.1125,67366.28507408047
23,2012-10-26,1347454.59,False,50.56,3.917,4782.75,124.72,118.91,1316.96,738.09,138.7281613,4.145,B,114533,43,10,4,2012,,1363155.77,1412925.25,1407191.96,1389933.1675000002,62848.54842650319
24,2011-02-04,1225182.04,False,23.83,3.4,,,,,,133.1834194,8.252,A,203819,5,2,1,2011,,1126921.34,1107170.39,1388725.63,1145118.41,33698.38079294672
24,2011-02-11,1341240.62,True,26.51,3.416,,,,,,133.260871,8.252,A,203819,6,2,1,2011,Super Bowl,1225182.04,1126921.34,1414107.1,1156753.4925000002,52126.81725356285
24,2011-02-18,1360150.12,False,34.04,3.42,,,,,,133.3701429,8.252,A,203819,7,2,1,2011,,1341240.62,1225182.04,1385362.49,1200128.5975,107301.45815633274
24,2011-02-25,1235121.33,False,26.09,3.452,,,,,,133.4921429,8.252,A,203819,8,2,1,2011,,1360150.12,1341240.62,1158722.74,1263373.5300000005,108791.51642984003
24,2011-03-04,1346994.53,False,31.36,3.605,,,,,,133.6141429,8.252,A,203819,9,3,1,2011,,1235121.33,1360150.12,1412387.37,1290423.5275,70140.23888220041
24,2011-03-11,1253218.7,False,39.51,3.752,,,,,,133.7361429,8.252,A,203819,10,3,1,2011,,1346994.53,1235121.33,1309340.16,1320876.65,57715.43780768651
24,2011-03-18,1168397.26,False,43.39,3.796,,,,,,133.8492258,8.252,A,203819,11,3,1,2011,,1253218.7,1346994.53,1222511.29,1298871.17,63820.47113562328
24,2011-03-25,1158693.12,False,36.88,3.789,,,,,,133.9587419,8.252,A,203819,12,3,1,2011,,1168397.26,1253218.7,1258311.56,1250932.955,73700.29230145439
24,2011-04-01,1163803.3,False,35.73,3.811,,,,,,134.0682581,8.212,A,203819,13,4,2,2011,,1158693.12,1168397.26,1478321.26,1231825.9025,87736.46355363511
24,2011-04-08,1273670.32,False,44.7,3.895,,,,,,134.1777742,8.212,A,203819,14,4,2,2011,,1163803.3,1158693.12,1379579.63,1186028.095,44968.75253664509
24,2011-04-15,1245576.65,False,52.36,3.981,,,,,,134.2784667,8.212,A,203819,15,4,2,2011,,1273670.32,1163803.3,1268266.72,1191141.0,55162.128091153805
24,2011-04-22,1372484.9,False,46.0,4.061,,,,,,134.3571,8.212,A,203819,16,4,2,2011,,1245576.65,1273670.32,1264117.01,1210435.8475,57980.970579942325
24,2011-04-29,1197761.17,False,60.48,4.117,,,,,,134.4357333,8.212,A,203819,17,4,2,2011,,1372484.9,1245576.65,1259877.19,1263883.7925,86103.10315022086
24,2011-05-06,1339630.35,False,55.75,4.192,,,,,,134.5143667,8.212,A,203819,18,5,2,2011,,1197761.17,1372484.9,1409705.03,1272373.26,73731.59682206233
24,2011-05-13,1311950.16,False,58.49,4.211,,,,,,134.593,8.212,A,203819,19,5,2,2011,,1339630.35,1197761.17,1346783.35,1288863.2674999998,81123.76863167726
24,2011-05-20,1234281.7,False,59.84,4.202,,,,,,134.6803871,8.212,A,203819,20,5,2,2011,,1311950.16,1339630.35,1283482.85,1305456.645,75941.0081451449
24,2011-05-27,1311153.72,False,65.74,4.134,,,,,,134.7677742,8.212,A,203819,21,5,2,2011,,1234281.7,1311950.16,1473868.15,1270905.845,66078.65227426829
24,2011-06-03,1554837.62,False,73.12,4.069,,,,,,134.8551613,8.212,A,203819,22,6,2,2011,,1311153.72,1234281.7,1566668.91,1299253.9825,45293.2858211726
24,2011-06-10,1373841.91,False,70.02,4.025,,,,,,134.9425484,8.212,A,203819,23,6,2,2011,,1554837.62,1311153.72,1375458.21,1353055.8,139366.00214478225
24,2011-06-17,1320359.23,False,64.34,3.989,,,,,,135.0837333,8.212,A,203819,24,6,2,2011,,1373841.91,1554837.62,1354168.18,1368528.7375,136691.12286595302
24,2011-06-24,1304850.67,False,68.88,3.964,,,,,,135.2652667,8.212,A,203819,25,6,2,2011,,1320359.23,1373841.91,1399073.75,1390048.12,113282.96178685484
24,2011-07-01,1445596.61,False,70.27,3.916,,,,,,135.4468,8.358,A,203819,26,7,3,2011,,1304850.67,1320359.23,1563387.94,1388472.3575,114780.13085739614
24,2011-07-08,1567340.07,False,72.56,3.886,,,,,,135.6283333,8.358,A,203819,27,7,3,2011,,1445596.61,1304850.67,1665502.55,1361162.105,63576.2413942447
24,2011-07-15,1356938.95,False,74.43,3.915,,,,,,135.7837419,8.358,A,203819,28,7,3,2011,,1567340.07,1445596.61,1418697.05,1409536.645,122629.53250245836
24,2011-07-22,1357672.24,False,79.29,3.972,,,,,,135.8738387,8.358,A,203819,29,7,3,2011,,1356938.95,1567340.07,1333740.35,1418681.5750000002,114881.66943965378
24,2011-07-29,1310973.06,False,74.84,4.004,,,,,,135.9639355,8.358,A,203819,30,7,3,2011,,1357672.24,1356938.95,1387517.63,1431886.9675,99432.6042761839
24,2011-08-05,1417616.81,False,74.64,4.02,,,,,,136.0540323,8.358,A,203819,31,8,3,2011,,1310973.06,1357672.24,1442819.28,1398231.08,114835.9294170351
24,2011-08-12,1402818.01,False,72.52,3.995,,,,,,136.144129,8.358,A,203819,32,8,3,2011,,1417616.81,1310973.06,1384243.75,1360800.265,43724.762007276295
24,2011-08-19,1352039.88,False,69.93,3.942,,,,,,136.183129,8.358,A,203819,33,8,3,2011,,1402818.01,1417616.81,1375307.54,1372270.03,48166.11375408268
24,2011-08-26,1402372.09,False,69.94,3.906,,,,,,136.2136129,8.358,A,203819,34,8,3,2011,,1352039.88,1402818.01,1350059.35,1370861.94,48813.099911327445
24,2011-09-02,1196105.44,False,68.14,3.879,,,,,,136.2440968,8.358,A,203819,35,9,3,2011,,1402372.09,1352039.88,1366381.6,1393711.6975,28670.08954173016
24,2011-09-09,1527455.19,True,68.32,3.93,,,,,,136.2745806,8.358,A,203819,36,9,3,2011,Labor Day,1196105.44,1402372.09,1474498.59,1338333.855,97768.22752934994
24,2011-09-16,1227535.97,False,65.56,3.937,,,,,,136.3145,8.358,A,203819,37,9,3,2011,,1527455.19,1196105.44,1273295.46,1369493.15,137114.241163129
24,2011-09-23,1232376.49,False,60.61,3.899,,,,,,136.367,8.358,A,203819,38,9,3,2011,,1227535.97,1527455.19,1169413.27,1338367.1725,155319.9534377986
24,2011-09-30,1246242.61,False,68.0,3.858,,,,,,136.4195,8.358,A,203819,39,9,3,2011,,1232376.49,1227535.97,1215273.2,1295868.2725,155226.32198991903
24,2011-10-07,1405914.39,False,53.87,3.775,,,,,,136.472,8.454,A,203819,40,10,4,2011,,1246242.61,1232376.49,1361944.94,1308402.565,146250.10859459508
24,2011-10-14,1333315.03,False,60.21,3.744,,,,,,136.5150968,8.454,A,203819,41,10,4,2011,,1405914.39,1246242.61,1300806.74,1278017.365,85632.44083693353
24,2011-10-21,1283563.43,False,56.6,3.757,,,,,,136.5017742,8.454,A,203819,42,10,4,2011,,1333315.03,1405914.39,1234875.33,1304462.13,81057.39304295003
24,2011-10-28,1307142.75,False,48.0,3.757,,,,,,136.4884516,8.454,A,203819,43,10,4,2011,,1283563.43,1333315.03,1244925.94,1317258.865,69032.10210135873
24,2011-11-04,1385860.38,False,39.87,3.738,,,,,,136.475129,8.454,A,203819,44,11,4,2011,,1307142.75,1283563.43,1285358.01,1332483.9,53003.50273664446
24,2011-11-11,1425078.59,False,46.78,3.719,9391.17,20595.49,686.11,5950.16,6034.65,136.4618065,8.454,A,203819,45,11,4,2011,,1385860.38,1307142.75,1312877.01,1327470.3975,43911.2166131493
24,2011-11-18,1297535.69,False,48.17,3.717,9025.52,794.02,198.98,2629.75,5364.55,136.4666667,8.454,A,203819,46,11,4,2011,,1425078.59,1385860.38,1277150.6,1350411.2875,66263.73219046534
24,2011-11-25,1761235.67,True,41.83,3.689,2571.98,66.94,64304.51,221.93,3661.62,136.4788,8.454,A,203819,47,11,4,2011,Thanksgiving,1297535.69,1425078.59,1779276.51,1353904.3525,61781.96435231967
24,2011-12-02,1335647.1,False,47.21,3.666,4825.79,126.88,1601.23,6002.36,19966.73,136.4909333,8.454,A,203819,48,12,4,2011,,1761235.67,1297535.69,1413302.7,1467427.5825,203005.00248933028
24,2011-12-09,1529615.54,False,42.3,3.627,8915.25,,209.71,2399.76,23368.58,136.5030667,8.454,A,203819,49,12,4,2011,,1335647.1,1761235.67,1593012.75,1454874.2625000002,211120.53175003
24,2011-12-16,1624994.43,False,36.0,3.611,6244.37,9.09,143.42,1766.33,5516.14,136.5335161,8.454,A,203819,50,12,4,2011,,1529615.54,1335647.1,1663525.77,1481008.5,212667.28298998348
24,2011-12-23,2168344.23,False,36.93,3.587,1813.06,632.93,1633.67,51.66,1309.54,136.5883871,8.454,A,203819,51,12,4,2011,,1624994.43,1529615.54,2386015.75,1562873.185,178833.71157875165
24,2011-12-30,1363973.16,True,33.45,3.566,5743.34,44499.08,228.23,1242.49,4310.79,136.6432581,8.454,A,203819,52,12,4,2011,Christmas,2168344.23,1624994.43,1208600.05,1664650.325,356724.756249032
24,2012-01-06,1251581.89,False,32.86,3.585,7325.68,25367.9,203.51,1745.2,3261.35,136.698129,8.659,A,203819,1,1,1,2012,,1363973.16,2168344.23,1178641.71,1671731.84,348195.6821654789
24,2012-01-13,1155594.2,False,36.5,3.666,3545.34,8743.62,127.43,819.74,4434.08,136.753,8.659,A,203819,2,1,1,2012,,1251581.89,1363973.16,1167740.2,1602223.4275,408543.7387282958
24,2012-01-20,1151993.85,False,25.73,3.705,2809.05,7169.67,171.45,730.64,3663.25,136.8564194,8.659,A,203819,3,1,1,2012,,1155594.2,1251581.89,1107170.39,1484873.37,463536.7528339983
24,2012-01-27,1057290.41,False,31.92,3.737,755.78,4142.75,190.3,90.5,2594.66,136.9598387,8.659,A,203819,4,1,1,2012,,1151993.85,1155594.2,1126921.34,1230785.775,100055.48180621004
24,2012-02-03,1249696.97,False,38.61,3.796,65021.23,4189.09,254.01,47452.43,7146.25,137.0632581,8.659,A,203819,5,2,1,2012,,1057290.41,1151993.85,1225182.04,1154115.0875,79333.64814686884
24,2012-02-10,1403460.87,True,33.82,3.826,11788.06,6777.04,73.29,11571.69,4451.85,137.1666774,8.659,A,203819,6,2,1,2012,Super Bowl,1249696.97,1057290.41,1341240.62,1153643.8575,78563.59128479252
24,2012-02-17,1326370.08,False,33.92,3.874,12244.57,10925.86,25.52,15725.51,5533.12,137.2583103,8.659,A,203819,7,2,1,2012,,1403460.87,1249696.97,1360150.12,1215610.525,147830.959771656
24,2012-02-24,1303233.15,False,37.35,3.917,10065.77,10556.73,2.2,6791.1,9440.12,137.3411034,8.659,A,203819,8,2,1,2012,,1326370.08,1403460.87,1235121.33,1259204.5825,148526.99899290563
24,2012-03-02,1213994.39,False,35.36,3.983,5903.53,3495.48,18.15,110.37,3688.64,137.4238966,8.659,A,203819,9,3,1,2012,,1303233.15,1326370.08,1346994.53,1320690.2675,63843.64272601368
24,2012-03-09,1325835.7,False,41.5,4.021,21306.54,1190.23,2.49,34839.93,3932.94,137.5066897,8.659,A,203819,10,3,1,2012,,1213994.39,1303233.15,1253218.7,1311764.6225,78002.83238551475
24,2012-03-16,1239299.12,False,48.68,4.021,10310.26,920.9,1.02,3250.66,1844.03,137.5843871,8.659,A,203819,11,3,1,2012,,1325835.7,1213994.39,1168397.26,1292358.33,53343.86013571377
24,2012-03-23,1221723.94,False,59.51,4.054,5283.83,652.04,3.4,552.16,3402.95,137.6552903,8.659,A,203819,12,3,1,2012,,1239299.12,1325835.7,1158693.12,1270590.59,52598.621184295735
24,2012-03-30,1230106.13,False,47.28,4.098,11314.86,475.99,4.0,5456.51,1749.37,137.7261935,8.659,A,203819,13,3,1,2012,,1221723.94,1239299.12,1163803.3,1250213.2875,51514.786814500105
24,2012-04-06,1524734.29,False,45.25,4.143,24195.01,,59.68,3082.34,5170.39,137.7970968,8.983,A,203819,14,4,2,2012,,1230106.13,1221723.94,1273670.32,1254241.2225,48266.31671185592
24,2012-04-13,1285783.87,False,48.65,4.187,4765.31,5896.55,57.4,1204.7,3980.37,137.868,8.983,A,203819,15,4,2,2012,,1524734.29,1230106.13,1245576.65,1303965.87,147353.85988367329
24,2012-04-20,1208654.4,False,61.05,4.17,10959.96,3425.69,79.48,1682.87,4506.82,137.9230667,8.983,A,203819,16,4,2,2012,,1285783.87,1524734.29,1372484.9,1315587.0575,142300.23265458664
24,2012-04-27,1194334.65,False,49.26,4.163,12968.26,729.55,39.25,1121.45,15101.9,137.9781333,8.983,A,203819,17,4,2,2012,,1208654.4,1285783.87,1197761.17,1312319.6725,145292.43365811024
24,2012-05-04,1306551.71,False,52.14,4.124,19129.69,192.0,195.04,5860.88,4953.15,138.0332,8.983,A,203819,18,5,2,2012,,1194334.65,1208654.4,1339630.35,1303376.8025,152939.17429648057
24,2012-05-11,1355391.79,False,58.7,4.055,6503.15,-192.0,97.28,1798.06,1286.62,138.0882667,8.983,A,203819,19,5,2,2012,,1306551.71,1194334.65,1311950.16,1248831.1575,55621.35775319002
24,2012-05-18,1298809.8,False,63.1,4.029,5955.53,,187.0,1529.05,4424.94,138.1065806,8.983,A,203819,20,5,2,2012,,1355391.79,1306551.71,1234281.7,1266233.1375,77587.70547136899
24,2012-05-25,1407897.57,False,65.79,3.979,15776.58,,624.13,3992.12,3763.4,138.1101935,8.983,A,203819,21,5,2,2012,,1298809.8,1355391.79,1311153.72,1288771.9874999998,67758.1114730689
24,2012-06-01,1467722.19,False,71.79,3.915,5320.71,42.2,204.43,883.54,2374.74,138.1138065,8.983,A,203819,22,6,2,2012,,1407897.57,1298809.8,1554837.62,1342162.7175,50476.722368942006
24,2012-06-08,1406313.13,False,59.93,3.871,15742.14,250.6,35.76,3050.95,7604.47,138.1174194,8.983,A,203819,23,6,2,2012,,1467722.19,1407897.57,1373841.91,1382455.3375,72219.0069090517
24,2012-06-15,1364445.98,False,68.28,3.786,11618.99,217.9,9.33,2449.86,5633.09,138.1295333,8.983,A,203819,24,6,2,2012,,1406313.13,1467722.19,1320359.23,1395185.6725,70321.32872187087
24,2012-06-22,1434709.63,False,72.29,3.722,8790.16,749.1,30.57,4434.39,7308.24,138.1629,8.983,A,203819,25,6,2,2012,,1364445.98,1406313.13,1304850.67,1411594.7175,42484.74503959568
24,2012-06-29,1428869.9,False,70.4,3.667,5708.44,329.3,,1310.41,4292.22,138.1962667,8.983,A,203819,26,6,2,2012,,1434709.63,1364445.98,1445596.61,1418297.7325,43801.70971976355
24,2012-07-06,1645097.75,False,77.18,3.646,2920.43,559.3,181.49,1218.55,3889.14,138.2296333,8.953,A,203819,27,7,3,2012,,1428869.9,1434709.63,1567340.07,1408584.66,31871.55440222047
24,2012-07-13,1405475.78,False,75.36,3.689,7991.43,136.9,111.69,5852.88,4022.09,138.263,8.953,A,203819,28,7,3,2012,,1645097.75,1428869.9,1356938.95,1468280.815,122101.25053374308
24,2012-07-20,1394299.0,False,76.42,3.732,571.85,126.88,145.72,614.55,1867.65,138.2331935,8.953,A,203819,29,7,3,2012,,1405475.78,1645097.75,1357672.24,1478538.265,111755.81190789076
24,2012-07-27,1307339.14,False,73.62,3.82,4638.37,501.84,15.86,4124.82,4218.24,138.2033871,8.953,A,203819,30,7,3,2012,,1394299.0,1405475.78,1310973.06,1468435.6075,118652.34125110134
24,2012-08-03,1440374.13,False,73.26,3.819,11887.54,557.1,138.39,9345.76,2781.67,138.1735806,8.953,A,203819,31,8,3,2012,,1307339.14,1394299.0,1417616.81,1438052.9175,144832.46583272496
24,2012-08-10,1497054.81,False,75.53,3.863,37938.11,798.52,178.81,12823.7,5682.73,138.1437742,8.953,A,203819,32,8,3,2012,,1440374.13,1307339.14,1402818.01,1386872.0125,56536.75705121338
24,2012-08-17,1397970.54,False,72.87,3.963,4703.02,262.05,9.3,4744.01,1858.94,138.1857097,8.953,A,203819,33,8,3,2012,,1497054.81,1440374.13,1352039.88,1409766.77,80180.3876880132
24,2012-08-24,1303726.54,False,68.13,3.997,8778.19,280.89,91.01,8868.81,3798.51,138.2814516,8.953,A,203819,34,8,3,2012,,1397970.54,1497054.81,1402372.09,1410684.655,79965.01900070095
24,2012-08-31,1344558.92,False,71.18,4.026,34000.98,79.5,69.24,8772.12,4937.68,138.3771935,8.953,A,203819,35,8,3,2012,,1303726.54,1397970.54,1196105.44,1409781.505,81526.46393532875
24,2012-09-07,1477134.75,True,72.81,4.076,15092.87,60.92,89.01,2756.36,4563.61,138.4729355,8.953,A,203819,36,9,3,2012,Labor Day,1344558.92,1303726.54,1527455.19,1385827.7025,83591.52915268231
24,2012-09-14,1242909.53,False,64.28,4.088,8179.55,1.0,30.77,1838.92,3353.34,138.5673,8.953,A,203819,37,9,3,2012,,1477134.75,1344558.92,1227535.97,1380847.6875,74897.56676288192
24,2012-09-21,1261158.47,False,61.25,4.203,11768.07,1.91,56.98,873.12,6190.47,138.6534,8.953,A,203819,38,9,3,2012,,1242909.53,1477134.75,1232376.49,1342082.435,99250.02188447182
24,2012-09-28,1259278.36,False,58.86,4.158,11941.13,15.28,21.76,984.11,7013.13,138.7395,8.953,A,203819,39,9,3,2012,,1261158.47,1242909.53,1246242.61,1331440.4175,106733.6307767979
24,2012-10-05,1416720.54,False,60.35,4.151,10349.0,,16.05,5824.86,2770.76,138.8256,8.693,A,203819,40,10,4,2012,,1259278.36,1261158.47,1405914.39,1310120.2775,111644.19341925195
24,2012-10-12,1416301.17,False,51.64,4.186,5138.51,,141.88,407.81,3284.69,138.9117,8.693,A,203819,41,10,4,2012,,1416720.54,1259278.36,1333315.03,1295016.725,81548.73904776371
24,2012-10-19,1255414.84,False,52.59,4.153,3446.7,,101.0,111.46,5963.01,138.8336129,8.693,A,203819,42,10,4,2012,,1416301.17,1416720.54,1283563.43,1338364.635,90238.90909424456
24,2012-10-26,1307182.29,False,55.16,4.071,10844.38,104.16,105.09,1795.68,3059.8,138.7281613,8.693,A,203819,43,10,4,2012,,1255414.84,1416301.17,1307142.75,1336928.7275,91907.22024356696
25,2011-02-04,639830.45,False,23.94,3.231,,,,,,205.7329407,7.343,B,128107,5,2,1,2011,,600448.6900000001,568093.57,677231.63,574924.4299999999,17934.055033993347
25,2011-02-11,615666.78,True,21.18,3.239,,,,,,206.0763862,7.343,B,128107,6,2,1,2011,Super Bowl,639830.45,600448.6900000001,583364.02,595183.385,33044.46975072236
25,2011-02-18,634637.03,False,38.42,3.245,,,,,,206.3694701,7.343,B,128107,7,2,1,2011,,615666.78,639830.45,676260.67,606009.8725,30031.428376322678
25,2011-02-25,570816.34,False,28.36,3.274,,,,,,206.6424093,7.343,B,128107,8,2,1,2011,,634637.03,615666.78,628516.5700000001,622645.7375,18078.718658798814
25,2011-03-04,640912.1799999999,False,31.59,3.433,,,,,,206.9153485,7.343,B,128107,9,3,1,2011,,570816.34,634637.03,665750.0599999999,615237.65,31382.47223582577
25,2011-03-11,599828.39,False,36.73,3.582,,,,,,207.1882876,7.343,B,128107,10,3,1,2011,,640912.1799999999,570816.34,660619.99,615508.0825,31668.39557471455
25,2011-03-18,603393.64,False,40.94,3.631,,,,,,207.4283845,7.343,B,128107,11,3,1,2011,,599828.39,640912.1799999999,659795.84,611548.485,32617.86707404303
25,2011-03-25,616324.24,False,38.51,3.625,,,,,,207.6553444,7.343,B,128107,12,3,1,2011,,603393.64,599828.39,696687.6,603737.6375,28758.52910856062
25,2011-04-01,618377.79,False,28.5,3.638,,,,,,207.8823043,7.287,B,128107,13,4,2,2011,,616324.24,603393.64,822486.37,615114.6125,18601.32147878029
25,2011-04-08,648606.13,False,42.11,3.72,,,,,,208.1092642,7.287,B,128107,14,4,2,2011,,618377.79,616324.24,712647.97,609481.015,9241.421924902746
25,2011-04-15,674562.45,False,51.43,3.821,,,,,,208.3172811,7.287,B,128107,15,4,2,2011,,648606.13,618377.79,715311.6,621675.45,19139.80243783382
25,2011-04-22,756588.42,False,45.87,3.892,,,,,,208.4779405,7.287,B,128107,16,4,2,2011,,674562.45,648606.13,694531.72,639467.6525,27661.986100048365
25,2011-04-29,649245.0,False,58.43,3.962,,,,,,208.6386,7.287,B,128107,17,4,2,2011,,756588.42,674562.45,706924.02,674533.6975,59325.94433824497
25,2011-05-06,659446.55,False,49.5,4.046,,,,,,208.7992595,7.287,B,128107,18,5,2,2011,,649245.0,756588.42,724468.97,682250.5,51011.56445903728
25,2011-05-13,684783.15,False,60.1,4.066,,,,,,208.9599189,7.287,B,128107,19,5,2,2011,,659446.55,649245.0,698073.95,684960.605,48871.385466129504
25,2011-05-20,677971.33,False,56.56,4.062,,,,,,208.7583165,7.287,B,128107,20,5,2,2011,,684783.15,659446.55,704113.22,687515.78,48411.53835567007
25,2011-05-27,718373.9400000001,False,67.18,3.985,,,,,,208.556714,7.287,B,128107,21,5,2,2011,,677971.33,684783.15,792442.54,667861.5075000001,16390.407327696405
25,2011-06-03,737551.74,False,70.69,3.922,,,,,,208.3551116,7.287,B,128107,22,6,2,2011,,718373.9400000001,677971.33,764155.44,685143.7425,24604.642219792768
25,2011-06-10,740259.63,False,71.45,3.881,,,,,,208.1535092,7.287,B,128107,23,6,2,2011,,737551.74,718373.9400000001,737163.2,704670.04,28150.266900072565
25,2011-06-17,717373.43,False,63.58,3.842,,,,,,208.1265604,7.287,B,128107,24,6,2,2011,,740259.63,737551.74,780444.94,718539.16,28746.20638063613
25,2011-06-24,699270.1,False,70.71,3.804,,,,,,208.2306018,7.287,B,128107,25,6,2,2011,,717373.43,740259.63,737569.14,728389.685,12199.888910093629
25,2011-07-01,706206.86,False,66.61,3.748,,,,,,208.3346432,7.274,B,128107,26,7,3,2011,,699270.1,717373.43,759407.87,723613.725,19173.83438644688
25,2011-07-08,698529.64,False,71.64,3.711,,,,,,208.4386847,7.274,B,128107,27,7,3,2011,,706206.86,699270.1,719591.13,715777.5050000001,17944.479993125817
25,2011-07-15,680510.23,False,72.67,3.76,,,,,,208.5309337,7.274,B,128107,28,7,3,2011,,698529.64,706206.86,726997.84,705345.0075,8732.687117255706
25,2011-07-22,670854.96,False,78.1,3.811,,,,,,208.5937018,7.274,B,128107,29,7,3,2011,,680510.23,698529.64,665290.93,696129.2074999999,10971.764062654103
25,2011-07-29,668390.82,False,74.72,3.829,,,,,,208.6564699,7.274,B,128107,30,7,3,2011,,670854.96,680510.23,682124.34,689025.4225,16209.114263580628
25,2011-08-05,679706.01,False,74.0,3.842,,,,,,208.719238,7.274,B,128107,31,8,3,2011,,668390.82,670854.96,699464.4299999999,679571.4125,13678.18166613812
25,2011-08-12,667130.48,False,70.93,3.812,,,,,,208.7820061,7.274,B,128107,32,8,3,2011,,679706.01,668390.82,686072.39,674865.5049999999,6145.443461802965
25,2011-08-19,688958.75,False,68.09,3.747,,,,,,208.8424359,7.274,B,128107,33,8,3,2011,,667130.48,679706.01,724499.8099999999,671520.5674999999,5671.939407763525
25,2011-08-26,726422.55,False,66.8,3.704,,,,,,208.902476,7.274,B,128107,34,8,3,2011,,688958.75,667130.48,711461.95,676046.5149999999,10299.240463973563
25,2011-09-02,699779.0,False,67.2,3.703,,,,,,208.9625161,7.274,B,128107,35,9,3,2011,,726422.55,688958.75,685700.08,690554.4475,25530.621333960524
25,2011-09-09,673248.48,True,67.51,3.738,,,,,,209.0225562,7.274,B,128107,36,9,3,2011,Labor Day,699779.0,726422.55,655811.9500000001,695572.6950000001,24644.88058970917
25,2011-09-16,628720.46,False,62.05,3.742,,,,,,209.1893892,7.274,B,128107,37,9,3,2011,,673248.48,699779.0,628989.88,697102.1950000001,22376.802855509934
25,2011-09-23,620885.93,False,60.28,3.711,,,,,,209.4986126,7.274,B,128107,38,9,3,2011,,628720.46,673248.48,607819.33,682042.6225,41652.31889388725
25,2011-09-30,639160.24,False,60.7,3.645,,,,,,209.807836,7.274,B,128107,39,9,3,2011,,620885.93,628720.46,658640.14,655658.4675,37375.64064152115
25,2011-10-07,671522.87,False,50.82,3.583,,,,,,210.1170595,7.082,B,128107,40,10,4,2011,,639160.24,620885.93,674283.86,640503.7775,23077.60203217367
25,2011-10-14,646915.47,False,58.95,3.541,,,,,,210.4027602,7.082,B,128107,41,10,4,2011,,671522.87,639160.24,616094.72,640072.375,22263.207854426422
25,2011-10-21,690675.5,False,50.22,3.57,,,,,,210.5473252,7.082,B,128107,42,10,4,2011,,646915.47,671522.87,661644.19,644621.1275,20993.242164205763
25,2011-10-28,724443.97,False,46.28,3.569,,,,,,210.6918901,7.082,B,128107,43,10,4,2011,,690675.5,646915.47,674458.03,662068.52,23538.25436393206
25,2011-11-04,718393.61,False,40.88,3.551,,,,,,210.8364551,7.082,B,128107,44,11,4,2011,,724443.97,690675.5,696314.53,683389.4525,32709.463844425776
25,2011-11-11,719235.07,False,44.81,3.53,7642.65,8851.65,196.09,3286.86,3287.36,210.9810201,7.082,B,128107,45,11,4,2011,,718393.61,724443.97,713250.08,695107.1375,35331.69384555458
25,2011-11-18,728525.6,False,46.41,3.53,6165.27,168.82,94.85,267.01,3687.92,211.1847207,7.082,B,128107,46,11,4,2011,,719235.07,718393.61,718056.73,713187.0375000001,15244.39726852678
25,2011-11-25,1116211.39,True,43.49,3.492,208.47,65.0,58539.77,6.47,926.72,211.4120757,7.082,B,128107,47,11,4,2011,Thanksgiving,728525.6,719235.07,1115240.61,722649.5625,4744.105314036267
25,2011-12-02,878314.5700000001,False,42.85,3.452,3425.95,34.0,1200.12,4106.92,15164.5,211.6394306,7.082,B,128107,48,12,4,2011,,1116211.39,728525.6,885572.96,820591.4175,197133.44374576287
25,2011-12-09,916446.02,False,38.69,3.415,5549.98,64.0,256.97,2761.65,8753.69,211.8667856,7.082,B,128107,49,12,4,2011,,878314.5700000001,1116211.39,964729.18,860571.6575,185363.31536030563
25,2011-12-16,997502.47,False,33.09,3.413,4548.64,61.0,602.21,282.11,1932.2,212.0685039,7.082,B,128107,50,12,4,2011,,916446.02,878314.5700000001,1047707.59,909874.395,159688.81171699014
25,2011-12-23,1290532.97,False,36.56,3.389,2729.99,80.12,1689.22,26.97,3547.38,212.2360401,7.082,B,128107,51,12,4,2011,,997502.47,916446.02,1295391.19,977118.6125,105207.2632065824
25,2011-12-30,683665.37,True,32.42,3.389,4624.26,49913.53,177.05,407.17,2515.09,212.4035763,7.082,B,128107,52,12,4,2011,Christmas,1290532.97,997502.47,623092.54,1020699.0075,186628.38308191183
25,2012-01-06,636419.12,False,30.23,3.422,8642.2,26833.97,25.94,1092.98,3714.33,212.5711125,6.961,B,128107,1,1,1,2012,,683665.37,1290532.97,558794.63,972036.7075,250557.19713898769
25,2012-01-13,614764.31,False,34.6,3.513,2459.51,10718.26,0.92,506.45,3277.12,212.7386486,6.961,B,128107,2,1,1,2012,,636419.12,683665.37,572360.83,902029.9825,304566.24973675364
25,2012-01-20,594744.89,False,23.87,3.533,577.2,3417.28,4.0,5.85,1684.31,212.8336399,6.961,B,128107,3,1,1,2012,,614764.31,636419.12,568093.57,806345.4425,324071.10710641113
25,2012-01-27,589554.29,False,32.24,3.567,2683.99,2193.97,,901.08,2783.8,212.9286312,6.961,B,128107,4,1,1,2012,,594744.89,614764.31,600448.6900000001,632398.4225,38180.34550108022
25,2012-02-03,642776.4,False,34.98,3.617,38223.59,4566.23,21.92,42448.94,5621.09,213.0236225,6.961,B,128107,5,2,1,2012,,589554.29,594744.89,639830.45,608870.6525,21340.980036569625
25,2012-02-10,658984.38,True,32.47,3.64,17655.4,5620.25,12.82,16909.35,6645.05,213.1186138,6.961,B,128107,6,2,1,2012,Super Bowl,642776.4,589554.29,615666.78,610459.9725,24130.82528253985
25,2012-02-17,654088.02,False,32.23,3.695,25926.69,9583.33,1.0,8768.42,6263.7,213.2732106,6.961,B,128107,7,2,1,2012,,658984.38,642776.4,634637.03,621514.99,34612.74977355559
25,2012-02-24,613501.05,False,35.51,3.739,10504.05,7242.9,,5556.78,3596.69,213.4725116,6.961,B,128107,8,2,1,2012,,654088.02,658984.38,570816.34,636350.7725,31927.467800636256
25,2012-03-02,643155.89,False,36.01,3.816,14860.09,3050.12,21.38,12085.01,1327.97,213.6718127,6.961,B,128107,9,3,1,2012,,613501.05,654088.02,640912.1799999999,642337.4625,20387.30663764261
25,2012-03-09,643711.53,False,37.44,3.848,11412.9,944.64,0.7,13264.83,3951.01,213.8711137,6.961,B,128107,10,3,1,2012,,643155.89,613501.05,599828.39,642432.335,20390.91276435514
25,2012-03-16,638204.27,False,50.64,3.862,5366.06,185.14,4.18,845.05,1221.53,214.0167132,6.961,B,128107,11,3,1,2012,,643711.53,643155.89,603393.64,638614.1225,17480.647675605902
25,2012-03-23,672831.78,False,62.7,3.9,3406.88,247.61,0.93,2689.25,1301.78,214.0907105,6.961,B,128107,12,3,1,2012,,638204.27,643711.53,616324.24,634643.185,14310.511593366386
25,2012-03-30,684348.92,False,47.92,3.953,10660.1,225.11,1.5,2560.04,4748.1,214.1647079,6.961,B,128107,13,3,1,2012,,672831.78,638204.27,618377.79,649475.8674999999,15766.179640020682
25,2012-04-06,791356.9,False,44.73,3.996,10782.56,,25.79,1973.99,4389.28,214.2387053,7.139,B,128107,14,4,2,2012,,684348.92,672831.78,648606.13,659774.125,22343.44427526963
25,2012-04-13,658691.56,False,42.46,4.044,5432.06,4239.57,8.35,789.18,1044.74,214.3127027,7.139,B,128107,15,4,2,2012,,791356.9,684348.92,674562.45,696685.4675,66090.64332214158
25,2012-04-20,661566.48,False,57.1,4.027,4862.43,2190.68,9.16,787.22,2870.05,214.3675045,7.139,B,128107,16,4,2,2012,,658691.56,791356.9,756588.42,701807.29,60614.83230860836
25,2012-04-27,655157.32,False,44.2,4.004,4318.51,5.24,5.83,62.58,1828.28,214.4223063,7.139,B,128107,17,4,2,2012,,661566.48,658691.56,649245.0,698990.965,62637.8201809834
25,2012-05-04,696421.72,False,58.76,3.951,7221.1,,112.95,2512.32,1777.09,214.4771081,7.139,B,128107,18,5,2,2012,,655157.32,661566.48,659446.55,691693.065,66494.23816050941
25,2012-05-11,739866.16,False,59.21,3.889,16186.46,,23.05,4625.4,2037.11,214.5319099,7.139,B,128107,19,5,2,2012,,696421.72,655157.32,684783.15,667959.27,19155.14897212861
25,2012-05-18,717207.19,False,58.21,3.848,7191.69,,1.7,640.51,1793.42,214.5485571,7.139,B,128107,20,5,2,2012,,739866.16,696421.72,677971.33,688252.9199999999,38893.618396729806
25,2012-05-25,783371.02,False,67.69,3.798,5154.82,,391.45,1581.91,2164.96,214.5499425,7.139,B,128107,21,5,2,2012,,717207.19,739866.16,718373.9400000001,702163.0974999999,36010.888052571856
25,2012-06-01,694765.95,False,69.54,3.742,6667.97,38.4,40.85,544.94,2765.31,214.5513278,7.139,B,128107,22,6,2,2012,,783371.02,717207.19,737551.74,734216.5225,37264.136093875255
25,2012-06-08,730254.19,False,58.48,3.689,9024.73,207.4,64.04,2897.69,4748.56,214.5527132,7.139,B,128107,23,6,2,2012,,694765.95,783371.02,740259.63,733802.58,37828.836872854445
25,2012-06-15,753860.89,False,68.34,3.62,5987.75,147.2,100.04,1735.9,3500.18,214.5653243,7.139,B,128107,24,6,2,2012,,730254.19,694765.95,717373.43,731399.5875,37619.9826103742
25,2012-06-22,721601.9,False,73.52,3.564,9127.63,467.6,30.29,3543.14,5417.88,214.606,7.139,B,128107,25,6,2,2012,,753860.89,730254.19,699270.1,740563.0125000001,37474.443767677934
25,2012-06-29,718890.8099999999,False,69.84,3.506,3374.98,537.8,,712.78,1992.95,214.6466757,7.139,B,128107,26,6,2,2012,,721601.9,753860.89,706206.86,725120.7325,24400.437440167432
25,2012-07-06,753385.5499999999,False,75.52,3.475,7926.21,399.7,40.32,4541.86,4619.98,214.6873514,7.28,B,128107,27,7,3,2012,,718890.8099999999,721601.9,698529.64,731151.9475,15895.921259276643
25,2012-07-13,714093.95,False,73.87,3.523,7262.73,45.6,18.01,1803.13,1354.39,214.728027,7.28,B,128107,28,7,3,2012,,753385.5499999999,718890.8099999999,680510.23,736934.7875,19302.876260462355
25,2012-07-20,685676.58,False,74.32,3.567,4170.08,227.91,14.1,3456.58,2629.71,214.7331351,7.28,B,128107,29,7,3,2012,,714093.95,753385.5499999999,670854.96,726993.0525,17866.744045853913
25,2012-07-27,659109.53,False,72.98,3.647,6287.52,582.48,2.07,2505.39,1521.67,214.7382432,7.28,B,128107,30,7,3,2012,,685676.58,714093.95,668390.82,718011.7224999999,27766.831824376164
25,2012-08-03,709724.6,False,72.08,3.654,14653.91,1155.02,13.07,10978.83,2021.96,214.7433514,7.28,B,128107,31,8,3,2012,,659109.53,685676.58,679706.01,703066.4025,40365.97567074841
25,2012-08-10,710496.97,False,71.93,3.722,21796.09,67.99,5.1,14696.25,3555.23,214.7484595,7.28,B,128107,32,8,3,2012,,709724.6,659109.53,667130.48,692151.165,25324.436983876443
25,2012-08-17,728467.72,False,66.99,3.807,7258.16,2.2,0.6,4015.19,780.22,214.825578,7.28,B,128107,33,8,3,2012,,710496.97,709724.6,688958.75,691251.9199999999,24329.882222709093
25,2012-08-24,756527.64,False,64.53,3.834,7693.13,69.6,50.0,2360.4,3561.61,214.9567044,7.28,B,128107,34,8,3,2012,,728467.72,710496.97,726422.55,701949.705,29843.98568562958
25,2012-08-31,714828.73,False,68.55,3.867,11407.22,15.4,68.64,3827.68,2540.33,215.0878309,7.28,B,128107,35,8,3,2012,,756527.64,728467.72,699779.0,726304.2325,21930.86714087989
25,2012-09-07,671482.9,True,72.79,3.911,15308.07,0.0,22.06,5643.24,1903.09,215.2189573,7.28,B,128107,36,9,3,2012,Labor Day,714828.73,756527.64,673248.48,727580.265,20761.97412483538
25,2012-09-14,657241.63,False,60.9,3.948,6748.95,,3.15,968.4,6124.49,215.3583757,7.28,B,128107,37,9,3,2012,,671482.9,714828.73,628720.46,717826.7474999999,35438.81904576754
25,2012-09-21,664745.2,False,57.6,4.038,7709.27,17.82,61.88,802.77,8294.38,215.5475459,7.28,B,128107,38,9,3,2012,,657241.63,671482.9,620885.93,700020.225,44932.41917460409
25,2012-09-28,683300.84,False,54.52,3.997,5110.78,11.0,10.66,149.01,3098.09,215.7367162,7.28,B,128107,39,9,3,2012,,664745.2,657241.63,639160.24,677074.615,25832.81017315628
25,2012-10-05,699536.73,False,57.58,3.985,5884.18,,3.27,3357.56,1343.85,215.9258865,7.293,B,128107,40,10,4,2012,,683300.84,664745.2,671522.87,669192.6425,11058.826952278949
25,2012-10-12,697317.41,False,43.74,4.0,4284.26,,11.59,1227.84,1959.27,216.1150568,7.293,B,128107,41,10,4,2012,,699536.73,683300.84,646915.47,676206.1,19023.29259141254
25,2012-10-19,685531.85,False,51.93,3.969,3121.82,,21.48,136.45,3412.8,216.1464699,7.293,B,128107,42,10,4,2012,,697317.41,699536.73,690675.5,686225.045,16022.653077633238
25,2012-10-26,688940.9400000001,False,56.69,3.882,4805.66,84.19,,1073.49,730.76,216.1515902,7.293,B,128107,43,10,4,2012,,685531.85,697317.41,724443.97,691421.7075,8190.478383809265
26,2011-02-04,911807.02,False,11.17,3.24,,,,,,133.1834194,7.907,A,152513,5,2,1,2011,,817485.14,809833.21,1034119.21,844447.7125,62548.896216855945
26,2011-02-11,1010711.08,True,15.12,3.255,,,,,,133.260871,7.907,A,152513,6,2,1,2011,Super Bowl,911807.02,817485.14,1015684.09,837862.1649999999,49399.4641788724
26,2011-02-18,981978.02,False,19.63,3.263,,,,,,133.3701429,7.907,A,152513,7,2,1,2011,,1010711.08,911807.02,999348.55,887459.1125,94350.42069967964
26,2011-02-25,910298.44,False,16.3,3.281,,,,,,133.4921429,7.907,A,152513,8,2,1,2011,,981978.02,1010711.08,855385.01,930495.315,86034.08218489065
26,2011-03-04,945643.17,False,14.31,3.437,,,,,,133.6141429,7.907,A,152513,9,3,1,2011,,910298.44,981978.02,1005669.58,953698.64,50624.8517173204
26,2011-03-11,946614.55,False,28.13,3.6,,,,,,133.7361429,7.907,A,152513,10,3,1,2011,,945643.17,910298.44,963382.09,962157.6775,43636.3317400875
26,2011-03-18,887426.12,False,31.76,3.634,,,,,,133.8492258,7.907,A,152513,11,3,1,2011,,946614.55,945643.17,903366.55,946133.545,29265.753432051843
26,2011-03-25,866566.5399999999,False,22.99,3.624,,,,,,133.9587419,7.907,A,152513,12,3,1,2011,,887426.12,946614.55,893613.0,922495.57,28845.409141025757
26,2011-04-01,849231.61,False,22.99,3.638,,,,,,134.0682581,7.818,A,152513,13,4,2,2011,,866566.5399999999,887426.12,1029849.2,911562.595,40813.96628868213
26,2011-04-08,985229.81,False,29.09,3.72,,,,,,134.1777742,7.818,A,152513,14,4,2,2011,,849231.61,866566.5399999999,1022293.81,887459.7050000001,42415.43903648087
26,2011-04-15,863266.12,False,39.46,3.823,,,,,,134.2784667,7.818,A,152513,15,4,2,2011,,985229.81,849231.61,905548.38,897113.52,60784.10311502057
26,2011-04-22,921700.61,False,33.81,3.919,,,,,,134.3571,7.818,A,152513,16,4,2,2011,,863266.12,985229.81,881930.87,891073.5199999999,63219.184700248414
26,2011-04-29,873450.29,False,47.17,3.988,,,,,,134.4357333,7.818,A,152513,17,4,2,2011,,921700.61,863266.12,904503.85,904857.0375,62095.30604092608
26,2011-05-06,1024778.23,False,45.0,4.078,,,,,,134.5143667,7.818,A,152513,18,5,2,2011,,873450.29,921700.61,1074479.73,910911.7075,55716.66592586759
26,2011-05-13,941008.85,False,48.2,4.095,,,,,,134.593,7.818,A,152513,19,5,2,2011,,1024778.23,873450.29,972663.59,920798.8125,73856.67605031286
26,2011-05-20,938334.62,False,48.86,4.101,,,,,,134.6803871,7.818,A,152513,20,5,2,2011,,941008.85,1024778.23,986765.01,940234.495,63118.6123740881
26,2011-05-27,996723.58,False,56.74,4.034,,,,,,134.7677742,7.818,A,152513,21,5,2,2011,,938334.62,941008.85,1069851.59,944392.9975,62029.051644487605
26,2011-06-03,1054454.4,False,60.49,3.973,,,,,,134.8551613,7.818,A,152513,22,6,2,2011,,996723.58,938334.62,1003202.66,975211.32,42619.85395816599
26,2011-06-10,1094058.68,False,59.85,3.924,,,,,,134.9425484,7.818,A,152513,23,6,2,2011,,1054454.4,996723.58,1073862.59,982630.3625,54929.57384602347
26,2011-06-17,981646.46,False,54.5,3.873,,,,,,135.0837333,7.818,A,152513,24,6,2,2011,,1094058.68,1054454.4,1001286.67,1020892.82,68018.70152404915
26,2011-06-24,997474.93,False,56.94,3.851,,,,,,135.2652667,7.818,A,152513,25,6,2,2011,,981646.46,1094058.68,976242.09,1031720.78,52073.89872740543
26,2011-07-01,1070119.09,False,59.89,3.815,,,,,,135.4468,7.767,A,152513,26,7,3,2011,,997474.93,981646.46,1078455.48,1031908.6175,51906.66588115344
26,2011-07-08,1133807.03,False,63.34,3.784,,,,,,135.6283333,7.767,A,152513,27,7,3,2011,,1070119.09,997474.93,1122356.53,1035824.79,54690.9138115587
26,2011-07-15,1021534.7,False,64.43,3.827,,,,,,135.7837419,7.767,A,152513,28,7,3,2011,,1133807.03,1070119.09,1028151.72,1045761.8775000002,70208.35358555963
26,2011-07-22,1017867.8,False,69.52,3.882,,,,,,135.8738387,7.767,A,152513,29,7,3,2011,,1021534.7,1133807.03,971615.62,1055733.9375,60183.16537988473
26,2011-07-29,1005360.5,False,63.32,3.898,,,,,,135.9639355,7.767,A,152513,30,7,3,2011,,1017867.8,1021534.7,1005324.28,1060832.155,54165.8112127391
26,2011-08-05,1107552.43,False,63.16,3.903,,,,,,136.0540323,7.767,A,152513,31,8,3,2011,,1005360.5,1017867.8,1125329.77,1044642.5075,59844.92157526852
26,2011-08-12,1087644.5,False,62.99,3.88,,,,,,136.144129,7.767,A,152513,32,8,3,2011,,1107552.43,1005360.5,1011938.29,1038078.8575,46830.41812776226
26,2011-08-19,1021766.75,False,60.58,3.82,,,,,,136.183129,7.767,A,152513,33,8,3,2011,,1087644.5,1107552.43,1007385.36,1054606.3075,50562.441730023485
26,2011-08-26,1064617.62,False,61.1,3.796,,,,,,136.2136129,7.767,A,152513,34,8,3,2011,,1021766.75,1087644.5,977322.52,1055581.045,49647.42253060974
26,2011-09-02,1040143.14,False,59.67,3.784,,,,,,136.2440968,7.767,A,152513,35,9,3,2011,,1064617.62,1021766.75,1037549.71,1070395.3250000002,36861.47343663214
26,2011-09-09,1069710.97,True,60.98,3.809,,,,,,136.2745806,7.767,A,152513,36,9,3,2011,Labor Day,1040143.14,1064617.62,1042226.3,1053543.0025,28721.91859002389
26,2011-09-16,951569.84,False,55.19,3.809,,,,,,136.3145,7.767,A,152513,37,9,3,2011,,1069710.97,1040143.14,923473.7,1049059.62,22307.950669729307
26,2011-09-23,923644.6,False,50.72,3.758,,,,,,136.367,7.767,A,152513,38,9,3,2011,,951569.84,1069710.97,868636.3,1031510.3925,54834.262091852106
26,2011-09-30,959339.51,False,59.42,3.684,,,,,,136.4195,7.767,A,152513,39,9,3,2011,,923644.6,951569.84,923221.52,996267.1375,69739.94905936897
26,2011-10-07,1130022.99,False,46.84,3.633,,,,,,136.472,7.598,A,152513,40,10,4,2011,,959339.51,923644.6,1001069.52,976066.23,64283.800205325824
26,2011-10-14,987886.08,False,53.91,3.583,,,,,,136.5150968,7.598,A,152513,41,10,4,2011,,1130022.99,959339.51,937956.89,991144.235,93845.94217372884
26,2011-10-21,974907.28,False,45.23,3.618,,,,,,136.5017742,7.598,A,152513,42,10,4,2011,,987886.08,1130022.99,916522.66,1000223.295,90435.88539195072
26,2011-10-28,972256.98,False,35.06,3.604,,,,,,136.4884516,7.598,A,152513,43,10,4,2011,,974907.28,987886.08,895069.88,1013038.965,78857.6493800901
26,2011-11-04,988950.75,False,31.7,3.586,,,,,,136.475129,7.598,A,152513,44,11,4,2011,,972256.98,974907.28,970224.51,1016268.3325,76143.30824767779
26,2011-11-11,1077640.13,False,40.08,3.57,7174.09,6889.46,292.44,1581.44,2399.33,136.4618065,7.598,A,152513,45,11,4,2011,,988950.75,972256.98,971193.01,981000.2725,8644.7317049256
26,2011-11-18,946091.79,False,37.78,3.571,5590.39,226.18,61.08,345.45,4332.53,136.4666667,7.598,A,152513,46,11,4,2011,,1077640.13,988950.75,901972.7,1003438.785,50006.98117460838
26,2011-11-25,1282320.05,True,31.07,3.536,362.32,9.0,44999.94,,660.57,136.4788,7.598,A,152513,47,11,4,2011,Thanksgiving,946091.79,1077640.13,1286833.62,996234.9125,57064.70724996589
26,2011-12-02,1012498.49,False,36.74,3.501,3343.0,9.0,955.74,1187.26,14774.79,136.4909333,7.598,A,152513,48,12,4,2011,,1282320.05,946091.79,1016143.64,1073750.68,149448.01799459188
26,2011-12-09,1148987.46,False,34.24,3.47,4980.07,19.0,144.13,1669.69,6055.33,136.5030667,7.598,A,152513,49,12,4,2011,,1012498.49,1282320.05,1149612.04,1079637.615,145403.24261004844
26,2011-12-16,1204807.83,False,28.24,3.445,2698.03,,494.72,533.84,2670.1,136.5335161,7.598,A,152513,50,12,4,2011,,1148987.46,1012498.49,1196813.33,1097474.4475,149397.80181918817
26,2011-12-23,1515175.01,False,22.53,3.413,699.47,0.09,1018.94,9.0,2816.25,136.5883871,7.598,A,152513,51,12,4,2011,,1204807.83,1148987.46,1573982.47,1162153.4575,113767.83117973866
26,2011-12-30,972834.42,True,18.8,3.402,4124.23,34472.24,159.04,799.85,2194.68,136.6432581,7.598,A,152513,52,12,4,2011,Christmas,1515175.01,1204807.83,877268.29,1220367.1975,212491.73059307743
26,2012-01-06,971557.62,False,22.94,3.439,3352.77,17442.27,117.1,468.31,6344.32,136.698129,7.467,A,152513,1,1,1,2012,,972834.42,1515175.01,938149.21,1210451.18,225926.2220860501
26,2012-01-13,836305.65,False,25.55,3.523,2153.82,6050.57,62.24,275.03,2511.4,136.753,7.467,A,152513,2,1,1,2012,,971557.62,972834.42,812323.29,1166093.72,257261.2035661128
26,2012-01-20,838751.5,False,15.22,3.542,1673.31,3004.75,27.82,153.3,2092.05,136.8564194,7.467,A,152513,3,1,1,2012,,836305.65,971557.62,809833.21,1073968.175,301033.1682810052
26,2012-01-27,820059.89,False,24.16,3.568,812.2,1267.64,32.5,13.76,1914.38,136.9598387,7.467,A,152513,4,1,1,2012,,838751.5,836305.65,817485.14,904862.2975,77758.44422110332
26,2012-02-03,939158.25,False,25.24,3.633,35421.34,1596.92,74.14,20234.78,6541.84,137.0632581,7.467,A,152513,5,2,1,2012,,820059.89,838751.5,911807.02,866668.665,70416.26604111762
26,2012-02-10,1081005.64,True,23.89,3.655,5858.94,2569.2,13.42,5936.74,5874.01,137.1666774,7.467,A,152513,6,2,1,2012,Super Bowl,939158.25,820059.89,1010711.08,858568.8225,54362.88203024004
26,2012-02-17,965788.76,False,23.9,3.703,11524.93,6005.06,1.04,3417.87,7086.22,137.2583103,7.467,A,152513,7,2,1,2012,,1081005.64,939158.25,981978.02,919743.82,119553.24682774136
26,2012-02-24,917924.47,False,28.06,3.751,7373.92,5211.81,3.2,2716.45,4114.28,137.3411034,7.467,A,152513,8,2,1,2012,,965788.76,1081005.64,910298.44,951503.135,107089.83880323518
26,2012-03-02,955641.74,False,22.49,3.827,20215.36,1400.8,7.35,15485.84,2581.11,137.4238966,7.467,A,152513,9,3,1,2012,,917924.47,965788.76,945643.17,975969.28,72710.68653028632
26,2012-03-09,1028569.01,False,29.03,3.876,4540.15,480.42,1.98,387.57,3900.33,137.5066897,7.467,A,152513,10,3,1,2012,,955641.74,917924.47,946614.55,980090.1525,70358.0424193812
26,2012-03-16,919503.4,False,35.06,3.867,6977.12,161.0,3.99,1535.17,2084.52,137.5843871,7.467,A,152513,11,3,1,2012,,1028569.01,955641.74,887426.12,966980.995,45933.38061789721
26,2012-03-23,874790.6799999999,False,49.97,3.889,4336.7,150.86,4.59,199.78,2239.64,137.6552903,7.467,A,152513,12,3,1,2012,,919503.4,1028569.01,866566.5399999999,955409.655,51790.4216693663
26,2012-03-30,922018.43,False,33.33,3.921,8827.14,169.73,12.75,981.6,3196.41,137.7261935,7.467,A,152513,13,3,1,2012,,874790.6799999999,919503.4,849231.61,944626.2075,65002.28817946267
26,2012-04-06,1116829.23,False,33.35,3.957,8674.08,,33.85,1128.16,3852.6,137.7970968,7.489,A,152513,14,4,2,2012,,922018.43,874790.6799999999,985229.81,936220.38,65276.41306804395
26,2012-04-13,889670.29,False,36.9,4.025,3766.78,2941.14,24.34,1103.96,2536.7,137.868,7.489,A,152513,15,4,2,2012,,1116829.23,922018.43,863266.12,958285.435,107899.41448083812
26,2012-04-20,923600.02,False,50.81,4.046,3275.87,865.21,36.58,154.69,3169.48,137.9230667,7.489,A,152513,16,4,2,2012,,889670.29,1116829.23,921700.61,950827.1575,112410.46690216011
26,2012-04-27,911969.0,False,43.6,4.023,1946.7,32.65,21.62,24.1,2152.4,137.9781333,7.489,A,152513,17,4,2,2012,,923600.02,889670.29,873450.29,963029.4925,103718.40465978355
26,2012-05-04,946573.29,False,40.29,3.991,11484.78,,78.04,2449.14,2488.39,138.0332,7.489,A,152513,18,5,2,2012,,911969.0,923600.02,1024778.23,960517.135,105154.71344903228
26,2012-05-11,1062548.73,False,47.11,3.947,8655.96,,108.57,842.81,2803.07,138.0882667,7.489,A,152513,19,5,2,2012,,946573.29,911969.0,941008.85,917953.15,23711.66924686763
26,2012-05-18,978082.84,False,52.55,3.899,6622.21,,45.9,550.47,2648.76,138.1065806,7.489,A,152513,20,5,2,2012,,1062548.73,946573.29,938334.62,961172.76,69096.43649028214
26,2012-05-25,1067310.74,False,58.2,3.85,7166.44,,240.75,1942.28,2272.3,138.1101935,7.489,A,152513,21,5,2,2012,,978082.84,1062548.73,996723.58,974793.465,64433.68219256507
26,2012-06-01,1015853.03,False,58.51,3.798,4810.9,3.0,110.44,662.3,2964.12,138.1138065,7.489,A,152513,22,6,2,2012,,1067310.74,978082.84,1054454.4,1013628.9,60648.89921235116
26,2012-06-08,1106176.83,False,49.43,3.746,7908.98,54.6,16.57,689.29,4172.84,138.1174194,7.489,A,152513,23,6,2,2012,,1015853.03,1067310.74,1094058.68,1030948.835,42203.62644440888
26,2012-06-15,1029248.22,False,57.84,3.683,5833.29,153.8,254.03,851.83,3785.07,138.1295333,7.489,A,152513,24,6,2,2012,,1106176.83,1015853.03,981646.46,1041855.86,56356.84917110519
26,2012-06-22,1056282.91,False,63.04,3.629,5543.88,372.0,103.99,1901.89,6556.54,138.1629,7.489,A,152513,25,6,2,2012,,1029248.22,1106176.83,997474.93,1054647.205,40684.82036459116
26,2012-06-29,1051190.44,False,60.71,3.577,3441.05,274.0,,256.82,2456.02,138.1962667,7.489,A,152513,26,6,2,2012,,1056282.91,1029248.22,1070119.09,1051890.2475,39906.8539552658
26,2012-07-06,1180470.8,False,64.94,3.538,4894.97,230.0,19.39,3309.33,5437.93,138.2296333,7.405,A,152513,27,7,3,2012,,1051190.44,1056282.91,1133807.03,1060724.6,32492.545436548127
26,2012-07-13,1063149.78,False,64.47,3.561,6894.41,72.3,3.5,1114.8,1415.15,138.263,7.405,A,152513,28,7,3,2012,,1180470.8,1051190.44,1021534.7,1079298.0924999998,68460.80444243319
26,2012-07-20,1049625.9,False,66.75,3.61,3072.39,35.8,13.8,1032.75,3437.32,138.2331935,7.405,A,152513,29,7,3,2012,,1063149.78,1180470.8,1017867.8,1087773.4825,61992.1891623942
26,2012-07-27,1031745.14,False,64.12,3.701,3025.97,112.64,2.6,376.52,1155.13,138.2033871,7.405,A,152513,30,7,3,2012,,1049625.9,1063149.78,1005360.5,1086109.23,63197.03975166276
26,2012-08-03,1090915.09,False,65.6,3.698,28330.0,49.21,42.09,8478.97,3544.06,138.1735806,7.405,A,152513,31,8,3,2012,,1031745.14,1049625.9,1107552.43,1081247.905,67387.43691906093
26,2012-08-10,1121476.51,False,67.01,3.772,5732.23,17.6,6.45,1524.63,2439.95,138.1437742,7.405,A,152513,32,8,3,2012,,1090915.09,1031745.14,1087644.5,1058858.9775,24942.70259884642
26,2012-08-17,1068292.56,False,65.54,3.84,2430.95,16.0,5.54,829.7,3038.77,138.1857097,7.405,A,152513,33,8,3,2012,,1121476.51,1090915.09,1021766.75,1073440.66,40490.56585994142
26,2012-08-24,1022704.2,False,62.08,3.874,4507.08,33.6,149.46,1866.46,4685.63,138.2814516,7.405,A,152513,34,8,3,2012,,1068292.56,1121476.51,1064617.62,1078107.3250000002,37818.45608446679
26,2012-08-31,1053495.51,False,63.69,3.884,13118.17,3.4,86.31,2176.09,2555.38,138.3771935,7.405,A,152513,35,8,3,2012,,1022704.2,1068292.56,1040143.14,1075847.09,41594.57606711384
26,2012-09-07,1081874.03,True,61.58,3.921,4133.77,6.0,72.78,526.42,3514.48,138.4729355,7.405,A,152513,36,9,3,2012,Labor Day,1053495.51,1022704.2,1069710.97,1066492.195,41282.83960380758
26,2012-09-14,986131.94,False,57.69,3.988,7606.73,,22.66,368.91,9072.93,138.5673,7.405,A,152513,37,9,3,2012,,1081874.03,1053495.51,951569.84,1056591.5750000002,25390.650403062253
26,2012-09-21,961084.08,False,52.68,4.056,6916.18,3.82,,228.31,7025.39,138.6534,7.405,A,152513,38,9,3,2012,,986131.94,1081874.03,923644.6,1036051.42,41126.27152376197
26,2012-09-28,964726.37,False,50.66,4.018,2409.15,7.64,0.22,1016.11,2465.17,138.7395,7.405,A,152513,39,9,3,2012,,961084.08,986131.94,959339.51,1020646.39,56470.65496368377
26,2012-10-05,1095504.26,False,54.07,4.027,3140.4,,3.24,1333.43,3283.83,138.8256,7.138,A,152513,40,10,4,2012,,964726.37,961084.08,1130022.99,998454.105,56700.37775895171
26,2012-10-12,1044639.69,False,45.19,4.029,1269.8,,15.38,317.73,7746.76,138.9117,7.138,A,152513,41,10,4,2012,,1095504.26,964726.37,987886.08,1001861.6625,63398.74189098349
26,2012-10-19,975578.02,False,43.51,4.0,1697.09,,2.64,106.35,2481.19,138.8336129,7.138,A,152513,42,10,4,2012,,1044639.69,1095504.26,974907.28,1016488.6,65281.30841322212
26,2012-10-26,958619.8,False,46.95,3.917,1827.16,35.87,50.0,478.93,2088.65,138.7281613,7.138,A,152513,43,10,4,2012,,975578.02,1044639.69,972256.98,1020112.085,61472.06365429136
27,2011-02-04,1628100.79,False,28.7,3.4,,,,,,137.0542431,7.827,A,204184,5,2,1,2011,,1421111.55,1517029.9,1874289.79,1509652.3875,62796.74179389641
27,2011-02-11,1636224.77,True,30.45,3.416,,,,,,137.1378318,7.827,A,204184,6,2,1,2011,Super Bowl,1628100.79,1421111.55,1745362.72,1524637.715,84732.90655673537
27,2011-02-18,1709365.19,False,39.32,3.42,,,,,,137.2511849,7.827,A,204184,7,2,1,2011,,1636224.77,1628100.79,1945070.33,1550616.7525000002,102032.9732047534
27,2011-02-25,1688935.71,False,33.05,3.452,,,,,,137.3764439,7.827,A,204184,8,2,1,2011,,1709365.19,1636224.77,1390934.27,1598700.575,123904.47485327085
27,2011-03-04,1656130.67,False,36.99,3.605,,,,,,137.5017028,7.827,A,204184,9,3,1,2011,,1688935.71,1709365.19,1313729.72,1665656.615,39703.18746266205
27,2011-03-11,1613259.77,False,43.64,3.752,,,,,,137.6269617,7.827,A,204184,10,3,1,2011,,1656130.67,1688935.71,1925113.12,1672664.085,32725.70028583384
27,2011-03-18,1624539.21,False,46.65,3.796,,,,,,137.7398929,7.827,A,204184,11,3,1,2011,,1613259.77,1656130.67,1700627.97,1666922.835,41960.75759680967
27,2011-03-25,1554651.0799999998,False,40.11,3.789,,,,,,137.8478929,7.827,A,204184,12,3,1,2011,,1624539.21,1613259.77,1836714.84,1645716.34,34050.31563118093
27,2011-04-01,1628868.28,False,37.27,3.811,,,,,,137.9558929,7.725,A,204184,13,4,2,2011,,1554651.0799999998,1624539.21,2053952.97,1612145.1825,42407.34667429128
27,2011-04-08,1689844.18,False,46.87,3.895,,,,,,138.0638929,7.725,A,204184,14,4,2,2011,,1628868.28,1554651.0799999998,1955814.13,1605329.585,34420.33584048045
27,2011-04-15,1727175.61,False,52.24,3.981,,,,,,138.1646952,7.725,A,204184,15,4,2,2011,,1689844.18,1628868.28,1857500.96,1624475.6875,55280.54066375808
27,2011-04-22,1921655.48,False,50.02,4.061,,,,,,138.2475036,7.725,A,204184,16,4,2,2011,,1727175.61,1689844.18,1850205.47,1650134.7875,75457.55302020321
27,2011-04-29,1642074.64,False,61.71,4.117,,,,,,138.3303119,7.725,A,204184,17,4,2,2011,,1921655.48,1727175.61,1805885.04,1741885.8875000002,126510.6287712414
27,2011-05-06,1757041.96,False,56.48,4.192,,,,,,138.4131202,7.725,A,204184,18,5,2,2011,,1642074.64,1921655.48,1939458.84,1745187.4775,122692.73424922704
27,2011-05-13,1763545.32,False,60.07,4.211,,,,,,138.4959286,7.725,A,204184,19,5,2,2011,,1757041.96,1642074.64,1842465.78,1761986.9225,117060.2179515478
27,2011-05-20,1725268.56,False,60.22,4.202,,,,,,138.587106,7.725,A,204184,20,5,2,2011,,1763545.32,1757041.96,1836595.58,1771079.35,114846.55858146264
27,2011-05-27,1820723.17,False,66.43,4.134,,,,,,138.6782834,7.725,A,204184,21,5,2,2011,,1725268.56,1763545.32,1962468.67,1721982.62,55835.16819440169
27,2011-06-03,2053708.01,False,74.17,4.069,,,,,,138.7694608,7.725,A,204184,22,6,2,2011,,1820723.17,1725268.56,2073102.59,1766644.7525,39742.020795473
27,2011-06-10,1817914.71,False,73.26,4.025,,,,,,138.8606382,7.725,A,204184,23,6,2,2011,,2053708.01,1820723.17,1873812.93,1840811.265,147251.14433939767
27,2011-06-17,1814740.09,False,67.03,3.989,,,,,,139.0028333,7.725,A,204184,24,6,2,2011,,1817914.71,2053708.01,1887182.27,1854403.6125,140076.07083256394
27,2011-06-24,1811455.15,False,72.02,3.964,,,,,,139.1832917,7.725,A,204184,25,6,2,2011,,1814740.09,1817914.71,1962625.01,1876771.495,117982.99513413444
27,2011-07-01,1949983.93,False,73.76,3.916,,,,,,139.36375,7.85,A,204184,26,7,3,2011,,1811455.15,1814740.09,2024554.1,1874454.49,119531.44295210484
27,2011-07-08,2000055.27,False,76.87,3.886,,,,,,139.5442083,7.85,A,204184,27,7,3,2011,,1949983.93,1811455.15,2119163.01,1848523.47,67691.69876235034
27,2011-07-15,1762155.79,False,77.83,3.915,,,,,,139.7006325,7.85,A,204184,28,7,3,2011,,2000055.27,1949983.93,1880691.64,1894058.61,95703.87064137391
27,2011-07-22,1754879.45,False,82.28,3.972,,,,,,139.7969712,7.85,A,204184,29,7,3,2011,,1762155.79,2000055.27,1808250.71,1880912.535,112388.22851254184
27,2011-07-29,1744879.06,False,79.41,4.004,,,,,,139.8933099,7.85,A,204184,30,7,3,2011,,1754879.45,1762155.79,1816489.53,1866768.61,126692.73782202152
27,2011-08-05,1747289.53,False,78.14,4.02,,,,,,139.9896486,7.85,A,204184,31,8,3,2011,,1744879.06,1754879.45,1908036.68,1815492.3925,123245.58199328324
27,2011-08-12,1758437.96,False,76.67,3.995,,,,,,140.0859873,7.85,A,204184,32,8,3,2011,,1747289.53,1744879.06,1864436.12,1752300.9575,7830.821908040278
27,2011-08-19,1781905.24,False,72.97,3.942,,,,,,140.1289205,7.85,A,204184,33,8,3,2011,,1758437.96,1747289.53,1936878.46,1751371.5,6352.291617231656
27,2011-08-26,2034400.78,False,72.88,3.906,,,,,,140.1629528,7.85,A,204184,34,8,3,2011,,1781905.24,1758437.96,1870684.21,1758127.9475,16916.067906728298
27,2011-09-02,1511717.53,False,71.44,3.879,,,,,,140.196985,7.85,A,204184,35,9,3,2011,,2034400.78,1781905.24,1908110.9,1830508.3775,136691.74375204102
27,2011-09-09,1911470.84,True,70.93,3.93,,,,,,140.2310173,7.85,A,204184,36,9,3,2011,Labor Day,1511717.53,2034400.78,1913494.81,1771615.3775,213606.01154497883
27,2011-09-16,1613773.9,False,69.65,3.937,,,,,,140.2735,7.85,A,204184,37,9,3,2011,,1911470.84,1511717.53,1629978.46,1809873.5975,223914.9577952211
27,2011-09-23,1606208.68,False,63.61,3.899,,,,,,140.32725,7.85,A,204184,38,9,3,2011,,1613773.9,1911470.84,1597002.71,1767840.7625,245641.7109254193
27,2011-09-30,1599626.26,False,70.92,3.858,,,,,,140.381,7.85,A,204184,39,9,3,2011,,1606208.68,1613773.9,1543532.83,1660792.7374999998,173448.47359488418
27,2011-10-07,1672339.27,False,56.91,3.775,,,,,,140.43475,7.906,A,204184,40,10,4,2011,,1599626.26,1606208.68,1707662.87,1682769.92,152576.81481057603
27,2011-10-14,1682652.51,False,64.78,3.744,,,,,,140.4784194,7.906,A,204184,41,10,4,2011,,1672339.27,1599626.26,1728388.2,1622987.0275,33405.40854977532
27,2011-10-21,1689591.44,False,59.62,3.757,,,,,,140.4616048,7.906,A,204184,42,10,4,2011,,1682652.51,1672339.27,1693935.29,1640206.68,43346.612000923225
27,2011-10-28,1710372.4,False,51.81,3.757,,,,,,140.4447903,7.906,A,204184,43,10,4,2011,,1689591.44,1682652.51,1688955.49,1661052.37,41559.6184848904
27,2011-11-04,1621109.3,False,44.46,3.738,,,,,,140.4279758,7.906,A,204184,44,11,4,2011,,1710372.4,1689591.44,1686010.02,1688738.905,16069.92173879299
27,2011-11-11,1800728.07,False,49.69,3.719,10710.56,44021.61,475.3,4235.07,4920.65,140.4111613,7.906,A,204184,45,11,4,2011,,1621109.3,1710372.4,1828010.25,1675931.4125,38398.85042482999
27,2011-11-18,1723739.44,False,51.42,3.717,32812.24,5487.82,143.88,567.08,14703.26,140.4127857,7.906,A,204184,46,11,4,2011,,1800728.07,1621109.3,1704785.74,1705450.3025,74087.75932654631
27,2011-11-25,2504400.71,True,47.88,3.689,164.01,27.47,73934.06,24.22,540.56,140.4217857,7.906,A,204184,47,11,4,2011,Thanksgiving,1723739.44,1800728.07,2627910.75,1713987.3025,73617.1533470851
27,2011-12-02,1806924.74,False,50.55,3.666,5369.61,294.47,7008.02,3692.11,33247.0,140.4307857,7.906,A,204184,48,12,4,2011,,2504400.71,1723739.44,1884343.67,1912494.38,401405.2415228684
27,2011-12-09,2014665.98,False,46.28,3.627,4072.48,48.0,1800.87,1796.01,8867.17,140.4397857,7.906,A,204184,49,12,4,2011,,1806924.74,2504400.71,2139733.68,1958948.24,365598.2965740868
27,2011-12-16,2205919.86,False,40.68,3.611,7510.92,28.09,1049.3,1160.14,7853.48,140.4700795,7.906,A,204184,50,12,4,2011,,2014665.98,1806924.74,2350098.36,2012432.7175,350054.6768700133
27,2011-12-23,2739019.75,False,41.59,3.587,2415.4,239.89,1438.33,209.34,2976.85,140.528765,7.906,A,204184,51,12,4,2011,,2205919.86,2014665.98,3078162.08,2132977.8225,296414.01613114675
27,2011-12-30,1650604.6,True,37.85,3.566,3650.53,50076.68,271.89,1009.78,1773.53,140.5874505,7.906,A,204184,52,12,4,2011,Christmas,2739019.75,2205919.86,1440963.0,2191632.5825,399647.4028955334
27,2012-01-06,1535287.4,False,35.8,3.585,9235.59,29675.22,526.36,2399.37,6290.52,140.6461359,8.009,A,204184,1,1,1,2012,,1650604.6,2739019.75,1568159.48,2152552.5475,453782.7296361278
27,2012-01-13,1492399.13,False,41.3,3.666,8081.05,16237.87,542.46,643.15,6238.31,140.7048214,8.009,A,204184,2,1,1,2012,,1535287.4,1650604.6,1532308.62,2032707.9025,554469.3854574258
27,2012-01-20,1542131.05,False,30.35,3.705,2754.17,9280.81,465.77,2567.91,1550.34,140.8086118,8.009,A,204184,3,1,1,2012,,1492399.13,1535287.4,1517029.9,1854327.72,593566.0950596681
27,2012-01-27,1263534.86,False,36.96,3.737,2789.03,4172.39,589.24,101.5,3857.29,140.9124021,8.009,A,204184,4,1,1,2012,,1542131.05,1492399.13,1421111.55,1555105.545,67362.84925633373
27,2012-02-03,1564246.02,False,42.52,3.796,62172.73,6256.0,530.81,67474.85,6129.6,141.0161924,8.009,A,204184,5,2,1,2012,,1263534.86,1542131.05,1628100.79,1458338.11,131720.54929452474
27,2012-02-10,1651605.35,True,37.86,3.826,15591.32,6206.22,249.82,14000.53,8024.91,141.1199827,8.009,A,204184,6,2,1,2012,Super Bowl,1564246.02,1263534.86,1636224.77,1465577.765,138005.49635230942
27,2012-02-17,1606221.56,False,37.24,3.874,14655.15,10670.84,162.82,11286.99,1595.8,141.2140357,8.009,A,204184,7,2,1,2012,,1651605.35,1564246.02,1709365.19,1505379.32,168014.65482623703
27,2012-02-24,1648602.39,False,41.74,3.917,16993.22,13384.32,9.6,8237.33,9045.21,141.3007857,8.009,A,204184,8,2,1,2012,,1606221.56,1651605.35,1688935.71,1521401.9475000002,175573.67119564404
27,2012-03-02,1509323.09,False,40.07,3.983,28652.29,3088.37,109.25,35364.08,4464.45,141.3875357,8.009,A,204184,9,3,1,2012,,1648602.39,1606221.56,1656130.67,1617668.83,41205.21464869951
27,2012-03-09,1607343.41,False,44.32,4.021,14171.85,917.3,2.2,3614.57,4582.1,141.4742857,8.009,A,204184,10,3,1,2012,,1509323.09,1648602.39,1613259.77,1603938.0975,66393.4731497042
27,2012-03-16,1635984.07,False,49.6,4.021,7275.48,175.65,2.96,5193.68,2366.04,141.55478,8.009,A,204184,11,3,1,2012,,1607343.41,1509323.09,1624539.21,1592872.6125,59087.3059966478
27,2012-03-23,1620839.34,False,57.3,4.054,4142.06,506.34,5.17,917.38,3467.03,141.6269332,8.009,A,204184,12,3,1,2012,,1635984.07,1607343.41,1554651.0799999998,1600313.2400000002,63068.43058103899
27,2012-03-30,1615494.14,False,49.4,4.098,12705.56,180.11,7.59,2943.99,3495.93,141.6990864,8.009,A,204184,13,3,1,2012,,1620839.34,1635984.07,1628868.28,1593372.4775,57241.1939225237
27,2012-04-06,1899013.34,False,48.73,4.143,10800.82,,101.35,3079.87,5692.72,141.7712396,8.253,A,204184,14,4,2,2012,,1615494.14,1620839.34,1689844.18,1619915.24,12064.525037495054
27,2012-04-13,1650405.21,False,52.22,4.187,5139.48,4770.63,53.84,1532.47,4176.9,141.8433929,8.253,A,204184,15,4,2,2012,,1899013.34,1615494.14,1727175.61,1692832.7225,137727.41168778625
27,2012-04-20,1639999.47,False,62.62,4.17,12507.63,2681.1,99.95,1433.43,3244.98,141.9015262,8.253,A,204184,16,4,2,2012,,1650405.21,1899013.34,1921655.48,1696438.0075,135920.13831266004
27,2012-04-27,1565498.84,False,52.33,4.163,6408.19,901.65,58.56,51.97,2182.32,141.9596595,8.253,A,204184,17,4,2,2012,,1639999.47,1650405.21,1642074.64,1701228.04,132666.52973873634
27,2012-05-04,1669388.45,False,53.68,4.124,19913.55,,213.38,5895.46,4687.08,142.0177929,8.253,A,204184,18,5,2,2012,,1565498.84,1639999.47,1757041.96,1688729.215,145199.2377811313
27,2012-05-11,1674306.31,False,58.97,4.055,10864.63,,244.98,2261.45,2840.03,142.0759262,8.253,A,204184,19,5,2,2012,,1669388.45,1565498.84,1763545.32,1631322.9925000002,45538.300339955866
27,2012-05-18,1707158.82,False,65.15,4.029,13340.68,,222.2,2225.5,2346.31,142.0970115,8.253,A,204184,20,5,2,2012,,1674306.31,1669388.45,1725268.56,1637298.2675,50205.67466877977
27,2012-05-25,1818906.73,False,64.77,3.979,11465.8,,380.15,2173.31,4183.07,142.1032776,8.253,A,204184,21,5,2,2012,,1707158.82,1674306.31,1820723.17,1654088.105,61393.36292682796
27,2012-06-01,1900638.6,False,73.4,3.915,10283.49,31.2,245.41,4069.79,2775.35,142.1095438,8.253,A,204184,22,6,2,2012,,1818906.73,1707158.82,2053708.01,1717440.0775,69691.3830863922
27,2012-06-08,1764756.31,False,64.05,3.871,12921.09,414.6,95.99,1666.88,7819.11,142.1158099,8.253,A,204184,23,6,2,2012,,1900638.6,1818906.73,1817914.71,1775252.615,104010.01298194216
27,2012-06-15,1773500.56,False,69.52,3.786,9943.48,614.9,15.0,3382.44,6779.57,142.1292548,8.253,A,204184,24,6,2,2012,,1764756.31,1900638.6,1814740.09,1797865.115,82318.41369951057
27,2012-06-22,1837884.79,False,73.23,3.722,9510.17,821.5,7.98,3928.13,6054.38,142.1606464,8.253,A,204184,25,6,2,2012,,1773500.56,1764756.31,1811455.15,1814450.55,62168.20375179848
27,2012-06-29,1842555.32,False,73.94,3.667,7582.01,585.9,,1019.28,3522.11,142.1920381,8.253,A,204184,26,6,2,2012,,1837884.79,1773500.56,1949983.93,1819195.065,63334.87992941353
27,2012-07-06,2062224.92,False,82.08,3.646,12579.0,303.6,217.95,8280.23,7999.22,142.2234298,8.239,A,204184,27,7,3,2012,,1842555.32,1837884.79,2000055.27,1804674.245,41243.81292387541
27,2012-07-13,1755889.53,False,78.95,3.689,7264.26,219.2,31.1,4489.18,3102.22,142.2548214,8.239,A,204184,28,7,3,2012,,2062224.92,1842555.32,1762155.79,1879041.3975,126121.86102860628
27,2012-07-20,1730913.66,False,78.64,3.732,10835.89,164.46,21.51,3314.7,7302.33,142.2337569,8.239,A,204184,29,7,3,2012,,1755889.53,2062224.92,1754879.45,1874638.64,131237.88640236243
27,2012-07-27,1625883.71,False,76.01,3.82,8698.49,289.37,5.28,12205.87,3358.94,142.2126924,8.239,A,204184,30,7,3,2012,,1730913.66,1755889.53,1744879.06,1847895.8575,150682.300669197
27,2012-08-03,1705810.84,False,75.22,3.819,39317.03,194.67,64.32,25462.22,3161.43,142.1916279,8.239,A,204184,31,8,3,2012,,1625883.71,1730913.66,1747289.53,1793727.9549999998,187651.88768627017
27,2012-08-10,1720537.26,False,78.44,3.863,5892.89,148.66,14.01,4147.47,5611.07,142.1705634,8.239,A,204184,32,8,3,2012,,1705810.84,1625883.71,1758437.96,1704624.435,56334.54430694128
27,2012-08-17,1735339.59,False,76.51,3.963,4017.25,33.65,6.2,1753.64,6783.58,142.2157385,8.239,A,204184,33,8,3,2012,,1720537.26,1705810.84,1781905.24,1695786.3675000002,47726.32024503727
27,2012-08-24,1780443.36,False,72.93,3.997,4757.01,85.3,371.06,3090.86,8212.53,142.3105933,8.239,A,204184,34,8,3,2012,,1735339.59,1720537.26,2034400.78,1696892.85,48850.242067152896
27,2012-08-31,1731935.43,False,75.0,4.026,25371.97,59.81,276.58,6582.38,5400.13,142.4054482,8.239,A,204184,35,8,3,2012,,1780443.36,1735339.59,1511717.53,1735532.7625000002,32276.187588520774
27,2012-09-07,1840955.23,True,76.0,4.076,18992.1,56.16,118.16,4511.15,7235.18,142.500303,8.239,A,204184,36,9,3,2012,Labor Day,1731935.43,1780443.36,1911470.84,1742063.91,26357.677117560197
27,2012-09-14,1519604.5,False,68.72,4.088,17121.4,17.82,18.5,2384.18,4270.34,142.5938833,8.239,A,204184,37,9,3,2012,,1840955.23,1731935.43,1613773.9,1772168.4025,50908.92543058408
27,2012-09-21,1557485.75,False,66.1,4.203,18287.65,63.82,677.64,6039.37,3359.1,142.6798167,8.239,A,204184,38,9,3,2012,,1519604.5,1840955.23,1606208.68,1718234.63,139728.20309089668
27,2012-09-28,1540687.63,False,64.92,4.158,26306.03,39.82,55.24,11296.93,12954.12,142.76575,8.239,A,204184,39,9,3,2012,,1557485.75,1519604.5,1599626.26,1662495.2275,150681.41290577946
27,2012-10-05,1591816.88,False,64.5,4.151,16670.04,,40.02,5385.32,6733.38,142.8516833,8.0,A,204184,40,10,4,2012,,1540687.63,1557485.75,1672339.27,1614683.2775,151641.99442559548
27,2012-10-12,1660081.29,False,55.4,4.186,2177.62,,7.22,863.01,7931.82,142.9376167,8.0,A,204184,41,10,4,2012,,1591816.88,1540687.63,1682652.51,1552398.69,30508.35790621991
27,2012-10-19,1620374.24,False,56.53,4.153,2639.32,,4.77,575.48,3147.23,142.8633629,8.0,A,204184,42,10,4,2012,,1660081.29,1591816.88,1689591.44,1587517.8875,52848.623505347554
27,2012-10-26,1703047.74,False,58.99,4.071,7756.75,206.45,100.0,731.23,2174.84,142.7624113,8.0,A,204184,43,10,4,2012,,1620374.24,1660081.29,1710372.4,1603240.01,50225.49516064279
28,2011-02-04,1564897.32,False,45.14,3.348,,,,,,127.7195806,14.021,A,206302,5,2,1,2011,,1127859.69,1079669.11,1672352.29,1177179.47,151784.57002668714
28,2011-02-11,1397301.38,True,51.3,3.381,,,,,,127.859129,14.021,A,206302,6,2,1,2011,Super Bowl,1564897.32,1127859.69,1558968.49,1217678.1825,232328.3184902712
28,2011-02-18,1514828.82,False,53.35,3.43,,,,,,127.99525,14.021,A,206302,7,2,1,2011,,1397301.38,1564897.32,1491300.42,1292431.875,229192.08104710872
28,2011-02-25,1311796.91,False,48.45,3.53,,,,,,128.13,14.021,A,206302,8,2,1,2011,,1514828.82,1397301.38,1542173.33,1401221.8025,195310.38862724783
28,2011-03-04,1723736.91,False,51.72,3.674,,,,,,128.26475,14.021,A,206302,9,3,1,2011,,1311796.91,1514828.82,1608435.45,1447206.1075,114382.66963723332
28,2011-03-11,1380836.35,False,57.75,3.818,,,,,,128.3995,14.021,A,206302,10,3,1,2011,,1723736.91,1311796.91,1326877.11,1486916.005,178475.71705393895
28,2011-03-18,1286413.71,False,64.21,3.692,,,,,,128.5121935,14.021,A,206302,11,3,1,2011,,1380836.35,1723736.91,1279819.43,1482799.7475,181397.429806816
28,2011-03-25,1201059.72,False,54.4,3.909,,,,,,128.6160645,14.021,A,206302,12,3,1,2011,,1286413.71,1380836.35,1245268.77,1425695.97,202660.08589279023
28,2011-04-01,1336838.41,False,63.63,3.772,,,,,,128.7199355,13.736,A,206302,13,4,2,2011,,1201059.72,1286413.71,1441559.4,1398011.6725,229227.7607352742
28,2011-04-08,1414713.5,False,64.47,4.003,,,,,,128.8238065,13.736,A,206302,14,4,2,2011,,1336838.41,1201059.72,1382359.21,1301287.0475,77155.09110448614
28,2011-04-15,1240126.07,False,57.63,3.868,,,,,,128.9107333,13.736,A,206302,15,4,2,2011,,1414713.5,1336838.41,1268240.66,1309756.335,89646.11448261852
28,2011-04-22,1297452.0,False,72.12,4.134,,,,,,128.9553,13.736,A,206302,16,4,2,2011,,1240126.07,1414713.5,1244177.21,1298184.4249999998,96396.98609289172
28,2011-04-29,1222367.9,False,68.27,4.151,,,,,,128.9998667,13.736,A,206302,17,4,2,2011,,1297452.0,1240126.07,1186971.02,1322282.495,73306.65499012436
28,2011-05-06,1515890.38,False,68.4,4.193,,,,,,129.0444333,13.736,A,206302,18,5,2,2011,,1222367.9,1297452.0,1532893.22,1293664.8675,86826.98162655682
28,2011-05-13,1253316.3,False,70.93,4.202,,,,,,129.089,13.736,A,206302,19,5,2,2011,,1515890.38,1222367.9,1245898.73,1318959.0875,135140.6562675461
28,2011-05-20,1151282.31,False,66.59,4.169,,,,,,129.0756774,13.736,A,206302,20,5,2,2011,,1253316.3,1515890.38,1217923.71,1322256.645,132715.0158422434
28,2011-05-27,1160043.98,False,76.67,4.087,,,,,,129.0623548,13.736,A,206302,21,5,2,2011,,1151282.31,1253316.3,1176588.25,1285714.2225,159285.26248679654
28,2011-06-03,1403779.25,False,71.81,4.031,,,,,,129.0490323,13.736,A,206302,22,6,2,2011,,1160043.98,1151282.31,1543678.02,1270133.2425,170220.0243421792
28,2011-06-10,1339972.83,False,78.72,3.981,,,,,,129.0357097,13.736,A,206302,23,6,2,2011,,1403779.25,1160043.98,1348995.17,1242105.46,117256.17024586714
28,2011-06-17,1268503.49,False,86.84,3.935,,,,,,129.0432,13.736,A,206302,24,6,2,2011,,1339972.83,1403779.25,1267619.06,1263769.5925,127569.62675533224
28,2011-06-24,1208809.34,False,88.95,3.898,,,,,,129.0663,13.736,A,206302,25,6,2,2011,,1268503.49,1339972.83,1231025.07,1293074.8875,104492.18282187724
28,2011-07-01,1319054.57,False,89.85,3.842,,,,,,129.0894,13.503,A,206302,26,7,3,2011,,1208809.34,1268503.49,1399960.15,1305266.2275,84783.63417912796
28,2011-07-08,1459655.85,False,89.9,3.705,,,,,,129.1125,13.503,A,206302,27,7,3,2011,,1319054.57,1208809.34,1340293.87,1284085.0575,58468.0220587769
28,2011-07-15,1197373.13,False,88.1,3.692,,,,,,129.1338387,13.503,A,206302,28,7,3,2011,,1459655.85,1319054.57,1225336.41,1314005.8125,107045.44604260844
28,2011-07-22,1165870.54,False,91.17,3.794,,,,,,129.1507742,13.503,A,206302,29,7,3,2011,,1197373.13,1459655.85,1205884.98,1296223.2225,121989.10033441849
28,2011-07-29,1114530.29,False,93.29,3.805,,,,,,129.1677097,13.503,A,206302,30,7,3,2011,,1165870.54,1197373.13,1150204.71,1285488.5225,133583.58387923831
28,2011-08-05,1523870.89,False,90.61,3.803,,,,,,129.1846452,13.503,A,206302,31,8,3,2011,,1114530.29,1165870.54,1523101.38,1234357.4525,154030.53169576137
28,2011-08-12,1218764.94,False,91.04,3.701,,,,,,129.2015806,13.503,A,206302,32,8,3,2011,,1523870.89,1114530.29,1218688.09,1250411.2125,185475.9497615838
28,2011-08-19,1200019.74,False,91.74,3.743,,,,,,129.2405806,13.503,A,206302,33,8,3,2011,,1218764.94,1523870.89,1195897.6,1255759.165,183737.1581036192
28,2011-08-26,1166479.51,False,94.61,3.74,,,,,,129.2832581,13.503,A,206302,34,8,3,2011,,1200019.74,1218764.94,1191585.92,1264296.465,178897.9284711099
28,2011-09-02,1468871.49,False,93.66,3.798,,,,,,129.3259355,13.503,A,206302,35,9,3,2011,,1166479.51,1200019.74,1523410.71,1277283.77,165808.09749069583
28,2011-09-09,1310087.0,True,88.0,3.913,,,,,,129.3686129,13.503,A,206302,36,9,3,2011,Labor Day,1468871.49,1166479.51,1246062.17,1263533.92,138589.78892793224
28,2011-09-16,1159212.1,False,76.36,3.918,,,,,,129.4306,13.503,A,206302,37,9,3,2011,,1310087.0,1468871.49,1159812.35,1286364.435,136258.8062130927
28,2011-09-23,1109105.92,False,82.95,3.789,,,,,,129.5183333,13.503,A,206302,38,9,3,2011,,1159212.1,1310087.0,1111797.21,1276162.525,146054.0777504098
28,2011-09-30,1120731.76,False,83.26,3.877,,,,,,129.6060667,13.503,A,206302,39,9,3,2011,,1109105.92,1159212.1,1203080.41,1261819.1275,162326.82482144074
28,2011-10-07,1557314.58,False,70.44,3.827,,,,,,129.6938,12.89,A,206302,40,10,4,2011,,1120731.76,1109105.92,1334571.87,1174784.195,92708.57694942578
28,2011-10-14,1220984.94,False,67.31,3.805,,,,,,129.7706452,12.89,A,206302,41,10,4,2011,,1557314.58,1120731.76,1158062.99,1236591.09,214885.17712891757
28,2011-10-21,1203172.05,False,73.05,3.842,,,,,,129.7821613,12.89,A,206302,42,10,4,2011,,1220984.94,1557314.58,1120619.32,1252034.3,209625.8499749532
28,2011-10-28,1242746.06,False,67.41,3.727,,,,,,129.7936774,12.89,A,206302,43,10,4,2011,,1203172.05,1220984.94,1231688.48,1275550.8325,192852.1708420801
28,2011-11-04,1576654.67,False,59.77,3.828,,,,,,129.8051935,12.89,A,206302,44,11,4,2011,,1242746.06,1203172.05,1501663.26,1306054.4075000002,168286.67498587293
28,2011-11-11,1402654.95,False,48.76,3.824,22860.64,12223.82,343.77,20834.37,9895.33,129.8167097,12.89,A,206302,45,11,4,2011,,1576654.67,1242746.06,1266460.45,1310889.4300000002,177914.33607538915
28,2011-11-18,1255081.22,False,54.2,3.813,6772.46,1654.68,86.01,1068.35,9835.85,129.8268333,12.89,A,206302,46,11,4,2011,,1402654.95,1576654.67,1179315.72,1356306.9325,170340.4709679996
28,2011-11-25,1929738.27,True,53.25,3.622,2232.08,179.73,61319.72,513.76,1790.89,129.8364,12.89,A,206302,47,11,4,2011,Thanksgiving,1255081.22,1402654.95,1937033.5,1369284.225,156173.34418216336
28,2011-12-02,1368130.35,False,52.5,3.701,10392.61,75.0,2241.11,6243.02,19374.19,129.8459667,12.89,A,206302,48,12,4,2011,,1929738.27,1255081.22,1447916.29,1541032.2775,290561.2933067336
28,2011-12-09,1467024.3,False,42.17,3.644,6628.73,21.0,140.19,6168.78,14073.59,129.8555333,12.89,A,206302,49,12,4,2011,,1368130.35,1929738.27,1466164.49,1488901.1974999998,300573.4071083527
28,2011-12-16,1429954.66,False,43.29,3.6,2429.88,18.24,347.78,573.31,6432.36,129.8980645,12.89,A,206302,50,12,4,2011,,1467024.3,1368130.35,1510443.62,1504993.535,296106.652696687
28,2011-12-23,1796203.51,False,45.4,3.541,2135.31,1.53,752.34,499.0,5674.11,129.9845484,12.89,A,206302,51,12,4,2011,,1429954.66,1467024.3,2026026.39,1548711.895,257272.1884709896
28,2011-12-30,1270036.53,True,44.64,3.428,5218.93,49826.06,155.37,1011.54,7761.98,130.0710323,12.89,A,206302,52,12,4,2011,Christmas,1796203.51,1429954.66,1090558.57,1515328.205,191642.07514666527
28,2012-01-06,1466046.07,False,50.43,3.599,5155.86,19549.51,218.29,636.73,5218.5,130.1575161,12.187,A,206302,1,1,1,2012,,1270036.53,1796203.51,1402902.47,1490804.75,220813.0829659004
28,2012-01-13,1161190.29,False,48.07,3.657,4649.73,1843.24,45.3,869.64,7935.42,130.244,12.187,A,206302,2,1,1,2012,,1466046.07,1270036.53,1098286.61,1490560.1925,220848.73860206787
28,2012-01-20,1129540.48,False,46.2,3.66,5177.01,1280.59,23.75,716.52,6009.03,130.2792258,12.187,A,206302,3,1,1,2012,,1161190.29,1466046.07,1079669.11,1423369.1,278732.5040752934
28,2012-01-27,1132948.48,False,50.43,3.675,1657.67,887.0,30.97,222.42,4291.52,130.3144516,12.187,A,206302,4,1,1,2012,,1129540.48,1161190.29,1127859.69,1256703.3425,151981.6746004941
28,2012-02-03,1531599.44,False,50.58,3.702,44998.1,3682.17,182.6,39241.63,16008.79,130.3496774,12.187,A,206302,5,2,1,2012,,1132948.48,1129540.48,1564897.32,1222431.33,163028.11310056777
28,2012-02-10,1572966.15,True,52.27,3.722,20097.48,2774.5,66.42,16822.46,8228.86,130.3849032,12.187,A,206302,6,2,1,2012,Super Bowl,1531599.44,1132948.48,1397301.38,1238819.6725,195701.2728620756
28,2012-02-17,1501503.68,False,51.8,3.781,20868.41,6880.29,7.84,7685.11,11114.94,130.4546207,12.187,A,206302,7,2,1,2012,,1572966.15,1531599.44,1514828.82,1341763.6375,243676.47422908337
28,2012-02-24,1323487.91,False,53.13,3.95,9687.54,3338.06,,847.07,6736.61,130.5502069,12.187,A,206302,8,2,1,2012,,1501503.68,1572966.15,1311796.91,1434754.4375,203325.46105380185
28,2012-03-02,1451740.57,False,52.27,4.178,23765.08,872.4,3.5,12645.96,4736.14,130.6457931,12.187,A,206302,9,3,1,2012,,1323487.91,1501503.68,1723736.91,1482389.295,109910.28902618484
28,2012-03-09,1680764.06,False,54.54,4.25,11431.91,101.02,6.93,2060.55,9332.74,130.7413793,12.187,A,206302,10,3,1,2012,,1451740.57,1323487.91,1380836.35,1462424.5775,105141.43029786726
28,2012-03-16,1337875.49,False,64.44,4.273,8243.42,44.26,6.68,3641.11,3645.65,130.8261935,12.187,A,206302,11,3,1,2012,,1680764.06,1451740.57,1286413.71,1489374.055,147999.72309968114
28,2012-03-23,1216059.41,False,56.26,4.038,9066.75,48.94,5.91,1040.74,3796.72,130.8966452,12.187,A,206302,12,3,1,2012,,1337875.49,1680764.06,1201059.72,1448467.0075,165149.32169251813
28,2012-03-30,1209524.11,False,64.36,4.294,11704.17,57.61,11.85,1537.38,2536.67,130.9670968,12.187,A,206302,13,3,1,2012,,1216059.41,1337875.49,1336838.41,1421609.8824999998,197763.48776357548
28,2012-04-06,1559592.79,False,64.05,4.121,9368.15,,35.75,2580.09,8313.39,131.0375484,11.627,A,206302,14,4,2,2012,,1209524.11,1216059.41,1414713.5,1361055.7674999998,221160.95531777144
28,2012-04-13,1290684.95,False,64.28,4.254,8478.14,5630.15,20.53,2457.88,9394.39,131.108,11.627,A,206302,15,4,2,2012,,1559592.79,1209524.11,1240126.07,1330762.95,163574.08343291492
28,2012-04-20,1180797.2,False,66.73,4.222,5343.29,3895.86,17.32,657.56,4674.67,131.1173333,11.627,A,206302,16,4,2,2012,,1290684.95,1559592.79,1297452.0,1318965.315,164588.7434437019
28,2012-04-27,1170456.16,False,77.99,4.193,3003.61,564.36,16.11,35.54,3226.41,131.1266667,11.627,A,206302,17,4,2,2012,,1180797.2,1290684.95,1222367.9,1310149.7625,172683.05288436517
28,2012-05-04,1450628.85,False,76.03,4.171,16196.98,,45.99,2938.52,8176.03,131.136,11.627,A,206302,18,5,2,2012,,1170456.16,1180797.2,1515890.38,1300382.775,181167.9834844539
28,2012-05-11,1264575.18,False,77.27,4.186,14847.64,392.0,84.72,4190.88,5556.15,131.1453333,11.627,A,206302,19,5,2,2012,,1450628.85,1170456.16,1253316.3,1273141.79,130232.20395508256
28,2012-05-18,1213310.45,False,84.51,4.11,5282.21,,1.23,1188.92,5422.89,131.0983226,11.627,A,206302,20,5,2,2012,,1264575.18,1450628.85,1151282.31,1266614.3475,129713.11314170458
28,2012-05-25,1151214.41,False,83.84,4.293,7557.62,,609.0,1574.85,7620.93,131.0287742,11.627,A,206302,21,5,2,2012,,1213310.45,1264575.18,1160043.98,1274742.66,123408.42757553884
28,2012-06-01,1245480.95,False,78.11,4.277,15488.5,,72.0,3872.89,5319.68,130.9592258,11.627,A,206302,22,6,2,2012,,1151214.41,1213310.45,1403779.25,1269932.2225,129073.5103472022
28,2012-06-08,1440687.69,False,84.83,4.103,9026.85,101.2,-29.1,833.67,11752.37,130.8896774,11.627,A,206302,23,6,2,2012,,1245480.95,1151214.41,1339972.83,1218645.2475,49682.631232122265
28,2012-06-15,1229760.97,False,85.94,4.144,8619.75,101.0,363.96,2244.26,6524.51,130.8295333,11.627,A,206302,24,6,2,2012,,1440687.69,1245480.95,1268503.49,1262673.375,124959.2934595465
28,2012-06-22,1180671.55,False,91.61,4.014,10280.97,18.4,1.12,3663.41,6659.58,130.7929,11.627,A,206302,25,6,2,2012,,1229760.97,1440687.69,1208809.34,1266786.005,123049.24244922974
28,2012-06-29,1129031.98,False,90.47,3.875,6830.32,37.2,,331.46,4690.76,130.7562667,11.627,A,206302,26,6,2,2012,,1180671.55,1229760.97,1319054.57,1274150.29,114404.72486869586
28,2012-07-06,1500863.54,False,89.13,3.765,5618.88,98.6,111.79,2513.36,6421.05,130.7196333,10.926,A,206302,27,7,3,2012,,1129031.98,1180671.55,1459655.85,1245038.0475,136763.33012976756
28,2012-07-13,1179915.04,False,95.61,3.723,11410.19,19.8,3.03,3053.13,1510.09,130.683,10.926,A,206302,28,7,3,2012,,1500863.54,1129031.98,1197373.13,1260082.01,165705.80574845642
28,2012-07-20,1149427.48,False,85.53,3.726,8235.78,61.2,12.27,944.08,3623.51,130.7012903,10.926,A,206302,29,7,3,2012,,1179915.04,1500863.54,1165870.54,1247620.5275,170549.56816533193
28,2012-07-27,1135035.09,False,93.47,3.769,4311.14,25.6,5.34,6009.47,4271.03,130.7195806,10.926,A,206302,30,7,3,2012,,1149427.48,1179915.04,1114530.29,1239809.51,175287.50346753583
28,2012-08-03,1376520.1,False,88.16,3.76,27801.87,28.5,76.11,8969.45,5970.49,130.737871,10.926,A,206302,31,8,3,2012,,1135035.09,1149427.48,1523870.89,1241310.2875,174044.18521040533
28,2012-08-10,1269113.41,False,95.91,3.811,8364.4,69.48,30.01,4158.02,3050.7,130.7561613,10.926,A,206302,32,8,3,2012,,1376520.1,1135035.09,1218764.94,1210224.4275,112431.631020604
28,2012-08-17,1184198.41,False,94.87,4.002,5349.52,1.98,11.24,2542.17,6620.24,130.7909677,10.926,A,206302,33,8,3,2012,,1269113.41,1376520.1,1200019.74,1232524.02,113258.96719238264
28,2012-08-24,1199309.59,False,85.32,4.055,6730.91,10.92,309.93,2779.28,5826.35,130.8381613,10.926,A,206302,34,8,3,2012,,1184198.41,1269113.41,1166479.51,1241216.7525,105847.14793369084
28,2012-08-31,1227118.75,False,89.78,4.093,25745.2,3.2,115.39,11858.54,4508.04,130.8853548,10.926,A,206302,35,8,3,2012,,1199309.59,1184198.41,1468871.49,1257285.3775,87673.10145661348
28,2012-09-07,1469693.99,True,88.52,4.124,7046.94,43.42,66.08,701.38,11100.55,130.9325484,10.926,A,206302,36,9,3,2012,Labor Day,1227118.75,1199309.59,1310087.0,1219935.04,37294.47535798034
28,2012-09-14,1124660.77,False,83.64,4.133,15676.1,6.98,24.11,2180.72,10483.58,130.9776667,10.926,A,206302,37,9,3,2012,,1469693.99,1227118.75,1159212.1,1270080.185,134257.8519586378
28,2012-09-21,1135340.19,False,82.97,4.125,8790.27,104.0,3.0,1761.3,9638.33,131.0103333,10.926,A,206302,38,9,3,2012,,1124660.77,1469693.99,1109105.92,1255195.775,149399.30474541668
28,2012-09-28,1129508.61,False,81.22,3.966,5977.78,7.91,2.16,2458.5,6671.45,131.043,10.926,A,206302,39,9,3,2012,,1135340.19,1124660.77,1120731.76,1239203.425,160394.85790073368
28,2012-10-05,1462941.03,False,81.61,3.966,4436.17,,28.91,6563.84,8417.76,131.0756667,10.199,A,206302,40,10,4,2012,,1129508.61,1135340.19,1557314.58,1214800.89,169984.81258954998
28,2012-10-12,1205536.71,False,71.74,4.468,1546.44,,13.36,1057.73,6560.97,131.1083333,10.199,A,206302,41,10,4,2012,,1462941.03,1129508.61,1220984.94,1213112.65,166609.46908637625
28,2012-10-19,1143724.48,False,68.66,4.449,2307.28,,4.7,1406.03,4122.2,131.1499677,10.199,A,206302,42,10,4,2012,,1205536.71,1462941.03,1203172.05,1233331.635,156923.0978763811
28,2012-10-26,1213860.61,False,65.95,4.301,6490.13,90.02,,1750.84,1684.36,131.1930968,10.199,A,206302,43,10,4,2012,,1143724.48,1205536.71,1242746.06,1235427.7075,155224.69820195693
29,2011-02-04,504126.89,False,26.39,3.24,,,,,,133.1834194,10.256,B,93638,5,2,1,2011,,410426.97,445134.15,538634.46,434604.64,20086.71388343647
29,2011-02-11,550387.78,True,28.89,3.255,,,,,,133.260871,10.256,B,93638,6,2,1,2011,Super Bowl,504126.89,410426.97,529672.95,446648.3175,40856.87756881737
29,2011-02-18,542529.21,False,35.34,3.263,,,,,,133.3701429,10.256,B,93638,7,2,1,2011,,550387.78,504126.89,542399.07,477518.9475,62096.58581052853
29,2011-02-25,483660.15,False,30.23,3.281,,,,,,133.4921429,10.256,B,93638,8,2,1,2011,,542529.21,550387.78,488417.61,501867.7125,64223.7432758192
29,2011-03-04,536031.67,False,33.52,3.437,,,,,,133.6141429,10.256,B,93638,9,3,1,2011,,483660.15,542529.21,535087.91,520176.0075,31640.68520690296
29,2011-03-11,493430.45,False,41.42,3.6,,,,,,133.7361429,10.256,B,93638,10,3,1,2011,,536031.67,483660.15,519042.49,528152.2025,30236.556214621964
29,2011-03-18,493653.43,False,43.38,3.634,,,,,,133.8492258,10.256,B,93638,11,3,1,2011,,493430.45,536031.67,496851.6,513912.87,29681.04234968007
29,2011-03-25,478773.05,False,38.77,3.624,,,,,,133.9587419,10.256,B,93638,12,3,1,2011,,493653.43,493430.45,552985.34,501693.9250000001,23361.16686124225
29,2011-04-01,475615.26,False,36.04,3.638,,,,,,134.0682581,9.966,B,93638,13,4,2,2011,,478773.05,493653.43,599629.25,500472.15,24707.69707850107
29,2011-04-08,505304.33,False,44.42,3.72,,,,,,134.1777742,9.966,B,93638,14,4,2,2011,,475615.26,478773.05,569937.23,485368.0475,9526.467573530492
29,2011-04-15,518245.97,False,48.88,3.823,,,,,,134.2784667,9.966,B,93638,15,4,2,2011,,505304.33,475615.26,509100.84,488336.5175,13777.596822048774
29,2011-04-22,589252.69,False,47.76,3.919,,,,,,134.3571,9.966,B,93638,16,4,2,2011,,518245.97,505304.33,505329.66,494484.6525,20692.785030673414
29,2011-04-29,493078.64,False,57.2,3.988,,,,,,134.4357333,9.966,B,93638,17,4,2,2011,,589252.69,518245.97,501013.47,522104.5625,48191.5027843014
29,2011-05-06,534372.53,False,53.63,4.078,,,,,,134.5143667,9.966,B,93638,18,5,2,2011,,493078.64,589252.69,568497.35,526470.4075,43097.831892920825
29,2011-05-13,549551.02,False,57.71,4.095,,,,,,134.593,9.966,B,93638,19,5,2,2011,,534372.53,493078.64,518940.88,533737.4575,40724.56253937499
29,2011-05-20,492932.51,False,58.56,4.101,,,,,,134.6803871,9.966,B,93638,20,5,2,2011,,549551.02,534372.53,502021.82,541563.72,39751.52415180041
29,2011-05-27,550735.64,False,62.59,4.034,,,,,,134.7677742,9.966,B,93638,21,5,2,2011,,492932.51,549551.02,577627.66,517483.6750000001,28936.21418896308
29,2011-06-03,598251.5700000001,False,70.09,3.973,,,,,,134.8551613,9.966,B,93638,22,6,2,2011,,550735.64,492932.51,588017.66,531897.925,27024.17748072164
29,2011-06-10,558431.4400000001,False,69.53,3.924,,,,,,134.9425484,9.966,B,93638,23,6,2,2011,,598251.5700000001,550735.64,540716.58,547867.685,43079.26068143933
29,2011-06-17,536914.17,False,63.97,3.873,,,,,,135.0837333,9.966,B,93638,24,6,2,2011,,558431.4400000001,598251.5700000001,558731.74,550087.79,43422.390310038245
29,2011-06-24,545368.17,False,68.53,3.851,,,,,,135.2652667,9.966,B,93638,25,6,2,2011,,536914.17,558431.4400000001,585548.79,561083.2050000001,26329.53708068175
29,2011-07-01,567114.6,False,70.8,3.815,,,,,,135.4468,9.863,B,93638,26,7,3,2011,,545368.17,536914.17,581473.55,559741.3375,27156.46858927454
29,2011-07-08,547586.07,False,74.22,3.784,,,,,,135.6283333,9.863,B,93638,27,7,3,2011,,567114.6,545368.17,563449.43,551957.095,13433.42381543644
29,2011-07-15,505246.15,False,75.2,3.827,,,,,,135.7837419,9.863,B,93638,28,7,3,2011,,547586.07,567114.6,512292.01,549245.7525000001,12769.1533258577
29,2011-07-22,507335.75,False,77.79,3.882,,,,,,135.8738387,9.863,B,93638,29,7,3,2011,,505246.15,547586.07,506502.09,541328.7475,25963.66082624849
29,2011-07-29,474653.06,False,75.32,3.898,,,,,,135.9639355,9.863,B,93638,30,7,3,2011,,507335.75,505246.15,509872.77,531820.6425000001,30550.09957779104
29,2011-08-05,503486.37,False,75.33,3.903,,,,,,136.0540323,9.863,B,93638,31,8,3,2011,,474653.06,507335.75,519787.93,508705.2575,29917.167372199103
29,2011-08-12,471311.5,False,74.69,3.88,,,,,,136.144129,9.863,B,93638,32,8,3,2011,,503486.37,474653.06,495269.0,497680.3325,15431.936925129929
29,2011-08-19,498056.0,False,71.3,3.82,,,,,,136.183129,9.863,B,93638,33,8,3,2011,,471311.5,503486.37,531640.1900000001,489196.67,18838.061180295936
29,2011-08-26,608294.98,False,72.22,3.796,,,,,,136.2136129,9.863,B,93638,34,8,3,2011,,498056.0,471311.5,545766.13,486876.7325,16253.724823196686
29,2011-09-02,497085.91,False,69.16,3.784,,,,,,136.2440968,9.863,B,93638,35,9,3,2011,,608294.98,498056.0,579272.38,520287.2125,60333.74587284437
29,2011-09-09,505406.72,True,69.14,3.809,,,,,,136.2745806,9.863,B,93638,36,9,3,2011,Labor Day,497085.91,608294.98,491290.37,518687.0975,61008.9428692786
29,2011-09-16,474129.35,False,68.08,3.809,,,,,,136.3145,9.863,B,93638,37,9,3,2011,,505406.72,497085.91,463752.89,527210.9025,54183.55688899562
29,2011-09-23,475696.37,False,62.36,3.758,,,,,,136.367,9.863,B,93638,38,9,3,2011,,474129.35,505406.72,465338.41,521229.24,59531.77090819997
29,2011-09-30,446516.26,False,69.78,3.684,,,,,,136.4195,9.863,B,93638,39,9,3,2011,,475696.37,474129.35,474698.01,488079.5875,15591.627749164716
29,2011-10-07,514993.0,False,56.44,3.633,,,,,,136.472,9.357,B,93638,40,10,4,2011,,446516.26,475696.37,530059.06,475437.175,24058.05852670596
29,2011-10-14,475776.45,False,62.63,3.583,,,,,,136.5150968,9.357,B,93638,41,10,4,2011,,514993.0,446516.26,483011.69,477833.745,28165.4990670455
29,2011-10-21,505068.22,False,59.3,3.618,,,,,,136.5017742,9.357,B,93638,42,10,4,2011,,475776.45,514993.0,505221.17,478245.52,28105.26462477402
29,2011-10-28,515119.64,False,49.31,3.604,,,,,,136.4884516,9.357,B,93638,43,10,4,2011,,505068.22,475776.45,527058.59,485588.4825,30913.86083591832
29,2011-11-04,620735.72,False,42.81,3.586,,,,,,136.475129,9.357,B,93638,44,11,4,2011,,515119.64,505068.22,521002.97,502739.3275,18581.75745807091
29,2011-11-11,531600.62,False,47.8,3.57,8394.65,7331.95,200.28,1292.58,2786.42,136.4618065,9.357,B,93638,45,11,4,2011,,620735.72,515119.64,524450.7,529175.0075000001,63281.01499322643
29,2011-11-18,504601.29,False,50.62,3.571,7021.01,967.62,15.97,392.25,5793.48,136.4666667,9.357,B,93638,46,11,4,2011,,531600.62,620735.72,508174.55,543131.0499999999,52879.90714688942
29,2011-11-25,913165.19,True,46.28,3.536,122.33,0.0,47289.47,4.0,1179.49,136.4788,9.357,B,93638,47,11,4,2011,Thanksgiving,504601.29,531600.62,975268.91,543014.3175,52992.33470271404
29,2011-12-02,579874.22,False,49.11,3.501,2167.06,,1457.99,820.49,6387.74,136.4909333,9.357,B,93638,48,12,4,2011,,913165.19,504601.29,642678.53,642525.705,187125.6734770466
29,2011-12-09,633240.53,False,45.35,3.47,2597.24,,614.02,499.88,5186.34,136.5030667,9.357,B,93638,49,12,4,2011,,579874.22,913165.19,713834.74,632310.33,189807.83493097895
29,2011-12-16,736805.66,False,39.11,3.445,1779.72,,547.17,1211.18,6777.33,136.5335161,9.357,B,93638,50,12,4,2011,,633240.53,579874.22,850538.25,657720.3074999999,178285.15956290462
29,2011-12-23,1016637.39,False,39.83,3.413,373.34,5.21,676.82,10.5,1730.4,136.5883871,9.357,B,93638,51,12,4,2011,,736805.66,633240.53,1130926.79,715771.3999999999,146840.20391707064
29,2011-12-30,551743.05,True,36.28,3.402,2168.59,17155.07,47.22,332.96,1792.92,136.6432581,9.357,B,93638,52,12,4,2011,Christmas,1016637.39,736805.66,465992.02,741639.45,194564.08372232752
29,2012-01-06,469773.85,False,34.61,3.439,4557.94,13427.99,9.56,550.78,2053.68,136.698129,8.988,B,93638,1,1,1,2012,,551743.05,1016637.39,455952.18,734606.6575000001,202698.75878483773
29,2012-01-13,444756.37,False,39.0,3.523,1789.85,7403.46,0.06,2.5,2512.9,136.753,8.988,B,93638,2,1,1,2012,,469773.85,551743.05,426905.26,693739.9875,242515.529190175
29,2012-01-20,446863.31,False,29.16,3.542,2021.51,2502.83,4.65,383.01,2842.32,136.8564194,8.988,B,93638,3,1,1,2012,,444756.37,469773.85,445134.15,620727.665,267865.84850337874
29,2012-01-27,395987.24,False,35.68,3.568,961.63,2011.62,0.73,117.38,1504.22,136.9598387,8.988,B,93638,4,1,1,2012,,446863.31,444756.37,410426.97,478284.145,50266.01374465822
29,2012-02-03,493159.35,False,40.58,3.633,23656.27,2347.13,110.26,11641.23,2548.96,137.0632581,8.988,B,93638,5,2,1,2012,,395987.24,446863.31,504126.89,439345.1925,31046.29969859867
29,2012-02-10,545840.05,True,35.68,3.655,15679.67,2427.87,4.36,4775.31,4026.33,137.1666774,8.988,B,93638,6,2,1,2012,Super Bowl,493159.35,395987.24,550387.78,445191.5675,39686.09379680159
29,2012-02-17,559606.91,False,36.25,3.703,7180.13,5665.86,1.76,5185.35,3381.36,137.2583103,8.988,B,93638,7,2,1,2012,,545840.05,493159.35,542529.21,470462.4875,64032.30477565918
29,2012-02-24,488782.63,False,39.0,3.751,7623.6,3357.2,,3737.6,5024.43,137.3411034,8.988,B,93638,8,2,1,2012,,559606.91,545840.05,483660.15,498648.3875,74189.92567186513
29,2012-03-02,500801.72,False,37.47,3.827,12783.88,800.94,1.09,6884.75,1699.2,137.4238966,8.988,B,93638,9,3,1,2012,,488782.63,559606.91,536031.67,521847.235,36137.28950041109
29,2012-03-09,504750.35,False,41.72,3.876,5564.21,396.61,,531.23,1542.59,137.5066897,8.988,B,93638,10,3,1,2012,,500801.72,488782.63,493430.45,523757.8275,34268.68628134307
29,2012-03-16,489293.72,False,46.06,3.867,4383.29,94.3,0.99,642.33,1575.61,137.5843871,8.988,B,93638,11,3,1,2012,,504750.35,500801.72,493653.43,513485.4025,31488.608348620142
29,2012-03-23,517408.48,False,54.68,3.889,2826.57,69.69,2.31,538.94,1177.24,137.6552903,8.988,B,93638,12,3,1,2012,,489293.72,504750.35,478773.05,495907.105,8096.403384891743
29,2012-03-30,504566.28,False,46.4,3.921,4713.53,42.04,1.5,266.03,915.19,137.7261935,8.988,B,93638,13,3,1,2012,,517408.48,489293.72,475615.26,503063.5675,11595.205965139348
29,2012-04-06,633826.55,False,46.38,3.957,9650.62,,10.77,1831.88,4732.84,137.7970968,9.14,B,93638,14,4,2,2012,,504566.28,517408.48,505304.33,504004.7075,11502.834677707431
29,2012-04-13,520493.83,False,49.89,4.025,2015.59,4370.68,2.75,424.21,1595.7,137.868,9.14,B,93638,15,4,2,2012,,633826.55,504566.28,518245.97,536273.7575,66042.74896513346
29,2012-04-20,525200.59,False,58.81,4.046,2087.5,1908.99,9.68,234.05,1581.26,137.9230667,9.14,B,93638,16,4,2,2012,,520493.83,633826.55,589252.69,544073.785,60231.37207196846
29,2012-04-27,497250.22,False,51.42,4.023,1238.43,,6.62,58.84,1407.86,137.9781333,9.14,B,93638,17,4,2,2012,,525200.59,520493.83,493078.64,546021.8125,59198.63258335639
29,2012-05-04,504963.84,False,50.75,3.991,5067.27,,12.59,1773.6,1695.58,138.0332,9.14,B,93638,18,5,2,2012,,497250.22,525200.59,534372.53,544192.7975,60992.24042412905
29,2012-05-11,529707.87,False,56.72,3.947,6606.84,,7.15,477.96,2857.52,138.0882667,9.14,B,93638,19,5,2,2012,,504963.84,497250.22,549551.02,511977.12000000005,13082.586238124784
29,2012-05-18,543706.04,False,61.9,3.899,3018.19,,76.29,661.56,597.94,138.1065806,9.14,B,93638,20,5,2,2012,,529707.87,504963.84,492932.51,514280.63,15642.705446862516
29,2012-05-25,549665.67,False,62.39,3.85,7467.41,,290.33,309.68,2750.24,138.1101935,9.14,B,93638,21,5,2,2012,,543706.04,529707.87,550735.64,518906.9925,21564.46929892447
29,2012-06-01,576252.35,False,70.01,3.798,8940.48,,63.86,885.58,2768.33,138.1138065,9.14,B,93638,22,6,2,2012,,549665.67,543706.04,598251.5700000001,532010.855,19877.244990099807
29,2012-06-08,554093.15,False,61.71,3.746,5777.3,117.2,23.9,440.62,3946.59,138.1174194,9.14,B,93638,23,6,2,2012,,576252.35,549665.67,558431.4400000001,549832.9824999999,19498.46617992511
29,2012-06-15,552338.76,False,66.56,3.683,3861.04,306.6,7.02,89.54,1180.28,138.1295333,9.14,B,93638,24,6,2,2012,,554093.15,576252.35,536914.17,555929.3025,14201.396104254747
29,2012-06-22,581854.5,False,70.61,3.629,4524.86,492.8,0.99,1745.53,2589.37,138.1629,9.14,B,93638,25,6,2,2012,,552338.76,554093.15,545368.17,558087.4825,12245.976748584531
29,2012-06-29,555954.13,False,70.99,3.577,5142.08,329.04,0.27,565.5,1957.42,138.1962667,9.14,B,93638,26,6,2,2012,,581854.5,552338.76,567114.6,566134.6900000001,15108.56093355146
29,2012-07-06,578832.41,False,77.41,3.538,5782.33,132.2,30.11,1918.9,4059.51,138.2296333,9.419,B,93638,27,7,3,2012,,555954.13,581854.5,547586.07,561060.135,13941.283593395494
29,2012-07-13,514709.76,False,75.81,3.561,3071.52,163.0,22.04,1087.28,656.21,138.263,9.419,B,93638,28,7,3,2012,,578832.41,555954.13,505246.15,567244.9500000001,15246.696877716486
29,2012-07-20,506705.36,False,76.57,3.61,1142.93,212.35,8.11,368.45,1625.35,138.2331935,9.419,B,93638,29,7,3,2012,,514709.76,578832.41,507335.75,557837.7,30990.06063677487
29,2012-07-27,475158.24,False,73.52,3.701,4006.71,190.7,2.17,1656.41,1187.12,138.2033871,9.419,B,93638,30,7,3,2012,,506705.36,514709.76,474653.06,539050.415,34190.70427159857
29,2012-08-03,504754.74,False,72.99,3.698,6061.65,149.02,,4925.98,2222.95,138.1735806,9.419,B,93638,31,8,3,2012,,475158.24,506705.36,503486.37,518851.4425,43479.85457262624
29,2012-08-10,518628.42,False,76.74,3.772,27921.89,341.19,9.08,1673.62,1983.79,138.1437742,9.419,B,93638,32,8,3,2012,,504754.74,475158.24,471311.5,500332.025,17326.458783706777
29,2012-08-17,416881.66,False,74.92,3.84,1727.05,167.24,0.3,504.22,1175.37,138.1857097,9.419,B,93638,33,8,3,2012,,518628.42,504754.74,498056.0,501311.69,18482.589592797554
29,2012-08-24,615026.15,False,70.42,3.874,2436.31,71.53,1.98,1546.95,1061.4,138.2814516,9.419,B,93638,34,8,3,2012,,416881.66,518628.42,608294.98,478855.765,45118.66714002437
29,2012-08-31,545844.91,False,71.93,3.884,5937.04,64.33,26.74,1875.2,1385.34,138.3771935,9.419,B,93638,35,8,3,2012,,615026.15,416881.66,497085.91,513822.7425,81127.52589073865
29,2012-09-07,540811.85,True,73.3,3.921,6434.83,49.02,42.16,1096.81,3319.92,138.4729355,9.419,B,93638,36,9,3,2012,Labor Day,545844.91,615026.15,505406.72,524095.285,82191.0708772719
29,2012-09-14,475127.18,False,66.42,3.988,5649.87,89.66,4.86,1763.17,4109.45,138.5673,9.419,B,93638,37,9,3,2012,,540811.85,545844.91,474129.35,529641.1425000001,82447.25017991393
29,2012-09-21,489079.23,False,63.38,4.056,2956.4,24.91,4.5,345.81,2110.49,138.6534,9.419,B,93638,38,9,3,2012,,475127.18,540811.85,475696.37,544202.5225,57159.37733056551
29,2012-09-28,489674.23,False,62.17,4.018,4039.87,7.91,1.98,687.56,3822.63,138.7395,9.419,B,93638,39,9,3,2012,,489079.23,475127.18,446516.26,512715.7925,35863.24836497761
29,2012-10-05,520632.8,False,62.09,4.027,4727.88,,9.12,676.3,1904.05,138.8256,9.151,B,93638,40,10,4,2012,,489674.23,489079.23,514993.0,498673.1225,28885.443872080024
29,2012-10-12,513737.0,False,54.18,4.029,2264.29,,6.8,829.39,675.12,138.9117,9.151,B,93638,41,10,4,2012,,520632.8,489674.23,475776.45,493628.36,19216.86038283745
29,2012-10-19,516909.24,False,55.28,4.0,1021.83,,2.28,194.24,3821.21,138.8336129,9.151,B,93638,42,10,4,2012,,513737.0,520632.8,505068.22,503280.815,16301.813396771402
29,2012-10-26,534970.68,False,57.58,3.917,5581.8,2.98,,398.23,396.11,138.7281613,9.151,B,93638,43,10,4,2012,,516909.24,513737.0,515119.64,510238.3175,13996.058342593162
30,2011-02-04,490970.95,False,36.33,2.989,,,,,,212.2240646,8.028,C,42988,5,2,1,2011,,425989.04,439132.62,465108.52,445401.8975,16819.086332759653
30,2011-02-11,470921.24,True,34.61,3.022,,,,,,212.5928624,8.028,C,42988,6,2,1,2011,Super Bowl,490970.95,425989.04,497374.57,455375.3325,28839.19061615441
30,2011-02-18,417070.51,False,59.87,3.045,,,,,,212.9033115,8.028,C,42988,7,2,1,2011,,470921.24,490970.95,463513.26,456753.4625,29600.14725340887
30,2011-02-25,432687.97,False,61.27,3.065,,,,,,213.190421,8.028,C,42988,8,2,1,2011,,417070.51,470921.24,472330.71,451237.935,35454.49951024032
30,2011-03-04,443334.71,False,59.52,3.288,,,,,,213.4775305,8.028,C,42988,9,3,1,2011,,432687.97,417070.51,472591.07,452912.6675,33992.35303005108
30,2011-03-11,438529.81,False,54.69,3.459,,,,,,213.7646401,8.028,C,42988,10,3,1,2011,,443334.71,432687.97,468189.93,441003.6075,22674.815370409444
30,2011-03-18,425470.84,False,63.26,3.488,,,,,,214.0156238,8.028,C,42988,11,3,1,2011,,438529.81,443334.71,445736.36,432905.75,11419.216428914877
30,2011-03-25,431754.01,False,70.33,3.473,,,,,,214.2521573,8.028,C,42988,12,3,1,2011,,425470.84,438529.81,442457.35,435005.8325,7704.483248396603
30,2011-04-01,437926.79,False,56.36,3.524,,,,,,214.4886908,7.931,C,42988,13,4,2,2011,,431754.01,425470.84,457884.06,434772.3425,7811.550828883072
30,2011-04-08,443889.5,False,68.62,3.622,,,,,,214.7252242,7.931,C,42988,14,4,2,2011,,437926.79,431754.01,454800.96,433420.3625,6120.620371614601
30,2011-04-15,426666.92,False,71.01,3.743,,,,,,214.9420631,7.931,C,42988,15,4,2,2011,,443889.5,437926.79,471054.16,434760.285,7930.968797797146
30,2011-04-22,445358.73,False,70.79,3.807,,,,,,215.1096657,7.931,C,42988,16,4,2,2011,,426666.92,443889.5,462454.39,435059.305,7473.328463910771
30,2011-04-29,423687.2,False,70.19,3.81,,,,,,215.2772683,7.931,C,42988,17,4,2,2011,,445358.73,426666.92,456140.34,438460.485,8493.781916054733
30,2011-05-06,438789.52,False,61.87,3.906,,,,,,215.4448709,7.931,C,42988,18,5,2,2011,,423687.2,445358.73,457883.94,434900.5875,11309.385957523247
30,2011-05-13,424614.59,False,75.04,3.899,,,,,,215.6124735,7.931,C,42988,19,5,2,2011,,438789.52,423687.2,461868.09,433625.5925,10190.31290434651
30,2011-05-20,435102.2,False,68.36,3.907,,,,,,215.3834778,7.931,C,42988,20,5,2,2011,,424614.59,438789.52,455751.84,433112.51,10696.56424202024
30,2011-05-27,429305.82,False,76.86,3.786,,,,,,215.1544822,7.931,C,42988,21,5,2,2011,,435102.2,424614.59,462474.16,430548.37750000006,7548.494769344776
30,2011-06-03,432808.48,False,83.82,3.699,,,,,,214.9254865,7.931,C,42988,22,6,2,2011,,429305.82,435102.2,458343.7,431953.0325,6258.734952759358
30,2011-06-10,424697.05,False,84.71,3.648,,,,,,214.6964908,7.931,C,42988,23,6,2,2011,,432808.48,429305.82,445530.16,430457.7725,4566.775260650766
30,2011-06-17,435481.03,False,87.54,3.637,,,,,,214.6513538,7.931,C,42988,24,6,2,2011,,424697.05,432808.48,447727.52,430478.3875,4531.657199622673
30,2011-06-24,422715.74,False,85.72,3.594,,,,,,214.7441108,7.931,C,42988,25,6,2,2011,,435481.03,424697.05,453210.24,430573.095,4662.569492962046
30,2011-07-01,428782.38,False,87.57,3.524,,,,,,214.8368678,7.852,C,42988,26,7,3,2011,,422715.74,435481.03,450337.47,428925.575,6177.740037125289
30,2011-07-08,419764.37,False,89.16,3.48,,,,,,214.9296249,7.852,C,42988,27,7,3,2011,,428782.38,422715.74,436293.4,427919.0500000001,5638.693677481309
30,2011-07-15,420515.63,False,91.05,3.575,,,,,,215.0134426,7.852,C,42988,28,7,3,2011,,419764.37,428782.38,438068.71,426685.88,6962.262277741891
30,2011-07-22,423441.76,False,90.27,3.651,,,,,,215.0749122,7.852,C,42988,29,7,3,2011,,420515.63,419764.37,440491.33,422944.53,4088.431252620114
30,2011-07-29,414245.96,False,91.56,3.682,,,,,,215.1363819,7.852,C,42988,30,7,3,2011,,423441.76,420515.63,437893.76,423126.035,4091.003416885339
30,2011-08-05,431798.64,False,94.22,3.684,,,,,,215.1978515,7.852,C,42988,31,8,3,2011,,414245.96,423441.76,441407.06,419491.93000000005,3840.292676060143
30,2011-08-12,412224.67,False,92.32,3.638,,,,,,215.2593211,7.852,C,42988,32,8,3,2011,,431798.64,414245.96,444160.07,422500.4975,7289.684889752948
30,2011-08-19,414450.61,False,90.11,3.554,,,,,,215.3229307,7.852,C,42988,33,8,3,2011,,412224.67,431798.64,447139.8,420427.7575,9016.40070025134
30,2011-08-26,387944.83,False,92.07,3.523,,,,,,215.386897,7.852,C,42988,34,8,3,2011,,414450.61,412224.67,443810.78,418179.97,9134.519351496734
30,2011-09-02,369722.32,False,91.94,3.533,,,,,,215.4508632,7.852,C,42988,35,9,3,2011,,387944.83,414450.61,461548.98,411604.6875,18037.62944207546
30,2011-09-09,370897.82,True,78.87,3.546,,,,,,215.5148295,7.852,C,42988,36,9,3,2011,Labor Day,369722.32,387944.83,455162.92,396085.6075,21284.092975084208
30,2011-09-16,382914.66,False,80.62,3.526,,,,,,215.6944378,7.852,C,42988,37,9,3,2011,,370897.82,369722.32,462058.19,385753.895,20864.771021602533
30,2011-09-23,391837.56,False,75.68,3.467,,,,,,216.0282356,7.852,C,42988,38,9,3,2011,,382914.66,370897.82,448392.17,377869.9075,8980.474696902005
30,2011-09-30,387001.13,False,78.91,3.355,,,,,,216.3620333,7.852,C,42988,39,9,3,2011,,391837.56,382914.66,445475.3,378843.09,10515.856180258075
30,2011-10-07,417528.26,False,71.64,3.285,,,,,,216.6958311,7.441,C,42988,40,10,4,2011,,387001.13,391837.56,462080.47,383162.7925,8953.12880331583
30,2011-10-14,410711.99,False,69.79,3.274,,,,,,217.0048261,7.441,C,42988,41,10,4,2011,,417528.26,387001.13,453943.89,394820.4025,15571.68229539007
30,2011-10-21,428958.53,False,65.16,3.353,,,,,,217.1650042,7.441,C,42988,42,10,4,2011,,410711.99,417528.26,459631.74,401769.735,14663.50149790651
30,2011-10-28,426151.88,False,65.46,3.372,,,,,,217.3251824,7.441,C,42988,43,10,4,2011,,428958.53,410711.99,438334.39,411049.9775,17712.00815288409
30,2011-11-04,432359.04,False,56.01,3.332,,,,,,217.4853605,7.441,C,42988,44,11,4,2011,,426151.88,428958.53,484661.87,420837.665,8320.071816078773
30,2011-11-11,409686.63,False,59.8,3.297,42.28,276.94,14.54,,3508.88,217.6455387,7.441,C,42988,45,11,4,2011,,432359.04,426151.88,431266.64,424545.36,9565.08750018568
30,2011-11-18,436462.63,False,61.9,3.308,679.88,97.38,,38.35,1143.98,217.8670218,7.441,C,42988,46,11,4,2011,,409686.63,432359.04,423707.69,424289.02,10060.311253174114
30,2011-11-25,452163.93,True,56.43,3.236,19.97,,,,477.74,218.1130269,7.441,C,42988,47,11,4,2011,Thanksgiving,436462.63,409686.63,462732.36,426165.045,11774.890871705567
30,2011-12-02,412385.75,False,48.72,3.172,23.47,,4.7,,1257.19,218.3590319,7.441,C,42988,48,12,4,2011,,452163.93,436462.63,407112.22,432668.0575,17537.857401890164
30,2011-12-09,436741.02,False,41.44,3.158,1.5,,3.41,,1774.78,218.605037,7.441,C,42988,49,12,4,2011,,412385.75,452163.93,428631.91,427674.735,20283.595622245462
30,2011-12-16,441265.08,False,50.56,3.159,,,11.1,,602.44,218.8217928,7.441,C,42988,50,12,4,2011,,436741.02,412385.75,445332.28,434438.3325,16430.797827479375
30,2011-12-23,492022.68,False,46.54,3.112,245.83,,12.5,2.52,2951.23,218.9995495,7.441,C,42988,51,12,4,2011,,441265.08,436741.02,519354.88,435638.945,16799.34692482745
30,2011-12-30,376777.45,True,45.16,3.129,782.67,2027.77,,35.28,239.99,219.1773063,7.441,C,42988,52,12,4,2011,Christmas,492022.68,441265.08,397631.02,445603.6325,33444.1057423253
30,2012-01-06,457030.86,False,48.1,3.157,594.21,1905.66,91.16,4.92,855.1,219.355063,7.057,C,42988,1,1,1,2012,,376777.45,492022.68,451077.21,436701.5575,47159.84361448663
30,2012-01-13,447023.91,False,45.0,3.261,157.23,452.88,51.64,,916.52,219.5328198,7.057,C,42988,2,1,1,2012,,457030.86,376777.45,465408.72,441774.0175,48244.21253811938
30,2012-01-20,438760.62,False,52.21,3.268,1084.35,3.47,36.96,,344.93,219.6258417,7.057,C,42988,3,1,1,2012,,447023.91,457030.86,439132.62,443213.725,48309.84528164741
30,2012-01-27,433037.66,False,50.79,3.29,246.62,,49.06,42.84,421.39,219.7188636,7.057,C,42988,4,1,1,2012,,438760.62,447023.91,425989.04,429898.21,36193.12895425609
30,2012-02-03,434080.74,False,55.83,3.36,843.22,2.82,64.81,192.66,2393.21,219.8118854,7.057,C,42988,5,2,1,2012,,433037.66,438760.62,490970.95,443963.2625,10433.375077319772
30,2012-02-10,451365.99,True,46.52,3.409,2098.64,4.0,52.55,,1923.82,219.9049073,7.057,C,42988,6,2,1,2012,Super Bowl,434080.74,433037.66,470921.24,438225.7325,6371.5798943305135
30,2012-02-17,435109.11,False,45.03,3.51,95.88,745.13,11.88,,2043.43,220.0651993,7.057,C,42988,7,2,1,2012,,451365.99,434080.74,417070.51,439311.2525,8413.008106749749
30,2012-02-24,425215.71,False,54.81,3.555,1192.83,557.62,,13.5,1342.2,220.275944,7.057,C,42988,8,2,1,2012,,435109.11,451365.99,432687.97,438398.375,8686.340624469654
30,2012-03-02,438640.61,False,59.3,3.63,1080.76,0.02,1.39,63.5,1031.3,220.4866886,7.057,C,42988,9,3,1,2012,,425215.71,435109.11,443334.71,436442.8875,10895.063195063914
30,2012-03-09,446617.89,False,57.16,3.669,639.83,,0.49,144.18,3286.61,220.6974332,7.057,C,42988,10,3,1,2012,,438640.61,425215.71,438529.81,437582.855,10803.6929773162
30,2012-03-16,413617.45,False,63.39,3.734,301.14,,,,2536.55,220.8498468,7.057,C,42988,11,3,1,2012,,446617.89,438640.61,425470.84,436395.83,8872.810142317463
30,2012-03-23,430222.97,False,62.96,3.787,349.9,0.5,0.34,,2099.05,220.9244858,7.057,C,42988,12,3,1,2012,,413617.45,446617.89,431754.01,431022.915,14582.025055319917
30,2012-03-30,449603.91,False,67.87,3.845,380.37,0.5,,,1080.75,220.9991248,7.057,C,42988,13,3,1,2012,,430222.97,413617.45,437926.79,432274.73,14125.08977028741
30,2012-04-06,461511.92,False,69.02,3.891,21.39,,4.09,,2364.16,221.0737638,6.891,C,42988,14,4,2,2012,,449603.91,430222.97,443889.5,435015.555,16616.07703030948
30,2012-04-13,428784.7,False,69.03,3.891,48.96,856.15,12.0,,699.85,221.1484028,6.891,C,42988,15,4,2,2012,,461511.92,449603.91,426666.92,438739.0625,21136.59698234565
30,2012-04-20,462909.41,False,66.97,3.877,72.85,692.6,0.7,,369.74,221.2021074,6.891,C,42988,16,4,2,2012,,428784.7,461511.92,445358.73,442530.875,15819.28934374042
30,2012-04-27,433744.83,False,69.21,3.814,60.07,,3.21,,1112.14,221.255812,6.891,C,42988,17,4,2,2012,,462909.41,428784.7,423687.2,450702.485,15784.476227312056
30,2012-05-04,454477.54,False,77.53,3.749,1136.36,,19.09,14.33,2003.64,221.3095166,6.891,C,42988,18,5,2,2012,,433744.83,462909.41,438789.52,446737.715,17990.05892864665
30,2012-05-11,436070.45,False,74.14,3.688,701.89,,2.28,,1487.23,221.3632212,6.891,C,42988,19,5,2,2012,,454477.54,433744.83,424614.59,444979.12,16331.80733947345
30,2012-05-18,460945.14,False,72.42,3.63,57.13,,,,857.91,221.380331,6.891,C,42988,20,5,2,2012,,436070.45,454477.54,435102.2,446800.5575,14189.414090416272
30,2012-05-25,449355.91,False,79.49,3.561,175.64,,,,2534.54,221.3828029,6.891,C,42988,21,5,2,2012,,460945.14,436070.45,429305.82,446309.49,13461.400530928397
30,2012-06-01,427021.18,False,79.24,3.501,553.39,,,,7048.24,221.3852748,6.891,C,42988,22,6,2,2012,,449355.91,460945.14,432808.48,450212.26,10553.22149821938
30,2012-06-08,437222.94,False,79.47,3.452,359.6,,3.75,,3721.71,221.3877467,6.891,C,42988,23,6,2,2012,,427021.18,449355.91,424697.05,443348.17,14891.631922515371
30,2012-06-15,438523.24,False,81.51,3.393,370.16,,3.01,10.16,1042.83,221.4009901,6.891,C,42988,24,6,2,2012,,437222.94,427021.18,435481.03,443636.2925,14713.976120246038
30,2012-06-22,428554.63,False,81.78,3.346,292.53,,,,3749.16,221.4411622,6.891,C,42988,25,6,2,2012,,438523.24,437222.94,422715.74,438030.8175,9135.370526849802
30,2012-06-29,423192.4,False,88.05,3.286,57.9,,,,1773.54,221.4813343,6.891,C,42988,26,6,2,2012,,428554.63,438523.24,428782.38,432830.4975,5880.251723084279
30,2012-07-06,440553.42,False,85.26,3.227,799.32,,2.35,2.96,2510.56,221.5215064,6.565,C,42988,27,7,3,2012,,423192.4,428554.63,419764.37,431873.3025,7284.960432564838
30,2012-07-13,417640.34,False,82.51,3.256,200.86,,4.08,,7547.27,221.5616784,6.565,C,42988,28,7,3,2012,,440553.42,423192.4,420515.63,432705.9225,8229.312237097054
30,2012-07-20,427491.04,False,84.25,3.311,164.49,,2.82,,2012.83,221.5701123,6.565,C,42988,29,7,3,2012,,417640.34,440553.42,423441.76,427485.1975,9785.558317454404
30,2012-07-27,424581.17,False,88.09,3.407,92.13,,0.24,,3727.76,221.5785461,6.565,C,42988,30,7,3,2012,,427491.04,417640.34,414245.96,427219.3000000001,9761.23279600871
30,2012-08-03,425136.55,False,91.57,3.417,283.01,,2.46,1.88,2833.5,221.5869799,6.565,C,42988,31,8,3,2012,,424581.17,427491.04,431798.64,427566.4925,9593.515741588231
30,2012-08-10,430878.28,False,89.57,3.494,971.97,,1.03,52.96,2168.04,221.5954138,6.565,C,42988,32,8,3,2012,,425136.55,424581.17,412224.67,423712.275,4239.92914115819
30,2012-08-17,423351.15,False,85.55,3.571,168.82,,2.13,,1321.3,221.6751459,6.565,C,42988,33,8,3,2012,,430878.28,425136.55,414450.61,427021.76,2863.765965823586
30,2012-08-24,425296.65,False,77.72,3.62,338.75,,6.52,10.05,1731.98,221.8083518,6.565,C,42988,34,8,3,2012,,423351.15,430878.28,387944.83,425986.7875,3345.242804924809
30,2012-08-31,439132.5,False,83.58,3.638,394.74,,4.9,134.07,1892.82,221.9415576,6.565,C,42988,35,8,3,2012,,425296.65,423351.15,369722.32,426165.6575,3263.15285047572
30,2012-09-07,433565.77,True,88.4,3.73,223.74,,124.14,33.14,1987.38,222.0747635,6.565,C,42988,36,9,3,2012,Labor Day,439132.5,425296.65,370897.82,429664.645,7072.311919246018
30,2012-09-14,437773.31,False,76.1,3.717,1085.92,,29.23,,2115.61,222.2174395,6.565,C,42988,37,9,3,2012,,433565.77,439132.5,382914.66,430336.5175,7348.310539997223
30,2012-09-21,443891.64,False,71.54,3.721,1046.34,,,69.2,1258.49,222.4169362,6.565,C,42988,38,9,3,2012,,437773.31,433565.77,391837.56,433942.0575,6231.742725442141
30,2012-09-28,425410.04,False,80.38,3.666,212.08,,,,1525.32,222.6164329,6.565,C,42988,39,9,3,2012,,443891.64,437773.31,387001.13,438590.805,4254.862316477039
30,2012-10-05,446751.45,False,70.28,3.617,,,3.02,,755.8,222.8159296,6.17,C,42988,40,10,4,2012,,425410.04,443891.64,417528.26,435160.19,7760.45993902916
30,2012-10-12,434593.26,False,61.53,3.601,15.88,,5.2,,3374.4,223.0154263,6.17,C,42988,41,10,4,2012,,446751.45,425410.04,410711.99,438456.61,9469.66752991589
30,2012-10-19,437537.29,False,68.52,3.594,37.11,,0.15,,1030.33,223.0598077,6.17,C,42988,42,10,4,2012,,434593.26,446751.45,428958.53,437661.5975,9677.365416498176
30,2012-10-26,439424.5,False,70.5,3.506,150.46,1.75,,,367.83,223.0783366,6.17,C,42988,43,10,4,2012,,437537.29,434593.26,426151.88,436073.01,8795.108224375434
31,2011-02-04,1443206.46,False,36.33,2.989,,,,,,212.2240646,8.028,A,203750,5,2,1,2011,,1254955.68,1344167.13,1469252.05,1315459.9975,43745.207169822446
31,2011-02-11,1539230.32,True,34.61,3.022,,,,,,212.5928624,8.028,A,203750,6,2,1,2011,Super Bowl,1443206.46,1254955.68,1543947.23,1348264.895,76905.52714788582
31,2011-02-18,1539063.91,False,59.87,3.045,,,,,,212.9033115,8.028,A,203750,7,2,1,2011,,1539230.32,1443206.46,1473386.75,1395389.8975,122911.93615686928
31,2011-02-25,1365678.22,False,61.27,3.065,,,,,,213.190421,8.028,A,203750,8,2,1,2011,,1539063.91,1539230.32,1344354.41,1444114.0925,133970.51092608628
31,2011-03-04,1412721.18,False,59.52,3.288,,,,,,213.4775305,8.028,A,203750,9,3,1,2011,,1365678.22,1539063.91,1384870.51,1471794.7274999998,83965.6760283489
31,2011-03-11,1405572.93,False,54.69,3.459,,,,,,213.7646401,8.028,A,203750,10,3,1,2011,,1412721.18,1365678.22,1366193.35,1464173.4074999995,88676.86875036155
31,2011-03-18,1425559.02,False,63.26,3.488,,,,,,214.0156238,8.028,A,203750,11,3,1,2011,,1405572.93,1412721.18,1332261.01,1430759.06,75111.38956664945
31,2011-03-25,1357036.1,False,70.33,3.473,,,,,,214.2521573,8.028,A,203750,12,3,1,2011,,1425559.02,1405572.93,1229635.7,1402382.8375,25829.06887533308
31,2011-04-01,1344890.73,False,56.36,3.524,,,,,,214.4886908,7.931,A,203750,13,4,2,2011,,1357036.1,1425559.02,1357600.68,1400222.3075,29954.67962021456
31,2011-04-08,1416790.17,False,68.62,3.622,,,,,,214.7252242,7.931,A,203750,14,4,2,2011,,1344890.73,1357036.1,1395710.09,1383264.695,38500.942246113766
31,2011-04-15,1408464.08,False,71.01,3.743,,,,,,214.9420631,7.931,A,203750,15,4,2,2011,,1416790.17,1344890.73,1367448.28,1386069.005,40995.16706626018
31,2011-04-22,1461393.91,False,70.79,3.807,,,,,,215.1096657,7.931,A,203750,16,4,2,2011,,1408464.08,1416790.17,1280465.8,1381795.27,36105.53985436889
31,2011-04-29,1331137.96,False,70.19,3.81,,,,,,215.2772683,7.931,A,203750,17,4,2,2011,,1461393.91,1408464.08,1243200.24,1407884.7225,47996.94048682624
31,2011-05-06,1388755.61,False,61.87,3.906,,,,,,215.4448709,7.931,A,203750,18,5,2,2011,,1331137.96,1461393.91,1381796.8,1404446.5299999998,54116.09951687506
31,2011-05-13,1408118.22,False,75.04,3.899,,,,,,215.6124735,7.931,A,203750,19,5,2,2011,,1388755.61,1331137.96,1287288.59,1397437.89,53799.04603912421
31,2011-05-20,1387365.19,False,68.36,3.907,,,,,,215.3834778,7.931,A,203750,20,5,2,2011,,1408118.22,1388755.61,1337405.6,1397351.4249999998,53775.69073589329
31,2011-05-27,1342273.64,False,76.86,3.786,,,,,,215.1544822,7.931,A,203750,21,5,2,2011,,1387365.19,1408118.22,1309437.17,1378844.245,33184.82032826577
31,2011-06-03,1430348.1,False,83.82,3.699,,,,,,214.9254865,7.931,A,203750,22,6,2,2011,,1342273.64,1387365.19,1427624.5,1381628.165,27893.939484871546
31,2011-06-10,1425299.37,False,84.71,3.648,,,,,,214.6964908,7.931,A,203750,23,6,2,2011,,1430348.1,1342273.64,1377092.33,1392026.2875,37525.8282965797
31,2011-06-17,1491039.14,False,87.54,3.637,,,,,,214.6513538,7.931,A,203750,24,6,2,2011,,1425299.37,1430348.1,1368090.08,1396321.575,40820.39162261004
31,2011-06-24,1375962.46,False,85.72,3.594,,,,,,214.7441108,7.931,A,203750,25,6,2,2011,,1491039.14,1425299.37,1303523.73,1422240.0625,61109.30487462602
31,2011-07-01,1371889.27,False,87.57,3.524,,,,,,214.8368678,7.852,A,203750,26,7,3,2011,,1375962.46,1491039.14,1311704.92,1430662.2675,47139.13817707215
31,2011-07-08,1423144.47,False,89.16,3.48,,,,,,214.9296249,7.852,A,203750,27,7,3,2011,,1371889.27,1375962.46,1315118.4,1416047.56,55576.08261625405
31,2011-07-15,1415473.91,False,91.05,3.575,,,,,,215.0134426,7.852,A,203750,28,7,3,2011,,1423144.47,1371889.27,1335433.72,1415508.835,55466.84331404839
31,2011-07-22,1401944.8,False,90.27,3.651,,,,,,215.0749122,7.852,A,203750,29,7,3,2011,,1415473.91,1423144.47,1276031.84,1396617.5275,26440.879787430436
31,2011-07-29,1308122.15,False,91.56,3.682,,,,,,215.1363819,7.852,A,203750,30,7,3,2011,,1401944.8,1415473.91,1231993.14,1403113.1125,22585.673133580432
31,2011-08-05,1428993.33,False,94.22,3.684,,,,,,215.1978515,7.852,A,203750,31,8,3,2011,,1308122.15,1401944.8,1352401.08,1387171.3324999998,53423.250589448086
31,2011-08-12,1443311.49,False,92.32,3.638,,,,,,215.2593211,7.852,A,203750,32,8,3,2011,,1428993.33,1308122.15,1327719.34,1388633.5475,54798.39314280451
31,2011-08-19,1487542.53,False,90.11,3.554,,,,,,215.3229307,7.852,A,203750,33,8,3,2011,,1443311.49,1428993.33,1376571.21,1395592.9425,60784.12976794153
31,2011-08-26,1417267.07,False,92.07,3.523,,,,,,215.386897,7.852,A,203750,34,8,3,2011,,1487542.53,1443311.49,1326621.98,1416992.375,76739.31846923802
31,2011-09-02,1385769.03,False,91.94,3.533,,,,,,215.4508632,7.852,A,203750,35,9,3,2011,,1417267.07,1487542.53,1302047.48,1444278.605,30746.08469767642
31,2011-09-09,1376670.27,True,78.87,3.546,,,,,,215.5148295,7.852,A,203750,36,9,3,2011,Labor Day,1385769.03,1417267.07,1308179.02,1433472.53,43044.97988516437
31,2011-09-16,1363460.86,False,80.62,3.526,,,,,,215.6944378,7.852,A,203750,37,9,3,2011,,1376670.27,1385769.03,1294105.01,1416812.225,50259.4582687232
31,2011-09-23,1347607.74,False,75.68,3.467,,,,,,216.0282356,7.852,A,203750,38,9,3,2011,,1363460.86,1376670.27,1230250.25,1385791.8075,22895.16929303136
31,2011-09-30,1285534.74,False,78.91,3.355,,,,,,216.3620333,7.852,A,203750,39,9,3,2011,,1347607.74,1363460.86,1213981.64,1368376.975,16601.12072781234
31,2011-10-07,1427383.24,False,71.64,3.285,,,,,,216.6958311,7.441,A,203750,40,10,4,2011,,1285534.74,1347607.74,1300131.68,1343318.4025,40313.00752850326
31,2011-10-14,1378340.18,False,69.79,3.274,,,,,,217.0048261,7.441,A,203750,41,10,4,2011,,1427383.24,1285534.74,1265852.43,1355996.645,58272.38978735429
31,2011-10-21,1409310.4,False,65.16,3.353,,,,,,217.1650042,7.441,A,203750,42,10,4,2011,,1378340.18,1427383.24,1262289.29,1359716.475,59372.22904243599
31,2011-10-28,1346862.72,False,65.46,3.372,,,,,,217.3251824,7.441,A,203750,43,10,4,2011,,1409310.4,1378340.18,1257921.28,1375142.14,63077.50818170415
31,2011-11-04,1426405.46,False,56.01,3.332,,,,,,217.4853605,7.441,A,203750,44,11,4,2011,,1346862.72,1409310.4,1324455.72,1390474.135,35431.97846247133
31,2011-11-11,1444783.64,False,59.8,3.297,25879.08,8716.86,163.33,3983.24,7898.07,217.6455387,7.441,A,203750,45,11,4,2011,,1426405.46,1346862.72,1352780.76,1390229.69,35094.22727561513
31,2011-11-18,1445174.79,False,61.9,3.308,6756.03,591.76,71.38,462.18,12533.58,217.8670218,7.441,A,203750,46,11,4,2011,,1444783.64,1426405.46,1359158.57,1406840.555,42528.045776040366
31,2011-11-25,1934099.65,True,56.43,3.236,403.7,92.35,40307.29,95.5,492.36,218.1130269,7.441,A,203750,47,11,4,2011,Thanksgiving,1445174.79,1444783.64,1858856.06,1415806.6525,46789.4356088354
31,2011-12-02,1388809.43,False,48.72,3.172,5425.3,96.94,1100.35,2779.95,24475.38,218.3590319,7.441,A,203750,48,12,4,2011,,1934099.65,1445174.79,1338716.37,1562615.8849999998,247810.6241291206
31,2011-12-09,1556798.94,False,41.44,3.158,2876.83,11.87,471.16,1915.49,11604.37,218.605037,7.441,A,203750,49,12,4,2011,,1388809.43,1934099.65,1475685.1,1553216.8775,255298.7497337444
31,2011-12-16,1611196.61,False,50.56,3.159,1263.97,47.0,477.99,566.44,5199.2,218.8217928,7.441,A,203750,50,12,4,2011,,1556798.94,1388809.43,1714667.0,1581220.7025,245391.22652432576
31,2011-12-23,2026176.14,False,46.54,3.112,2240.27,18.26,974.28,86.0,6207.39,218.9995495,7.441,A,203750,51,12,4,2011,,1611196.61,1556798.94,2068942.97,1622726.1575,228144.5563006061
31,2011-12-30,1355405.95,True,45.16,3.129,6123.19,24716.69,114.74,845.42,3413.9,219.1773063,7.441,A,203750,52,12,4,2011,Christmas,2026176.14,1611196.61,1198071.6,1645745.28,270708.16528365243
31,2012-01-06,1401232.52,False,48.1,3.157,6105.78,25953.41,91.69,1254.6,6256.02,219.355063,7.057,A,203750,1,1,1,2012,,1355405.95,2026176.14,1311986.87,1637394.41,281573.36501897254
31,2012-01-13,1377485.12,False,45.0,3.261,4371.53,14136.14,54.52,719.85,3942.03,219.5328198,7.057,A,203750,2,1,1,2012,,1401232.52,1355405.95,1350730.31,1598502.8050000002,306092.1758829466
31,2012-01-20,1372504.9,False,52.21,3.268,3918.1,2626.22,74.41,167.56,3302.94,219.6258417,7.057,A,203750,3,1,1,2012,,1377485.12,1401232.52,1344167.13,1540074.9325,324607.29077258194
31,2012-01-27,1259941.48,False,50.79,3.29,2391.52,1189.61,50.82,313.76,4791.34,219.7188636,7.057,A,203750,4,1,1,2012,,1372504.9,1377485.12,1254955.68,1376657.1225,18916.38642779332
31,2012-02-03,1391479.91,False,55.83,3.36,60394.73,2578.65,128.54,33529.14,7737.46,219.8118854,7.057,A,203750,5,2,1,2012,,1259941.48,1372504.9,1443206.46,1352791.005,63156.02805730381
31,2012-02-10,1527688.58,True,46.52,3.409,16946.96,3789.56,83.24,11187.79,8316.25,219.9049073,7.057,A,203750,6,2,1,2012,Super Bowl,1391479.91,1259941.48,1539230.32,1350352.8525,60807.138517544765
31,2012-02-17,1570813.52,False,45.03,3.51,13158.2,6689.78,10.34,6529.43,7435.73,220.0651993,7.057,A,203750,7,2,1,2012,,1527688.58,1391479.91,1539063.91,1387903.7175,109793.8291273621
31,2012-02-24,1392543.37,False,54.81,3.555,12329.67,4657.57,5.3,1538.63,5781.58,220.275944,7.057,A,203750,8,2,1,2012,,1570813.52,1527688.58,1365678.22,1437480.8725,140891.6248066333
31,2012-03-02,1427881.22,False,59.3,3.63,21236.34,1039.56,26.38,11668.85,7948.31,220.4866886,7.057,A,203750,9,3,1,2012,,1392543.37,1570813.52,1412721.18,1470631.345,92474.64112886036
31,2012-03-09,1439034.86,False,57.16,3.669,6284.13,768.91,2.69,1051.13,8527.38,220.6974332,7.057,A,203750,10,3,1,2012,,1427881.22,1392543.37,1405572.93,1479731.6725,83438.67496203787
31,2012-03-16,1481728.13,False,63.39,3.734,6738.65,801.74,8.13,2047.38,7905.67,220.8498468,7.057,A,203750,11,3,1,2012,,1439034.86,1427881.22,1425559.02,1457568.2425000002,78054.53753946442
31,2012-03-23,1365824.97,False,62.96,3.787,4783.0,70.51,2.38,837.58,6900.79,220.9244858,7.057,A,203750,12,3,1,2012,,1481728.13,1439034.86,1357036.1,1435296.895,36754.53759558944
31,2012-03-30,1318854.22,False,67.87,3.845,9546.49,584.62,-1.0,1334.23,3691.1,220.9991248,7.057,A,203750,13,3,1,2012,,1365824.97,1481728.13,1344890.73,1428617.295,47863.36225909769
31,2012-04-06,1496169.81,False,69.02,3.891,12625.17,399.0,21.86,3623.01,16629.1,221.0737638,6.891,A,203750,14,4,2,2012,,1318854.22,1365824.97,1416790.17,1401360.545,72911.75827678516
31,2012-04-13,1407842.91,False,69.03,3.891,6352.11,4720.65,13.89,1482.03,3076.8,221.1484028,6.891,A,203750,15,4,2,2012,,1496169.81,1318854.22,1408464.08,1415644.2825,86989.87599386171
31,2012-04-20,1407036.59,False,66.97,3.877,8373.31,645.86,16.05,311.94,7709.86,221.2021074,6.891,A,203750,16,4,2,2012,,1407842.91,1496169.81,1461393.91,1397172.9775,75345.30654515664
31,2012-04-27,1311352.25,False,69.21,3.814,2973.44,-0.91,10.16,542.5,9196.82,221.255812,6.891,A,203750,17,4,2,2012,,1407036.59,1407842.91,1331137.96,1407475.8825,72389.54695885493
31,2012-05-04,1391257.28,False,77.53,3.749,13819.53,,116.3,4932.07,4528.81,221.3095166,6.891,A,203750,18,5,2,2012,,1311352.25,1407036.59,1388755.61,1405600.39,75482.05813080292
31,2012-05-11,1392938.06,False,74.14,3.688,13797.91,,8.64,2960.85,3794.93,221.3632212,6.891,A,203750,19,5,2,2012,,1391257.28,1311352.25,1408118.22,1379372.2574999998,45985.02845699317
31,2012-05-18,1441473.82,False,72.42,3.63,8569.82,,47.39,719.88,17903.64,221.380331,6.891,A,203750,20,5,2,2012,,1392938.06,1391257.28,1387365.19,1375646.045,43442.61667949294
31,2012-05-25,1397094.26,False,79.49,3.561,12146.84,,488.13,2066.74,5802.72,221.3828029,6.891,A,203750,21,5,2,2012,,1441473.82,1392938.06,1342273.64,1384255.3525,53892.58382937733
31,2012-06-01,1404516.29,False,79.24,3.501,10969.38,,378.31,2706.46,3236.46,221.3852748,6.891,A,203750,22,6,2,2012,,1397094.26,1441473.82,1430348.1,1405690.855,23981.13075855856
31,2012-06-08,1443285.79,False,79.47,3.452,6401.42,,1.01,744.86,7363.36,221.3877467,6.891,A,203750,23,6,2,2012,,1404516.29,1397094.26,1425299.37,1409005.6075,22168.93529612103
31,2012-06-15,1431003.43,False,81.51,3.393,7348.68,,2.85,2541.21,5428.08,221.4009901,6.891,A,203750,24,6,2,2012,,1443285.79,1404516.29,1491039.14,1421592.54,24204.864710914702
31,2012-06-22,1394065.76,False,81.78,3.346,6139.82,26.0,4.33,3613.14,8954.0,221.4411622,6.891,A,203750,25,6,2,2012,,1431003.43,1443285.79,1375962.46,1418974.9425,21783.16411426293
31,2012-06-29,1349202.25,False,88.05,3.286,5659.29,7.6,,408.59,6001.91,221.4813343,6.891,A,203750,26,6,2,2012,,1394065.76,1431003.43,1371889.27,1418217.8175,22824.905035047
31,2012-07-06,1458059.42,False,85.26,3.227,6801.13,1.95,36.15,3120.41,3975.98,221.5215064,6.565,A,203750,27,7,3,2012,,1349202.25,1394065.76,1423144.47,1404389.3075,42321.92030855181
31,2012-07-13,1374301.34,False,82.51,3.256,7013.13,2.1,29.35,3542.2,10462.74,221.5616784,6.565,A,203750,28,7,3,2012,,1458059.42,1349202.25,1415473.91,1408082.715,47210.21924984682
31,2012-07-20,1392395.2,False,84.25,3.311,2331.17,10.59,13.74,2475.94,5588.47,221.5701123,6.565,A,203750,29,7,3,2012,,1374301.34,1458059.42,1401944.8,1393907.1925,46541.9336836624
31,2012-07-27,1303732.36,False,88.09,3.407,6694.25,35.94,7.2,8201.22,11721.11,221.5785461,6.565,A,203750,30,7,3,2012,,1392395.2,1374301.34,1308122.15,1393489.5525,46547.53147064797
31,2012-08-03,1390174.63,False,91.57,3.417,22694.34,15.96,76.19,14090.47,8759.63,221.5869799,6.565,A,203750,31,8,3,2012,,1303732.36,1392395.2,1428993.33,1382122.08,63451.10657463086
31,2012-08-10,1386472.59,False,89.57,3.494,15098.61,18.96,57.04,4709.17,6169.55,221.5954138,6.565,A,203750,32,8,3,2012,,1390174.63,1303732.36,1443311.49,1365150.8825,41730.91002093656
31,2012-08-17,1410181.7,False,85.55,3.571,2920.56,40.96,0.01,3529.36,4049.09,221.6751459,6.565,A,203750,33,8,3,2012,,1386472.59,1390174.63,1487542.53,1368193.695,43043.60602978532
31,2012-08-24,1379783.21,False,77.72,3.62,6690.73,25.88,0.01,4768.97,7329.68,221.8083518,6.565,A,203750,34,8,3,2012,,1410181.7,1386472.59,1417267.07,1372640.32,47104.30229534798
31,2012-08-31,1373651.49,False,83.58,3.638,20970.7,27.94,79.4,8977.02,17926.84,221.9415576,6.565,A,203750,35,8,3,2012,,1379783.21,1410181.7,1385769.03,1391653.0325,13079.587964385792
31,2012-09-07,1358111.62,True,88.4,3.73,13401.91,61.94,511.63,2215.91,3508.73,222.0747635,6.565,A,203750,36,9,3,2012,Labor Day,1373651.49,1379783.21,1376670.27,1387522.2475,15987.94528717131
31,2012-09-14,1327705.44,False,76.1,3.717,11871.81,11.76,112.13,1166.35,6254.74,222.2174395,6.565,A,203750,37,9,3,2012,,1358111.62,1373651.49,1363460.86,1380432.005,21829.95081501581
31,2012-09-21,1373064.87,False,71.54,3.721,9618.53,65.82,21.48,1203.78,13987.79,222.4169362,6.565,A,203750,38,9,3,2012,,1327705.44,1358111.62,1347607.74,1359812.94,23267.310372906573
31,2012-09-28,1279080.58,False,80.38,3.666,6570.37,16.73,0.15,354.35,7577.57,222.6164329,6.565,A,203750,39,9,3,2012,,1373064.87,1327705.44,1285534.74,1358133.355,21522.245373338832
31,2012-10-05,1363365.05,False,70.28,3.617,3155.26,,25.01,4822.44,7109.64,222.8159296,6.17,A,203750,40,10,4,2012,,1279080.58,1373064.87,1427383.24,1334490.6275,41481.86593559546
31,2012-10-12,1401113.42,False,61.53,3.601,7504.95,,9.89,273.21,9095.96,223.0154263,6.17,A,203750,41,10,4,2012,,1363365.05,1279080.58,1378340.18,1335803.985,42548.47024601613
31,2012-10-19,1378730.45,False,68.52,3.594,2432.45,,14.89,1202.44,9394.54,223.0598077,6.17,A,203750,42,10,4,2012,,1401113.42,1363365.05,1409310.4,1354155.98,52547.34356688998
31,2012-10-26,1340232.55,False,70.5,3.506,10768.84,50.54,104.5,345.37,6629.51,223.0783366,6.17,A,203750,43,10,4,2012,,1378730.45,1401113.42,1346862.72,1355572.375,53297.91648014959
32,2011-02-04,1070457.8,False,15.47,3.011,,,,,,191.7625895,8.818,A,203007,5,2,1,2011,,1006814.85,1078348.91,1087616.19,1039946.61,30288.255813062555
32,2011-02-11,1124357.2,True,18.51,3.037,,,,,,191.8572881,8.818,A,203007,6,2,1,2011,Super Bowl,1070457.8,1006814.85,1123566.12,1045957.0175,34140.45906716756
32,2011-02-18,1183528.58,False,42.09,3.051,,,,,,191.9178331,8.818,A,203007,7,2,1,2011,,1124357.2,1070457.8,1082559.06,1069994.69,48363.14760437456
32,2011-02-25,1054754.67,False,33.0,3.101,,,,,,191.9647167,8.818,A,203007,8,2,1,2011,,1183528.58,1124357.2,1053247.1,1096289.6075,75435.2759655677
32,2011-03-04,1106847.62,False,39.17,3.232,,,,,,192.0116004,8.818,A,203007,9,3,1,2011,,1054754.67,1183528.58,1066566.74,1108274.5625,58356.10450227431
32,2011-03-11,1101458.21,False,36.51,3.372,,,,,,192.058484,8.818,A,203007,10,3,1,2011,,1106847.62,1054754.67,1093319.37,1117372.0175,53094.81671830087
32,2011-03-18,1100765.5,False,45.25,3.406,,,,,,192.1237981,8.818,A,203007,11,3,1,2011,,1101458.21,1106847.62,1059781.78,1111647.27,53324.61672274703
32,2011-03-25,1068719.22,False,46.7,3.414,,,,,,192.1964844,8.818,A,203007,12,3,1,2011,,1100765.5,1101458.21,1076021.58,1090956.5,24287.18855781651
32,2011-04-01,1051121.02,False,44.83,3.461,,,,,,192.2691707,8.595,A,203007,13,4,2,2011,,1068719.22,1100765.5,1131732.94,1094447.6375,17366.390398340016
32,2011-04-08,1102975.59,False,48.81,3.532,,,,,,192.3418571,8.595,A,203007,14,4,2,2011,,1051121.02,1068719.22,1095889.22,1080515.9874999998,24845.16906431811
32,2011-04-15,1120508.14,False,45.97,3.611,,,,,,192.4225954,8.595,A,203007,15,4,2,2011,,1102975.59,1051121.02,1082763.27,1080895.3325,25279.298040135905
32,2011-04-22,1210602.91,False,48.69,3.636,,,,,,192.5234638,8.595,A,203007,16,4,2,2011,,1120508.14,1102975.59,1072474.8,1085830.9925,31591.331781664725
32,2011-04-29,1107494.55,False,44.86,3.663,,,,,,192.6243322,8.595,A,203007,17,4,2,2011,,1210602.91,1120508.14,1066792.63,1121301.915,66424.16728307241
32,2011-05-06,1181793.55,False,46.65,3.735,,,,,,192.7252006,8.595,A,203007,18,5,2,2011,,1107494.55,1210602.91,1133657.58,1135395.2975,50686.29526090127
32,2011-05-13,1138162.76,False,56.09,3.767,,,,,,192.826069,8.595,A,203007,19,5,2,2011,,1181793.55,1107494.55,1079314.52,1155099.7875,49179.9223188137
32,2011-05-20,1145084.76,False,45.71,3.828,,,,,,192.831317,8.595,A,203007,20,5,2,2011,,1138162.76,1181793.55,1143819.35,1159513.4425,45710.51556549125
32,2011-05-27,1175447.49,False,55.13,3.795,,,,,,192.8365651,8.595,A,203007,21,5,2,2011,,1145084.76,1138162.76,1205662.85,1143133.905,30513.657566111004
32,2011-06-03,1167757.0,False,61.25,3.763,,,,,,192.8418131,8.595,A,203007,22,6,2,2011,,1175447.49,1145084.76,1149234.96,1160122.14,21701.40956451896
32,2011-06-10,1239741.34,False,65.49,3.735,,,,,,192.8470612,8.595,A,203007,23,6,2,2011,,1167757.0,1175447.49,1192074.09,1156613.0025,17816.082838424827
32,2011-06-17,1192031.38,False,67.38,3.697,,,,,,192.9034759,8.595,A,203007,24,6,2,2011,,1239741.34,1167757.0,1150191.72,1182007.6475,40589.79958732617
32,2011-06-24,1163869.52,False,65.06,3.661,,,,,,192.9982655,8.595,A,203007,25,6,2,2011,,1192031.38,1239741.34,1124763.74,1193744.3025,32294.3483247236
32,2011-07-01,1199845.29,False,72.86,3.597,,,,,,193.0930552,8.622,A,203007,26,7,3,2011,,1163869.52,1192031.38,1187988.64,1190849.81,34895.04136496405
32,2011-07-08,1110244.52,False,72.56,3.54,,,,,,193.1878448,8.622,A,203007,27,7,3,2011,,1199845.29,1163869.52,1077253.67,1198871.8825,31322.079185674236
32,2011-07-15,1144254.26,False,70.55,3.532,,,,,,193.3125484,8.622,A,203007,28,7,3,2011,,1110244.52,1199845.29,1120172.24,1166497.6775,40560.07134845335
32,2011-07-22,1185674.48,False,76.0,3.545,,,,,,193.5120367,8.622,A,203007,29,7,3,2011,,1144254.26,1110244.52,1109574.11,1154553.3975,37449.9422483848
32,2011-07-29,1169988.62,False,75.91,3.547,,,,,,193.711525,8.622,A,203007,30,7,3,2011,,1185674.48,1144254.26,1065350.56,1160004.6375,40703.65295076299
32,2011-08-05,1201694.14,False,74.83,3.554,,,,,,193.9110133,8.622,A,203007,31,8,3,2011,,1169988.62,1185674.48,1144552.09,1152540.47,32964.16852518703
32,2011-08-12,1206795.74,False,74.2,3.542,,,,,,194.1105017,8.622,A,203007,32,8,3,2011,,1201694.14,1169988.62,1157975.68,1175402.875,24469.61965513631
32,2011-08-19,1221318.17,False,73.72,3.499,,,,,,194.2500634,8.622,A,203007,33,8,3,2011,,1206795.74,1201694.14,1189887.86,1191038.245,16670.367267934904
32,2011-08-26,1183740.91,False,75.64,3.485,,,,,,194.3796374,8.622,A,203007,34,8,3,2011,,1221318.17,1206795.74,1140501.03,1199949.1675,21634.76491182562
32,2011-09-02,1152117.5,False,74.6,3.511,,,,,,194.5092113,8.622,A,203007,35,9,3,2011,,1183740.91,1221318.17,1095932.51,1203387.24,15513.230836884806
32,2011-09-09,1128237.3,True,61.24,3.566,,,,,,194.6387853,8.622,A,203007,36,9,3,2011,Labor Day,1152117.5,1183740.91,1028635.39,1190993.08,30184.100873531777
32,2011-09-16,1142499.25,False,60.88,3.596,,,,,,194.7419707,8.622,A,203007,37,9,3,2011,,1128237.3,1152117.5,1043962.36,1171353.47,40327.60251223738
32,2011-09-23,1116140.29,False,58.66,3.581,,,,,,194.8099713,8.622,A,203007,38,9,3,2011,,1142499.25,1128237.3,1067432.1,1151648.74,23536.74999783592
32,2011-09-30,1088943.98,False,65.04,3.538,,,,,,194.8779718,8.622,A,203007,39,9,3,2011,,1116140.29,1142499.25,1061089.56,1134748.585,15815.78843412939
32,2011-10-07,1149448.02,False,62.62,3.498,,,,,,194.9459724,8.513,A,203007,40,10,4,2011,,1088943.98,1116140.29,1085483.44,1118955.205,22723.531965862006
32,2011-10-14,1175420.26,False,50.15,3.491,,,,,,195.0261012,8.513,A,203007,41,10,4,2011,,1149448.02,1088943.98,1096692.88,1124257.885,27569.65441275513
32,2011-10-21,1151258.74,False,48.87,3.548,,,,,,195.1789994,8.513,A,203007,42,10,4,2011,,1175420.26,1149448.02,1102185.0,1132488.1375,37833.629339687584
32,2011-10-28,1185391.96,False,42.76,3.55,,,,,,195.3318977,8.513,A,203007,43,10,4,2011,,1151258.74,1175420.26,1115138.51,1141267.75,36837.06260804791
32,2011-11-04,1204628.28,False,37.95,3.527,,,,,,195.4847959,8.513,A,203007,44,11,4,2011,,1185391.96,1151258.74,1063056.21,1165379.745,17837.44501845139
32,2011-11-11,1182733.0,False,38.1,3.505,21104.84,7842.47,47.56,3908.03,4246.86,195.6376941,8.513,A,203007,45,11,4,2011,,1204628.28,1185391.96,1141019.11,1179174.81,22210.625828737524
32,2011-11-18,1181651.55,False,42.61,3.479,4971.23,662.96,48.08,556.43,6452.61,195.7184713,8.513,A,203007,46,11,4,2011,,1182733.0,1204628.28,1150729.89,1181002.995,22099.25132901753
32,2011-11-25,1684468.66,True,40.22,3.424,292.46,443.76,71845.76,9.0,1787.07,195.7704,8.513,A,203007,47,11,4,2011,Thanksgiving,1181651.55,1182733.0,1634635.86,1188601.1975,10799.690135496632
32,2011-12-02,1179773.88,False,33.8,3.378,5261.51,65.0,1075.86,4742.55,25961.21,195.8223287,8.513,A,203007,48,12,4,2011,,1684468.66,1181651.55,1200892.56,1313370.3725,247625.22284102585
32,2011-12-09,1415746.91,False,17.94,3.331,6397.72,63.0,303.02,2813.68,9856.66,195.8742575,8.513,A,203007,49,12,4,2011,,1179773.88,1684468.66,1377322.73,1307156.7725,251544.2292377142
32,2011-12-16,1556017.91,False,26.23,3.266,5519.01,79.0,572.44,493.58,4074.52,195.9841685,8.513,A,203007,50,12,4,2011,,1415746.91,1179773.88,1557776.1,1365410.25,239833.3935771193
32,2011-12-23,1959526.96,False,25.97,3.173,1211.62,10.3,1255.26,33.0,4932.34,196.1713893,8.513,A,203007,51,12,4,2011,,1556017.91,1415746.91,1949183.14,1459001.84,216091.52950715547
32,2011-12-30,1102367.65,True,32.99,3.119,5886.08,51732.49,211.5,1183.24,3017.63,196.3586101,8.513,A,203007,52,12,4,2011,Christmas,1959526.96,1556017.91,955463.84,1527766.4149999998,327038.47332518594
32,2012-01-06,1099937.25,False,36.75,3.095,4323.27,33209.84,208.29,1848.9,6197.53,196.5458309,8.256,A,203007,1,1,1,2012,,1102367.65,1959526.96,1046416.17,1508414.8575,355541.77571780083
32,2012-01-13,1071598.36,False,28.99,3.077,2682.32,14928.54,211.06,1049.44,3137.59,196.7330517,8.256,A,203007,2,1,1,2012,,1099937.25,1102367.65,1028206.51,1429462.4425,413345.107966468
32,2012-01-20,1080012.04,False,36.86,3.055,1856.91,6229.68,214.77,887.78,5684.68,196.7796652,8.256,A,203007,3,1,1,2012,,1071598.36,1099937.25,1078348.91,1308357.5550000002,434337.5703003774
32,2012-01-27,1051864.6,False,36.67,3.038,1212.68,2986.04,177.27,69.87,2324.48,196.8262786,8.256,A,203007,4,1,1,2012,,1080012.04,1071598.36,1006814.85,1088478.8250000002,15064.655214722492
32,2012-02-03,1156826.31,False,35.89,3.031,31506.24,4740.74,306.03,42702.46,7920.93,196.8728921,8.256,A,203007,5,2,1,2012,,1051864.6,1080012.04,1070457.8,1075853.0625,19923.97222660653
32,2012-02-10,1129422.86,True,23.34,3.103,19784.57,9309.88,225.85,29483.81,5473.82,196.9195056,8.256,A,203007,6,2,1,2012,Super Bowl,1156826.31,1051864.6,1124357.2,1090075.3275,46037.74337106443
32,2012-02-17,1243812.59,False,24.26,3.113,9434.94,12371.88,39.2,5880.54,7373.13,196.9432711,8.256,A,203007,7,2,1,2012,,1129422.86,1156826.31,1183528.58,1104531.4525,47361.49360637449
32,2012-02-24,1091822.72,False,33.41,3.129,18765.64,7738.97,7.6,8914.56,6028.36,196.9499007,8.256,A,203007,8,2,1,2012,,1243812.59,1129422.86,1054754.67,1145481.59,79203.77065677509
32,2012-03-02,1153332.89,False,33.4,3.191,11929.81,4330.7,10.1,14296.7,2785.63,196.9565303,8.256,A,203007,9,3,1,2012,,1091822.72,1243812.59,1106847.62,1155471.12,64641.78868525194
32,2012-03-09,1124537.97,False,39.9,3.286,16322.3,1206.5,4.97,17697.9,4305.36,196.9631599,8.256,A,203007,10,3,1,2012,,1153332.89,1091822.72,1101458.21,1154597.765,64640.975201644855
32,2012-03-16,1138101.18,False,51.51,3.486,4050.92,207.8,1.19,72.65,1741.07,197.0457208,8.256,A,203007,11,3,1,2012,,1124537.97,1153332.89,1100765.5,1153376.5425,65317.728377432046
32,2012-03-23,1146632.46,False,47.64,3.664,6403.49,147.83,4.54,3324.67,3312.99,197.2295234,8.256,A,203007,12,3,1,2012,,1138101.18,1124537.97,1068719.22,1126948.69,26205.275437088872
32,2012-03-30,1108686.87,False,56.09,3.75,10428.62,144.83,7.84,1505.63,3306.98,197.4133259,8.256,A,203007,13,3,1,2012,,1146632.46,1138101.18,1051121.02,1140651.125,12419.601650296998
32,2012-04-06,1270577.01,False,51.49,3.854,9335.48,,33.85,2211.09,4133.57,197.5971285,8.09,A,203007,14,4,2,2012,,1108686.87,1146632.46,1102975.59,1129489.62,16586.23097819277
32,2012-04-13,1171834.47,False,52.1,3.901,5599.64,5969.12,25.75,1440.58,4523.31,197.780931,8.09,A,203007,15,4,2,2012,,1270577.01,1108686.87,1120508.14,1165999.38,71588.15463572413
32,2012-04-20,1121405.91,False,49.15,3.936,7666.76,2726.52,30.46,1330.36,2578.3,197.7227385,8.09,A,203007,16,4,2,2012,,1171834.47,1270577.01,1210602.91,1174432.7025,69151.63688339107
32,2012-04-27,1126962.44,False,61.76,3.927,4162.67,126.71,45.62,382.41,2146.94,197.664546,8.09,A,203007,17,4,2,2012,,1121405.91,1171834.47,1107494.55,1168126.065,73543.0467696998
32,2012-05-04,1187384.53,False,58.29,3.903,11832.54,,117.43,1881.84,4729.13,197.6063534,8.09,A,203007,18,5,2,2012,,1126962.44,1121405.91,1181793.55,1172694.9575,69049.90029125588
32,2012-05-11,1187051.07,False,55.4,3.87,17977.87,,26.79,4338.3,3488.39,197.5481609,8.09,A,203007,19,5,2,2012,,1187384.53,1126962.44,1138162.76,1151896.8375,32702.22391611692
32,2012-05-18,1177539.71,False,57.46,3.837,8887.75,,226.17,1135.59,2831.5,197.5553137,8.09,A,203007,20,5,2,2012,,1187051.07,1187384.53,1145084.76,1155700.9875,36463.36513657029
32,2012-05-25,1232784.22,False,59.74,3.804,7581.03,,216.17,748.97,3014.25,197.5886046,8.09,A,203007,21,5,2,2012,,1177539.71,1187051.07,1175447.49,1169734.4375,28877.65904258592
32,2012-06-01,1157557.79,False,62.84,3.764,8570.33,55.0,181.13,669.55,2634.77,197.6218954,8.09,A,203007,22,6,2,2012,,1232784.22,1177539.71,1167757.0,1196189.8825,24819.5259013592
32,2012-06-08,1246322.44,False,71.14,3.741,8483.84,361.8,77.99,1640.0,6841.59,197.6551863,8.09,A,203007,23,6,2,2012,,1157557.79,1232784.22,1239741.34,1188733.1975,31835.63166970367
32,2012-06-15,1234759.54,False,70.91,3.723,4642.56,414.3,0.01,989.08,4381.8,197.692292,8.09,A,203007,24,6,2,2012,,1246322.44,1157557.79,1192031.38,1203551.04,42723.68509701004
32,2012-06-22,1196880.11,False,74.85,3.735,7803.3,609.25,3.05,4800.5,15323.92,197.7389345,8.09,A,203007,25,6,2,2012,,1234759.54,1246322.44,1163869.52,1217855.9975,40639.85626770556
32,2012-06-29,1178211.81,False,81.95,3.693,3333.19,599.5,,798.18,2945.01,197.785577,8.09,A,203007,26,6,2,2012,,1196880.11,1234759.54,1199845.29,1208879.97,40206.357304367615
32,2012-07-06,1214183.97,False,78.68,3.646,6157.85,472.3,28.64,3908.86,6007.28,197.8322195,7.872,A,203007,27,7,3,2012,,1178211.81,1196880.11,1110244.52,1214043.475,31882.995704881785
32,2012-07-13,1141184.66,False,71.57,3.613,7111.33,508.95,1.05,1494.84,8154.1,197.8788621,7.872,A,203007,28,7,3,2012,,1214183.97,1178211.81,1144254.26,1206008.8575,24148.458123595363
32,2012-07-20,1167829.33,False,77.76,3.585,3551.31,567.16,18.05,2117.84,9786.36,197.9290378,7.872,A,203007,29,7,3,2012,,1141184.66,1214183.97,1185674.48,1182615.1375,31283.4055306788
32,2012-07-27,1144901.52,False,77.56,3.57,6076.83,298.78,2.16,1981.66,3861.65,197.9792136,7.872,A,203007,30,7,3,2012,,1167829.33,1141184.66,1169988.62,1175352.4425,30221.946182313182
32,2012-08-03,1183571.35,False,75.09,3.528,35187.83,150.85,13.81,7768.33,4009.95,198.0293893,7.872,A,203007,31,8,3,2012,,1144901.52,1167829.33,1201694.14,1167024.87,33574.72728491784
32,2012-08-10,1227469.2,False,75.93,3.509,9862.83,573.37,61.32,7871.42,4298.69,198.0795651,7.872,A,203007,32,8,3,2012,,1183571.35,1144901.52,1206795.74,1159371.715,19977.56323590812
32,2012-08-17,1261306.37,False,70.75,3.545,7157.73,186.89,3.84,6006.91,1590.2,198.1001057,7.872,A,203007,33,8,3,2012,,1227469.2,1183571.35,1221318.17,1180942.85,34845.14376271794
32,2012-08-24,1272809.11,False,70.12,3.558,5446.99,147.41,127.58,3394.31,5920.55,198.0984199,7.872,A,203007,34,8,3,2012,,1261306.37,1227469.2,1183740.91,1204312.11,50808.115558255326
32,2012-08-31,1183979.27,False,76.12,3.556,26651.19,227.72,31.33,6843.52,2907.74,198.0967341,7.872,A,203007,35,8,3,2012,,1272809.11,1261306.37,1152117.5,1236289.0075,40068.80220193343
32,2012-09-07,1126685.95,True,72.56,3.596,7271.43,172.04,233.55,916.85,3089.99,198.0950484,7.872,A,203007,36,9,3,2012,Labor Day,1183979.27,1272809.11,1128237.3,1236390.9875,39890.02529890985
32,2012-09-14,1156377.47,False,64.05,3.659,6238.21,77.77,23.41,1404.74,8346.74,198.1267184,7.872,A,203007,37,9,3,2012,,1126685.95,1183979.27,1142499.25,1211195.175,68774.8099369326
32,2012-09-21,1159119.6,False,63.49,3.765,7161.18,88.82,3.0,1011.45,5347.22,198.358523,7.872,A,203007,38,9,3,2012,,1156377.47,1126685.95,1116140.29,1184962.95,63064.13098034957
32,2012-09-28,1157111.15,False,60.62,3.789,5399.48,16.73,0.22,1432.28,5673.51,198.5903276,7.872,A,203007,39,9,3,2012,,1159119.6,1156377.47,1088943.98,1156540.5725,23458.179741736465
32,2012-10-05,1202775.24,False,55.34,3.779,4879.58,,27.93,2641.24,5393.9,198.8221322,7.557,A,203007,40,10,4,2012,,1157111.15,1159119.6,1149448.02,1149823.5425,15468.549387819456
32,2012-10-12,1176681.31,False,43.49,3.76,2776.24,,17.72,456.08,5687.22,199.0539368,7.557,A,203007,41,10,4,2012,,1202775.24,1157111.15,1175420.26,1168845.865,22649.261420994782
32,2012-10-19,1199292.06,False,53.57,3.75,3331.15,,3.96,120.51,3218.33,199.1481963,7.557,A,203007,42,10,4,2012,,1176681.31,1202775.24,1151258.74,1173921.8250000002,21148.987158847565
32,2012-10-26,1219979.29,False,47.22,3.686,8968.72,104.91,200.0,534.86,1821.85,199.2195317,7.557,A,203007,43,10,4,2012,,1199292.06,1176681.31,1185391.96,1183964.94,21314.512246565904
33,2011-02-04,234218.03,False,49.26,3.348,,,,,,127.7195806,8.951,A,39690,5,2,1,2011,,231155.9,244856.44,274593.43,244872.2275,11601.363576341662
33,2011-02-11,276198.74,True,53.35,3.381,,,,,,127.859129,8.951,A,39690,6,2,1,2011,Super Bowl,234218.03,231155.9,294882.83,242439.53000000003,12816.162776527157
33,2011-02-18,252349.6,False,62.03,3.43,,,,,,127.99525,8.951,A,39690,7,2,1,2011,,276198.74,234218.03,296850.83,246607.27750000003,20582.82945486362
33,2011-02-25,242901.21,False,54.89,3.398,,,,,,128.13,8.951,A,39690,8,2,1,2011,,252349.6,276198.74,284052.77,248480.5675,20710.95184638801
33,2011-03-04,245435.8,False,59.51,3.674,,,,,,128.26475,8.951,A,39690,9,3,1,2011,,242901.21,252349.6,291484.89,251416.895,18104.581634938346
33,2011-03-11,270921.44,False,66.51,3.63,,,,,,128.3995,8.951,A,39690,10,3,1,2011,,245435.8,242901.21,312161.0,254221.3375,15185.964766806022
33,2011-03-18,247234.47,False,72.72,3.892,,,,,,128.5121935,8.951,A,39690,11,3,1,2011,,270921.44,245435.8,282235.73,252902.0125,12659.190426155745
33,2011-03-25,238084.08,False,63.34,3.716,,,,,,128.6160645,8.951,A,39690,12,3,1,2011,,247234.47,270921.44,262893.76,251623.23,12987.687071824885
33,2011-04-01,232769.09,False,71.41,3.772,,,,,,128.7199355,8.687,A,39690,13,4,2,2011,,238084.08,247234.47,274634.52,250418.9475,14229.942737174715
33,2011-04-08,271924.73,False,75.11,3.818,,,,,,128.8238065,8.687,A,39690,14,4,2,2011,,232769.09,238084.08,325201.05,247252.27,16872.54314082826
33,2011-04-15,275749.56,False,64.64,4.089,,,,,,128.9107333,8.687,A,39690,15,4,2,2011,,271924.73,232769.09,307779.64,247503.0925,17342.598444043368
33,2011-04-22,248603.3,False,79.46,3.917,,,,,,128.9553,8.687,A,39690,16,4,2,2011,,275749.56,271924.73,263263.02,254631.865,22336.892809341574
33,2011-04-29,248561.86,False,77.44,4.151,,,,,,128.9998667,8.687,A,39690,17,4,2,2011,,248603.3,275749.56,275883.23,257261.67,20262.12600994733
33,2011-05-06,257031.19,False,77.92,4.193,,,,,,129.0444333,8.687,A,39690,18,5,2,2011,,248561.86,248603.3,326870.13,261209.8625,14664.112363640646
33,2011-05-13,279466.87,False,78.24,4.202,,,,,,129.089,8.687,A,39690,19,5,2,2011,,257031.19,248561.86,331173.51,257486.4775,12810.24471698633
33,2011-05-20,239206.26,False,76.07,3.99,,,,,,129.0756774,8.687,A,39690,20,5,2,2011,,279466.87,257031.19,294264.2,258415.805,14588.237073871707
33,2011-05-27,239431.85,False,82.32,3.933,,,,,,129.0623548,8.687,A,39690,21,5,2,2011,,239206.26,279466.87,279246.33,256066.545,17215.257354181012
33,2011-06-03,243477.03,False,82.93,3.893,,,,,,129.0490323,8.687,A,39690,22,6,2,2011,,239431.85,239206.26,285100.0,253784.0425,19049.486147538824
33,2011-06-10,258427.39,False,87.02,3.981,,,,,,129.0357097,8.687,A,39690,23,6,2,2011,,243477.03,239431.85,310800.79,250395.5025,19479.993958912604
33,2011-06-17,238172.66,False,91.11,3.935,,,,,,129.0432,8.687,A,39690,24,6,2,2011,,258427.39,243477.03,272399.08,245135.6325,9075.83554909787
33,2011-06-24,238433.53,False,94.11,3.807,,,,,,129.0663,8.687,A,39690,25,6,2,2011,,238172.66,258427.39,259419.91,244877.2325,9312.550998425111
33,2011-07-01,226702.36,False,98.43,3.842,,,,,,129.0894,8.442,A,39690,26,7,3,2011,,238433.53,238172.66,267495.76,244627.6525,9518.241590518091
33,2011-07-08,262717.71,False,96.44,3.793,,,,,,129.1125,8.442,A,39690,27,7,3,2011,,226702.36,238433.53,302423.93,240433.985,13183.772343266328
33,2011-07-15,265003.47,False,92.83,3.779,,,,,,129.1338387,8.442,A,39690,28,7,3,2011,,262717.71,226702.36,280937.84,241506.565,15161.745991730028
33,2011-07-22,238915.05,False,97.17,3.697,,,,,,129.1507742,8.442,A,39690,29,7,3,2011,,265003.47,262717.71,252734.31,248214.2675,18714.095892928868
33,2011-07-29,224806.96,False,95.28,3.694,,,,,,129.1677097,8.442,A,39690,30,7,3,2011,,238915.05,265003.47,242047.03,248334.6475,18631.57543848625
33,2011-08-05,242456.39,False,96.93,3.803,,,,,,129.1846452,8.442,A,39690,31,8,3,2011,,224806.96,238915.05,262789.95,247860.7975,19374.42378743181
33,2011-08-12,274721.85,False,96.0,3.794,,,,,,129.2015806,8.442,A,39690,32,8,3,2011,,242456.39,224806.96,265367.51,242795.4675,16652.87153058795
33,2011-08-19,242771.37,False,95.89,3.743,,,,,,129.2405806,8.442,A,39690,33,8,3,2011,,274721.85,242456.39,230519.49,245225.0625,21090.60760688672
33,2011-08-26,237095.82,False,99.66,3.663,,,,,,129.2832581,8.442,A,39690,34,8,3,2011,,242771.37,274721.85,224031.19,246189.1425,20792.047645127903
33,2011-09-02,239198.36,False,99.2,3.798,,,,,,129.3259355,8.442,A,39690,35,9,3,2011,,237095.82,242771.37,237405.82,249261.3575,17172.308148417444
33,2011-09-09,281842.28,True,96.22,3.771,,,,,,129.3686129,8.442,A,39690,36,9,3,2011,Labor Day,239198.36,237095.82,272834.88,248446.85,17672.64503473599
33,2011-09-16,262407.57,False,85.79,3.784,,,,,,129.4306,8.442,A,39690,37,9,3,2011,,281842.28,239198.36,246277.18,250226.9575,21206.690269896888
33,2011-09-23,234793.12,False,88.93,3.789,,,,,,129.5183333,8.442,A,39690,38,9,3,2011,,262407.57,281842.28,231976.84,255136.0075,21178.271765381207
33,2011-09-30,229731.98,False,89.1,3.877,,,,,,129.6060667,8.442,A,39690,39,9,3,2011,,234793.12,262407.57,224294.39,254560.3325,21852.663337947524
33,2011-10-07,262159.13,False,81.16,3.827,,,,,,129.6938,8.01,A,39690,40,10,4,2011,,229731.98,234793.12,266484.19,252193.7375,24431.33565786925
33,2011-10-14,272487.33,False,76.49,3.698,,,,,,129.7706452,8.01,A,39690,41,10,4,2011,,262159.13,229731.98,251732.92,247272.95,17455.532675024384
33,2011-10-21,233543.08,False,81.74,3.842,,,,,,129.7821613,8.01,A,39690,42,10,4,2011,,272487.33,262159.13,234175.92,249792.89,20779.755442354133
33,2011-10-28,231319.96,False,76.73,3.843,,,,,,129.7936774,8.01,A,39690,43,10,4,2011,,233543.08,272487.33,213538.32,249480.38,21087.65265674788
33,2011-11-04,236157.12,False,71.91,3.828,,,,,,129.8051935,8.01,A,39690,44,11,4,2011,,231319.96,233543.08,246124.61,249877.375,20601.28163983364
33,2011-11-11,271961.04,False,58.75,3.677,105.63,126.28,5.06,,27754.23,129.8167097,8.01,A,39690,45,11,4,2011,,236157.12,231319.96,272803.94,243376.8725,19507.401808768194
33,2011-11-18,251294.5,False,63.35,3.669,86.59,6.0,,,3220.86,129.8268333,8.01,A,39690,46,11,4,2011,,271961.04,236157.12,224639.76,243245.3,19245.630036486386
33,2011-11-25,255996.47,True,62.35,3.76,11.94,6.0,,,1641.91,129.8364,8.01,A,39690,47,11,4,2011,Thanksgiving,251294.5,271961.04,240044.57,247683.155,18285.341544631057
33,2011-12-02,220060.35,False,59.12,3.701,0.5,,4.0,,1280.77,129.8459667,8.01,A,39690,48,12,4,2011,,255996.47,251294.5,209986.25,253852.2825,14744.328462696229
33,2011-12-09,270373.05,False,47.7,3.644,9.88,,6.93,,1580.88,129.8555333,8.01,A,39690,49,12,4,2011,,220060.35,255996.47,253050.1,249828.09,21726.98084964511
33,2011-12-16,259638.35,False,53.18,3.489,258.31,,3.67,,1065.06,129.8980645,8.01,A,39690,50,12,4,2011,,270373.05,220060.35,238875.26,249431.09250000003,21195.77448582312
33,2011-12-23,256235.19,False,53.39,3.541,123.82,,2.78,,950.77,129.9845484,8.01,A,39690,51,12,4,2011,,259638.35,270373.05,249246.8,251517.055,21841.042619467917
33,2011-12-30,215359.21,True,51.6,3.428,384.37,1919.79,4.95,25.2,556.38,130.0710323,8.01,A,39690,52,12,4,2011,Christmas,256235.19,259638.35,219804.85,251576.735,21857.682253177725
33,2012-01-06,267058.08,False,60.92,3.443,42.92,1279.42,2.55,,246.46,130.1575161,7.603,A,39690,1,1,1,2012,,215359.21,256235.19,243948.82,250401.45,24125.89366065113
33,2012-01-13,279447.22000000003,False,54.61,3.477,370.06,70.73,7.02,,671.89,130.244,7.603,A,39690,2,1,1,2012,,267058.08,215359.21,259527.75,249572.7075,23252.29375528941
33,2012-01-20,244899.2,False,55.99,3.66,234.48,61.51,3.64,,317.59,130.2792258,7.603,A,39690,3,1,1,2012,,279447.22000000003,267058.08,244856.44,254524.925,27779.362844579744
33,2012-01-27,236920.49,False,56.33,3.675,12.6,12.47,3.38,,375.54,130.3144516,7.603,A,39690,4,1,1,2012,,244899.2,279447.22000000003,231155.9,251690.9275,28122.84011402962
33,2012-02-03,256091.32,False,59.53,3.543,653.33,7.4,3.38,,773.27,130.3496774,7.603,A,39690,5,2,1,2012,,236920.49,244899.2,234218.03,257081.2475,19618.29364708557
33,2012-02-10,282552.58,True,59.94,3.722,1437.28,1.5,4.94,,1244.96,130.3849032,7.603,A,39690,6,2,1,2012,Super Bowl,256091.32,236920.49,276198.74,254339.5575,18493.310956195543
33,2012-02-17,266300.98,False,57.8,3.781,99.4,262.95,3.9,0.46,1005.65,130.4546207,7.603,A,39690,7,2,1,2012,,282552.58,256091.32,252349.6,255115.8975,19909.60201809525
33,2012-02-24,242526.7,False,59.41,3.95,577.17,268.61,,2.61,1653.57,130.5502069,7.603,A,39690,8,2,1,2012,,266300.98,282552.58,242901.21,260466.3425,19108.400190230856
33,2012-03-02,248051.53,False,60.91,3.882,460.73,24.96,,,2045.14,130.6457931,7.603,A,39690,9,3,1,2012,,242526.7,266300.98,245435.8,261867.895,16881.539018753312
33,2012-03-09,287346.29,False,62.2,3.963,128.45,3.68,0.99,,1640.64,130.7413793,7.603,A,39690,10,3,1,2012,,248051.53,242526.7,270921.44,259857.9475,18223.818171069783
33,2012-03-16,278067.73,False,65.99,4.273,128.46,3.0,,,538.44,130.8261935,7.603,A,39690,11,3,1,2012,,287346.29,248051.53,247234.47,261056.375,20257.840962557904
33,2012-03-23,246970.97,False,60.82,4.288,,3.68,0.34,,227.12,130.8966452,7.603,A,39690,12,3,1,2012,,278067.73,287346.29,238084.08,263998.0625,22048.48125784216
33,2012-03-30,251327.67,False,71.34,4.294,215.97,,,,923.99,130.9670968,7.603,A,39690,13,3,1,2012,,246970.97,278067.73,232769.09,265109.13,20675.034580956013
33,2012-04-06,275911.97000000003,False,70.75,4.282,228.1,,,,321.7,131.0375484,7.396,A,39690,14,4,2,2012,,251327.67,246970.97,271924.73,265928.16500000004,19821.32532919938
33,2012-04-13,312698.67,False,73.17,4.254,492.15,335.84,,,1369.05,131.108,7.396,A,39690,15,4,2,2012,,275911.97000000003,251327.67,275749.56,263069.585,16195.772892071507
33,2012-04-20,261837.2,False,72.94,4.111,470.51,119.92,,128.87,284.28,131.1173333,7.396,A,39690,16,4,2,2012,,312698.67,275911.97000000003,248603.3,271727.32,30139.59412406436
33,2012-04-27,249798.75,False,83.07,4.088,476.96,8.97,,0.87,537.58,131.1266667,7.396,A,39690,17,4,2,2012,,261837.2,312698.67,248561.86,275443.8775,26800.94408522887
33,2012-05-04,270497.51,False,82.43,4.058,69.59,,,,709.35,131.136,7.396,A,39690,18,5,2,2012,,249798.75,261837.2,257031.19,275061.6475,27266.392701121356
33,2012-05-11,295841.84,False,81.02,4.186,758.77,,,,2001.77,131.1453333,7.396,A,39690,19,5,2,2012,,270497.51,249798.75,279466.87,273708.03250000003,27344.394436442763
33,2012-05-18,276899.95,False,89.81,4.308,103.81,,,,2161.91,131.0983226,7.396,A,39690,20,5,2,2012,,295841.84,270497.51,239206.26,269493.825,19508.503818127603
33,2012-05-25,261851.74,False,88.89,4.127,320.93,,,,4038.58,131.0287742,7.396,A,39690,21,5,2,2012,,276899.95,295841.84,239431.85,273259.5125,18984.64586097661
33,2012-06-01,261131.09,False,83.57,4.277,1603.57,,,,867.15,130.9592258,7.396,A,39690,22,6,2,2012,,261851.74,276899.95,243477.03,276272.76,14429.848575613754
33,2012-06-08,286082.76,False,90.94,4.103,499.25,,,,959.13,130.8896774,7.396,A,39690,23,6,2,2012,,261131.09,261851.74,258427.39,273931.155,16316.104433633624
33,2012-06-15,290444.31,False,92.44,4.144,1655.11,,,,1079.36,130.8295333,7.396,A,39690,24,6,2,2012,,286082.76,261131.09,238172.66,271491.385,12143.849855831071
33,2012-06-22,261666.29,False,95.75,4.014,213.64,,,,2346.53,130.7929,7.396,A,39690,25,6,2,2012,,290444.31,286082.76,238433.53,274877.47500000003,15561.894022546669
33,2012-06-29,244338.31,False,98.15,3.875,,,,,807.21,130.7562667,7.396,A,39690,26,6,2,2012,,261666.29,290444.31,226702.36,274831.11250000005,15613.825877464024
33,2012-07-06,273690.37,False,93.21,3.666,297.52,,3.44,,1107.31,130.7196333,7.147,A,39690,27,7,3,2012,,244338.31,261666.29,262717.71,270632.9175,21625.568958732438
33,2012-07-13,287033.64,False,97.6,3.723,221.83,,0.6,,2405.4,130.683,7.147,A,39690,28,7,3,2012,,273690.37,244338.31,265003.47,267534.82,19452.962485643715
33,2012-07-20,253205.89,False,91.49,3.589,648.02,,,,959.57,130.7012903,7.147,A,39690,29,7,3,2012,,287033.64,273690.37,238915.05,266682.1525,18144.82782386996
33,2012-07-27,249134.32,False,93.95,3.769,24.71,,,,1205.27,130.7195806,7.147,A,39690,30,7,3,2012,,253205.89,287033.64,224806.96,264567.0525,19375.76245883541
33,2012-08-03,258533.12,False,92.13,3.595,238.26,,2.88,44.29,767.86,130.737871,7.147,A,39690,31,8,3,2012,,249134.32,253205.89,242456.39,265766.055,17790.234155184473
33,2012-08-10,297753.49,False,100.07,3.811,90.89,,,,278.04,130.7561613,7.147,A,39690,32,8,3,2012,,258533.12,249134.32,274721.85,261976.7425,17142.173311195944
33,2012-08-17,270097.76,False,96.79,4.002,382.03,,0.96,,1698.55,130.7909677,7.147,A,39690,33,8,3,2012,,297753.49,258533.12,242771.37,264656.705,22397.626889478488
33,2012-08-24,247672.56,False,89.62,4.055,35.76,,1.44,,1381.43,130.8381613,7.147,A,39690,34,8,3,2012,,270097.76,297753.49,237095.82,268879.6725,21072.18678863572
33,2012-08-31,237129.81,False,94.55,3.886,119.39,,,9.7,1547.92,130.8853548,7.147,A,39690,35,8,3,2012,,247672.56,270097.76,239198.36,268514.2325,21536.32325343597
33,2012-09-07,286428.78,True,92.02,4.124,175.64,,,,841.9,130.9325484,7.147,A,39690,36,9,3,2012,Labor Day,237129.81,247672.56,281842.28,263163.405,26846.934070834897
33,2012-09-14,277417.53,False,83.4,3.966,1105.36,,,,495.17,130.9776667,7.147,A,39690,37,9,3,2012,,286428.78,237129.81,262407.57,260332.22750000004,22173.670846664325
33,2012-09-21,252709.58,False,86.53,4.125,427.64,,,,392.74,131.0103333,7.147,A,39690,38,9,3,2012,,277417.53,286428.78,234793.12,262162.17000000004,23510.013573960117
33,2012-09-28,242813.51,False,86.42,3.966,167.65,,,,1569.73,131.043,7.147,A,39690,39,9,3,2012,,252709.58,277417.53,229731.98,263421.425,22592.196159140665
33,2012-10-05,265444.9,False,85.18,4.132,433.79,,,,1160.27,131.0756667,6.895,A,39690,40,10,4,2012,,242813.51,252709.58,262159.13,264842.35,20466.094007697822
33,2012-10-12,291781.15,False,79.64,4.468,33.23,,,,590.43,131.1083333,6.895,A,39690,41,10,4,2012,,265444.9,242813.51,272487.33,259596.38,15065.31682585042
33,2012-10-19,254412.34,False,75.55,4.449,18.0,,,,649.05,131.1499677,6.895,A,39690,42,10,4,2012,,291781.15,265444.9,233543.08,263187.28500000003,21194.173341935813
33,2012-10-26,253731.13,False,73.7,4.301,122.41,13.71,,,965.49,131.1930968,6.895,A,39690,43,10,4,2012,,254412.34,291781.15,231319.96,263612.97500000003,20929.018616310936
34,2011-02-04,971932.87,False,23.82,2.996,,,,,,127.7195806,10.398,A,158114,5,2,1,2011,,836717.75,891025.39,956228.96,881750.1025,30305.67311437366
34,2011-02-11,1015654.6,True,28.66,3.033,,,,,,127.859129,10.398,A,158114,6,2,1,2011,Super Bowl,971932.87,836717.75,994610.99,899571.585,55559.94240821401
34,2011-02-18,1062629.3,False,45.12,3.058,,,,,,127.99525,10.398,A,158114,7,2,1,2011,,1015654.6,971932.87,983963.07,928832.6525,80229.30403239837
34,2011-02-25,953331.45,False,44.57,3.087,,,,,,128.13,10.398,A,158114,8,2,1,2011,,1062629.3,1015654.6,905756.13,971733.63,97331.73853586546
34,2011-03-04,963910.81,False,46.21,3.305,,,,,,128.26475,10.398,A,158114,9,3,1,2011,,953331.45,1062629.3,918295.79,1000887.055,48751.29262866651
34,2011-03-11,943951.67,False,45.87,3.461,,,,,,128.3995,10.398,A,158114,10,3,1,2011,,963910.81,953331.45,921247.88,998881.54,50474.003548105575
34,2011-03-18,1014218.8,False,55.58,3.495,,,,,,128.5121935,10.398,A,158114,11,3,1,2011,,943951.67,963910.81,892070.82,980955.8075,55056.040045059686
34,2011-03-25,922898.38,False,53.11,3.48,,,,,,128.6160645,10.398,A,158114,12,3,1,2011,,1014218.8,943951.67,880742.35,968853.1825,31323.45128746551
34,2011-04-01,884233.67,False,55.46,3.521,,,,,,128.7199355,10.581,A,158114,13,4,2,2011,,922898.38,1014218.8,979428.66,961244.915,39084.74790878969
34,2011-04-08,975479.83,False,58.59,3.605,,,,,,128.8238065,10.581,A,158114,14,4,2,2011,,884233.67,922898.38,950684.2,941325.63,54526.341517762674
34,2011-04-15,941829.0,False,53.3,3.724,,,,,,128.9107333,10.581,A,158114,15,4,2,2011,,975479.83,884233.67,923344.54,949207.67,57243.55227518945
34,2011-04-22,1051518.45,False,63.83,3.781,,,,,,128.9553,10.581,A,158114,16,4,2,2011,,941829.0,975479.83,910240.68,931110.22,38071.86096637556
34,2011-04-29,895973.02,False,57.73,3.781,,,,,,128.9998667,10.581,A,158114,17,4,2,2011,,1051518.45,941829.0,859922.19,963265.2375,69864.93332656252
34,2011-05-06,965853.58,False,54.4,3.866,,,,,,129.0444333,10.581,A,158114,18,5,2,2011,,895973.02,1051518.45,953495.48,966200.075,65551.83067906318
34,2011-05-13,966232.69,False,63.05,3.872,,,,,,129.089,10.581,A,158114,19,5,2,2011,,965853.58,895973.02,933924.44,963793.5125,65273.6995269128
34,2011-05-20,945018.83,False,61.47,3.881,,,,,,129.0756774,10.581,A,158114,20,5,2,2011,,966232.69,965853.58,913616.32,969894.435,63656.87264781103
34,2011-05-27,941311.83,False,65.99,3.771,,,,,,129.0623548,10.581,A,158114,21,5,2,2011,,945018.83,966232.69,942868.38,943269.53,33052.311771184104
34,2011-06-03,947229.24,False,74.64,3.683,,,,,,129.0490323,10.581,A,158114,22,6,2,2011,,941311.83,945018.83,966187.51,954604.2325,13295.82325788217
34,2011-06-10,943912.77,False,74.57,3.64,,,,,,129.0357097,10.581,A,158114,23,6,2,2011,,947229.24,941311.83,954681.56,949948.1475,11127.487488271758
34,2011-06-17,968258.09,False,76.58,3.618,,,,,,129.0432,10.581,A,158114,24,6,2,2011,,943912.77,947229.24,941612.04,944368.1675,2460.1953402491285
34,2011-06-24,923795.04,False,77.16,3.57,,,,,,129.0663,10.581,A,158114,25,6,2,2011,,968258.09,943912.77,895800.0700000001,950177.9825,12294.265836379867
34,2011-07-01,911106.22,False,81.96,3.504,,,,,,129.0894,10.641,A,158114,26,7,3,2011,,923795.04,968258.09,919229.36,945798.785,18204.289139245608
34,2011-07-08,926934.57,False,80.84,3.469,,,,,,129.1125,10.641,A,158114,27,7,3,2011,,911106.22,923795.04,911210.81,936768.03,24963.2940567272
34,2011-07-15,903882.96,False,78.09,3.563,,,,,,129.1338387,10.641,A,158114,28,7,3,2011,,926934.57,911106.22,930269.79,932523.48,24786.30641827532
34,2011-07-22,913236.62,False,80.75,3.627,,,,,,129.1507742,10.641,A,158114,29,7,3,2011,,903882.96,926934.57,902050.95,916429.6975,10806.798029805845
34,2011-07-29,851461.9,False,78.04,3.659,,,,,,129.1677097,10.641,A,158114,30,7,3,2011,,913236.62,903882.96,875976.83,913790.0925,9633.934234874412
34,2011-08-05,942236.45,False,76.71,3.662,,,,,,129.1846452,10.641,A,158114,31,8,3,2011,,851461.9,913236.62,987435.35,898879.0125000001,32998.36990004666
34,2011-08-12,956251.18,False,80.23,3.617,,,,,,129.2015806,10.641,A,158114,32,8,3,2011,,942236.45,851461.9,951208.65,902704.4825,37863.32194101965
34,2011-08-19,960418.54,False,77.08,3.55,,,,,,129.2405806,10.641,A,158114,33,8,3,2011,,956251.18,942236.45,985152.94,915796.5375,46479.90903847328
34,2011-08-26,871404.6,False,77.27,3.523,,,,,,129.2832581,10.641,A,158114,34,8,3,2011,,960418.54,956251.18,855421.39,927592.0175,51345.82867983144
34,2011-09-02,926455.64,False,78.24,3.533,,,,,,129.3259355,10.641,A,158114,35,9,3,2011,,871404.6,960418.54,964356.74,932577.6925,41517.007127155295
34,2011-09-09,930506.14,True,70.05,3.554,,,,,,129.3686129,10.641,A,158114,36,9,3,2011,Labor Day,926455.64,871404.6,932240.96,928632.49,41040.28541849149
34,2011-09-16,927249.61,False,64.94,3.532,,,,,,129.4306,10.641,A,158114,37,9,3,2011,,930506.14,926455.64,885445.47,922196.23,37094.1677246337
34,2011-09-23,902852.73,False,66.23,3.473,,,,,,129.5183333,10.641,A,158114,38,9,3,2011,,927249.61,930506.14,867539.07,913903.9975,28387.08054674336
34,2011-09-30,871847.85,False,69.44,3.371,,,,,,129.6060667,10.641,A,158114,39,9,3,2011,,902852.73,927249.61,865709.11,921766.03,12730.076345295663
34,2011-10-07,954069.45,False,60.42,3.299,,,,,,129.6938,10.148,A,158114,40,10,4,2011,,871847.85,902852.73,931710.67,908114.0825,27144.63790917408
34,2011-10-14,911788.79,False,54.72,3.283,,,,,,129.7706452,10.148,A,158114,41,10,4,2011,,954069.45,871847.85,888703.62,914004.91,35034.165563052884
34,2011-10-21,953693.23,False,58.93,3.361,,,,,,129.7821613,10.148,A,158114,42,10,4,2011,,911788.79,954069.45,936293.6,910139.705,33921.02662113143
34,2011-10-28,958063.87,False,54.56,3.362,,,,,,129.7936774,10.148,A,158114,43,10,4,2011,,953693.23,911788.79,926294.02,922849.83,39368.043581509744
34,2011-11-04,992621.93,False,48.04,3.322,,,,,,129.8051935,10.148,A,158114,44,11,4,2011,,958063.87,953693.23,972292.31,944403.835,21833.11467586132
34,2011-11-11,991570.02,False,41.04,3.286,10860.98,6524.97,65.95,4082.99,4814.43,129.8167097,10.148,A,158114,45,11,4,2011,,992621.93,958063.87,979730.78,954041.955,33116.168422242976
34,2011-11-18,947552.44,False,46.0,3.294,4673.94,1014.27,132.18,799.24,5734.11,129.8268333,10.148,A,158114,46,11,4,2011,,991570.02,992621.93,955766.33,973987.2625,20990.524671541392
34,2011-11-25,1345595.82,True,45.99,3.225,32.5,317.08,42455.51,6.0,1438.09,129.8364,10.148,A,158114,47,11,4,2011,Thanksgiving,947552.44,991570.02,1309476.68,972452.065,23089.183167298623
34,2011-12-02,988742.08,False,39.75,3.176,4611.57,70.94,1109.59,1307.67,17316.01,129.8459667,10.148,A,158114,48,12,4,2011,,1345595.82,947552.44,1001512.21,1069335.0525,185367.49068668985
34,2011-12-09,1084243.91,False,24.69,3.153,3131.47,3.0,127.58,479.79,4102.57,129.8555333,10.148,A,158114,49,12,4,2011,,988742.08,1345595.82,1086661.02,1068365.09,185912.0585600624
34,2011-12-16,1151052.86,False,32.31,3.149,824.88,300.0,226.35,573.1,2966.73,129.8980645,10.148,A,158114,50,12,4,2011,,1084243.91,988742.08,1227148.13,1091533.5625,178789.8414624226
34,2011-12-23,1593655.96,False,32.45,3.103,1200.1,0.18,1108.23,37.22,2109.3,129.9845484,10.148,A,158114,51,12,4,2011,,1151052.86,1084243.91,1620748.25,1142408.6675,150948.44609331997
34,2011-12-30,965512.36,True,28.84,3.119,3312.59,21909.93,210.22,146.1,3299.3,130.0710323,10.148,A,158114,52,12,4,2011,Christmas,1593655.96,1151052.86,902109.69,1204423.7025,267900.44289952255
34,2012-01-06,953844.85,False,36.39,3.158,5998.79,18094.69,104.92,351.55,2890.32,130.1575161,9.653,A,158114,1,1,1,2012,,965512.36,1593655.96,900646.9400000001,1198616.2725,274309.4993101656
34,2012-01-13,913755.12,False,33.99,3.263,2514.23,8431.82,48.38,186.59,4699.39,130.244,9.653,A,158114,2,1,1,2012,,953844.85,965512.36,898610.33,1166016.5075,299064.1723175828
34,2012-01-20,910899.05,False,39.28,3.273,1358.95,3015.89,27.49,255.88,2402.57,130.2792258,9.653,A,158114,3,1,1,2012,,913755.12,953844.85,891025.39,1106692.0725,325398.4634345235
34,2012-01-27,872450.37,False,39.81,3.29,387.48,1594.36,18.98,13.35,769.52,130.3144516,9.653,A,158114,4,1,1,2012,,910899.05,913755.12,836717.75,936002.845,27774.75117820329
34,2012-02-03,939367.14,False,38.64,3.354,24118.77,1767.26,91.24,14240.58,3833.23,130.3496774,9.653,A,158114,5,2,1,2012,,872450.37,910899.05,971932.87,912737.3475,33252.98240475966
34,2012-02-10,1047658.09,True,36.7,3.411,16191.24,4394.52,58.87,11972.11,6375.39,130.3849032,9.653,A,158114,6,2,1,2012,Super Bowl,939367.14,872450.37,1015654.6,909117.92,27593.481002634817
34,2012-02-17,1123446.51,False,37.25,3.493,8386.11,4644.97,16.48,2748.66,6015.47,130.4546207,9.653,A,158114,7,2,1,2012,,1047658.09,939367.14,1062629.3,942593.6625,75218.73507225855
34,2012-02-24,950154.24,False,39.89,3.541,5674.77,3367.59,2.6,1389.89,3919.46,130.5502069,9.653,A,158114,8,2,1,2012,,1123446.51,1047658.09,953331.45,995730.5275,111628.36051952608
34,2012-03-02,990263.7,False,42.74,3.619,9511.41,469.84,2.8,6593.25,4281.12,130.6457931,9.653,A,158114,9,3,1,2012,,950154.24,1123446.51,963910.81,1015156.495,87086.93073139703
34,2012-03-09,976393.43,False,42.7,3.667,6150.33,209.07,,124.83,4638.14,130.7413793,9.653,A,158114,10,3,1,2012,,990263.7,950154.24,943951.67,1027880.635,75233.88081904543
34,2012-03-16,999298.43,False,48.09,3.707,6104.24,94.31,2.7,479.7,1656.98,130.8261935,9.653,A,158114,11,3,1,2012,,976393.43,990263.7,1014218.8,1010064.47,77396.23608524547
34,2012-03-23,945143.33,False,47.93,3.759,3662.39,107.42,0.59,941.47,1934.93,130.8966452,9.653,A,158114,12,3,1,2012,,999298.43,976393.43,922898.38,979027.45,21430.24545891209
34,2012-03-30,938861.77,False,59.29,3.82,7866.57,104.84,5.59,28.76,1979.96,130.9670968,9.653,A,158114,13,3,1,2012,,945143.33,999298.43,884233.67,977774.7225,23706.259996049896
34,2012-04-06,1091020.37,False,54.42,3.864,6570.6,,37.31,2558.69,5479.81,131.0375484,9.575,A,158114,14,4,2,2012,,938861.77,945143.33,975479.83,964924.24,28187.84608267374
34,2012-04-13,987353.65,False,59.12,3.881,5146.78,3729.58,14.82,799.06,1563.6,131.108,9.575,A,158114,15,4,2,2012,,1091020.37,938861.77,941829.0,993580.975,70397.73158897793
34,2012-04-20,977628.78,False,55.34,3.864,1397.43,2573.19,18.46,70.76,2761.17,131.1173333,9.575,A,158114,16,4,2,2012,,987353.65,1091020.37,1051518.45,990594.78,70327.66805292648
34,2012-04-27,940299.87,False,66.49,3.81,5573.52,886.23,8.87,338.1,2014.84,131.1266667,9.575,A,158114,17,4,2,2012,,977628.78,987353.65,895973.02,998716.1425,65003.58814393684
34,2012-05-04,991104.4,False,65.04,3.747,6219.31,,69.88,2597.74,3522.31,131.136,9.575,A,158114,18,5,2,2012,,940299.87,977628.78,965853.58,999075.6675,64564.6894395657
34,2012-05-11,949625.52,False,61.92,3.685,11342.48,,29.11,1214.28,1983.03,131.1453333,9.575,A,158114,19,5,2,2012,,991104.4,940299.87,966232.69,974096.675,23235.81925795883
34,2012-05-18,998672.85,False,64.97,3.62,2328.53,,2.43,1042.41,2111.41,131.0983226,9.575,A,158114,20,5,2,2012,,949625.52,991104.4,945018.83,964664.6425,23713.19592073019
34,2012-05-25,1015737.61,False,72.42,3.551,4031.31,43.0,146.38,1114.59,2174.14,131.0287742,9.575,A,158114,21,5,2,2012,,998672.85,949625.52,941311.83,969925.66,29238.804569884564
34,2012-06-01,977062.44,False,70.41,3.483,10054.19,,128.85,87.9,5049.13,130.9592258,9.575,A,158114,22,6,2,2012,,1015737.61,998672.85,947229.24,988785.095,28065.739812264143
34,2012-06-08,999511.29,False,75.35,3.433,6967.19,85.4,0.37,1251.49,10377.32,130.8896774,9.575,A,158114,23,6,2,2012,,977062.44,1015737.61,943912.77,985274.605,28552.90153402244
34,2012-06-15,982345.51,False,76.48,3.372,5809.23,32.4,400.09,924.94,3054.63,130.8295333,9.575,A,158114,24,6,2,2012,,999511.29,977062.44,968258.09,997746.0475,15869.078784053205
34,2012-06-22,1000285.1,False,78.85,3.329,4673.0,169.0,,1561.36,4524.99,130.7929,9.575,A,158114,25,6,2,2012,,982345.51,999511.29,923795.04,993664.2125,17560.894708693722
34,2012-06-29,942970.63,False,81.91,3.257,3725.46,52.2,,343.56,3814.45,130.7562667,9.575,A,158114,26,6,2,2012,,1000285.1,982345.51,911106.22,989801.085,11861.15967741104
34,2012-07-06,1007867.68,False,77.95,3.187,6438.2,174.8,103.13,2529.03,3839.19,130.7196333,9.285,A,158114,27,7,3,2012,,942970.63,1000285.1,926934.57,981278.1325,26847.202762306177
34,2012-07-13,954677.75,False,74.02,3.224,2691.41,20.2,16.91,806.44,3029.0,130.683,9.285,A,158114,28,7,3,2012,,1007867.68,942970.63,903882.96,983367.23,28979.392556654555
34,2012-07-20,950929.59,False,77.7,3.263,2732.08,98.0,5.98,743.47,2456.79,130.7012903,9.285,A,158114,29,7,3,2012,,954677.75,1007867.68,913236.62,976450.29,32404.123677477102
34,2012-07-27,917883.79,False,77.3,3.356,3124.08,92.22,0.36,1720.84,3878.36,130.7195806,9.285,A,158114,30,7,3,2012,,950929.59,954677.75,851461.9,964111.4125,29576.443683161364
34,2012-08-03,973250.41,False,78.93,3.374,9386.73,45.0,37.88,4384.73,4169.76,130.737871,9.285,A,158114,31,8,3,2012,,917883.79,950929.59,942236.45,957839.7025,37224.638233404345
34,2012-08-10,1004523.59,False,78.26,3.476,9297.06,12.0,8.3,4250.64,2103.48,130.7561613,9.285,A,158114,32,8,3,2012,,973250.41,917883.79,956251.18,949185.385,23037.097633819267
34,2012-08-17,1013820.86,False,77.78,3.552,5553.04,32.6,6.13,1315.08,5733.84,130.7909677,9.285,A,158114,33,8,3,2012,,1004523.59,973250.41,960418.54,961646.845,36529.086676111874
34,2012-08-24,926250.21,False,72.44,3.61,1899.97,83.8,9.16,609.67,3844.82,130.8381613,9.285,A,158114,34,8,3,2012,,1013820.86,1004523.59,871404.6,977369.6625,43288.03855610522
34,2012-08-31,933487.71,False,75.89,3.646,12815.65,64.2,18.56,2171.06,4926.61,130.8853548,9.285,A,158114,35,8,3,2012,,926250.21,1013820.86,926455.64,979461.2675,39491.319708740855
34,2012-09-07,976415.56,True,78.26,3.709,8791.04,-5.98,25.77,3473.34,1789.37,130.9325484,9.285,A,158114,36,9,3,2012,Labor Day,933487.71,926250.21,930506.14,969520.5925,46037.7314728981
34,2012-09-14,955211.7,False,64.28,3.706,4855.31,,11.31,832.14,5118.55,130.9776667,9.285,A,158114,37,9,3,2012,,976415.56,933487.71,927249.61,962493.585,40756.32287442398
34,2012-09-21,943047.78,False,66.08,3.721,4857.37,5.73,0.85,221.84,7308.76,131.0103333,9.285,A,158114,38,9,3,2012,,955211.7,976415.56,902852.73,947841.295,22679.005298470634
34,2012-09-28,928629.31,False,67.06,3.666,2282.47,3.82,0.22,198.21,2618.07,131.043,9.285,A,158114,39,9,3,2012,,943047.78,955211.7,871847.85,952040.6875,18522.73458110262
34,2012-10-05,968896.68,False,65.41,3.62,2716.1,,6.03,1648.8,3539.71,131.0756667,8.839,A,158114,40,10,4,2012,,928629.31,943047.78,954069.45,950826.0875,20225.83907429576
34,2012-10-12,948613.39,False,59.94,3.603,2254.65,,29.82,524.12,7604.92,131.1083333,8.839,A,158114,41,10,4,2012,,968896.68,928629.31,911788.79,948946.3675,17174.064944339178
34,2012-10-19,963516.28,False,58.47,3.61,725.01,,9.18,370.91,2907.57,131.1499677,8.839,A,158114,42,10,4,2012,,948613.39,968896.68,953693.23,947296.79,16681.5025212866
34,2012-10-26,956987.81,False,57.95,3.514,1151.88,68.01,3.0,392.12,1468.81,131.1930968,8.839,A,158114,43,10,4,2012,,963516.28,948613.39,958063.87,952413.915,18028.639030909948
35,2011-02-04,747577.0499999999,False,28.7,3.231,,,,,,137.0542431,8.549,B,103681,5,2,1,2011,,633289.78,659902.07,1230613.5,657538.095,22873.44208673846
35,2011-02-11,859258.17,True,30.45,3.239,,,,,,137.1378318,8.549,B,103681,6,2,1,2011,Super Bowl,747577.0499999999,633289.78,1168815.31,682109.9199999999,48967.5502947843
35,2011-02-18,865305.88,False,39.32,3.245,,,,,,137.2511849,8.549,B,103681,7,2,1,2011,,859258.17,747577.0499999999,1270658.64,725006.7675,101953.39483964667
35,2011-02-25,841129.26,False,33.05,3.274,,,,,,137.3764439,8.549,B,103681,8,2,1,2011,,865305.88,859258.17,1020651.74,776357.72,109667.71357009758
35,2011-03-04,850448.54,False,36.99,3.433,,,,,,137.5017028,8.549,B,103681,9,3,1,2011,,841129.26,865305.88,1162610.27,828317.59,54798.4999050747
35,2011-03-11,830601.39,False,43.64,3.582,,,,,,137.6269617,8.549,B,103681,10,3,1,2011,,850448.54,841129.26,1150344.39,854035.4625,10547.275481458508
35,2011-03-18,800662.82,False,46.65,3.631,,,,,,137.7398929,8.549,B,103681,11,3,1,2011,,830601.39,850448.54,1117536.09,846871.2675000001,14723.126712284036
35,2011-03-25,762184.1,False,40.11,3.625,,,,,,137.8478929,8.549,B,103681,12,3,1,2011,,800662.82,830601.39,1078900.44,830710.5025000001,21610.304342698026
35,2011-04-01,762620.9400000001,False,37.27,3.638,,,,,,137.9558929,8.512,B,103681,13,4,2,2011,,762184.1,800662.82,1189556.47,810974.2125,38428.498631631366
35,2011-04-08,813352.41,False,46.87,3.72,,,,,,138.0638929,8.512,B,103681,14,4,2,2011,,762620.9400000001,762184.1,1198014.97,789017.3125,33073.87247100977
35,2011-04-15,795157.2,False,52.24,3.821,,,,,,138.1646952,8.512,B,103681,15,4,2,2011,,813352.41,762620.9400000001,1084487.55,784705.0675,26269.264434152254
35,2011-04-22,841778.34,False,50.02,3.892,,,,,,138.2475036,8.512,B,103681,16,4,2,2011,,795157.2,813352.41,1110827.48,783328.6625,25280.04488250532
35,2011-04-29,811824.06,False,61.71,3.962,,,,,,138.3303119,8.512,B,103681,17,4,2,2011,,841778.34,795157.2,1096930.65,803227.2224999999,33179.83084158036
35,2011-05-06,835181.18,False,56.48,4.046,,,,,,138.4131202,8.512,B,103681,18,5,2,2011,,811824.06,841778.34,1182099.88,815528.0025,19343.40719836844
35,2011-05-13,826155.95,False,60.07,4.066,,,,,,138.4959286,8.512,B,103681,19,5,2,2011,,835181.18,811824.06,1104277.57,820985.195,21485.596643006404
35,2011-05-20,776838.56,False,60.22,4.062,,,,,,138.587106,8.512,B,103681,20,5,2,2011,,826155.95,835181.18,1078182.18,828734.8825000001,12965.509958826397
35,2011-05-27,850708.6,False,66.43,3.985,,,,,,138.6782834,8.512,B,103681,21,5,2,2011,,776838.56,826155.95,1223777.48,812499.9375000001,25645.76699532089
35,2011-06-03,955466.84,False,74.17,3.922,,,,,,138.7694608,8.512,B,103681,22,6,2,2011,,850708.6,776838.56,1282378.71,822221.0725,31909.033784733903
35,2011-06-10,855130.21,False,73.26,3.881,,,,,,138.8606382,8.512,B,103681,23,6,2,2011,,955466.84,850708.6,1160412.71,852292.4875,75330.09465251249
35,2011-06-17,828594.86,False,67.03,3.842,,,,,,139.0028333,8.512,B,103681,24,6,2,2011,,855130.21,955466.84,1198025.76,859536.0525,73346.0442512766
35,2011-06-24,849397.5700000001,False,72.02,3.804,,,,,,139.1832917,8.512,B,103681,25,6,2,2011,,828594.86,855130.21,1230245.74,872475.1275,56532.38040286495
35,2011-07-01,874453.88,False,73.76,3.748,,,,,,139.36375,8.684,B,103681,26,7,3,2011,,849397.5700000001,828594.86,1245827.08,872147.3700000001,56704.18074793958
35,2011-07-08,827717.85,False,76.87,3.711,,,,,,139.5442083,8.684,B,103681,27,7,3,2011,,874453.88,849397.5700000001,1268766.76,851894.13,18872.40779722091
35,2011-07-15,813845.5,False,77.83,3.76,,,,,,139.7006325,8.684,B,103681,28,7,3,2011,,827717.85,874453.88,1124414.87,845041.04,22020.174529079883
35,2011-07-22,820188.42,False,82.28,3.811,,,,,,139.7969712,8.684,B,103681,29,7,3,2011,,813845.5,827717.85,1121756.43,841353.7,26476.173144107124
35,2011-07-29,770820.27,False,79.41,3.829,,,,,,139.8933099,8.684,B,103681,30,7,3,2011,,820188.42,813845.5,1139131.78,834051.4125,27525.351072790418
35,2011-08-05,826820.71,False,78.14,3.842,,,,,,139.9896486,8.684,B,103681,31,8,3,2011,,770820.27,820188.42,1180183.39,808143.01,25519.74122386979
35,2011-08-12,819911.89,False,76.67,3.812,,,,,,140.0859873,8.684,B,103681,32,8,3,2011,,826820.71,770820.27,1090587.5,807918.7250000001,25293.29606581777
35,2011-08-19,820288.35,False,72.97,3.747,,,,,,140.1289205,8.684,B,103681,33,8,3,2011,,819911.89,826820.71,1033719.5,809435.3225,25940.711571632684
35,2011-08-26,897037.25,False,72.88,3.704,,,,,,140.1629528,8.684,B,103681,34,8,3,2011,,820288.35,819911.89,917693.06,809460.3049999999,25954.56385107083
35,2011-09-02,813486.55,False,71.44,3.703,,,,,,140.196985,8.684,B,103681,35,9,3,2011,,897037.25,820288.35,948660.79,841014.5499999999,37482.9100379967
35,2011-09-09,922440.64,True,70.93,3.738,,,,,,140.2310173,8.684,B,103681,36,9,3,2011,Labor Day,813486.55,897037.25,961685.98,837681.01,39693.75000793642
35,2011-09-16,738792.11,False,69.65,3.742,,,,,,140.2735,8.684,B,103681,37,9,3,2011,,922440.64,813486.55,831443.61,863313.1975,54672.35278486904
35,2011-09-23,705802.45,False,63.61,3.711,,,,,,140.32725,8.684,B,103681,38,9,3,2011,,738792.11,922440.64,758069.78,842939.1375000001,83588.58160328981
35,2011-09-30,749676.95,False,70.92,3.645,,,,,,140.381,8.684,B,103681,39,9,3,2011,,705802.45,738792.11,771065.21,795130.4375,96087.34051719042
35,2011-10-07,791637.53,False,56.91,3.583,,,,,,140.43475,8.745,B,103681,40,10,4,2011,,749676.95,705802.45,874615.32,779178.0375,97313.04712072184
35,2011-10-14,772859.25,False,64.78,3.541,,,,,,140.4784194,8.745,B,103681,41,10,4,2011,,791637.53,749676.95,798376.99,746477.2599999999,35417.4613320698
35,2011-10-21,811328.4,False,59.62,3.57,,,,,,140.4616048,8.745,B,103681,42,10,4,2011,,772859.25,791637.53,827705.82,754994.0449999999,37013.48880484292
35,2011-10-28,808821.5,False,51.81,3.569,,,,,,140.4447903,8.745,B,103681,43,10,4,2011,,811328.4,772859.25,857797.33,781375.5325,26330.021295662544
35,2011-11-04,653468.75,False,44.46,3.551,,,,,,140.4279758,8.745,B,103681,44,11,4,2011,,808821.5,811328.4,843755.12,796161.6699999999,17830.419840974788
35,2011-11-11,880576.33,False,49.69,3.53,22242.79,13392.67,1134.49,2951.74,5421.27,140.4111613,8.745,B,103681,45,11,4,2011,,653468.75,808821.5,870914.69,761619.4750000001,74211.23061646595
35,2011-11-18,820964.1,False,51.42,3.53,23654.62,110.12,103.34,951.51,1618.6,140.4127857,8.745,B,103681,46,11,4,2011,,880576.33,653468.75,846850.35,788548.745,95995.79630959498
35,2011-11-25,1733822.4,True,47.88,3.492,1333.24,,58563.24,20.97,6386.86,140.4217857,8.745,B,103681,47,11,4,2011,Thanksgiving,820964.1,880576.33,1781866.98,790957.67,96874.84986065656
35,2011-12-02,903606.03,False,50.55,3.452,5051.87,,3150.68,3945.27,26649.46,140.4307857,8.745,B,103681,48,12,4,2011,,1733822.4,820964.1,982598.88,1022207.895,484053.1396489702
35,2011-12-09,948964.99,False,46.28,3.415,1386.01,,529.1,955.48,9427.75,140.4397857,8.745,B,103681,49,12,4,2011,,903606.03,1733822.4,1108580.19,1084742.215,434119.0338400956
35,2011-12-16,1115255.65,False,40.68,3.413,5115.93,0.27,10748.31,601.89,14608.23,140.4700795,8.745,B,103681,50,12,4,2011,,948964.99,903606.03,1314987.4,1101839.38,424641.2213675182
35,2011-12-23,1550214.02,False,41.59,3.389,318.61,22.4,1429.48,20.98,4140.36,140.528765,8.745,B,103681,51,12,4,2011,,1115255.65,948964.99,1779236.54,1175412.2675,383230.8681629464
35,2011-12-30,904650.55,True,37.85,3.389,6742.63,34766.99,163.27,961.0,2074.13,140.5874505,8.745,B,103681,52,12,4,2011,Christmas,1550214.02,1115255.65,576332.05,1129510.1725,294858.25025799795
35,2012-01-06,671708.09,False,35.8,3.422,5956.88,13987.28,24.73,1685.24,6269.59,140.6461359,8.744,B,103681,1,1,1,2012,,904650.55,1550214.02,649289.75,1129771.3025,294591.8412042324
35,2012-01-13,625135.11,False,41.3,3.513,2428.51,7532.95,2.28,413.26,3750.02,140.7048214,8.744,B,103681,2,1,1,2012,,671708.09,904650.55,687670.78,1060457.0775,373392.6421203597
35,2012-01-20,669850.04,False,30.35,3.533,2498.37,4413.52,5.46,618.55,2393.77,140.8086118,8.744,B,103681,3,1,1,2012,,625135.11,671708.09,659902.07,937926.9425,426111.87555868825
35,2012-01-27,588722.99,False,36.96,3.567,2798.44,2928.52,1.46,446.0,9008.25,140.9124021,8.744,B,103681,4,1,1,2012,,669850.04,625135.11,633289.78,717835.9475,126390.35767094968
35,2012-02-03,746901.03,False,42.52,3.617,62567.6,3718.52,41.68,40201.38,4130.12,141.0161924,8.744,B,103681,5,2,1,2012,,588722.99,669850.04,747577.0499999999,638854.0575,39755.38467447703
35,2012-02-10,849779.14,True,37.86,3.64,11865.12,4373.03,23.69,11941.36,8357.61,141.1199827,8.744,B,103681,6,2,1,2012,Super Bowl,746901.03,588722.99,859258.17,657652.2925,68124.24455921396
35,2012-02-17,824568.39,False,37.24,3.695,20207.59,7982.96,2.64,9522.98,10733.96,141.2140357,8.744,B,103681,7,2,1,2012,,849779.14,746901.03,865305.88,713813.3,111298.19017573255
35,2012-02-24,805028.74,False,41.74,3.739,10463.9,6749.11,,5146.87,4553.22,141.3007857,8.744,B,103681,8,2,1,2012,,824568.39,849779.14,841129.26,752492.8875,117631.261694586
35,2012-03-02,766571.1,False,40.07,3.816,31880.88,1775.2,84.02,26264.78,1609.25,141.3875357,8.744,B,103681,9,3,1,2012,,805028.74,824568.39,850448.54,806569.325,43793.961849994106
35,2012-03-09,796351.35,False,44.32,3.848,16514.65,344.55,68.3,2596.73,2245.26,141.4742857,8.744,B,103681,10,3,1,2012,,766571.1,805028.74,830601.39,811486.8425,35102.506772064975
35,2012-03-16,793045.82,False,49.6,3.862,6972.24,222.12,1.2,1587.92,2214.43,141.55478,8.744,B,103681,11,3,1,2012,,796351.35,766571.1,800662.82,798129.895,24122.664614884507
35,2012-03-23,760671.1,False,57.3,3.9,25204.95,107.69,0.25,8359.06,5252.73,141.6269332,8.744,B,103681,12,3,1,2012,,793045.82,796351.35,762184.1,790249.2525000001,16574.524027916686
35,2012-03-30,744525.69,False,49.4,3.953,19560.85,77.41,7.4,4081.77,3629.96,141.6990864,8.744,B,103681,13,3,1,2012,,760671.1,793045.82,762620.9400000001,779159.8425,18153.77222704358
35,2012-04-06,860293.46,False,48.73,3.996,9093.04,,10.27,2383.68,4858.77,141.7712396,8.876,B,103681,14,4,2,2012,,744525.69,760671.1,813352.41,773648.49,25220.536568169035
35,2012-04-13,788633.42,False,52.22,4.044,4697.48,4222.33,10.5,1903.35,1156.1,141.8433929,8.876,B,103681,15,4,2,2012,,860293.46,744525.69,795157.2,789634.0175000001,51244.541207388975
35,2012-04-20,794660.24,False,62.62,4.027,2095.31,4447.75,6.05,149.91,2504.7,141.9015262,8.876,B,103681,16,4,2,2012,,788633.42,860293.46,841778.34,788530.9175,51194.08328861633
35,2012-04-27,721212.45,False,52.33,4.004,6477.02,1050.49,7.43,1123.9,1681.46,141.9596595,8.876,B,103681,17,4,2,2012,,794660.24,788633.42,811824.06,797028.2025,47732.19125138427
35,2012-05-04,772036.6,False,53.68,3.951,13647.64,,9.87,6114.76,4853.52,142.0177929,8.876,B,103681,18,5,2,2012,,721212.45,794660.24,835181.18,791199.8925000001,56835.211983066605
35,2012-05-11,802383.63,False,58.97,3.889,12297.04,,10.76,1040.0,2355.67,142.0759262,8.876,B,103681,19,5,2,2012,,772036.6,721212.45,826155.95,769135.6775,33350.244070965404
35,2012-05-18,819196.68,False,65.15,3.848,8475.44,,2.87,2133.81,2904.46,142.0970115,8.876,B,103681,20,5,2,2012,,802383.63,772036.6,776838.56,772573.23,36581.933851123045
35,2012-05-25,822167.17,False,64.77,3.798,8708.2,,296.24,1676.8,2399.15,142.1032776,8.876,B,103681,21,5,2,2012,,819196.68,802383.63,850708.6,778707.3400000001,43012.070050385664
35,2012-06-01,932195.52,False,73.4,3.742,12469.08,,9.66,3040.28,5859.48,142.1095438,8.876,B,103681,22,6,2,2012,,822167.17,819196.68,955466.84,803946.02,22987.279707156285
35,2012-06-08,873415.01,False,64.05,3.689,6984.56,44.0,287.97,851.39,5482.29,142.1158099,8.876,B,103681,23,6,2,2012,,932195.52,822167.17,855130.21,843985.7500000001,59448.15202237776
35,2012-06-15,848289.41,False,69.52,3.62,4983.83,6.8,1.04,2545.67,1991.41,142.1292548,8.876,B,103681,24,6,2,2012,,873415.01,932195.52,828594.86,861743.595,53154.582919708
35,2012-06-22,911696.0,False,73.23,3.564,5984.0,32.8,0.57,528.54,2636.77,142.1606464,8.876,B,103681,25,6,2,2012,,848289.41,873415.01,849397.5700000001,869016.7775000001,47029.804164976544
35,2012-06-29,892133.41,False,73.94,3.506,11690.61,-7.6,,3457.25,5129.74,142.1920381,8.876,B,103681,26,6,2,2012,,911696.0,848289.41,874453.88,891398.985,37674.85854605788
35,2012-07-06,985479.64,False,82.08,3.475,7808.9,7.0,47.5,6948.28,6443.45,142.2234298,8.839,B,103681,27,7,3,2012,,892133.41,911696.0,827717.85,881383.4575,27037.775099896586
35,2012-07-13,825763.48,False,78.95,3.523,3516.15,,0.15,1749.8,1430.23,142.2548214,8.839,B,103681,28,7,3,2012,,985479.64,892133.41,813845.5,909399.615,57230.59373654283
35,2012-07-20,841224.74,False,78.64,3.567,3934.52,,25.9,934.49,3512.52,142.2337569,8.839,B,103681,29,7,3,2012,,825763.48,985479.64,820188.42,903768.1325,65725.9819764772
35,2012-07-27,808030.15,False,76.01,3.647,5446.22,,10.88,6221.18,2764.62,142.2126924,8.839,B,103681,30,7,3,2012,,841224.74,825763.48,770820.27,886150.3175,72034.68923866052
35,2012-08-03,866216.36,False,75.22,3.654,35956.75,,11.63,21249.14,2079.74,142.1916279,8.839,B,103681,31,8,3,2012,,808030.15,841224.74,826820.71,865124.5025,81374.87931345629
35,2012-08-10,888368.8,False,78.44,3.722,9664.78,,63.72,2523.61,2076.6,142.1705634,8.839,B,103681,32,8,3,2012,,866216.36,808030.15,819911.89,835308.6825000001,24667.88391752494
35,2012-08-17,887979.47,False,76.51,3.807,3038.67,,,1401.93,2672.55,142.2157385,8.839,B,103681,33,8,3,2012,,888368.8,866216.36,820288.35,850960.0125,34496.00047434344
35,2012-08-24,895274.72,False,72.93,3.834,5726.77,,57.08,5332.71,4133.91,142.3105933,8.839,B,103681,34,8,3,2012,,887979.47,888368.8,897037.25,862648.6950000001,37855.36357761195
35,2012-08-31,931278.97,False,75.0,3.867,17617.15,,94.08,6324.67,3173.73,142.4054482,8.839,B,103681,35,8,3,2012,,895274.72,887979.47,813486.55,884459.8375,12615.518955397976
35,2012-09-07,984833.35,True,76.0,3.911,11678.32,,53.35,1976.76,8415.89,142.500303,8.839,B,103681,36,9,3,2012,Labor Day,931278.97,895274.72,922440.64,900725.49,20642.794120455983
35,2012-09-14,821568.64,False,68.72,3.948,8915.4,,16.27,1564.94,7400.92,142.5938833,8.839,B,103681,37,9,3,2012,,984833.35,931278.97,738792.11,924841.6275,44247.28549732953
35,2012-09-21,772302.94,False,66.1,4.038,6982.1,87.37,6.0,2085.94,9129.21,142.6798167,8.839,B,103681,38,9,3,2012,,821568.64,984833.35,705802.45,908238.92,68501.48058727055
35,2012-09-28,814099.86,False,64.92,3.997,20867.96,42.64,3.22,5895.05,3810.27,142.76575,8.839,B,103681,39,9,3,2012,,772302.94,821568.64,749676.95,877495.975,97651.35949859716
35,2012-10-05,866064.4,False,64.5,3.985,6855.08,,3.66,2468.47,2737.33,142.8516833,8.665,B,103681,40,10,4,2012,,814099.86,772302.94,791637.53,848201.1974999999,93632.4105684882
35,2012-10-12,873643.14,False,55.4,4.0,1524.37,,5.33,558.26,6097.45,142.9376167,8.665,B,103681,41,10,4,2012,,866064.4,814099.86,772859.25,818508.96,38407.10855360337
35,2012-10-19,829284.67,False,56.53,3.969,2694.71,,4.98,526.09,2051.88,142.8633629,8.665,B,103681,42,10,4,2012,,873643.14,866064.4,811328.4,831527.585,47531.728832266606
35,2012-10-26,865137.6,False,58.99,3.882,6221.06,42.48,103.0,273.9,996.79,142.7624113,8.665,B,103681,43,10,4,2012,,829284.67,873643.14,808821.5,845773.0175000001,28656.229347359465
36,2011-02-04,417521.7,False,46.68,2.98,,,,,,211.3333753,8.395,A,39910,5,2,1,2011,,372174.12,399191.05,467546.74,391630.6875,16735.939055036553
36,2011-02-11,401501.2,True,41.16,3.009,,,,,,211.6985093,8.395,A,39910,6,2,1,2011,Super Bowl,417521.7,372174.12,469563.7,399846.15,19933.653492104037
36,2011-02-18,427175.03,False,57.48,3.017,,,,,,212.0063522,8.395,A,39910,7,2,1,2011,,401501.2,417521.7,470281.03,397597.0175,18806.91602067079
36,2011-02-25,380279.44,False,67.73,3.053,,,,,,212.2912786,8.395,A,39910,8,2,1,2011,,427175.03,401501.2,447519.44,404593.0125,24066.86775288583
36,2011-03-04,402579.84,False,64.55,3.282,,,,,,212.576205,8.395,A,39910,9,3,1,2011,,380279.44,427175.03,480203.43,406619.3425,20505.150036151783
36,2011-03-11,407506.78,False,59.15,3.448,,,,,,212.8611313,8.395,A,39910,10,3,1,2011,,402579.84,380279.44,441434.2,402883.8775,19174.85263168133
36,2011-03-18,431412.22,False,64.9,3.487,,,,,,213.1096787,8.395,A,39910,11,3,1,2011,,407506.78,402579.84,428851.99,404385.2725,19265.405982498687
36,2011-03-25,390732.02,False,71.07,3.488,,,,,,213.3436744,8.395,A,39910,12,3,1,2011,,431412.22,407506.78,404438.51,405444.57,20976.66959979118
36,2011-04-01,385672.11,False,67.31,3.529,,,,,,213.5776701,8.3,A,39910,13,4,2,2011,,390732.02,431412.22,435972.82,408057.715,17087.258946535854
36,2011-04-08,428727.61,False,69.39,3.645,,,,,,213.8116658,8.3,A,39910,14,4,2,2011,,385672.11,390732.02,453016.91,403830.7825,20620.08420755589
36,2011-04-15,414986.54,False,73.25,3.763,,,,,,214.026217,8.3,A,39910,15,4,2,2011,,428727.61,385672.11,483699.56,409135.99,24285.261467624125
36,2011-04-22,374574.72,False,74.57,3.805,,,,,,214.1921572,8.3,A,39910,16,4,2,2011,,414986.54,428727.61,434116.8,405029.57,20329.5314348086
36,2011-04-29,340708.78,False,76.1,3.837,,,,,,214.3580974,8.3,A,39910,17,4,2,2011,,374574.72,414986.54,457899.64,400990.245,25150.764811261157
36,2011-05-06,393401.4,False,69.56,3.917,,,,,,214.5240376,8.3,A,39910,18,5,2,2011,,340708.78,374574.72,489372.02,389749.4125,39964.4317415286
36,2011-05-13,395316.65,False,76.73,3.92,,,,,,214.6899778,8.3,A,39910,19,5,2,2011,,393401.4,340708.78,476733.74,380917.86,31482.901536019144
36,2011-05-20,376183.44,False,73.02,3.925,,,,,,214.465412,8.3,A,39910,20,5,2,2011,,395316.65,393401.4,474917.98,376000.3875,25320.89598696901
36,2011-05-27,348655.2,False,81.28,3.786,,,,,,214.2408462,8.3,A,39910,21,5,2,2011,,376183.44,395316.65,447050.42,376402.5675,25303.473451526443
36,2011-06-03,373703.95,False,82.96,3.69,,,,,,214.0162805,8.3,A,39910,22,6,2,2011,,348655.2,376183.44,471088.88,378389.1725,21609.26379678485
36,2011-06-10,374182.04,False,82.41,3.633,,,,,,213.7917147,8.3,A,39910,23,6,2,2011,,373703.95,348655.2,467711.18,373464.81000000006,19152.61337045363
36,2011-06-17,394645.25,False,84.43,3.599,,,,,,213.7481256,8.3,A,39910,24,6,2,2011,,374182.04,373703.95,485694.72,368181.1575,13061.53856785276
36,2011-06-24,360009.94,False,83.95,3.569,,,,,,213.8402689,8.3,A,39910,25,6,2,2011,,394645.25,374182.04,434879.87,372796.61,18822.977348604523
36,2011-07-01,354270.77,False,85.33,3.502,,,,,,213.9324122,8.177,A,39910,26,7,3,2011,,360009.94,394645.25,434252.15,375635.295,14275.528613471552
36,2011-07-08,377464.62,False,84.71,3.44,,,,,,214.0245556,8.177,A,39910,27,7,3,2011,,354270.77,360009.94,471713.59,370777.0,17978.439544082037
36,2011-07-15,385631.48,False,85.63,3.55,,,,,,214.1083654,8.177,A,39910,28,7,3,2011,,377464.62,354270.77,466962.04,371597.645,18258.4135521074
36,2011-07-22,361311.41,False,83.31,3.637,,,,,,214.1713416,8.177,A,39910,29,7,3,2011,,385631.48,377464.62,452021.2,369344.2025,14669.167352958542
36,2011-07-29,354361.08,False,84.99,3.66,,,,,,214.2343177,8.177,A,39910,30,7,3,2011,,361311.41,385631.48,432451.91,369669.57,14405.175636742964
36,2011-08-05,381017.75,False,86.71,3.652,,,,,,214.2972939,8.177,A,39910,31,8,3,2011,,354361.08,361311.41,467442.94,369692.1475,14373.030775753983
36,2011-08-12,380188.69,False,87.64,3.608,,,,,,214.3602701,8.177,A,39910,32,8,3,2011,,381017.75,354361.08,470436.8,370580.43,15104.676991667608
36,2011-08-19,373267.58,False,87.24,3.534,,,,,,214.4239935,8.177,A,39910,33,8,3,2011,,380188.69,381017.75,437949.9,369219.7325,13451.54717801283
36,2011-08-26,344964.2,False,86.02,3.501,,,,,,214.4878416,8.177,A,39910,34,8,3,2011,,373267.58,380188.69,412050.73,372208.775,12395.407332273488
36,2011-09-02,350276.29,False,87.5,3.481,,,,,,214.5516896,8.177,A,39910,35,9,3,2011,,344964.2,373267.58,431294.45,369859.555,16956.706445955617
36,2011-09-09,352960.64,True,77.94,3.499,,,,,,214.6155376,8.177,A,39910,36,9,3,2011,Labor Day,350276.29,344964.2,434471.38,362174.19,17178.759095195073
36,2011-09-16,343108.12,False,82.06,3.473,,,,,,214.7934111,8.177,A,39910,37,9,3,2011,,352960.64,350276.29,454694.21,355367.1775,12387.559738222866
36,2011-09-23,322405.13,False,78.35,3.441,,,,,,215.1233185,8.177,A,39910,38,9,3,2011,,343108.12,352960.64,419348.59,347827.3125,4575.905486258867
36,2011-09-30,314910.37,False,81.52,3.328,,,,,,215.4532259,8.177,A,39910,39,9,3,2011,,322405.13,343108.12,422169.47,342187.54500000004,13828.458254832656
36,2011-10-07,346137.87,False,71.2,3.262,,,,,,215.7831333,7.716,A,39910,40,10,4,2011,,314910.37,322405.13,444351.61,333346.065,17697.534471040053
36,2011-10-14,342076.99,False,74.16,3.234,,,,,,216.0885258,7.716,A,39910,41,10,4,2011,,346137.87,314910.37,453308.15,331640.3725,15350.020132127169
36,2011-10-21,328633.34,False,67.89,3.308,,,,,,216.2468287,7.716,A,39910,42,10,4,2011,,342076.99,346137.87,424956.3,331382.59,15099.85981191495
36,2011-10-28,306193.81,False,71.31,3.306,,,,,,216.4051315,7.716,A,39910,43,10,4,2011,,328633.34,342076.99,392654.26,332939.6425,14157.250634431415
36,2011-11-04,313387.11,False,58.97,3.287,,,,,,216.5634344,7.716,A,39910,44,11,4,2011,,306193.81,328633.34,405860.37,330760.5025,18005.309598918564
36,2011-11-11,328498.92,False,63.5,3.254,65.32,519.25,,,1334.56,216.7217373,7.716,A,39910,45,11,4,2011,,313387.11,306193.81,425804.8,322572.8125,16018.653572666795
36,2011-11-18,332901.94,False,66.28,3.26,5.64,19.82,,,578.02,216.9395861,7.716,A,39910,46,11,4,2011,,328498.92,313387.11,411615.71,319178.295,11231.007683524502
36,2011-11-25,332811.55,True,66.41,3.181,7.09,,,,780.75,217.1812533,7.716,A,39910,47,11,4,2011,Thanksgiving,332901.94,328498.92,408891.49,320245.44499999995,12553.776595194477
36,2011-12-02,293350.51,False,53.57,3.164,,,10.0,,624.31,217.4229206,7.716,A,39910,48,12,4,2011,,332811.55,332901.94,360266.09,326899.88,9239.849357124356
36,2011-12-09,312298.37,False,50.64,3.147,,,-0.87,,1129.02,217.6645878,7.716,A,39910,49,12,4,2011,,293350.51,332811.55,404545.03,321890.73,19137.427446943308
36,2011-12-16,341503.92000000004,False,58.31,3.133,11.64,,1.14,,3752.18,217.8781339,7.716,A,39910,50,12,4,2011,,312298.37,293350.51,410214.7,317840.5925,18986.434877555217
36,2011-12-23,325262.46,False,55.41,3.098,17.01,,0.76,,2264.75,218.0541851,7.716,A,39910,51,12,4,2011,,341503.92000000004,312298.37,422093.59,319991.0875,21572.084530362667
36,2011-12-30,287425.22,True,48.26,3.132,548.91,1288.61,,50.4,412.21,218.2302364,7.716,A,39910,52,12,4,2011,Christmas,325262.46,341503.92000000004,359310.65,318103.815,20373.515588611303
36,2012-01-06,329467.82,False,57.18,3.129,5.92,2257.39,2.86,,1024.9,218.4062876,7.244,A,39910,1,1,1,2012,,287425.22,325262.46,384659.85,316622.4925,22839.39016752375
36,2012-01-13,325976.34,False,56.28,3.254,15.85,1402.86,7.04,,858.31,218.5823389,7.244,A,39910,2,1,1,2012,,329467.82,287425.22,410497.73,320914.85500000004,23363.21988036441
36,2012-01-20,330927.21,False,58.9,3.275,318.15,294.59,1.98,,589.99,218.6755292,7.244,A,39910,3,1,1,2012,,325976.34,329467.82,399191.05,317032.96,19823.83016474251
36,2012-01-27,301444.94,False,62.73,3.313,35.96,17.03,0.44,,381.04,218.7687195,7.244,A,39910,4,1,1,2012,,330927.21,325976.34,372174.12,318449.1475,20786.661523466915
36,2012-02-03,310982.87,False,61.33,3.421,1786.27,1.5,2.62,2.5,1373.38,218.8619099,7.244,A,39910,5,2,1,2012,,301444.94,330927.21,417521.7,321954.0775,13829.63906291767
36,2012-02-10,335741.9,True,54.49,3.462,810.75,5.5,3.82,,699.9,218.9551002,7.244,A,39910,6,2,1,2012,Super Bowl,310982.87,301444.94,401501.2,317332.84,13567.9091162181
36,2012-02-17,326316.73,False,54.38,3.503,377.29,417.07,0.44,,537.36,219.1148297,7.244,A,39910,7,2,1,2012,,335741.9,310982.87,427175.03,319774.23,16254.2951314728
36,2012-02-24,313270.45,False,62.21,3.55,90.73,171.14,,,872.76,219.3244636,7.244,A,39910,8,2,1,2012,,326316.73,335741.9,380279.44,318621.61,15337.400285740094
36,2012-03-02,315396.72000000003,False,64.54,3.619,512.15,0.02,,,2359.78,219.5340975,7.244,A,39910,9,3,1,2012,,313270.45,326316.73,402579.84,321577.9875,11609.533323117592
36,2012-03-09,318674.93,False,63.19,3.647,258.89,1.5,0.99,,1835.63,219.7437314,7.244,A,39910,10,3,1,2012,,315396.72000000003,313270.45,407506.78,322681.45,10415.130452917318
36,2012-03-16,335345.82,False,67.48,3.779,93.51,1.5,0.34,,612.83,219.8956335,7.244,A,39910,11,3,1,2012,,318674.93,315396.72000000003,431412.22,318414.7075,5717.846596885227
36,2012-03-23,317872.51,False,69.18,3.845,98.84,,1.7,,1382.01,219.9705599,7.244,A,39910,12,3,1,2012,,335345.82,318674.93,390732.02,320671.98,10031.962311476564
36,2012-03-30,304144.9,False,70.48,3.891,40.28,0.5,,,440.54,220.0454862,7.244,A,39910,13,3,1,2012,,317872.51,335345.82,385672.11,321822.495,9122.873274280735
36,2012-04-06,331026.11,False,73.95,3.934,375.2,,,12.41,1398.67,220.1204125,6.989,A,39910,14,4,2,2012,,304144.9,317872.51,428727.61,319009.54000000004,12770.230585768088
36,2012-04-13,339407.94,False,72.54,3.919,85.47,651.77,,,487.07,220.1953389,6.989,A,39910,15,4,2,2012,,331026.11,304144.9,414986.54,322097.335,14087.635790599685
36,2012-04-20,323915.32,False,70.87,3.918,177.77,317.91,,231.31,1473.96,220.2483937,6.989,A,39910,16,4,2,2012,,339407.94,331026.11,374574.72,323112.865,15442.300481177825
36,2012-04-27,308389.82,False,70.06,3.888,252.98,36.03,,,6621.24,220.3014485,6.989,A,39910,17,4,2,2012,,323915.32,339407.94,340708.78,324623.5675,15049.337280867529
36,2012-05-04,312467.52,False,77.17,3.835,621.82,,,18.38,1191.47,220.3545033,6.989,A,39910,18,5,2,2012,,308389.82,323915.32,393401.4,325684.7975,13154.233243162029
36,2012-05-11,330518.34,False,76.55,3.764,475.61,,,,818.06,220.4075581,6.989,A,39910,19,5,2,2012,,312467.52,308389.82,395316.65,321045.15,13894.399905943596
36,2012-05-18,324801.13,False,73.7,3.713,367.23,,,,1704.18,220.4252149,6.989,A,39910,20,5,2,2012,,330518.34,312467.52,376183.44,318822.75,10197.32107615948
36,2012-05-25,306098.17,False,78.94,3.636,517.28,,,0.92,1767.58,220.4287124,6.989,A,39910,21,5,2,2012,,324801.13,330518.34,348655.2,319044.2025,10353.206665430338
36,2012-06-01,306005.53,False,80.74,3.567,187.88,,,4.02,1674.5,220.4322099,6.989,A,39910,22,6,2,2012,,306098.17,324801.13,373703.95,318471.29,11170.46165676035
36,2012-06-08,338273.38,False,81.5,3.513,226.87,,,5.0,597.68,220.4357073,6.989,A,39910,23,6,2,2012,,306005.53,306098.17,374182.04,316855.7925,12691.837670331486
36,2012-06-15,333146.88,False,82.15,3.407,945.96,,,,2709.66,220.4494148,6.989,A,39910,24,6,2,2012,,338273.38,306005.53,394645.25,318794.5525,15708.393925224957
36,2012-06-22,306411.01,False,80.4,3.358,318.51,,,,1805.33,220.4886472,6.989,A,39910,25,6,2,2012,,333146.88,338273.38,360009.94,320880.99,17250.684670163628
36,2012-06-29,291530.43,False,86.68,3.273,1169.41,,,,2549.31,220.5278796,6.989,A,39910,26,6,2,2012,,306411.01,333146.88,354270.77,320959.2,17161.80304824112
36,2012-07-06,306578.89,False,81.52,3.232,249.73,,0.04,,659.16,220.567112,6.623,A,39910,27,7,3,2012,,291530.43,306411.01,377464.62,317340.42500000005,22163.33743551393
36,2012-07-13,298337.41,False,78.15,3.245,769.5,,0.01,,1530.69,220.6063444,6.623,A,39910,28,7,3,2012,,306578.89,291530.43,385631.48,309416.8025,17321.734278795
36,2012-07-20,303289.55,False,81.76,3.301,38.04,,,,886.99,220.6148749,6.623,A,39910,29,7,3,2012,,298337.41,306578.89,361311.41,300714.435,7230.467824154074
36,2012-07-27,279643.43,False,84.0,3.392,144.59,,,,1545.26,220.6234054,6.623,A,39910,30,7,3,2012,,303289.55,298337.41,354361.08,299934.07,6546.840644363835
36,2012-08-03,304989.97000000003,False,85.56,3.404,243.47,,2.4,64.47,1077.74,220.6319358,6.623,A,39910,31,8,3,2012,,279643.43,303289.55,381017.75,296962.32,12032.55419515584
36,2012-08-10,298947.51,False,84.41,3.49,25.14,,,1.98,1638.93,220.6404663,6.623,A,39910,32,8,3,2012,,304989.97000000003,279643.43,380188.69,296565.09,11628.709596570146
36,2012-08-17,314607.22000000003,False,85.89,3.571,442.05,,,,1381.39,220.7199609,6.623,A,39910,33,8,3,2012,,298947.51,304989.97000000003,373267.58,296717.615,11663.653115777915
36,2012-08-24,282545.55,False,81.26,3.574,196.4,,,,1012.91,220.8526787,6.623,A,39910,34,8,3,2012,,314607.22000000003,298947.51,344964.2,299547.03250000003,14752.939095540229
36,2012-08-31,282647.48,False,84.79,3.608,156.18,,,,329.61,220.9853964,6.623,A,39910,35,8,3,2012,,282545.55,314607.22000000003,350276.29,300272.5625,13462.776774825665
36,2012-09-07,293728.57,True,84.19,3.697,463.27,,1.75,,2480.2,221.1181142,6.623,A,39910,36,9,3,2012,Labor Day,282647.48,282545.55,352960.64,294686.94,15355.042171081675
36,2012-09-14,301893.63,False,78.16,3.692,788.5,,1.05,3.44,1591.72,221.2601207,6.623,A,39910,37,9,3,2012,,293728.57,282647.48,343108.12,293382.205,15091.81503197668
36,2012-09-21,293804.45,False,75.98,3.709,53.1,,,,1532.27,221.4578604,6.623,A,39910,38,9,3,2012,,301893.63,293728.57,322405.13,290203.8075,9395.440276832349
36,2012-09-28,270677.98,False,79.49,3.66,205.0,,,,1939.92,221.6556,6.623,A,39910,39,9,3,2012,,293804.45,301893.63,314910.37,293018.5325,7904.595818479408
36,2012-10-05,277137.86,False,73.57,3.611,211.09,,,,1007.44,221.8533396,6.228,A,39910,40,10,4,2012,,270677.98,293804.45,346137.87,290026.1575,13455.757486983925
36,2012-10-12,300236.85000000003,False,71.28,3.576,32.28,,,,1312.73,222.0510793,6.228,A,39910,41,10,4,2012,,277137.86,270677.98,342076.99,285878.48,14454.06134618576
36,2012-10-19,287360.05,False,74.06,3.57,29.01,,,,632.1,222.0951719,6.228,A,39910,42,10,4,2012,,300236.85000000003,277137.86,328633.34,285464.28500000003,13853.413511239802
36,2012-10-26,272489.41,False,74.39,3.494,463.05,1.74,,,795.76,222.1136566,6.228,A,39910,43,10,4,2012,,287360.05,300236.85000000003,306193.81,283853.185,12902.25041879914
37,2011-02-04,583835.1799999999,False,46.68,2.989,,,,,,211.3333753,8.395,C,39910,5,2,1,2011,,513672.36,526486.82,536006.73,527060.025,11816.990731568749
37,2011-02-11,522514.32,True,41.16,3.022,,,,,,211.6985093,8.395,C,39910,6,2,1,2011,Super Bowl,583835.1799999999,513672.36,529852.7,537402.815,31502.19967572393
37,2011-02-18,536840.6900000001,False,57.48,3.045,,,,,,212.0063522,8.395,C,39910,7,2,1,2011,,522514.32,583835.1799999999,510382.5,536627.17,31924.487693833828
37,2011-02-25,514758.19,False,67.73,3.065,,,,,,212.2912786,8.395,C,39910,8,2,1,2011,,536840.6900000001,522514.32,513615.82,539215.6375,31240.662499456896
37,2011-03-04,527572.25,False,64.55,3.288,,,,,,212.576205,8.395,C,39910,9,3,1,2011,,514758.19,536840.6900000001,519255.68,539487.0950000001,30948.07444893754
37,2011-03-11,505610.4,False,59.15,3.459,,,,,,212.8611313,8.395,C,39910,10,3,1,2011,,527572.25,514758.19,513015.35,525421.3625,9258.896648656768
37,2011-03-18,478503.06,False,64.9,3.488,,,,,,213.1096787,8.395,C,39910,11,3,1,2011,,505610.4,527572.25,460020.74,521195.38250000007,13781.257957694132
37,2011-03-25,522105.93,False,71.07,3.473,,,,,,213.3436744,8.395,C,39910,12,3,1,2011,,478503.06,505610.4,515777.97,506610.975,20791.089420388365
37,2011-04-01,534578.78,False,67.31,3.524,,,,,,213.5776701,8.3,C,39910,13,4,2,2011,,522105.93,478503.06,540189.7,508447.91,22038.05341735557
37,2011-04-08,543703.16,False,69.39,3.622,,,,,,213.8116658,8.3,C,39910,14,4,2,2011,,534578.78,522105.93,513327.55,510199.5425,24233.836648645687
37,2011-04-15,543775.87,False,73.25,3.743,,,,,,214.026217,8.3,C,39910,15,4,2,2011,,543703.16,534578.78,524544.83,519722.7325,28870.423630053898
37,2011-04-22,526434.37,False,74.57,3.807,,,,,,214.1921572,8.3,C,39910,16,4,2,2011,,543775.87,543703.16,527019.78,536040.935,10244.692495774449
37,2011-04-29,502918.18,False,76.1,3.81,,,,,,214.3580974,8.3,C,39910,17,4,2,2011,,526434.37,543775.87,517850.83,537123.0449999999,8332.247626735742
37,2011-05-06,547513.3,False,69.56,3.906,,,,,,214.5240376,8.3,C,39910,18,5,2,2011,,502918.18,526434.37,543234.77,529207.895,19332.01281749816
37,2011-05-13,511871.63,False,76.73,3.899,,,,,,214.6899778,8.3,C,39910,19,5,2,2011,,547513.3,502918.18,505196.08,530160.4299999999,20351.29817166986
37,2011-05-20,533564.42,False,73.02,3.907,,,,,,214.465412,8.3,C,39910,20,5,2,2011,,511871.63,547513.3,510494.7,522184.37,19469.256777191476
37,2011-05-27,507086.75,False,81.28,3.786,,,,,,214.2408462,8.3,C,39910,21,5,2,2011,,533564.42,511871.63,532241.22,523966.8825,20296.875893599343
37,2011-06-03,500381.23,False,82.96,3.699,,,,,,214.0162805,8.3,C,39910,22,6,2,2011,,507086.75,533564.42,479195.02,525009.025,18915.921560450483
37,2011-06-10,509647.25,False,82.41,3.648,,,,,,213.7917147,8.3,C,39910,23,6,2,2011,,500381.23,507086.75,481915.11,513226.0075,14354.606149346062
37,2011-06-17,525132.36,False,84.43,3.637,,,,,,213.7481256,8.3,C,39910,24,6,2,2011,,509647.25,500381.23,505761.62,512669.9125,14467.20836171388
37,2011-06-24,509276.22,False,83.95,3.594,,,,,,213.8402689,8.3,C,39910,25,6,2,2011,,525132.36,509647.25,485419.39,510561.8975,10469.918789967318
37,2011-07-01,517021.3,False,85.33,3.524,,,,,,213.9324122,8.177,C,39910,26,7,3,2011,,509276.22,525132.36,498292.53,511109.265,10283.246409776706
37,2011-07-08,489059.93,False,84.71,3.48,,,,,,214.0245556,8.177,C,39910,27,7,3,2011,,517021.3,509276.22,502456.04,515269.2825,7480.506013439791
37,2011-07-15,498749.62,False,85.63,3.575,,,,,,214.1083654,8.177,C,39910,28,7,3,2011,,489059.93,517021.3,485150.01,510122.4525,15462.18379891116
37,2011-07-22,505543.53,False,83.31,3.651,,,,,,214.1713416,8.177,C,39910,29,7,3,2011,,498749.62,489059.93,491998.12,503526.7675,12210.22982218244
37,2011-07-29,504974.95,False,84.99,3.682,,,,,,214.2343177,8.177,C,39910,30,7,3,2011,,505543.53,498749.62,487912.95,502593.595,11758.642498238854
37,2011-08-05,510787.46,False,86.71,3.684,,,,,,214.2972939,8.177,C,39910,31,8,3,2011,,504974.95,505543.53,508576.62,499582.0075,7660.081879295758
37,2011-08-12,502504.39,False,87.64,3.638,,,,,,214.3602701,8.177,C,39910,32,8,3,2011,,510787.46,504974.95,491815.83,505013.89,4928.056548345149
37,2011-08-19,506897.98,False,87.24,3.554,,,,,,214.4239935,8.177,C,39910,33,8,3,2011,,502504.39,510787.46,486930.72,505952.5825,3482.7748137529597
37,2011-08-26,527947.21,False,86.02,3.523,,,,,,214.4878416,8.177,C,39910,34,8,3,2011,,506897.98,502504.39,512157.25,506291.195,3495.567669423684
37,2011-09-02,530367.8300000001,False,87.5,3.533,,,,,,214.5516896,8.177,C,39910,35,9,3,2011,,527947.21,506897.98,510427.53,512034.26,11135.1737360769
37,2011-09-09,506273.74,True,77.94,3.546,,,,,,214.6155376,8.177,C,39910,36,9,3,2011,Labor Day,530367.8300000001,527947.21,510296.07,516929.3525,14267.607119725457
37,2011-09-16,513341.94,False,82.06,3.526,,,,,,214.7934111,8.177,C,39910,37,9,3,2011,,506273.74,530367.8300000001,501251.4,517871.69,13071.653472771344
37,2011-09-23,516556.94,False,78.35,3.467,,,,,,215.1233185,8.177,C,39910,38,9,3,2011,,513341.94,506273.74,494265.48,519482.68,11580.4366975033
37,2011-09-30,516402.1,False,81.52,3.355,,,,,,215.4532259,8.177,C,39910,39,9,3,2011,,516556.94,513341.94,529877.9299999999,516635.1125000001,10112.643341763183
37,2011-10-07,522816.85,False,71.2,3.285,,,,,,215.7831333,7.716,C,39910,40,10,4,2011,,516402.1,516556.94,524483.65,513143.68,4813.2811869952375
37,2011-10-14,513636.01,False,74.16,3.274,,,,,,216.0885258,7.716,C,39910,41,10,4,2011,,522816.85,516402.1,498925.86,517279.4575,3977.375494909478
37,2011-10-21,522784.33,False,67.89,3.353,,,,,,216.2468287,7.716,C,39910,42,10,4,2011,,513636.01,522816.85,510425.4,517352.975,3881.9064823762487
37,2011-10-28,517355.44,False,71.31,3.372,,,,,,216.4051315,7.716,C,39910,43,10,4,2011,,522784.33,513636.01,514485.9,518909.8225,4632.437899404519
37,2011-11-04,555925.6,False,58.97,3.332,,,,,,216.5634344,7.716,C,39910,44,11,4,2011,,517355.44,522784.33,539683.42,519148.1575,4482.509014897705
37,2011-11-11,501268.78,False,63.5,3.297,8.62,56.53,117.92,,796.28,216.7217373,7.716,C,39910,45,11,4,2011,,555925.6,517355.44,517546.69,527425.345,19367.94862435131
37,2011-11-18,527495.09,False,66.28,3.308,32.17,5.51,,,1502.49,216.9395861,7.716,C,39910,46,11,4,2011,,501268.78,555925.6,518124.16,524333.5375000001,22957.46313028592
37,2011-11-25,522554.04,True,66.41,3.236,2.8,,,,308.82,217.1812533,7.716,C,39910,47,11,4,2011,Thanksgiving,527495.09,501268.78,518220.72,525511.2275,22972.32317030728
37,2011-12-02,527117.81,False,53.57,3.172,1.5,,6.03,,1180.32,217.4229206,7.716,C,39910,48,12,4,2011,,522554.04,527495.09,508213.14,526810.8775000001,22499.293494078946
37,2011-12-09,537224.52,False,50.64,3.158,,,16.62,,1319.82,217.6645878,7.716,C,39910,49,12,4,2011,,527117.81,522554.04,511207.52,519608.93,12431.272036476405
37,2011-12-16,533905.67,False,58.31,3.159,13.38,,9.18,,868.78,217.8781339,7.716,C,39910,50,12,4,2011,,537224.52,527117.81,534285.21,528597.865,6173.9688106150015
37,2011-12-23,605791.46,False,55.41,3.112,158.11,,7.5,,1316.88,218.0541851,7.716,C,39910,51,12,4,2011,,533905.67,537224.52,576809.92,530200.51,6608.995633645623
37,2011-12-30,451327.61,True,48.26,3.129,373.92,1057.77,1.5,10.08,741.34,218.2302364,7.716,C,39910,52,12,4,2011,Christmas,605791.46,533905.67,460331.7,551009.865,36762.492961505086
37,2012-01-06,558343.57,False,57.18,3.157,250.83,1348.24,48.05,,1151.33,218.4062876,7.244,C,39910,1,1,1,2012,,451327.61,605791.46,542464.02,532062.315,63203.70699040295
37,2012-01-13,546221.4,False,56.28,3.261,1534.85,581.46,31.07,,820.26,218.5823389,7.244,C,39910,2,1,1,2012,,558343.57,451327.61,525616.9,537342.0775,64644.35568986541
37,2012-01-20,543894.07,False,58.9,3.268,366.42,313.91,27.94,,344.84,218.6755292,7.244,C,39910,3,1,1,2012,,546221.4,558343.57,526486.82,540421.01,64719.3745794571
37,2012-01-27,514116.58,False,62.73,3.29,186.28,27.75,33.0,,323.83,218.7687195,7.244,C,39910,4,1,1,2012,,543894.07,546221.4,513672.36,524946.6625,49486.48646592421
37,2012-02-03,555424.24,False,61.33,3.36,1416.62,11.62,93.34,132.22,1757.37,218.8619099,7.244,C,39910,5,2,1,2012,,514116.58,543894.07,583835.1799999999,540643.905,18785.181533770512
37,2012-02-10,527041.46,True,54.49,3.409,264.34,3.0,40.01,,2147.95,218.9551002,7.244,C,39910,6,2,1,2012,Super Bowl,555424.24,514116.58,522514.32,539914.0725,17904.363299280933
37,2012-02-17,541071.29,False,54.38,3.51,1173.99,593.1,2.86,,1372.2,219.1148297,7.244,C,39910,7,2,1,2012,,527041.46,555424.24,536840.6900000001,535119.0874999999,18217.69216302204
37,2012-02-24,518696.89,False,62.21,3.555,141.18,282.22,,,739.65,219.3244636,7.244,C,39910,8,2,1,2012,,541071.29,527041.46,514758.19,534413.3925000001,17814.687743858096
37,2012-03-02,525559.17,False,64.54,3.63,892.47,18.92,2.9,,3369.86,219.5340975,7.244,C,39910,9,3,1,2012,,518696.89,541071.29,527572.25,535558.47,16144.063320426609
37,2012-03-09,535937.25,False,63.19,3.669,1024.83,2.0,10.7,,2304.93,219.7437314,7.244,C,39910,10,3,1,2012,,525559.17,518696.89,505610.4,528092.2025,9385.253020078711
37,2012-03-16,484588.34,False,67.48,3.734,109.13,4.5,2.38,,563.61,219.8956335,7.244,C,39910,11,3,1,2012,,535937.25,525559.17,478503.06,530316.15,10081.432823060097
37,2012-03-23,520887.23,False,69.18,3.787,460.73,,0.68,,1560.28,219.9705599,7.244,C,39910,12,3,1,2012,,484588.34,535937.25,522105.93,516195.4125,22231.24321083924
37,2012-03-30,533734.9400000001,False,70.48,3.845,41.95,0.5,,,619.87,220.0454862,7.244,C,39910,13,3,1,2012,,520887.23,484588.34,534578.78,516742.99750000006,22340.10510673468
37,2012-04-06,564848.78,False,73.95,3.891,16.33,,24.05,,2119.5,220.1204125,6.989,C,39910,14,4,2,2012,,533734.9400000001,520887.23,543703.16,518786.94,23745.39462113436
37,2012-04-13,506973.17,False,72.54,3.891,303.63,621.72,1.9,,2429.1,220.1953389,6.989,C,39910,15,4,2,2012,,564848.78,533734.9400000001,543775.87,526014.8225,33217.07455759502
37,2012-04-20,523483.19,False,70.87,3.877,125.0,32.57,6.3,,3201.88,220.2483937,6.989,C,39910,16,4,2,2012,,506973.17,564848.78,526434.37,531611.03,24706.83475322985
37,2012-04-27,528807.45,False,70.06,3.814,259.23,,7.58,,861.14,220.3014485,6.989,C,39910,17,4,2,2012,,523483.19,506973.17,502918.18,532260.02,24362.95134772893
37,2012-05-04,535311.64,False,77.17,3.749,276.27,,14.9,,671.64,220.3545033,6.989,C,39910,18,5,2,2012,,528807.45,523483.19,547513.3,531028.1475,24388.077731334848
37,2012-05-11,527983.04,False,76.55,3.688,333.98,,0.7,,1500.11,220.4075581,6.989,C,39910,19,5,2,2012,,535311.64,528807.45,511871.63,523643.8625,12120.746288100065
37,2012-05-18,534847.96,False,73.7,3.63,391.4,,,,1697.98,220.4252149,6.989,C,39910,20,5,2,2012,,527983.04,535311.64,533564.42,528896.3300000001,4875.116591228329
37,2012-05-25,540625.79,False,78.94,3.561,,,,,706.18,220.4287124,6.989,C,39910,21,5,2,2012,,534847.96,527983.04,507086.75,531737.5225,3878.599448395873
37,2012-06-01,531811.85,False,80.74,3.501,57.81,,,,1268.73,220.4322099,6.989,C,39910,22,6,2,2012,,540625.79,534847.96,500381.23,534692.1074999999,5184.215956493833
37,2012-06-08,528940.78,False,81.5,3.452,349.22,,14.4,,769.34,220.4357073,6.989,C,39910,23,6,2,2012,,531811.85,540625.79,509647.25,533817.16,5337.858980509558
37,2012-06-15,508573.16,False,82.15,3.393,255.38,,4.51,,3027.4,220.4494148,6.989,C,39910,24,6,2,2012,,528940.78,531811.85,525132.36,534056.595,4999.70081573287
37,2012-06-22,484032.75,False,80.4,3.346,277.33,,,,1269.26,220.4886472,6.989,C,39910,25,6,2,2012,,508573.16,528940.78,509276.22,527487.895,13554.56807152119
37,2012-06-29,508309.81,False,86.68,3.286,165.32,,,,1989.84,220.5278796,6.989,C,39910,26,6,2,2012,,484032.75,508573.16,517021.3,513339.635,22107.54957509663
37,2012-07-06,519498.32,False,81.52,3.227,259.87,,9.27,,1155.93,220.567112,6.623,C,39910,27,7,3,2012,,508309.81,484032.75,489059.93,507464.125,18368.643445920286
37,2012-07-13,506005.47,False,78.15,3.256,170.2,,1.23,,1270.54,220.6063444,6.623,C,39910,28,7,3,2012,,519498.32,508309.81,498749.62,505103.51,14983.394283073769
37,2012-07-20,503744.56,False,81.76,3.311,67.7,,3.97,,1634.33,220.6148749,6.623,C,39910,29,7,3,2012,,506005.47,519498.32,505543.53,504461.5875,14839.509374877329
37,2012-07-27,514489.17,False,84.0,3.407,22.21,,0.93,,705.33,220.6234054,6.623,C,39910,30,7,3,2012,,503744.56,506005.47,504974.95,509389.54,6992.161776507426
37,2012-08-03,521959.28,False,85.56,3.417,,,17.58,,683.58,220.6319358,6.623,C,39910,31,8,3,2012,,514489.17,503744.56,510787.46,510934.38,7347.681395927061
37,2012-08-10,500964.59,False,84.41,3.494,509.88,,23.22,25.74,3183.91,220.6404663,6.623,C,39910,32,8,3,2012,,521959.28,514489.17,502504.39,511549.62,8339.834857360987
37,2012-08-17,509633.71,False,85.89,3.571,170.08,,13.16,,792.21,220.7199609,6.623,C,39910,33,8,3,2012,,500964.59,521959.28,506897.98,510289.4,9723.017011692007
37,2012-08-24,522665.04,False,81.26,3.62,247.17,,23.9,,2285.83,220.8526787,6.623,C,39910,34,8,3,2012,,509633.71,500964.59,527947.21,511761.6875,8804.083451233197
37,2012-08-31,538344.1,False,84.79,3.638,,,12.12,,540.98,220.9853964,6.623,C,39910,35,8,3,2012,,522665.04,509633.71,530367.8300000001,513805.655,10444.58996540098
37,2012-09-07,526838.14,True,84.19,3.73,319.93,,251.31,354.73,2145.98,221.1181142,6.623,C,39910,36,9,3,2012,Labor Day,538344.1,522665.04,506273.74,517901.86,16287.07544246229
37,2012-09-14,514651.74,False,78.16,3.717,740.77,,32.02,123.04,1617.03,221.2601207,6.623,C,39910,37,9,3,2012,,526838.14,538344.1,513341.94,524370.2475,11852.31787725183
37,2012-09-21,521320.98,False,75.98,3.721,241.47,,,,2143.91,221.4578604,6.623,C,39910,38,9,3,2012,,514651.74,526838.14,516556.94,525624.755,9872.875492288616
37,2012-09-28,527953.14,False,79.49,3.666,59.61,,,,722.92,221.6556,6.623,C,39910,39,9,3,2012,,521320.98,514651.74,516402.1,525288.74,10028.824349630057
37,2012-10-05,546122.37,False,73.57,3.617,126.94,,2.02,,1451.99,221.8533396,6.228,C,39910,40,10,4,2012,,527953.14,521320.98,522816.85,522691.0,6093.590723243272
37,2012-10-12,521810.75,False,71.28,3.601,32.97,,4.92,,2083.7,222.0510793,6.228,C,39910,41,10,4,2012,,546122.37,527953.14,513636.01,527512.0575,13543.208530862526
37,2012-10-19,551969.1,False,74.06,3.594,121.25,,6.6,,888.9,222.0951719,6.228,C,39910,42,10,4,2012,,521810.75,546122.37,522784.33,529301.81,11612.633592988494
37,2012-10-26,534738.43,False,74.39,3.506,19.54,5.22,1.55,,1891.77,222.1136566,6.228,C,39910,43,10,4,2012,,551969.1,521810.75,517355.44,536963.84,14374.112731651052
38,2011-02-04,402341.76,False,45.14,3.348,,,,,,127.7195806,14.021,C,39690,5,2,1,2011,,357557.16,341098.08,358496.14,360284.6425,18902.11356803315
38,2011-02-11,377672.46,True,51.3,3.381,,,,,,127.859129,14.021,C,39690,6,2,1,2011,Super Bowl,402341.76,357557.16,342214.9,364283.9475,26442.231403461807
38,2011-02-18,364606.7,False,53.35,3.43,,,,,,127.99525,14.021,C,39690,7,2,1,2011,,377672.46,402341.76,327237.92,369667.365,26423.214194645112
38,2011-02-25,354232.34,False,48.45,3.53,,,,,,128.13,14.021,C,39690,8,2,1,2011,,364606.7,377672.46,334222.73,375544.52,19712.950281335205
38,2011-03-04,405429.43,False,51.72,3.674,,,,,,128.26475,14.021,C,39690,9,3,1,2011,,354232.34,364606.7,372239.89,374713.31500000006,20766.170534131397
38,2011-03-11,357897.18,False,57.75,3.818,,,,,,128.3995,14.021,C,39690,10,3,1,2011,,405429.43,354232.34,342023.92,375485.2325,22146.985024496786
38,2011-03-18,349459.95,False,64.21,3.692,,,,,,128.5121935,14.021,C,39690,11,3,1,2011,,357897.18,405429.43,333025.47,370541.4125,23652.04035499024
38,2011-03-25,351541.62,False,54.4,3.909,,,,,,128.6160645,14.021,C,39690,12,3,1,2011,,349459.95,357897.18,335858.11,366754.725,26013.51109617776
38,2011-04-01,382098.13,False,63.63,3.772,,,,,,128.7199355,13.736,C,39690,13,4,2,2011,,351541.62,349459.95,368929.55,366082.045,26475.94331197091
38,2011-04-08,392152.3,False,64.47,4.003,,,,,,128.8238065,13.736,C,39690,14,4,2,2011,,382098.13,351541.62,341630.46,360249.22,15001.528869225283
38,2011-04-15,362758.94,False,57.63,3.868,,,,,,128.9107333,13.736,C,39690,15,4,2,2011,,392152.3,382098.13,337723.49,368813.0,21556.582250856176
38,2011-04-22,362952.34,False,72.12,4.134,,,,,,128.9553,13.736,C,39690,16,4,2,2011,,362758.94,392152.3,335121.82,372137.7475,18366.21925746516
38,2011-04-29,344225.99,False,68.27,4.151,,,,,,128.9998667,13.736,C,39690,17,4,2,2011,,362952.34,362758.94,337979.65,374990.4275,14601.074614048626
38,2011-05-06,422186.65,False,68.4,4.193,,,,,,129.0444333,13.736,C,39690,18,5,2,2011,,344225.99,362952.34,383657.44,365522.3925,19806.821825430623
38,2011-05-13,366977.79,False,70.93,4.202,,,,,,129.089,13.736,C,39690,19,5,2,2011,,422186.65,344225.99,346174.3,373030.98,33926.887724734275
38,2011-05-20,365730.76,False,66.59,4.169,,,,,,129.0756774,13.736,C,39690,20,5,2,2011,,366977.79,422186.65,340497.08,374085.6925,33564.75215482282
38,2011-05-27,356886.1,False,76.67,4.087,,,,,,129.0623548,13.736,C,39690,21,5,2,2011,,365730.76,366977.79,326469.43,374780.2975,33285.13790673073
38,2011-06-03,396826.06,False,71.81,4.031,,,,,,129.0490323,13.736,C,39690,22,6,2,2011,,356886.1,365730.76,376184.88,377945.325,29834.3661877354
38,2011-06-10,381763.02,False,78.72,3.981,,,,,,129.0357097,13.736,C,39690,23,6,2,2011,,396826.06,356886.1,354828.65,371605.1775,17403.693598096255
38,2011-06-17,356797.0,False,86.84,3.935,,,,,,129.0432,13.736,C,39690,24,6,2,2011,,381763.02,396826.06,335691.85000000003,375301.485,17661.48299936587
38,2011-06-24,354078.95,False,88.95,3.898,,,,,,129.0663,13.736,C,39690,25,6,2,2011,,356797.0,381763.02,322046.76,373068.045,19720.10916438576
38,2011-07-01,387334.04,False,89.85,3.842,,,,,,129.0894,13.503,C,39690,26,7,3,2011,,354078.95,356797.0,361181.48,372366.2575,20521.602264615765
38,2011-07-08,399699.17,False,89.9,3.705,,,,,,129.1125,13.503,C,39690,27,7,3,2011,,387334.04,354078.95,343850.34,369993.25250000006,16996.435334401278
38,2011-07-15,367181.71,False,88.1,3.692,,,,,,129.1338387,13.503,C,39690,28,7,3,2011,,399699.17,387334.04,338277.71,374477.29,22584.09603044117
38,2011-07-22,365562.67,False,91.17,3.794,,,,,,129.1507742,13.503,C,39690,29,7,3,2011,,367181.71,399699.17,328336.85,377073.4675,20361.699856534862
38,2011-07-29,355131.33,False,93.29,3.805,,,,,,129.1677097,13.503,C,39690,30,7,3,2011,,365562.67,367181.71,336378.38,379944.3975,16478.04732476344
38,2011-08-05,437631.44,False,90.61,3.803,,,,,,129.1846452,13.503,C,39690,31,8,3,2011,,355131.33,365562.67,378574.44,371893.72,19290.80956100748
38,2011-08-12,387844.05,False,91.04,3.701,,,,,,129.2015806,13.503,C,39690,32,8,3,2011,,437631.44,355131.33,341400.72000000003,381376.7875,37881.378471991695
38,2011-08-19,362224.7,False,91.74,3.743,,,,,,129.2405806,13.503,C,39690,33,8,3,2011,,387844.05,437631.44,329139.73,386542.3725,36690.54687635866
38,2011-08-26,365672.55,False,94.61,3.74,,,,,,129.2832581,13.503,C,39690,34,8,3,2011,,362224.7,387844.05,322868.56,385707.88,37358.64227617372
38,2011-09-02,416953.51,False,93.66,3.798,,,,,,129.3259355,13.503,C,39690,35,9,3,2011,,365672.55,362224.7,377096.55,388343.185,34764.51335625473
38,2011-09-09,397771.68,True,88.0,3.913,,,,,,129.3686129,13.503,C,39690,36,9,3,2011,Labor Day,416953.51,365672.55,336227.69,383173.7025,25219.295424211887
38,2011-09-16,408188.88,False,76.36,3.918,,,,,,129.4306,13.503,C,39690,37,9,3,2011,,397771.68,416953.51,336253.19,385655.61,26297.578640415697
38,2011-09-23,394665.28,False,82.95,3.789,,,,,,129.5183333,13.503,C,39690,38,9,3,2011,,408188.88,397771.68,330604.9,397146.655,22399.79300308543
38,2011-09-30,366819.84,False,83.26,3.877,,,,,,129.6060667,13.503,C,39690,39,9,3,2011,,394665.28,408188.88,360256.58,404394.8375,10175.878633146567
38,2011-10-07,449516.29,False,70.44,3.827,,,,,,129.6938,12.89,C,39690,40,10,4,2011,,366819.84,394665.28,351271.36,391861.42,17667.856718865925
38,2011-10-14,400430.78,False,67.31,3.805,,,,,,129.7706452,12.89,C,39690,41,10,4,2011,,449516.29,366819.84,337743.26,404797.5725,34429.813527190774
38,2011-10-21,402709.17,False,73.05,3.842,,,,,,129.7821613,12.89,C,39690,42,10,4,2011,,400430.78,449516.29,339042.18,402858.0475,34393.58980889408
38,2011-10-28,378539.17,False,67.41,3.727,,,,,,129.7936774,12.89,C,39690,43,10,4,2011,,402709.17,400430.78,341219.63,404869.02,33987.653363367666
38,2011-11-04,436970.1,False,59.77,3.828,,,,,,129.8051935,12.89,C,39690,44,11,4,2011,,378539.17,402709.17,380870.09,407798.8525,29870.09079264846
38,2011-11-11,411116.95,False,48.76,3.824,149.19,691.41,6.05,,1571.53,129.8167097,12.89,C,39690,45,11,4,2011,,436970.1,378539.17,340147.2,404662.305,24138.022151397134
38,2011-11-18,392003.13,False,54.2,3.813,27.61,8.22,1.32,,2034.39,129.8268333,12.89,C,39690,46,11,4,2011,,411116.95,436970.1,348593.99,407333.8475,24104.912508153386
38,2011-11-25,393715.71,True,53.25,3.622,17.17,,5.26,,615.68,129.8364,12.89,C,39690,47,11,4,2011,Thanksgiving,392003.13,411116.95,360857.98,404657.3375,25351.718252369606
38,2011-12-02,411252.02,False,52.5,3.701,22.15,,2.35,,1889.95,129.8459667,12.89,C,39690,48,12,4,2011,,393715.71,392003.13,351925.36,408451.4725,20881.471469865213
38,2011-12-09,435401.64,False,42.17,3.644,61.05,,2.44,,1589.34,129.8555333,12.89,C,39690,49,12,4,2011,,411252.02,393715.71,355965.23,402021.9525,10603.200685560229
38,2011-12-16,404283.84,False,43.29,3.6,152.89,,,2.28,766.96,129.8980645,12.89,C,39690,50,12,4,2011,,435401.64,411252.02,334441.15,408093.125,20176.98036797061
38,2011-12-23,419717.41,False,45.4,3.541,59.23,,0.6,,1588.1,129.9845484,12.89,C,39690,51,12,4,2011,,404283.84,435401.64,369106.72,411163.3025,17694.1644230858
38,2011-12-30,342667.35,True,44.64,3.428,353.07,1926.94,,25.2,770.38,130.0710323,12.89,C,39690,52,12,4,2011,Christmas,419717.41,404283.84,303908.81,417663.7275,13403.762335585496
38,2012-01-06,478483.2,False,50.43,3.599,9.61,2765.45,56.96,,560.58,130.1575161,12.187,C,39690,1,1,1,2012,,342667.35,419717.41,386344.54,400517.56,40605.27445029491
38,2012-01-13,423260.82,False,48.07,3.657,1129.45,125.33,31.85,,1101.74,130.244,12.187,C,39690,2,1,1,2012,,478483.2,342667.35,356138.79,411287.95,55809.50253527952
38,2012-01-20,405215.91,False,46.2,3.66,465.73,17.03,28.02,,1397.31,130.2792258,12.187,C,39690,3,1,1,2012,,423260.82,478483.2,341098.08,416032.195,55822.22477463856
38,2012-01-27,412882.31,False,50.43,3.675,24.1,4.47,29.12,,2271.88,130.3144516,12.187,C,39690,4,1,1,2012,,405215.91,423260.82,357557.16,412406.82,55973.80390984492
38,2012-02-03,457711.68,False,50.58,3.702,2428.47,6.57,52.66,161.71,2606.06,130.3496774,12.187,C,39690,5,2,1,2012,,412882.31,405215.91,402341.76,429960.56,33182.81400224167
38,2012-02-10,469787.38,True,52.27,3.722,518.25,11.21,37.01,3.97,1200.97,130.3849032,12.187,C,39690,6,2,1,2012,Super Bowl,457711.68,412882.31,377672.46,424767.68000000005,23174.06231996812
38,2012-02-17,415513.97,False,51.8,3.781,647.57,580.69,5.72,2.0,2761.19,130.4546207,12.187,C,39690,7,2,1,2012,,469787.38,457711.68,364606.7,436399.32,32116.631506128277
38,2012-02-24,409411.61,False,53.13,3.95,102.49,328.86,,2.86,2435.31,130.5502069,12.187,C,39690,8,2,1,2012,,415513.97,469787.38,354232.34,438973.835,29050.039204533456
38,2012-03-02,471115.38,False,52.27,4.178,1895.3,5.9,3.93,68.88,3186.15,130.6457931,12.187,C,39690,9,3,1,2012,,409411.61,415513.97,405429.43,438106.16,30121.20163526733
38,2012-03-09,452792.53,False,54.54,4.25,425.97,1.8,,25.6,1751.92,130.7413793,12.187,C,39690,10,3,1,2012,,471115.38,409411.61,357897.18,441457.085,33576.66730023888
38,2012-03-16,428465.11,False,64.44,4.273,480.19,0.5,1.02,,1158.07,130.8261935,12.187,C,39690,11,3,1,2012,,452792.53,471115.38,349459.95,437208.3725,29641.514962988265
38,2012-03-23,412456.48,False,56.26,4.038,301.53,,2.04,,1599.86,130.8966452,12.187,C,39690,12,3,1,2012,,428465.11,452792.53,351541.62,440446.1575,27078.421669847317
38,2012-03-30,408679.36,False,64.36,4.294,212.26,0.5,,28.77,1121.52,130.9670968,12.187,C,39690,13,3,1,2012,,412456.48,428465.11,382098.13,441207.375,25933.786586132468
38,2012-04-06,499267.66,False,64.05,4.121,24.75,,10.47,,1495.97,131.0375484,11.627,C,39690,14,4,2,2012,,408679.36,412456.48,392152.3,425598.37,20055.77812406607
38,2012-04-13,435790.74,False,64.28,4.254,59.68,696.42,12.37,17.82,1410.31,131.108,11.627,C,39690,15,4,2,2012,,499267.66,408679.36,362758.94,437217.1525,42246.736490741954
38,2012-04-20,401615.8,False,66.73,4.222,1307.69,5.67,5.6,140.87,1255.59,131.1173333,11.627,C,39690,16,4,2,2012,,435790.74,499267.66,362952.34,439048.56,41898.211669587545
38,2012-04-27,419964.77,False,77.99,4.193,439.84,,2.83,,1244.18,131.1266667,11.627,C,39690,17,4,2,2012,,401615.8,435790.74,344225.99,436338.39,44463.74230802848
38,2012-05-04,491755.69,False,76.03,4.171,84.67,,13.06,,2346.63,131.136,11.627,C,39690,18,5,2,2012,,419964.77,401615.8,422186.65,439159.7425,42435.466737744886
38,2012-05-11,429914.6,False,77.27,4.186,930.96,,3.2,,2105.16,131.1453333,11.627,C,39690,19,5,2,2012,,491755.69,419964.77,366977.79,437281.75,38908.31545940828
38,2012-05-18,412314.71,False,84.51,4.11,219.38,,,,1472.86,131.0983226,11.627,C,39690,20,5,2,2012,,429914.6,491755.69,365730.76,435812.715,39093.8638349805
38,2012-05-25,422810.12,False,83.84,4.293,452.9,,0.5,,1668.88,131.0287742,11.627,C,39690,21,5,2,2012,,412314.71,429914.6,356886.1,438487.4425,36235.80707582745
38,2012-06-01,435579.7,False,78.11,4.277,65.36,,0.6,,886.6,130.9592258,11.627,C,39690,22,6,2,2012,,422810.12,412314.71,396826.06,439198.78,35775.99839455164
38,2012-06-08,448110.25,False,84.83,4.103,491.31,,11.8,,1999.19,130.8896774,11.627,C,39690,23,6,2,2012,,435579.7,422810.12,381763.02,425154.7825,10028.287849198772
38,2012-06-15,430222.07,False,85.94,4.144,635.42,,0.13,,1800.18,130.8295333,11.627,C,39690,24,6,2,2012,,448110.25,435579.7,356797.0,429703.695,15526.610247558738
38,2012-06-22,405938.35,False,91.61,4.014,576.0,,,,2241.95,130.7929,11.627,C,39690,25,6,2,2012,,430222.07,448110.25,354078.95,434180.535,10660.681734091691
38,2012-06-29,404634.36,False,90.47,3.875,350.56,,,26.87,1447.29,130.7562667,11.627,C,39690,26,6,2,2012,,405938.35,430222.07,387334.04,429962.5925,17683.52270406516
38,2012-07-06,471086.22,False,89.13,3.765,404.49,,4.05,,1132.08,130.7196333,10.926,C,39690,27,7,3,2012,,404634.36,405938.35,399699.17,422226.2575,20886.078885660987
38,2012-07-13,416036.75,False,95.61,3.723,609.49,,2.05,,752.29,130.683,10.926,C,39690,28,7,3,2012,,471086.22,404634.36,367181.71,427970.25,31059.22268857398
38,2012-07-20,441683.74,False,85.53,3.726,75.04,,0.19,,1281.95,130.7012903,10.926,C,39690,29,7,3,2012,,416036.75,471086.22,365562.67,424423.92,31522.7845910292
38,2012-07-27,407186.47,False,93.47,3.769,0.27,,,,1622.77,130.7195806,10.926,C,39690,30,7,3,2012,,441683.74,416036.75,355131.33,433360.2675,29539.85842192299
38,2012-08-03,469311.17,False,88.16,3.76,525.42,,16.93,49.05,1689.86,130.737871,10.926,C,39690,31,8,3,2012,,407186.47,441683.74,437631.44,433998.295,28729.02889802804
38,2012-08-10,436690.13,False,95.91,3.811,193.46,,4.78,45.18,1781.51,130.7561613,10.926,C,39690,32,8,3,2012,,469311.17,407186.47,387844.05,433554.5325,27968.843162857516
38,2012-08-17,411866.46,False,94.87,4.002,244.09,,5.14,11.22,2519.9,130.7909677,10.926,C,39690,33,8,3,2012,,436690.13,469311.17,362224.7,438717.8775,25449.867748275665
38,2012-08-24,397428.22,False,85.32,4.055,301.06,,40.0,0.78,1424.7,130.8381613,10.926,C,39690,34,8,3,2012,,411866.46,436690.13,365672.55,431263.5575,28478.1907194199
38,2012-08-31,424904.95,False,89.78,4.093,489.03,,28.64,334.12,1760.26,130.8853548,10.926,C,39690,35,8,3,2012,,397428.22,411866.46,416953.51,428823.995,31487.24662698421
38,2012-09-07,490274.82,True,88.52,4.124,524.4,,147.32,5.88,2457.97,130.9325484,10.926,C,39690,36,9,3,2012,Labor Day,424904.95,397428.22,397771.68,417722.44,16906.70065393089
38,2012-09-14,430944.39,False,83.64,4.133,1047.05,,15.47,,2276.08,130.9776667,10.926,C,39690,37,9,3,2012,,490274.82,424904.95,408188.88,431118.6125000001,41003.06659317961
38,2012-09-21,409600.98,False,82.97,4.125,192.78,,,1.5,2251.8,131.0103333,10.926,C,39690,38,9,3,2012,,430944.39,490274.82,394665.28,435888.095,39081.74140805905
38,2012-09-28,398468.08,False,81.22,3.966,201.62,,,29.21,802.5,131.043,10.926,C,39690,39,9,3,2012,,409600.98,430944.39,366819.84,438931.285,35388.10507765942
38,2012-10-05,458479.01,False,81.61,3.966,266.02,,6.0,,1830.67,131.0756667,10.199,C,39690,40,10,4,2012,,398468.08,409600.98,449516.29,432322.0675,40917.64006087092
38,2012-10-12,437320.66,False,71.74,4.468,202.43,,8.66,0.22,700.92,131.1083333,10.199,C,39690,41,10,4,2012,,458479.01,398468.08,400430.78,424373.1150000001,26430.28906189508
38,2012-10-19,428806.46,False,68.66,4.449,314.73,,9.24,,388.28,131.1499677,10.199,C,39690,42,10,4,2012,,437320.66,458479.01,402709.17,425967.1825,27141.441875903634
38,2012-10-26,417290.38,False,65.95,4.301,148.32,6.73,3.05,,344.78,131.1930968,10.199,C,39690,43,10,4,2012,,428806.46,437320.66,378539.17,430768.5525,24886.207011465645
39,2011-02-04,1343773.94,False,45.96,2.989,,,,,,211.3333753,8.395,A,184109,5,2,1,2011,,1158698.44,1243370.74,1230596.8,1204935.9225,37124.41433101845
39,2011-02-11,1227893.89,True,40.34,3.022,,,,,,211.6985093,8.395,A,184109,6,2,1,2011,Super Bowl,1343773.94,1158698.44,1266229.07,1234760.6275,80562.25164285843
39,2011-02-18,1335233.74,False,58.2,3.045,,,,,,212.0063522,8.395,A,184109,7,2,1,2011,,1227893.89,1343773.94,1230591.97,1243434.2525,76353.82048529462
39,2011-02-25,1240921.19,False,67.77,3.065,,,,,,212.2912786,8.395,A,184109,8,2,1,2011,,1335233.74,1227893.89,1168582.02,1266400.0025,89082.6524213645
39,2011-03-04,1316385.43,False,63.56,3.288,,,,,,212.576205,8.395,A,184109,9,3,1,2011,,1240921.19,1335233.74,1266254.21,1286955.69,61009.71249004857
39,2011-03-11,1283716.81,False,58.35,3.459,,,,,,212.8611313,8.395,A,184109,10,3,1,2011,,1316385.43,1240921.19,1244391.83,1280108.5625,53593.58947285645
39,2011-03-18,1348410.05,False,65.28,3.488,,,,,,213.1096787,8.395,A,184109,11,3,1,2011,,1283716.81,1316385.43,1301590.13,1294064.2925,41329.63555030335
39,2011-03-25,1284334.79,False,71.17,3.473,,,,,,213.3436744,8.395,A,184109,12,3,1,2011,,1348410.05,1283716.81,1235094.66,1297358.37,45969.3756344092
39,2011-04-01,1316849.36,False,66.57,3.524,,,,,,213.5776701,8.3,A,184109,13,4,2,2011,,1284334.79,1348410.05,1463942.62,1308211.77,30837.33490471304
39,2011-04-08,1350646.16,False,69.45,3.622,,,,,,213.8116658,8.3,A,184109,14,4,2,2011,,1316849.36,1284334.79,1327035.27,1308327.7525,30879.16831526598
39,2011-04-15,1348031.55,False,73.19,3.743,,,,,,214.026217,8.3,A,184109,15,4,2,2011,,1350646.16,1316849.36,1242874.98,1325060.09,31229.439941983343
39,2011-04-22,1563140.85,False,74.98,3.807,,,,,,214.1921572,8.3,A,184109,16,4,2,2011,,1348031.55,1350646.16,1280231.85,1324965.465,31135.538559858647
39,2011-04-29,1379651.87,False,76.47,3.81,,,,,,214.3580974,8.3,A,184109,17,4,2,2011,,1563140.85,1348031.55,1263836.59,1394666.98,113360.37341152289
39,2011-05-06,1370920.87,False,68.75,3.906,,,,,,214.5240376,8.3,A,184109,18,5,2,2011,,1379651.87,1563140.85,1355704.21,1410367.6075,102851.92513231916
39,2011-05-13,1325022.77,False,77.39,3.899,,,,,,214.6899778,8.3,A,184109,19,5,2,2011,,1370920.87,1379651.87,1226997.7,1415436.285,99368.31042771335
39,2011-05-20,1373907.21,False,73.31,3.907,,,,,,214.465412,8.3,A,184109,20,5,2,2011,,1325022.77,1370920.87,1350673.98,1409684.09,105073.05039310837
39,2011-05-27,1406124.14,False,82.1,3.786,,,,,,214.2408462,8.3,A,184109,21,5,2,2011,,1373907.21,1325022.77,1365541.59,1362375.6800000002,25164.14832430001
39,2011-06-03,1541745.59,False,83.59,3.699,,,,,,214.0162805,8.3,A,184109,22,6,2,2011,,1406124.14,1373907.21,1512207.95,1368993.7475,33366.49429382426
39,2011-06-10,1442092.08,False,82.75,3.648,,,,,,213.7917147,8.3,A,184109,23,6,2,2011,,1541745.59,1406124.14,1371405.33,1411699.9275,92887.35627921407
39,2011-06-17,1451392.67,False,85.21,3.637,,,,,,213.7481256,8.3,A,184109,24,6,2,2011,,1442092.08,1541745.59,1368312.45,1440967.255,72729.2475211076
39,2011-06-24,1363167.95,False,84.06,3.594,,,,,,213.8402689,8.3,A,184109,25,6,2,2011,,1451392.67,1442092.08,1280414.8,1460338.62,57675.155973281566
39,2011-07-01,1429829.36,False,84.93,3.524,,,,,,213.9324122,8.177,A,184109,26,7,3,2011,,1363167.95,1451392.67,1352547.7,1449599.5725,73077.33700534076
39,2011-07-08,1414564.53,False,84.33,3.48,,,,,,214.0245556,8.177,A,184109,27,7,3,2011,,1429829.36,1363167.95,1330473.47,1421620.515,39956.44995161518
39,2011-07-15,1380257.12,False,85.96,3.575,,,,,,214.1083654,8.177,A,184109,28,7,3,2011,,1414564.53,1429829.36,1339811.68,1414738.6275,37553.58006337118
39,2011-07-22,1416005.59,False,84.6,3.651,,,,,,214.1713416,8.177,A,184109,29,7,3,2011,,1380257.12,1414564.53,1314651.83,1396954.74,30611.561193760543
39,2011-07-29,1426418.53,False,86.24,3.682,,,,,,214.2343177,8.177,A,184109,30,7,3,2011,,1416005.59,1380257.12,1308222.24,1410164.15,21092.152515285223
39,2011-08-05,1518790.89,False,87.73,3.684,,,,,,214.2972939,8.177,A,184109,31,8,3,2011,,1426418.53,1416005.59,1409989.67,1409311.4425,20076.62519533785
39,2011-08-12,1514055.97,False,88.27,3.638,,,,,,214.3602701,8.177,A,184109,32,8,3,2011,,1518790.89,1426418.53,1371465.66,1435368.0325000002,59024.242490162855
39,2011-08-19,1629066.9,False,87.93,3.554,,,,,,214.4239935,8.177,A,184109,33,8,3,2011,,1514055.97,1518790.89,1471816.52,1468817.745,55168.31630173127
39,2011-08-26,1573898.63,False,86.49,3.523,,,,,,214.4878416,8.177,A,184109,34,8,3,2011,,1629066.9,1514055.97,1417515.93,1522083.0725,83011.0773299666
39,2011-09-02,1465089.85,False,88.65,3.533,,,,,,214.5516896,8.177,A,184109,35,9,3,2011,,1573898.63,1629066.9,1345167.61,1558953.0975,54061.90652620516
39,2011-09-09,1429345.86,True,79.15,3.546,,,,,,214.6155376,8.177,A,184109,36,9,3,2011,Labor Day,1465089.85,1573898.63,1279666.47,1545527.8375,71284.46559956587
39,2011-09-16,1372500.63,False,83.11,3.526,,,,,,214.7934111,8.177,A,184109,37,9,3,2011,,1429345.86,1465089.85,1252915.43,1524350.31,93020.15529849209
39,2011-09-23,1338657.95,False,78.75,3.467,,,,,,215.1233185,8.177,A,184109,38,9,3,2011,,1372500.63,1429345.86,1199449.54,1460208.7425000002,84841.90443546977
39,2011-09-30,1311775.83,False,81.51,3.355,,,,,,215.4532259,8.177,A,184109,39,9,3,2011,,1338657.95,1372500.63,1219583.91,1401398.5725,56595.36641990909
39,2011-10-07,1443884.39,False,71.68,3.285,,,,,,215.7831333,7.716,A,184109,40,10,4,2011,,1311775.83,1338657.95,1286598.59,1363070.0675,50690.12547531681
39,2011-10-14,1384721.84,False,73.79,3.274,,,,,,216.0885258,7.716,A,184109,41,10,4,2011,,1443884.39,1311775.83,1238742.0,1366704.7,57137.5483609533
39,2011-10-21,1465283.29,False,67.65,3.353,,,,,,216.2468287,7.716,A,184109,42,10,4,2011,,1384721.84,1443884.39,1261109.01,1369760.0025,57872.801135621405
39,2011-10-28,1472663.1,False,71.05,3.372,,,,,,216.4051315,7.716,A,184109,43,10,4,2011,,1465283.29,1384721.84,1294769.08,1401416.3375,68791.10876757237
39,2011-11-04,1553629.59,False,58.04,3.332,,,,,,216.5634344,7.716,A,184109,44,11,4,2011,,1472663.1,1465283.29,1293707.19,1441638.155,39858.71760053265
39,2011-11-11,1456957.38,False,63.11,3.297,8894.84,10678.05,342.83,2414.95,10590.23,216.7217373,7.716,A,184109,45,11,4,2011,,1553629.59,1472663.1,1291398.71,1469074.455,69022.1843979681
39,2011-11-18,1510397.27,False,66.09,3.308,3378.96,215.22,162.51,486.32,6941.94,216.9395861,7.716,A,184109,46,11,4,2011,,1456957.38,1553629.59,1370659.54,1487133.34,44792.67930010459
39,2011-11-25,2338832.4,True,66.36,3.236,224.08,292.94,77126.16,77.74,4875.43,217.1812533,7.716,A,184109,47,11,4,2011,Thanksgiving,1510397.27,1456957.38,2149355.2,1498411.835,43104.98931998658
39,2011-12-02,1632894.58,False,53.14,3.172,2966.71,59.47,2100.01,3614.81,18646.29,217.4229206,7.716,A,184109,48,12,4,2011,,2338832.4,1510397.27,1431910.98,1714954.16,417794.02220393525
39,2011-12-09,1781528.77,False,49.36,3.158,4462.95,,292.36,1354.79,22649.7,217.6645878,7.716,A,184109,49,12,4,2011,,1632894.58,2338832.4,1630564.48,1734770.4075,409386.92296823295
39,2011-12-16,1991824.05,False,58.58,3.159,873.38,15.15,505.72,650.86,6904.19,217.8781339,7.716,A,184109,50,12,4,2011,,1781528.77,1632894.58,1842172.46,1815913.255,365815.3347913521
39,2011-12-23,2554482.84,False,54.62,3.112,3099.34,16.14,1339.1,213.49,4911.65,218.0541851,7.716,A,184109,51,12,4,2011,,1991824.05,1781528.77,2495489.25,1936269.95,306117.75081235653
39,2011-12-30,1537139.56,True,47.6,3.129,5363.52,53918.62,193.95,383.85,8337.7,218.2302364,7.716,A,184109,52,12,4,2011,Christmas,2554482.84,1991824.05,1230012.16,1990182.56,403991.9987785853
39,2012-01-06,1478537.93,False,55.83,3.157,4525.51,23319.85,120.18,117.6,9638.2,218.4062876,7.244,A,184109,1,1,1,2012,,1537139.56,2554482.84,1224475.12,1966243.805,433946.8509944771
39,2012-01-13,1369125.37,False,54.66,3.261,7924.93,13698.33,83.04,477.43,10488.23,218.5823389,7.244,A,184109,2,1,1,2012,,1478537.93,1537139.56,1193199.39,1890496.095,498569.99593422393
39,2012-01-20,1394841.03,False,58.04,3.268,919.82,4005.7,90.56,525.75,1798.51,218.6755292,7.244,A,184109,3,1,1,2012,,1369125.37,1478537.93,1243370.74,1734821.425,550859.2649796202
39,2012-01-27,1320301.61,False,60.65,3.29,1119.34,2578.64,82.5,4.0,1647.3,218.7687195,7.244,A,184109,4,1,1,2012,,1394841.03,1369125.37,1158698.44,1444910.9725,77216.88354065928
39,2012-02-03,1396150.15,False,60.69,3.36,44153.98,1873.54,228.69,31484.58,24354.2,218.8619099,7.244,A,184109,5,2,1,2012,,1320301.61,1394841.03,1343773.94,1390701.485,66216.93650810537
39,2012-02-10,1442988.44,True,52.89,3.409,6997.37,1891.53,115.26,7093.82,9198.59,218.9551002,7.244,A,184109,6,2,1,2012,Super Bowl,1396150.15,1320301.61,1227893.89,1370104.54,35456.8204452839
39,2012-02-17,1511041.69,False,52.75,3.51,15632.4,6962.91,24.9,6631.5,23647.05,219.1148297,7.244,A,184109,7,2,1,2012,,1442988.44,1396150.15,1335233.74,1388570.3075,50723.84112733161
39,2012-02-24,1412065.04,False,61.1,3.555,7826.68,6839.78,2.0,983.61,10296.01,219.3244636,7.244,A,184109,8,2,1,2012,,1511041.69,1442988.44,1240921.19,1417620.4725,80214.28260356332
39,2012-03-02,1453047.02,False,64.05,3.63,22838.35,998.95,7.2,5781.24,12907.82,219.5340975,7.244,A,184109,9,3,1,2012,,1412065.04,1511041.69,1316385.43,1440561.3299999998,50851.95329398239
39,2012-03-09,1470764.35,False,61.64,3.669,5772.82,286.18,3.57,735.05,28766.27,219.7437314,7.244,A,184109,10,3,1,2012,,1453047.02,1412065.04,1283716.81,1454785.5475,41360.16422144496
39,2012-03-16,1522421.07,False,65.81,3.734,4150.56,184.15,6.24,1947.25,13451.44,219.8956335,7.244,A,184109,11,3,1,2012,,1470764.35,1453047.02,1348410.05,1461729.525,41049.82599703345
39,2012-03-23,1469593.37,False,67.91,3.787,4355.72,91.37,4.08,305.89,3682.22,219.9705599,7.244,A,184109,12,3,1,2012,,1522421.07,1470764.35,1284334.79,1464574.37,45733.52558887156
39,2012-03-30,1499727.02,False,69.11,3.845,8547.51,93.82,,998.98,15532.43,220.0454862,7.244,A,184109,13,3,1,2012,,1469593.37,1522421.07,1316849.36,1478956.4525,30084.600291887476
39,2012-04-06,1764847.94,False,73.49,3.891,9057.89,,46.4,3572.95,15694.32,220.1204125,6.989,A,184109,14,4,2,2012,,1499727.02,1469593.37,1350646.16,1490626.4525,25368.0357009105
39,2012-04-13,1580732.73,False,71.59,3.891,5032.34,3521.71,15.9,1241.57,10538.44,220.1953389,6.989,A,184109,15,4,2,2012,,1764847.94,1499727.02,1348031.55,1564147.35,135538.7316355719
39,2012-04-20,1433391.04,False,70.04,3.877,5206.6,207.27,0.2,318.73,5241.86,220.2483937,6.989,A,184109,16,4,2,2012,,1580732.73,1764847.94,1563140.85,1578725.265,132660.18403456753
39,2012-04-27,1456997.2,False,69.11,3.814,5821.79,,-0.2,164.58,8663.37,220.3014485,6.989,A,184109,17,4,2,2012,,1433391.04,1580732.73,1379651.87,1569674.6825,143388.50204945335
39,2012-05-04,1512227.34,False,77.15,3.749,15959.12,,30.12,3483.71,12856.15,220.3545033,6.989,A,184109,18,5,2,2012,,1456997.2,1433391.04,1370920.87,1558992.2275,151688.13154404878
39,2012-05-11,1470792.41,False,75.52,3.688,8891.08,,8.34,4182.79,3506.41,220.4075581,6.989,A,184109,19,5,2,2012,,1512227.34,1456997.2,1325022.77,1495837.0775,65533.594951719984
39,2012-05-18,1522978.54,False,72.36,3.63,6962.99,,7.0,2166.87,18547.03,220.4252149,6.989,A,184109,20,5,2,2012,,1470792.41,1512227.34,1373907.21,1468351.9974999998,33076.684982261155
39,2012-05-25,1596036.66,False,78.31,3.561,10926.02,,967.95,1983.54,6579.15,220.4287124,6.989,A,184109,21,5,2,2012,,1522978.54,1470792.41,1406124.14,1490748.8724999998,31819.867092601464
39,2012-06-01,1640476.77,False,80.33,3.501,8200.12,5.8,64.71,1772.73,9316.5,220.4322099,6.989,A,184109,22,6,2,2012,,1596036.66,1522978.54,1541745.59,1525508.7375,52124.40812197235
39,2012-06-08,1623442.24,False,81.12,3.452,9356.4,351.8,0.24,1857.12,11870.68,220.4357073,6.989,A,184109,23,6,2,2012,,1640476.77,1596036.66,1442092.08,1557571.0949999995,75454.4800298718
39,2012-06-15,1587499.82,False,81.33,3.393,8270.46,76.4,0.06,3324.17,25107.85,220.4494148,6.989,A,184109,24,6,2,2012,,1623442.24,1640476.77,1451392.67,1595733.5525,51843.06637426672
39,2012-06-22,1532316.79,False,79.84,3.346,7354.18,244.0,0.99,2788.54,53212.72,220.4886472,6.989,A,184109,25,6,2,2012,,1587499.82,1623442.24,1363167.95,1611863.8725,24473.55175869679
39,2012-06-29,1492388.98,False,85.72,3.286,4579.58,238.8,,725.41,85851.87,220.5278796,6.989,A,184109,26,6,2,2012,,1532316.79,1587499.82,1429829.36,1595933.905,47815.779918328575
39,2012-07-06,1659221.99,False,81.05,3.227,11507.92,254.4,90.79,5163.63,108519.28,220.567112,6.623,A,184109,27,7,3,2012,,1492388.98,1532316.79,1414564.53,1558911.9575,58063.277871847546
39,2012-07-13,1471261.76,False,78.16,3.256,4989.73,125.2,15.75,3398.73,105223.11,220.6063444,6.623,A,184109,28,7,3,2012,,1659221.99,1492388.98,1380257.12,1567856.895,72323.18748685386
39,2012-07-20,1582168.27,False,80.32,3.311,6182.24,246.4,31.54,5087.21,63005.58,220.6148749,6.623,A,184109,29,7,3,2012,,1471261.76,1659221.99,1416005.59,1538797.38,84180.13284963637
39,2012-07-27,1487797.54,False,82.89,3.407,1476.42,77.44,7.24,1008.3,35419.19,220.6234054,6.623,A,184109,30,7,3,2012,,1582168.27,1471261.76,1426418.53,1551260.25,86557.5489445101
39,2012-08-03,1608277.74,False,84.05,3.417,25778.96,173.2,51.52,24900.66,4573.34,220.6319358,6.623,A,184109,31,8,3,2012,,1487797.54,1582168.27,1518790.89,1550112.39,87622.38419615652
39,2012-08-10,1641867.92,False,83.47,3.494,13884.35,122.0,112.9,4259.15,10223.2,220.6404663,6.623,A,184109,32,8,3,2012,,1608277.74,1487797.54,1514055.97,1537376.3275,67976.76223804566
39,2012-08-17,1720221.91,False,84.72,3.571,2549.92,133.06,2.33,4623.71,4609.77,220.7199609,6.623,A,184109,33,8,3,2012,,1641867.92,1608277.74,1629066.9,1580027.8675000002,66164.59784278202
39,2012-08-24,1724669.75,False,80.49,3.62,6741.36,81.74,0.02,4657.6,13783.29,220.8526787,6.623,A,184109,34,8,3,2012,,1720221.91,1641867.92,1573898.63,1614541.2775,96640.82707532536
39,2012-08-31,1710923.94,False,83.72,3.638,24675.17,73.5,63.4,12048.3,15590.53,220.9853964,6.623,A,184109,35,8,3,2012,,1724669.75,1720221.91,1465089.85,1673759.33,57895.14333561029
39,2012-09-07,1609811.75,True,83.71,3.73,22865.19,31.76,197.48,1883.05,10351.49,221.1181142,6.623,A,184109,36,9,3,2012,Labor Day,1710923.94,1724669.75,1429345.86,1699420.88,38793.69312773562
39,2012-09-14,1447614.08,False,76.71,3.717,9997.12,4.0,67.58,1208.44,18054.35,221.2601207,6.623,A,184109,37,9,3,2012,,1609811.75,1710923.94,1372500.63,1691406.8375,54697.36540058324
39,2012-09-21,1555672.51,False,73.58,3.721,11644.3,112.91,6.7,3300.92,13244.99,221.4578604,6.623,A,184109,38,9,3,2012,,1447614.08,1609811.75,1338657.95,1623254.88,127803.55799330016
39,2012-09-28,1495607.07,False,78.04,3.666,4472.55,50.82,4.25,2331.3,10273.98,221.6556,6.623,A,184109,39,9,3,2012,,1555672.51,1447614.08,1311775.83,1581005.5699999998,109762.82370492566
39,2012-10-05,1574408.67,False,72.05,3.617,6657.7,,47.01,5234.34,6313.88,221.8533396,6.228,A,184109,40,10,4,2012,,1495607.07,1555672.51,1443884.39,1527176.3525,70633.83210893386
39,2012-10-12,1494417.07,False,69.88,3.601,2360.14,,22.59,579.21,15387.94,222.0510793,6.228,A,184109,41,10,4,2012,,1574408.67,1495607.07,1384721.84,1518325.5825,57897.47574591165
39,2012-10-19,1577486.33,False,71.45,3.594,2139.7,,1.6,99.01,11831.06,222.0951719,6.228,A,184109,42,10,4,2012,,1494417.07,1574408.67,1465283.29,1530026.33,41151.0368810861
39,2012-10-26,1569502.0,False,72.9,3.506,6057.96,99.85,159.0,602.37,3392.16,222.1136566,6.228,A,184109,43,10,4,2012,,1577486.33,1494417.07,1472663.1,1535479.785,46747.5057260637
40,2011-02-04,904261.65,False,13.29,3.24,,,,,,133.1834194,5.114,A,155083,5,2,1,2011,,775910.43,764014.75,1001943.8,801380.2475,62126.68012516692
40,2011-02-11,931939.52,True,16.87,3.255,,,,,,133.260871,5.114,A,155083,6,2,1,2011,Super Bowl,904261.65,775910.43,955338.29,803875.6125,67103.02881404394
40,2011-02-18,968694.45,False,21.82,3.263,,,,,,133.3701429,5.114,A,155083,7,2,1,2011,,931939.52,904261.65,916289.2,844031.5875,86407.27478598278
40,2011-02-25,888869.27,False,16.5,3.281,,,,,,133.4921429,5.114,A,155083,8,2,1,2011,,968694.45,931939.52,863917.41,895201.5125,83792.0869632901
40,2011-03-04,977070.62,False,18.49,3.437,,,,,,133.6141429,5.114,A,155083,9,3,1,2011,,888869.27,968694.45,990152.28,923441.2225,35038.795453569175
40,2011-03-11,860255.58,False,30.53,3.6,,,,,,133.7361429,5.114,A,155083,10,3,1,2011,,977070.62,888869.27,899352.4,941643.465,40274.56313574826
40,2011-03-18,871024.26,False,35.76,3.634,,,,,,133.8492258,5.114,A,155083,11,3,1,2011,,860255.58,977070.62,894865.3,923722.48,58055.42113663319
40,2011-03-25,834621.39,False,28.89,3.624,,,,,,133.9587419,5.114,A,155083,12,3,1,2011,,871024.26,860255.58,873354.58,899304.9325,53169.70807983338
40,2011-04-01,841889.08,False,28.6,3.638,,,,,,134.0682581,4.781,A,155083,13,4,2,2011,,834621.39,871024.26,1041202.13,885742.9625,62770.489534748616
40,2011-04-08,947753.32,False,34.77,3.72,,,,,,134.1777742,4.781,A,155083,14,4,2,2011,,841889.08,834621.39,919839.19,851947.5775,16676.45911646842
40,2011-04-15,874446.32,False,43.69,3.823,,,,,,134.2784667,4.781,A,155083,15,4,2,2011,,947753.32,841889.08,882636.96,873822.0125,51736.72657519358
40,2011-04-22,965056.4,False,39.32,3.919,,,,,,134.3571,4.781,A,155083,16,4,2,2011,,874446.32,947753.32,844958.49,874677.5275,51703.32467482602
40,2011-04-29,847246.5,False,52.68,3.988,,,,,,134.4357333,4.781,A,155083,17,4,2,2011,,965056.4,874446.32,816838.31,907286.28,58680.56132377118
40,2011-05-06,1016752.55,False,50.81,4.078,,,,,,134.5143667,4.781,A,155083,18,5,2,2011,,847246.5,965056.4,1009797.06,908625.635,56718.69403516181
40,2011-05-13,903864.02,False,54.09,4.095,,,,,,134.593,4.781,A,155083,19,5,2,2011,,1016752.55,847246.5,907262.47,925875.4425,78785.0690972442
40,2011-05-20,907110.83,False,56.38,4.101,,,,,,134.6803871,4.781,A,155083,20,5,2,2011,,903864.02,1016752.55,885613.91,933229.8675,73585.45859294845
40,2011-05-27,972373.81,False,63.11,4.034,,,,,,134.7677742,4.781,A,155083,21,5,2,2011,,907110.83,903864.02,1008483.07,918743.475,70885.61872787333
40,2011-06-03,1075687.74,False,66.16,3.973,,,,,,134.8551613,4.781,A,155083,22,6,2,2011,,972373.81,907110.83,1052429.03,950025.3025,54542.02446555229
40,2011-06-10,984336.04,False,64.19,3.924,,,,,,134.9425484,4.781,A,155083,23,6,2,2011,,1075687.74,972373.81,1007574.67,964759.1,80404.5620240414
40,2011-06-17,971422.67,False,59.16,3.873,,,,,,135.0837333,4.781,A,155083,24,6,2,2011,,984336.04,1075687.74,973105.3,984877.105,69404.10673168837
40,2011-06-24,977103.64,False,62.59,3.851,,,,,,135.2652667,4.781,A,155083,25,6,2,2011,,971422.67,984336.04,940405.03,1000955.065,50167.10474809128
40,2011-07-01,1048866.3,False,65.25,3.815,,,,,,135.4468,4.584,A,155083,26,7,3,2011,,977103.64,971422.67,1087578.78,1002137.5225,49317.42325864245
40,2011-07-08,1107366.06,False,67.86,3.784,,,,,,135.6283333,4.584,A,155083,27,7,3,2011,,1048866.3,977103.64,1058250.91,995432.1625,36012.59711103465
40,2011-07-15,953252.14,False,68.9,3.827,,,,,,135.7837419,4.584,A,155083,28,7,3,2011,,1107366.06,1048866.3,959229.09,1026189.6675,64582.50142711607
40,2011-07-22,980642.1,False,73.34,3.882,,,,,,135.8738387,4.584,A,155083,29,7,3,2011,,953252.14,1107366.06,922341.82,1021647.035,70120.40914093982
40,2011-07-29,929096.9,False,67.45,3.898,,,,,,135.9639355,4.584,A,155083,30,7,3,2011,,980642.1,953252.14,953393.02,1022531.65,69389.66257234981
40,2011-08-05,1063818.2,False,68.1,3.903,,,,,,136.0540323,4.584,A,155083,31,8,3,2011,,929096.9,980642.1,1057295.87,992589.3,79362.32783582699
40,2011-08-12,955506.95,False,68.3,3.88,,,,,,136.144129,4.584,A,155083,32,8,3,2011,,1063818.2,929096.9,924011.76,981702.335,58654.027341213216
40,2011-08-19,943237.12,False,64.05,3.82,,,,,,136.183129,4.584,A,155083,33,8,3,2011,,955506.95,1063818.2,932397.0,982266.0375,58299.22334461966
40,2011-08-26,969611.3,False,65.01,3.796,,,,,,136.2136129,4.584,A,155083,34,8,3,2011,,943237.12,955506.95,922328.02,972914.7925,61555.488311428926
40,2011-09-02,957298.26,False,63.79,3.784,,,,,,136.2440968,4.584,A,155083,35,9,3,2011,,969611.3,943237.12,976453.34,983043.3925,54917.470297078005
40,2011-09-09,1021391.99,True,64.83,3.809,,,,,,136.2745806,4.584,A,155083,36,9,3,2011,Labor Day,957298.26,969611.3,967310.82,956413.4075,10792.027116828547
40,2011-09-16,890661.79,False,58.28,3.809,,,,,,136.3145,4.584,A,155083,37,9,3,2011,,1021391.99,957298.26,855046.95,972884.6675,34086.108814934174
40,2011-09-23,876583.98,False,54.09,3.758,,,,,,136.367,4.584,A,155083,38,9,3,2011,,890661.79,1021391.99,844373.3099999999,959740.835,53777.850530039126
40,2011-09-30,912857.1,False,63.45,3.684,,,,,,136.4195,4.584,A,155083,39,9,3,2011,,876583.98,890661.79,891152.33,936484.005,66659.05167460507
40,2011-10-07,1070389.98,False,50.21,3.633,,,,,,136.472,4.42,A,155083,40,10,4,2011,,912857.1,876583.98,972405.38,925373.715,65730.588423784
40,2011-10-14,936751.68,False,53.9,3.583,,,,,,136.5150968,4.42,A,155083,41,10,4,2011,,1070389.98,912857.1,917883.17,937623.2125,89761.79214672421
40,2011-10-21,942319.65,False,51.61,3.618,,,,,,136.5017742,4.42,A,155083,42,10,4,2011,,936751.68,1070389.98,882180.91,949145.685,84529.78343715532
40,2011-10-28,941675.95,False,42.09,3.604,,,,,,136.4884516,4.42,A,155083,43,10,4,2011,,942319.65,936751.68,875038.84,965579.6025,71032.74364104679
40,2011-11-04,1011321.18,False,35.4,3.586,,,,,,136.475129,4.42,A,155083,44,11,4,2011,,941675.95,942319.65,968270.66,972784.315,65117.9514718525
40,2011-11-11,1037687.07,False,40.75,3.57,10215.77,4613.06,191.71,3200.57,4230.85,136.4618065,4.42,A,155083,45,11,4,2011,,1011321.18,941675.95,935481.32,958017.115,35622.96147265925
40,2011-11-18,905399.99,False,41.85,3.571,1100.08,973.56,31.81,523.23,4424.36,136.4666667,4.42,A,155083,46,11,4,2011,,1037687.07,1011321.18,852452.93,983250.9625,48836.73793910119
40,2011-11-25,1230011.95,True,32.76,3.536,247.58,387.88,40362.07,47.0,1788.31,136.4788,4.42,A,155083,47,11,4,2011,Thanksgiving,905399.99,1037687.07,1166142.85,974021.0475,61100.23777965621
40,2011-12-02,1059676.62,False,38.51,3.501,3966.04,23.47,2363.99,1455.15,15828.62,136.4909333,4.42,A,155083,48,12,4,2011,,1230011.95,905399.99,1000582.06,1046105.0475,135278.0368681125
40,2011-12-09,1158708.98,False,34.48,3.47,7081.76,48.0,94.05,1757.4,6850.25,136.5030667,4.42,A,155083,49,12,4,2011,,1059676.62,1230011.95,1111215.72,1058193.9075,133279.34295323485
40,2011-12-16,1198670.19,False,29.53,3.445,3067.81,,383.98,409.64,2938.11,136.5335161,4.42,A,155083,50,12,4,2011,,1158708.98,1059676.62,1179036.3,1088449.385,140607.40084191234
40,2011-12-23,1601585.7,False,24.46,3.413,709.32,0.03,1065.7,67.72,1336.25,136.5883871,4.42,A,155083,51,12,4,2011,,1198670.19,1158708.98,1648829.18,1161766.935,74051.81926085315
40,2011-12-30,908853.15,True,18.75,3.402,3392.38,25557.03,205.29,421.72,2439.13,136.6432581,4.42,A,155083,52,12,4,2011,Christmas,1601585.7,1198670.19,811318.3,1254660.3725,238549.37773902985
40,2012-01-06,954576.86,False,23.29,3.439,3737.24,20629.4,169.85,954.18,4508.45,136.698129,4.261,A,155083,1,1,1,2012,,908853.15,1601585.7,894280.19,1216954.505,286702.2023386568
40,2012-01-13,780607.52,False,25.9,3.523,1128.25,8721.23,129.34,393.68,3221.84,136.753,4.261,A,155083,2,1,1,2012,,954576.86,908853.15,771315.62,1165921.475,317083.8297605253
40,2012-01-20,811365.42,False,14.02,3.542,1658.12,4319.36,101.86,79.54,1831.29,136.8564194,4.261,A,155083,3,1,1,2012,,780607.52,954576.86,764014.75,1061405.8075,367571.6401186371
40,2012-01-27,770157.29,False,22.91,3.568,388.59,1327.78,126.72,38.29,1619.57,136.9598387,4.261,A,155083,4,1,1,2012,,811365.42,780607.52,775910.43,863850.7374999999,81528.29416330461
40,2012-02-03,979552.34,False,27.86,3.633,37980.28,2731.05,108.41,23597.14,5940.88,137.0632581,4.261,A,155083,5,2,1,2012,,770157.29,811365.42,904261.65,829176.7725,85410.18250354272
40,2012-02-10,999785.48,True,23.92,3.655,10333.24,3700.62,66.01,11804.09,7697.87,137.1666774,4.261,A,155083,6,2,1,2012,Super Bowl,979552.34,770157.29,931939.52,835420.6425000001,97666.75232902472
40,2012-02-17,975500.87,False,25.56,3.703,7763.37,7366.75,33.48,3995.44,2642.17,137.2583103,4.261,A,155083,7,2,1,2012,,999785.48,979552.34,968694.45,890215.1325000001,116358.58427329686
40,2012-02-24,919301.81,False,29.88,3.751,15946.5,4605.02,2.0,4775.14,9418.31,137.3411034,4.261,A,155083,8,2,1,2012,,975500.87,999785.48,888869.27,931248.995,107918.53219777736
40,2012-03-02,927732.02,False,23.79,3.827,15284.47,1338.94,,14210.79,2121.92,137.4238966,4.261,A,155083,9,3,1,2012,,919301.81,975500.87,977070.62,968535.125,34498.331473070306
40,2012-03-09,954233.87,False,30.58,3.876,12923.38,404.23,0.4,7062.19,3420.25,137.5066897,4.261,A,155083,10,3,1,2012,,927732.02,919301.81,860255.58,955580.045,38481.95500636971
40,2012-03-16,891154.18,False,37.13,3.867,4935.36,176.82,3.85,1392.83,2458.54,137.5843871,4.261,A,155083,11,3,1,2012,,954233.87,927732.02,871024.26,944192.1425,25635.50268364977
40,2012-03-23,844490.86,False,52.27,3.889,5767.41,126.67,2.77,179.94,3260.71,137.6552903,4.261,A,155083,12,3,1,2012,,891154.18,954233.87,834621.39,923105.47,25985.47679970177
40,2012-03-30,871945.64,False,36.25,3.921,7182.51,120.76,9.34,2017.53,2449.78,137.7261935,4.261,A,155083,13,3,1,2012,,844490.86,891154.18,841889.08,904402.7325,47582.75082984212
40,2012-04-06,1132064.23,False,36.54,3.957,9295.46,,43.35,1876.1,6042.42,137.7970968,4.125,A,155083,14,4,2,2012,,871945.64,844490.86,947753.32,890456.1375000001,46631.64762091806
40,2012-04-13,857811.17,False,40.65,4.025,3668.82,4728.85,34.1,1320.78,1820.75,137.868,4.125,A,155083,15,4,2,2012,,1132064.23,871945.64,874446.32,934913.7275,132821.30055546903
40,2012-04-20,896979.93,False,55.3,4.046,3255.99,1157.63,25.59,340.56,3376.98,137.9230667,4.125,A,155083,16,4,2,2012,,857811.17,1132064.23,965056.4,926577.975,137448.73097560144
40,2012-04-27,875372.91,False,47.51,4.023,2283.4,0.33,24.94,235.22,3113.29,137.9781333,4.125,A,155083,17,4,2,2012,,896979.93,857811.17,847246.5,939700.2425,129261.27951020015
40,2012-05-04,993311.59,False,44.47,3.991,11685.51,,78.21,3129.14,3364.41,138.0332,4.125,A,155083,18,5,2,2012,,875372.91,896979.93,1016752.55,940557.06,128672.47587519974
40,2012-05-11,967729.35,False,52.06,3.947,7071.55,,408.25,1175.76,4204.96,138.0882667,4.125,A,155083,19,5,2,2012,,993311.59,875372.91,903864.02,905868.9,60456.01332354907
40,2012-05-18,896295.41,False,57.59,3.899,4534.3,,103.83,735.81,2388.29,138.1065806,4.125,A,155083,20,5,2,2012,,967729.35,993311.59,907110.83,933348.445,56158.87264049123
40,2012-05-25,991054.49,False,65.25,3.85,8089.78,,303.31,1092.35,2448.8,138.1101935,4.125,A,155083,21,5,2,2012,,896295.41,967729.35,972373.81,933177.315,56307.48412733765
40,2012-06-01,1037464.27,False,64.75,3.798,4641.39,30.6,50.93,420.22,1627.19,138.1138065,4.125,A,155083,22,6,2,2012,,991054.49,896295.41,1075687.74,962097.71,45366.872888351216
40,2012-06-08,1079386.88,False,55.78,3.746,7338.72,324.8,44.64,2067.65,7482.97,138.1174194,4.125,A,155083,23,6,2,2012,,1037464.27,991054.49,984336.04,973135.88,58858.32351442734
40,2012-06-15,977950.28,False,63.39,3.683,5288.06,244.82,42.74,1165.96,3695.1,138.1295333,4.125,A,155083,24,6,2,2012,,1079386.88,1037464.27,971422.67,1001050.2625,78604.70760652237
40,2012-06-22,1033552.18,False,69.32,3.629,5015.3,438.0,4.72,2018.54,7972.99,138.1629,4.125,A,155083,25,6,2,2012,,977950.28,1079386.88,977103.64,1021463.98,46293.450919990886
40,2012-06-29,988764.84,False,64.42,3.577,2925.88,253.2,,400.0,2124.37,138.1962667,4.125,A,155083,26,6,2,2012,,1033552.18,977950.28,1048866.3,1032088.4025,41629.816548521296
40,2012-07-06,1182901.56,False,69.08,3.538,6364.53,277.2,62.07,2574.7,5230.46,138.2296333,4.156,A,155083,27,7,3,2012,,988764.84,1033552.18,1107366.06,1019913.545,46383.35683311175
40,2012-07-13,979848.71,False,67.48,3.561,6891.02,80.4,23.66,1464.52,2677.19,138.263,4.156,A,155083,28,7,3,2012,,1182901.56,988764.84,953252.14,1045792.215,94522.3793378506
40,2012-07-20,968502.38,False,70.45,3.61,2418.7,89.01,9.52,1450.08,2263.49,138.2331935,4.156,A,155083,29,7,3,2012,,979848.71,1182901.56,980642.1,1046266.8225,94071.88259533266
40,2012-07-27,954396.85,False,67.88,3.701,3351.06,156.53,4.24,1624.68,1605.34,138.2033871,4.156,A,155083,30,7,3,2012,,968502.38,979848.71,929096.9,1030004.3725,102268.16798416682
40,2012-08-03,1068346.76,False,70.15,3.698,17749.81,377.88,6.36,8303.08,2209.27,138.1735806,4.156,A,155083,31,8,3,2012,,954396.85,968502.38,1063818.2,1021412.375,108161.67417670456
40,2012-08-10,1007906.43,False,70.09,3.772,10965.65,130.69,0.32,4849.39,2266.63,138.1437742,4.156,A,155083,32,8,3,2012,,1068346.76,954396.85,955506.95,992773.675,51446.484670082216
40,2012-08-17,969387.48,False,69.41,3.84,3810.18,27.3,1.02,181.12,6417.42,138.1857097,4.156,A,155083,33,8,3,2012,,1007906.43,1068346.76,943237.12,999788.105,51007.70855294377
40,2012-08-24,945318.47,False,63.91,3.874,6243.66,18.3,48.06,2649.7,6021.47,138.2814516,4.156,A,155083,34,8,3,2012,,969387.48,1007906.43,969611.3,1000009.38,50828.3534934937
40,2012-08-31,987264.67,False,66.11,3.884,10904.29,38.81,23.95,2684.17,2912.76,138.3771935,4.156,A,155083,35,8,3,2012,,945318.47,969387.48,957298.26,997739.785,53667.34902573376
40,2012-09-07,1088248.4,True,65.06,3.921,5494.1,,39.66,925.8,3268.99,138.4729355,4.156,A,155083,36,9,3,2012,Labor Day,987264.67,945318.47,1021391.99,977469.2625,26591.727035994543
40,2012-09-14,901709.82,False,59.38,3.988,5593.11,,62.88,290.65,7375.04,138.5673,4.156,A,155083,37,9,3,2012,,1088248.4,987264.67,890661.79,997554.755,62857.637945389375
40,2012-09-21,899768.4,False,54.12,4.056,3688.63,7.64,,693.23,4870.36,138.6534,4.156,A,155083,38,9,3,2012,,901709.82,1088248.4,876583.98,980635.34,79793.56221458974
40,2012-09-28,919595.44,False,50.98,4.018,3579.04,,,709.97,4706.12,138.7395,4.156,A,155083,39,9,3,2012,,899768.4,901709.82,912857.1,969247.8225,89208.58735158549
40,2012-10-05,1069112.0,False,57.21,4.027,4298.34,,12.03,1754.05,2273.79,138.8256,4.145,A,155083,40,10,4,2012,,919595.44,899768.4,1070389.98,952330.515,91050.32911104048
40,2012-10-12,982523.26,False,47.35,4.029,1686.43,,13.85,589.97,6365.02,138.9117,4.145,A,155083,41,10,4,2012,,1069112.0,919595.44,936751.68,947546.415,81533.59352311662
40,2012-10-19,918170.5,False,46.33,4.0,412.06,,6.1,38.76,2850.1,138.8336129,4.145,A,155083,42,10,4,2012,,982523.26,1069112.0,942319.65,967749.775,76229.6176958795
40,2012-10-26,921264.52,False,49.65,3.917,3605.71,55.98,0.28,486.81,1389.06,138.7281613,4.145,A,155083,43,10,4,2012,,918170.5,982523.26,941675.95,972350.3,71145.02016705573
41,2011-02-04,1179420.5,False,14.56,3.011,,,,,,191.7625895,7.241,A,196321,5,2,1,2011,,1026439.93,1088025.8,1086533.18,1080167.855,55074.76496178922
41,2011-02-11,1150003.36,True,16.81,3.037,,,,,,191.8572881,7.241,A,196321,6,2,1,2011,Super Bowl,1179420.5,1026439.93,1075656.34,1086623.8475,66813.88846986115
41,2011-02-18,1203399.64,False,39.39,3.051,,,,,,191.9178331,7.241,A,196321,7,2,1,2011,,1150003.36,1179420.5,1052034.74,1110972.3975,68021.67097818671
41,2011-02-25,1099714.93,False,26.1,3.101,,,,,,191.9647167,7.241,A,196321,8,2,1,2011,,1203399.64,1150003.36,991941.73,1139815.8575,78675.09400107585
41,2011-03-04,1229257.7,False,34.99,3.232,,,,,,192.0116004,7.241,A,196321,9,3,1,2011,,1099714.93,1203399.64,1063557.49,1158134.6075,44650.45088185679
41,2011-03-11,1159089.6,False,31.6,3.372,,,,,,192.058484,7.241,A,196321,10,3,1,2011,,1229257.7,1099714.93,1023997.71,1170593.9075,57635.22283332554
41,2011-03-18,1115504.26,False,40.19,3.406,,,,,,192.1237981,7.241,A,196321,11,3,1,2011,,1159089.6,1229257.7,1006597.69,1172865.4674999998,56725.05395476106
41,2011-03-25,1140578.16,False,41.11,3.414,,,,,,192.1964844,7.241,A,196321,12,3,1,2011,,1115504.26,1159089.6,1015196.46,1150891.6225,57964.84054371212
41,2011-04-01,1179125.48,False,38.16,3.461,,,,,,192.2691707,6.934,A,196321,13,4,2,2011,,1140578.16,1115504.26,1168826.39,1161107.4300000002,48818.13522235705
41,2011-04-08,1206252.12,False,42.87,3.532,,,,,,192.3418571,6.934,A,196321,14,4,2,2011,,1179125.48,1140578.16,1082158.21,1148574.375,27089.431727536325
41,2011-04-15,1192982.07,False,39.94,3.611,,,,,,192.4225954,6.934,A,196321,15,4,2,2011,,1206252.12,1179125.48,1043388.79,1160365.005,40255.8005023679
41,2011-04-22,1304481.75,False,42.86,3.636,,,,,,192.5234638,6.934,A,196321,16,4,2,2011,,1192982.07,1206252.12,1067340.74,1179734.4575,28356.49337112197
41,2011-04-29,1178841.05,False,39.81,3.663,,,,,,192.6243322,6.934,A,196321,17,4,2,2011,,1304481.75,1192982.07,1063960.11,1220710.355,56935.187706049626
41,2011-05-06,1244956.91,False,41.2,3.735,,,,,,192.7252006,6.934,A,196321,18,5,2,2011,,1178841.05,1304481.75,1175738.22,1220639.2475,57004.57129236942
41,2011-05-13,1270025.74,False,50.29,3.767,,,,,,192.826069,6.934,A,196321,19,5,2,2011,,1244956.91,1178841.05,1116439.02,1230315.445,57033.34558018691
41,2011-05-20,1244542.33,False,41.11,3.828,,,,,,192.831317,6.934,A,196321,20,5,2,2011,,1270025.74,1244956.91,1163234.33,1249576.3624999998,53096.146729419735
41,2011-05-27,1278304.33,False,50.56,3.795,,,,,,192.8365651,6.934,A,196321,21,5,2,2011,,1244542.33,1270025.74,1246654.24,1234591.5074999998,39030.58109456416
41,2011-06-03,1297584.95,False,54.81,3.763,,,,,,192.8418131,6.934,A,196321,22,6,2,2011,,1278304.33,1244542.33,1305068.1,1259457.3275,17316.85213990126
41,2011-06-10,1311690.11,False,61.1,3.735,,,,,,192.8470612,6.934,A,196321,23,6,2,2011,,1297584.95,1278304.33,1217199.39,1272614.3375,21989.73961778072
41,2011-06-17,1289151.84,False,62.3,3.697,,,,,,192.9034759,6.934,A,196321,24,6,2,2011,,1311690.11,1297584.95,1202963.06,1283030.4300000002,29079.66742676574
41,2011-06-24,1244381.98,False,59.54,3.661,,,,,,192.9982655,6.934,A,196321,25,6,2,2011,,1289151.84,1311690.11,1174209.52,1294182.8075,14089.202675831442
41,2011-07-01,1333347.78,False,67.01,3.597,,,,,,193.0930552,6.901,A,196321,26,7,3,2011,,1244381.98,1289151.84,1273279.79,1285702.22,29073.65250937757
41,2011-07-08,1338862.58,False,68.49,3.54,,,,,,193.1878448,6.901,A,196321,27,7,3,2011,,1333347.78,1244381.98,1176079.59,1294642.9275,38056.91756552096
41,2011-07-15,1245772.7,False,68.18,3.532,,,,,,193.3125484,6.901,A,196321,28,7,3,2011,,1338862.58,1333347.78,1179788.38,1301436.045,44064.99887788409
41,2011-07-22,1292830.93,False,74.11,3.545,,,,,,193.5120367,6.901,A,196321,29,7,3,2011,,1245772.7,1338862.58,1192213.87,1290591.26,52606.21387772206
41,2011-07-29,1248330.1,False,71.3,3.547,,,,,,193.711525,6.901,A,196321,30,7,3,2011,,1292830.93,1245772.7,1211136.63,1302703.4975,43147.55531974266
41,2011-08-05,1402233.69,False,72.19,3.554,,,,,,193.9110133,6.901,A,196321,31,8,3,2011,,1248330.1,1292830.93,1338132.72,1281449.0775,43952.729978991454
41,2011-08-12,1356689.88,False,67.65,3.542,,,,,,194.1105017,6.901,A,196321,32,8,3,2011,,1402233.69,1248330.1,1285976.53,1297291.855,73221.50269244217
41,2011-08-19,1412959.97,False,70.55,3.499,,,,,,194.2500634,6.901,A,196321,33,8,3,2011,,1356689.88,1402233.69,1353838.39,1325021.15,68025.5153277463
41,2011-08-26,1328740.71,False,71.61,3.485,,,,,,194.3796374,6.901,A,196321,34,8,3,2011,,1412959.97,1356689.88,1173131.63,1355053.41,75214.56295897721
41,2011-09-02,1283849.38,False,70.37,3.511,,,,,,194.5092113,6.901,A,196321,35,9,3,2011,,1328740.71,1412959.97,1223355.5,1375156.0625,39402.69947233178
41,2011-09-09,1280958.97,True,58.31,3.566,,,,,,194.6387853,6.901,A,196321,36,9,3,2011,Labor Day,1283849.38,1328740.71,1172672.27,1345559.985,54029.98957894842
41,2011-09-16,1197019.39,False,54.82,3.596,,,,,,194.7419707,6.901,A,196321,37,9,3,2011,,1280958.97,1283849.38,1111170.91,1326627.2574999998,61572.02615816714
41,2011-09-23,1173059.79,False,55.06,3.581,,,,,,194.8099713,6.901,A,196321,38,9,3,2011,,1197019.39,1280958.97,1110941.78,1272642.1125,54956.41231397841
41,2011-09-30,1160619.61,False,61.77,3.538,,,,,,194.8779718,6.901,A,196321,39,9,3,2011,,1173059.79,1197019.39,1109216.35,1233721.8825,57070.3392411139
41,2011-10-07,1277882.77,False,58.74,3.498,,,,,,194.9459724,6.759,A,196321,40,10,4,2011,,1160619.61,1173059.79,1162042.24,1202914.44,54178.26454946694
41,2011-10-14,1247130.22,False,47.43,3.491,,,,,,195.0261012,6.759,A,196321,41,10,4,2011,,1277882.77,1160619.61,1133913.33,1202145.39,52702.9067422095
41,2011-10-21,1214944.29,False,45.62,3.548,,,,,,195.1789994,6.759,A,196321,42,10,4,2011,,1247130.22,1277882.77,1156003.7,1214673.0975,56869.3660082495
41,2011-10-28,1274463.02,False,37.02,3.55,,,,,,195.3318977,6.759,A,196321,43,10,4,2011,,1214944.29,1247130.22,1144854.56,1225144.2225,50107.22742200205
41,2011-11-04,1315684.86,False,35.04,3.527,,,,,,195.4847959,6.759,A,196321,44,11,4,2011,,1274463.02,1214944.29,1163878.49,1253605.075,29217.805006676168
41,2011-11-11,1302499.23,False,32.87,3.505,17118.58,14927.3,309.49,8187.22,4925.08,195.6376941,6.759,A,196321,45,11,4,2011,,1315684.86,1274463.02,1175326.23,1263055.5975,42693.80953278673
41,2011-11-18,1230118.02,False,36.64,3.479,2513.13,581.97,69.52,194.54,6131.09,195.7184713,6.759,A,196321,46,11,4,2011,,1302499.23,1315684.86,1172155.28,1276897.85,44736.39382146672
41,2011-11-25,1906713.35,True,36.37,3.424,256.95,1053.98,79621.2,40.76,2616.56,195.7704,6.759,A,196321,47,11,4,2011,Thanksgiving,1230118.02,1302499.23,1866681.57,1280691.2825000002,37844.344245321336
41,2011-12-02,1292436.23,False,34.53,3.378,4594.56,305.47,1781.24,3168.1,21739.26,195.8223287,6.759,A,196321,48,12,4,2011,,1906713.35,1230118.02,1220115.75,1438753.865,314232.5577079304
41,2011-12-09,1548661.45,False,17.05,3.331,2782.39,120.0,141.21,1946.76,9503.64,195.8742575,6.759,A,196321,49,12,4,2011,,1292436.23,1906713.35,1434908.13,1432941.7075,317466.033139551
41,2011-12-16,1682368.32,False,25.01,3.266,7400.39,89.0,283.08,1269.68,4809.26,195.9841685,6.759,A,196321,50,12,4,2011,,1548661.45,1292436.23,1627904.68,1494482.2625,307452.38429236674
41,2011-12-23,2263722.68,False,25.59,3.173,1284.19,30.33,1059.9,35.76,3430.56,196.1713893,6.759,A,196321,51,12,4,2011,,1682368.32,1548661.45,2225016.73,1607544.8375,256814.4857343236
41,2011-12-30,1264014.16,True,34.12,3.119,5251.98,56106.2,134.7,1059.49,2366.54,196.3586101,6.759,A,196321,52,12,4,2011,Christmas,2263722.68,1682368.32,1001790.16,1696797.17,411122.3203778834
41,2012-01-06,1208191.61,False,37.21,3.095,6453.63,22866.83,126.87,2582.41,4266.94,196.5458309,6.589,A,196321,1,1,1,2012,,1264014.16,2263722.68,1153596.53,1689691.6525,420577.4194960584
41,2012-01-13,1134767.28,False,27.49,3.077,1934.8,14627.46,112.2,542.89,4044.44,196.7330517,6.589,A,196321,2,1,1,2012,,1208191.61,1264014.16,1052609.16,1604574.1925,487725.6545411552
41,2012-01-20,1116295.24,False,31.56,3.055,2827.98,3671.37,119.55,530.03,1924.99,196.7796652,6.589,A,196321,3,1,1,2012,,1134767.28,1208191.61,1088025.8,1467673.9325,533331.924883501
41,2012-01-27,1079398.81,False,33.15,3.038,2464.6,2126.51,112.01,129.54,817.31,196.8262786,6.589,A,196321,4,1,1,2012,,1116295.24,1134767.28,1026439.93,1180817.0725,68202.56820744631
41,2012-02-03,1208825.6,False,31.65,3.031,42353.77,4696.86,231.92,46238.28,6379.49,196.8728921,6.589,A,196321,5,2,1,2012,,1079398.81,1116295.24,1179420.5,1134663.235,54154.01698367611
41,2012-02-10,1238844.56,True,22.0,3.103,8123.92,7618.89,127.05,13453.73,8066.43,196.9195056,6.589,A,196321,6,2,1,2012,Super Bowl,1208825.6,1079398.81,1150003.36,1134821.7325,54441.11997631757
41,2012-02-17,1330451.46,False,22.52,3.113,15838.59,10710.9,14.96,10097.26,7390.48,196.9432711,6.589,A,196321,7,2,1,2012,,1238844.56,1208825.6,1203399.64,1160841.0525,75286.63505961237
41,2012-02-24,1224915.66,False,27.89,3.129,9156.06,9181.74,3.2,3808.5,6148.47,196.9499007,6.589,A,196321,8,2,1,2012,,1330451.46,1238844.56,1099714.93,1214380.1075,103797.67424442686
41,2012-03-02,1239813.26,False,27.39,3.191,11028.34,3211.73,21.0,15693.13,1736.73,196.9565303,6.589,A,196321,9,3,1,2012,,1224915.66,1330451.46,1229257.7,1250759.32,54525.62186370906
41,2012-03-09,1243814.77,False,35.3,3.286,15255.04,285.89,7.74,3203.61,3889.43,196.9631599,6.589,A,196321,10,3,1,2012,,1239813.26,1224915.66,1159089.6,1258506.235,48443.956992552645
41,2012-03-16,1201511.62,False,47.76,3.486,6504.93,48.97,4.59,3026.39,2020.55,197.0457208,6.589,A,196321,11,3,1,2012,,1243814.77,1239813.26,1115504.26,1259748.7875,47831.4152012686
41,2012-03-23,1215354.38,False,44.04,3.664,4605.49,49.08,2.6,1134.03,3631.27,197.2295234,6.589,A,196321,12,3,1,2012,,1201511.62,1243814.77,1140578.16,1227513.8275,19147.341290136334
41,2012-03-30,1239423.19,False,51.56,3.75,5694.25,9.66,7.09,1677.31,2419.34,197.4133259,6.589,A,196321,13,3,1,2012,,1215354.38,1201511.62,1179125.48,1225123.5074999998,20150.34495801071
41,2012-04-06,1460234.31,False,48.48,3.854,6660.45,,49.15,2126.59,6791.05,197.5971285,6.547,A,196321,14,4,2,2012,,1239423.19,1215354.38,1206252.12,1225025.99,20056.281295551005
41,2012-04-13,1323004.73,False,46.84,3.901,8316.49,3192.24,24.23,2770.63,3631.39,197.780931,6.547,A,196321,15,4,2,2012,,1460234.31,1239423.19,1192982.07,1279130.875,121747.47701437862
41,2012-04-20,1220815.33,False,43.57,3.936,3677.88,1165.88,37.89,297.31,2227.25,197.7227385,6.547,A,196321,16,4,2,2012,,1323004.73,1460234.31,1304481.75,1309504.1525,110570.2897701095
41,2012-04-27,1248950.65,False,57.66,3.927,2984.54,7.76,203.99,39.75,3068.81,197.664546,6.547,A,196321,17,4,2,2012,,1220815.33,1323004.73,1178841.05,1310869.39,109043.47607024616
41,2012-05-04,1359770.73,False,52.86,3.903,10188.76,,308.08,5903.45,2996.97,197.6063534,6.547,A,196321,18,5,2,2012,,1248950.65,1220815.33,1244956.91,1313251.255,107048.45750979905
41,2012-05-11,1353285.1,False,50.22,3.87,8490.06,,250.13,2998.16,4051.18,197.5481609,6.547,A,196321,19,5,2,2012,,1359770.73,1248950.65,1270025.74,1288135.36,64329.69023247921
41,2012-05-18,1331514.44,False,55.24,3.837,6415.86,,179.28,998.25,2976.99,197.5553137,6.547,A,196321,20,5,2,2012,,1353285.1,1359770.73,1244542.33,1295705.4525,71214.03792384543
41,2012-05-25,1424500.47,False,54.89,3.804,8215.27,,277.14,1198.25,2444.61,197.5886046,6.547,A,196321,21,5,2,2012,,1331514.44,1353285.1,1278304.33,1323380.23,51070.20491855257
41,2012-06-01,1374891.36,False,57.29,3.764,9160.25,-2.0,127.56,1850.68,2652.68,197.6218954,6.547,A,196321,22,6,2,2012,,1424500.47,1331514.44,1297584.95,1367267.685,40023.33995908738
41,2012-06-08,1436383.84,False,65.11,3.741,10245.25,527.4,78.07,749.73,5117.87,197.6551863,6.547,A,196321,23,6,2,2012,,1374891.36,1424500.47,1311690.11,1371047.8425,39792.63310285976
41,2012-06-15,1384584.59,False,64.92,3.723,6926.97,599.0,5.66,3396.74,4290.96,197.692292,6.547,A,196321,24,6,2,2012,,1436383.84,1374891.36,1289151.84,1391822.5275,48226.16284610913
41,2012-06-22,1386407.17,False,66.88,3.735,6390.33,753.88,8.58,3431.59,4741.92,197.7389345,6.547,A,196321,25,6,2,2012,,1384584.59,1436383.84,1244381.98,1405090.065,29936.045523019915
41,2012-06-29,1355600.01,False,76.54,3.693,2864.01,346.02,,393.26,3293.29,197.785577,6.547,A,196321,26,6,2,2012,,1386407.17,1384584.59,1333347.78,1395566.74,27676.77926688392
41,2012-07-06,1456300.89,False,74.47,3.646,7791.47,306.7,31.44,4856.67,4087.29,197.8322195,6.432,A,196321,27,7,3,2012,,1355600.01,1386407.17,1338862.58,1390743.9025,33540.23183335858
41,2012-07-13,1332594.07,False,67.24,3.613,6062.57,85.84,1.6,1805.08,2636.17,197.8788621,6.432,A,196321,28,7,3,2012,,1456300.89,1355600.01,1245772.7,1395723.165,42779.99512701364
41,2012-07-20,1347175.93,False,74.06,3.585,4142.86,102.5,23.84,1362.4,5518.54,197.9290378,6.432,A,196321,29,7,3,2012,,1332594.07,1456300.89,1292830.93,1382725.535,53776.83884729154
41,2012-07-27,1344723.97,False,73.31,3.57,4473.9,125.46,2.53,6596.96,3228.27,197.9792136,6.432,A,196321,30,7,3,2012,,1347175.93,1332594.07,1248330.1,1372917.725,56395.30896750507
41,2012-08-03,1439607.35,False,73.16,3.528,40493.45,83.46,44.56,23826.2,3666.08,198.0293893,6.432,A,196321,31,8,3,2012,,1344723.97,1347175.93,1402233.69,1370198.715,57754.37971063167
41,2012-08-10,1504545.94,False,71.73,3.509,11523.22,78.18,6.43,5132.4,2667.3,198.0795651,6.432,A,196321,32,8,3,2012,,1439607.35,1344723.97,1356689.88,1366025.33,49467.196641408045
41,2012-08-17,1560590.05,False,65.77,3.545,1661.07,41.94,1.95,2391.72,3474.47,198.1001057,6.432,A,196321,33,8,3,2012,,1504545.94,1439607.35,1412959.97,1409013.2975,77501.5257508728
41,2012-08-24,1464462.85,False,69.07,3.558,6068.27,-20.0,85.74,3710.05,2287.85,198.0984199,6.432,A,196321,34,8,3,2012,,1560590.05,1504545.94,1328740.71,1462366.8275,92708.70995832833
41,2012-08-31,1360517.52,False,71.56,3.556,17423.04,14.94,58.91,4700.3,6180.92,198.0967341,6.432,A,196321,35,8,3,2012,,1464462.85,1560590.05,1283849.38,1492301.5475,52804.40717103703
41,2012-09-07,1392143.82,True,67.41,3.596,10220.45,22.8,145.19,4361.36,3187.05,198.0950484,6.432,A,196321,36,9,3,2012,Labor Day,1360517.52,1464462.85,1280958.97,1472529.09,84442.22364364185
41,2012-09-14,1306644.25,False,59.39,3.659,10525.1,,11.14,1373.26,6742.72,198.1267184,6.432,A,196321,37,9,3,2012,,1392143.82,1360517.52,1197019.39,1444428.56,88824.96121694469
41,2012-09-21,1276609.36,False,59.81,3.765,11062.12,72.64,6.0,1125.21,7962.34,198.358523,6.432,A,196321,38,9,3,2012,,1306644.25,1392143.82,1173059.79,1380942.11,65925.53423957711
41,2012-09-28,1307928.01,False,56.08,3.789,4578.46,51.73,3.0,1902.88,14423.97,198.5903276,6.432,A,196321,39,9,3,2012,,1276609.36,1306644.25,1160619.61,1333978.7375,52044.54335932078
41,2012-10-05,1400160.95,False,50.14,3.779,6094.23,,33.94,2887.65,3853.33,198.8221322,6.195,A,196321,40,10,4,2012,,1307928.01,1276609.36,1277882.77,1320831.36,49695.14653239134
41,2012-10-12,1409544.97,False,39.38,3.76,1570.23,,26.31,834.8,14421.12,199.0539368,6.195,A,196321,41,10,4,2012,,1400160.95,1307928.01,1247130.22,1322835.6425,53542.72770907613
41,2012-10-19,1326197.24,False,49.56,3.75,3138.86,,6.17,129.04,8206.1,199.1481963,6.195,A,196321,42,10,4,2012,,1409544.97,1400160.95,1214944.29,1348560.8225,66356.807768981
41,2012-10-26,1316542.59,False,41.8,3.686,4864.3,101.34,250.6,47.24,1524.43,199.2195317,6.195,A,196321,43,10,4,2012,,1326197.24,1409544.97,1274463.02,1360957.7925,51374.62154764212
42,2011-02-04,586886.16,False,44.88,3.348,,,,,,127.7195806,8.744,C,39690,5,2,1,2011,,499081.79,533414.62,543384.01,559835.8275,52941.400087563656
42,2011-02-11,628063.88,True,51.51,3.381,,,,,,127.859129,8.744,C,39690,6,2,1,2011,Super Bowl,586886.16,499081.79,575709.96,558320.4299999999,51751.04149701396
42,2011-02-18,556485.1,False,61.77,3.43,,,,,,127.99525,8.744,C,39690,7,2,1,2011,,628063.88,586886.16,508794.87,561861.6125,57036.55463866382
42,2011-02-25,526904.08,False,53.59,3.398,,,,,,128.13,8.744,C,39690,8,2,1,2011,,556485.1,628063.88,491510.58,567629.2324999999,54301.99332638978
42,2011-03-04,570879.04,False,56.96,3.674,,,,,,128.26475,8.744,C,39690,9,3,1,2011,,526904.08,556485.1,554972.42,574584.8049999999,43252.69030285577
42,2011-03-11,607294.56,False,64.22,3.63,,,,,,128.3995,8.744,C,39690,10,3,1,2011,,570879.04,526904.08,588363.62,570583.025,42468.568934487164
42,2011-03-18,558239.32,False,70.12,3.892,,,,,,128.5121935,8.744,C,39690,11,3,1,2011,,607294.56,570879.04,519914.1,565390.6950000001,33399.52589104359
42,2011-03-25,522673.62,False,62.53,3.716,,,,,,128.6160645,8.744,C,39690,12,3,1,2011,,558239.32,607294.56,478021.68,565829.25,33254.81523716515
42,2011-04-01,508432.17,False,67.64,3.772,,,,,,128.7199355,8.494,C,39690,13,4,2,2011,,522673.62,558239.32,505907.41,564771.635,34930.47166677004
42,2011-04-08,620087.35,False,73.03,3.818,,,,,,128.8238065,8.494,C,39690,14,4,2,2011,,508432.17,522673.62,582552.26,549159.9175,44054.30580560798
42,2011-04-15,597644.02,False,61.05,4.089,,,,,,128.9107333,8.494,C,39690,15,4,2,2011,,620087.35,508432.17,549528.16,552358.115,49774.47717282853
42,2011-04-22,534597.69,False,75.93,3.917,,,,,,128.9553,8.494,C,39690,16,4,2,2011,,597644.02,620087.35,492364.77,562209.29,54956.15754817582
42,2011-04-29,496010.17,False,73.38,4.151,,,,,,128.9998667,8.494,C,39690,17,4,2,2011,,534597.69,597644.02,477615.87,565190.3074999999,52358.772420832654
42,2011-05-06,612337.35,False,73.56,4.193,,,,,,129.0444333,8.494,C,39690,18,5,2,2011,,496010.17,534597.69,582846.22,562084.8075,57009.21527642013
42,2011-05-13,603024.75,False,74.04,4.202,,,,,,129.089,8.494,C,39690,19,5,2,2011,,612337.35,496010.17,564345.55,560147.3075,54455.36198131961
42,2011-05-20,524559.95,False,72.62,3.99,,,,,,129.0756774,8.494,C,39690,20,5,2,2011,,603024.75,612337.35,504403.16,561492.49,55741.64484102698
42,2011-05-27,503295.29,False,78.62,3.933,,,,,,129.0623548,8.494,C,39690,21,5,2,2011,,524559.95,603024.75,484097.03,558983.0549999999,57552.54438767029
42,2011-06-03,545109.3,False,81.87,3.893,,,,,,129.0490323,8.494,C,39690,22,6,2,2011,,503295.29,524559.95,556046.12,560804.335,54951.98139770964
42,2011-06-10,616701.99,False,84.57,3.981,,,,,,129.0357097,8.494,C,39690,23,6,2,2011,,545109.3,503295.29,607218.6,543997.3225,42894.99034682682
42,2011-06-17,546675.65,False,87.96,3.935,,,,,,129.0432,8.494,C,39690,24,6,2,2011,,616701.99,545109.3,529418.64,547416.6325000001,49243.96865294433
42,2011-06-24,501780.66,False,90.69,3.807,,,,,,129.0663,8.494,C,39690,25,6,2,2011,,546675.65,616701.99,484327.56,552945.5575,47013.29747923622
42,2011-07-01,506343.83,False,95.36,3.842,,,,,,129.0894,8.257,C,39690,26,7,3,2011,,501780.66,546675.65,507168.8,552566.9,47549.53405649104
42,2011-07-08,593234.27,False,88.57,3.793,,,,,,129.1125,8.257,C,39690,27,7,3,2011,,506343.83,501780.66,570069.48,542875.5325,53191.91841295979
42,2011-07-15,591703.8200000001,False,86.01,3.779,,,,,,129.1338387,8.257,C,39690,28,7,3,2011,,593234.27,506343.83,558837.27,537008.6025,42568.03847351492
42,2011-07-22,511316.29,False,88.59,3.697,,,,,,129.1507742,8.257,C,39690,29,7,3,2011,,591703.8200000001,593234.27,491115.86,548265.645,51079.495837585455
42,2011-07-29,479256.8,False,86.75,3.694,,,,,,129.1677097,8.257,C,39690,30,7,3,2011,,511316.29,591703.8200000001,469598.57,550649.5525,48335.679125801376
42,2011-08-05,572603.33,False,89.8,3.803,,,,,,129.1846452,8.257,C,39690,31,8,3,2011,,479256.8,511316.29,579544.2100000001,543877.7949999999,57618.03795797908
42,2011-08-12,603147.26,False,85.61,3.794,,,,,,129.2015806,8.257,C,39690,32,8,3,2011,,572603.33,479256.8,583079.97,538720.0599999999,52415.64877550427
42,2011-08-19,526641.23,False,87.4,3.743,,,,,,129.2405806,8.257,C,39690,33,8,3,2011,,603147.26,572603.33,500945.63,541580.92,56430.03900410682
42,2011-08-26,503720.98,False,91.59,3.663,,,,,,129.2832581,8.257,C,39690,34,8,3,2011,,526641.23,603147.26,465993.51,545412.155,54165.12090442622
42,2011-09-02,537124.76,False,91.61,3.798,,,,,,129.3259355,8.257,C,39690,35,9,3,2011,,503720.98,526641.23,524658.0599999999,551528.2,44771.94069097968
42,2011-09-09,608390.9400000001,True,89.06,3.771,,,,,,129.3686129,8.257,C,39690,36,9,3,2011,Labor Day,537124.76,503720.98,589091.04,542658.5575,42670.03541407526
42,2011-09-16,576837.09,False,77.49,3.784,,,,,,129.4306,8.257,C,39690,37,9,3,2011,,608390.9400000001,537124.76,536871.58,543969.4775,45155.969338588046
42,2011-09-23,528486.45,False,82.51,3.789,,,,,,129.5183333,8.257,C,39690,38,9,3,2011,,576837.09,608390.9400000001,492262.96,556518.4425,45706.638469214624
42,2011-09-30,510243.79,False,82.27,3.877,,,,,,129.6060667,8.257,C,39690,39,9,3,2011,,528486.45,576837.09,481523.93,562709.81,37023.32072026755
42,2011-10-07,649111.23,False,75.01,3.827,,,,,,129.6938,7.874,C,39690,40,10,4,2011,,510243.79,528486.45,599759.45,555989.5675,44831.61334583022
42,2011-10-14,613531.11,False,70.27,3.698,,,,,,129.7706452,7.874,C,39690,41,10,4,2011,,649111.23,510243.79,559285.35,566169.6399999999,62023.719516620346
42,2011-10-21,537276.41,False,77.91,3.842,,,,,,129.7821613,7.874,C,39690,42,10,4,2011,,613531.11,649111.23,522467.51,575343.145,66667.15063944527
42,2011-10-28,515599.7,False,72.79,3.843,,,,,,129.7936774,7.874,C,39690,43,10,4,2011,,537276.41,613531.11,476967.65,577540.635,64724.38366176038
42,2011-11-04,597667.21,False,68.57,3.828,,,,,,129.8051935,7.874,C,39690,44,11,4,2011,,515599.7,537276.41,565390.4,578879.6125,62897.74813118626
42,2011-11-11,643125.29,False,55.28,3.677,25.73,274.85,14.74,,2885.55,129.8167097,7.874,C,39690,45,11,4,2011,,597667.21,515599.7,588592.61,566018.6074999999,47000.89390865548
42,2011-11-18,567673.87,False,58.97,3.669,2544.26,12.31,2.02,,3385.15,129.8268333,7.874,C,39690,46,11,4,2011,,643125.29,597667.21,524316.21,573417.1525000001,58012.35731725109
42,2011-11-25,577698.37,True,60.68,3.76,25.8,,4.7,,1932.72,129.8364,7.874,C,39690,47,11,4,2011,Thanksgiving,567673.87,643125.29,522296.71,581016.5175,53516.76197331023
42,2011-12-02,511883.36,False,57.29,3.701,24.09,,4.7,,1016.84,129.8459667,7.874,C,39690,48,12,4,2011,,577698.37,567673.87,500250.8,596541.185,33465.00820949658
42,2011-12-09,619133.48,False,42.58,3.644,31.2,,21.31,,1872.37,129.8555333,7.874,C,39690,49,12,4,2011,,511883.36,577698.37,585175.24,575095.2225,53807.31825879402
42,2011-12-16,598437.98,False,50.53,3.489,2.42,,31.33,,675.78,129.8980645,7.874,C,39690,50,12,4,2011,,619133.48,511883.36,537455.65,569097.27,44170.34750984789
42,2011-12-23,575676.13,False,48.36,3.541,103.5,,19.63,,939.49,129.9845484,7.874,C,39690,51,12,4,2011,,598437.98,619133.48,555075.27,576788.2975,46458.950975182495
42,2011-12-30,454412.28,True,48.92,3.428,242.41,1447.26,3.64,183.96,459.06,130.0710323,7.874,C,39690,52,12,4,2011,Christmas,575676.13,598437.98,428953.6,576282.7375,46456.74941305312
42,2012-01-06,636372.37,False,59.85,3.443,2.91,2655.21,77.86,,649.61,130.1575161,7.545,C,39690,1,1,1,2012,,454412.28,575676.13,592947.75,561914.9675,73833.33941579024
42,2012-01-13,664348.2,False,51.0,3.477,1251.87,2536.15,21.1,,515.26,130.244,7.545,C,39690,2,1,1,2012,,636372.37,454412.28,613899.15,566224.6900000001,78633.6183619707
42,2012-01-20,579499.9299999999,False,54.51,3.66,604.05,1982.9,,,343.93,130.2792258,7.545,C,39690,3,1,1,2012,,664348.2,636372.37,533414.62,582702.245,93191.96263103382
42,2012-01-27,538978.67,False,53.59,3.675,2.4,539.32,,,816.91,130.3144516,7.545,C,39690,4,1,1,2012,,579499.9299999999,664348.2,499081.79,583658.195,93115.44602414792
42,2012-02-03,588448.21,False,56.85,3.543,1351.16,17.81,15.97,263.92,1415.88,130.3496774,7.545,C,39690,5,2,1,2012,,538978.67,579499.9299999999,586886.16,604799.7925,56318.569156357706
42,2012-02-10,674919.45,True,55.73,3.722,992.73,13.93,25.7,,1700.95,130.3849032,7.545,C,39690,6,2,1,2012,Super Bowl,588448.21,538978.67,628063.88,592818.7525,52318.60414101523
42,2012-02-17,606671.5,False,54.12,3.781,66.87,736.8,3.94,,996.28,130.4546207,7.545,C,39690,7,2,1,2012,,674919.45,588448.21,556485.1,595461.565,57177.60009095458
42,2012-02-24,564304.15,False,56.02,3.95,353.39,232.44,,,1644.66,130.5502069,7.545,C,39690,8,2,1,2012,,606671.5,674919.45,526904.08,602254.4575,56255.81200565899
42,2012-03-02,585895.34,False,57.62,3.882,441.4,10.78,1.96,,1511.43,130.6457931,7.545,C,39690,9,3,1,2012,,564304.15,606671.5,570879.04,608585.8275,47505.10402240979
42,2012-03-09,659816.15,False,57.65,3.963,392.63,1.0,3.43,2.8,798.38,130.7413793,7.545,C,39690,10,3,1,2012,,585895.34,564304.15,607294.56,607947.61,47881.48571435537
42,2012-03-16,618767.26,False,62.11,4.273,438.48,1.5,2.35,,2251.09,130.8261935,7.545,C,39690,11,3,1,2012,,659816.15,585895.34,558239.32,604171.785,40930.83879613499
42,2012-03-23,561226.38,False,56.54,4.288,2.43,,0.68,,796.25,130.8966452,7.545,C,39690,12,3,1,2012,,618767.26,659816.15,522673.62,607195.725,41618.11767554109
42,2012-03-30,544408.14,False,67.92,4.294,341.0,1.5,,21.94,1431.13,130.9670968,7.545,C,39690,13,3,1,2012,,561226.38,618767.26,508432.17,606426.2825,42690.07871965389
42,2012-04-06,652312.11,False,65.99,4.282,2.12,,34.23,,250.62,131.0375484,7.382,C,39690,14,4,2,2012,,544408.14,561226.38,620087.35,596054.4825,53109.20171848056
42,2012-04-13,639123.45,False,70.28,4.254,146.91,848.67,14.51,,1191.9,131.108,7.382,C,39690,15,4,2,2012,,652312.11,544408.14,597644.02,594178.4725,50156.60367618797
42,2012-04-20,552529.23,False,67.75,4.111,82.23,169.55,16.1,,642.71,131.1173333,7.382,C,39690,16,4,2,2012,,639123.45,652312.11,534597.69,599267.52,54341.21698709884
42,2012-04-27,526625.49,False,80.11,4.088,685.44,,12.09,,512.76,131.1266667,7.382,C,39690,17,4,2,2012,,552529.23,639123.45,496010.17,597093.2324999999,56501.71946059328
42,2012-05-04,609274.89,False,77.02,4.058,163.43,,18.34,,935.36,131.136,7.382,C,39690,18,5,2,2012,,526625.49,552529.23,612337.35,592647.57,62418.64306724368
42,2012-05-11,643603.69,False,76.03,4.186,312.29,,4.0,,1445.4,131.1453333,7.382,C,39690,19,5,2,2012,,609274.89,526625.49,603024.75,581888.265,51451.66297185038
42,2012-05-18,590636.38,False,85.19,4.308,354.41,,,,1393.17,131.0983226,7.382,C,39690,20,5,2,2012,,643603.69,609274.89,524559.95,583008.325,53134.201198595954
42,2012-05-25,535764.58,False,86.03,4.127,63.93,,0.9,,1169.65,131.0287742,7.382,C,39690,21,5,2,2012,,590636.38,643603.69,503295.29,592535.1125,49111.78840774708
42,2012-06-01,521953.78,False,80.06,4.277,609.75,,1.1,43.67,726.34,130.9592258,7.382,C,39690,22,6,2,2012,,535764.58,590636.38,545109.3,594819.885,45069.71474858321
42,2012-06-08,642671.48,False,86.87,4.103,349.94,,16.64,,1272.21,130.8896774,7.382,C,39690,23,6,2,2012,,521953.78,535764.58,616701.99,572989.6074999999,55642.0571988762
42,2012-06-15,606309.13,False,88.58,4.144,499.78,,2.17,,1187.29,130.8295333,7.382,C,39690,24,6,2,2012,,642671.48,521953.78,546675.65,572756.5549999999,55248.267067506174
42,2012-06-22,540031.29,False,89.92,4.014,44.66,,,,1338.53,130.7929,7.382,C,39690,25,6,2,2012,,606309.13,642671.48,501780.66,576674.7424999999,57450.82365480592
42,2012-06-29,507403.77,False,91.36,3.875,755.44,,,,1062.46,130.7562667,7.382,C,39690,26,6,2,2012,,540031.29,606309.13,506343.83,577741.4199999999,56469.28789951267
42,2012-07-06,618702.09,False,86.87,3.666,156.49,,9.43,,876.53,130.7196333,7.17,C,39690,27,7,3,2012,,507403.77,540031.29,593234.27,574103.9175,61504.85065054366
42,2012-07-13,628099.08,False,89.8,3.723,769.08,,2.36,,2678.63,130.683,7.17,C,39690,28,7,3,2012,,618702.09,507403.77,591703.8200000001,568111.5700000001,53205.24225281563
42,2012-07-20,530318.39,False,84.45,3.589,200.92,,4.48,,1026.11,130.7012903,7.17,C,39690,29,7,3,2012,,628099.08,618702.09,511316.29,573559.0575,59197.805970993664
42,2012-07-27,516352.21,False,83.98,3.769,24.48,,,,1660.33,130.7195806,7.17,C,39690,30,7,3,2012,,530318.39,628099.08,479256.8,571130.8325,61196.949055344405
42,2012-08-03,573084.71,False,84.76,3.595,,,5.97,,628.99,130.737871,7.17,C,39690,31,8,3,2012,,516352.21,530318.39,572603.33,573367.9425,58180.00820601936
42,2012-08-10,576620.31,False,90.78,3.811,69.32,,18.08,,353.19,130.7561613,7.17,C,39690,32,8,3,2012,,573084.71,516352.21,603147.26,561963.5975,50263.966603451656
42,2012-08-17,575997.78,False,88.83,4.002,246.98,,24.22,13.23,3098.22,130.7909677,7.17,C,39690,33,8,3,2012,,576620.31,573084.71,526641.23,549093.905,30319.412108199056
42,2012-08-24,535537.03,False,82.5,4.055,548.62,,54.43,57.18,2628.1,130.8381613,7.17,C,39690,34,8,3,2012,,575997.78,576620.31,503720.98,560513.7525,29481.33370212261
42,2012-08-31,504760.57,False,86.97,3.886,285.66,,18.65,141.64,906.18,130.8853548,7.17,C,39690,35,8,3,2012,,535537.03,575997.78,537124.76,565309.9575,19908.35345462052
42,2012-09-07,617405.35,True,83.07,4.124,341.05,,220.6,72.7,1629.72,130.9325484,7.17,C,39690,36,9,3,2012,Labor Day,504760.57,535537.03,608390.9400000001,548228.9225,34774.33026111074
42,2012-09-14,586737.66,False,78.47,3.966,745.27,,46.65,,945.84,130.9776667,7.17,C,39690,37,9,3,2012,,617405.35,504760.57,576837.09,558425.1825,48959.89685740611
42,2012-09-21,527165.7,False,81.93,4.125,,,,,164.08,131.0103333,7.17,C,39690,38,9,3,2012,,586737.66,617405.35,528486.45,561110.1525,50514.61321423375
42,2012-09-28,505978.46,False,82.52,3.966,123.87,,,,548.02,131.043,7.17,C,39690,39,9,3,2012,,527165.7,586737.66,510243.79,559017.32,52076.54594979541
42,2012-10-05,593162.53,False,80.88,4.132,479.07,,6.0,10.64,2565.13,131.0756667,6.943,C,39690,40,10,4,2012,,505978.46,527165.7,649111.23,559321.7925,51655.4445330065
42,2012-10-12,612379.9,False,76.03,4.468,49.38,,10.87,,970.72,131.1083333,6.943,C,39690,41,10,4,2012,,593162.53,505978.46,613531.11,553261.0875,43318.28763931609
42,2012-10-19,541406.98,False,72.71,4.449,56.03,,8.69,,455.38,131.1499677,6.943,C,39690,42,10,4,2012,,612379.9,593162.53,537276.41,559671.6475,51118.79660495256
42,2012-10-26,514756.08,False,70.5,4.301,,0.75,2.0,,1034.55,131.1930968,6.943,C,39690,43,10,4,2012,,541406.98,612379.9,515599.7,563231.9675,48530.58156468181
43,2011-02-04,651521.77,False,33.21,2.989,,,,,,204.5264194,10.398,C,41062,5,2,1,2011,,562558.27,601004.79,647029.28,597574.9349999999,24095.19098919474
43,2011-02-11,635650.98,True,40.65,3.022,,,,,,204.873871,10.398,C,41062,6,2,1,2011,Super Bowl,651521.77,562558.27,682918.99,607506.225,36766.00589708062
43,2011-02-18,626627.77,False,59.15,3.045,,,,,,205.1683214,10.398,C,41062,7,2,1,2011,,635650.98,651521.77,658997.55,612683.9525,39517.284417249895
43,2011-02-25,592340.01,False,58.37,3.065,,,,,,205.4415714,10.398,C,41062,8,2,1,2011,,626627.77,635650.98,618702.79,619089.6975,39067.20806035523
43,2011-03-04,616345.25,False,60.26,3.288,,,,,,205.7148214,10.398,C,41062,9,3,1,2011,,592340.01,626627.77,658600.05,626535.1325000001,25011.635383665205
43,2011-03-11,629026.75,False,60.24,3.459,,,,,,205.9880714,10.398,C,41062,10,3,1,2011,,616345.25,592340.01,645386.9400000001,617741.0025000001,18680.653768681383
43,2011-03-18,635171.05,False,68.98,3.488,,,,,,206.225924,10.398,C,41062,11,3,1,2011,,629026.75,616345.25,668098.49,616084.9450000001,16758.392648521698
43,2011-03-25,585989.1,False,65.53,3.473,,,,,,206.4496175,10.398,C,41062,12,3,1,2011,,635171.05,629026.75,623097.9299999999,618220.765,18950.92354202361
43,2011-04-01,611585.54,False,67.79,3.524,,,,,,206.6733111,10.581,C,41062,13,4,2,2011,,585989.1,635171.05,650102.8,616633.0375,21881.466618518807
43,2011-04-08,650418.75,False,70.35,3.622,,,,,,206.8970046,10.581,C,41062,14,4,2,2011,,611585.54,585989.1,693058.34,615443.11,22031.238758320625
43,2011-04-15,635758.03,False,65.01,3.743,,,,,,207.1015429,10.581,C,41062,15,4,2,2011,,650418.75,611585.54,675282.2,620791.11,28169.14473579424
43,2011-04-22,638280.67,False,74.49,3.807,,,,,,207.2581929,10.581,C,41062,16,4,2,2011,,635758.03,650418.75,638957.35,620937.855,28270.373355281747
43,2011-04-29,611464.21,False,71.34,3.81,,,,,,207.4148429,10.581,C,41062,17,4,2,2011,,638280.67,635758.03,630740.11,634010.7475,16262.407691247245
43,2011-05-06,649148.74,False,66.77,3.906,,,,,,207.5714929,10.581,C,41062,18,5,2,2011,,611464.21,638280.67,691498.6,633980.415,16318.194889219423
43,2011-05-13,684655.91,False,76.03,3.899,,,,,,207.7281429,10.581,C,41062,19,5,2,2011,,649148.74,611464.21,690851.59,633662.9125,15898.704849882346
43,2011-05-20,648330.18,False,74.21,3.907,,,,,,207.5200622,10.581,C,41062,20,5,2,2011,,684655.91,649148.74,672062.08,645887.3825000001,30312.00013901866
43,2011-05-27,578209.63,False,80.89,3.786,,,,,,207.3119816,10.581,C,41062,21,5,2,2011,,648330.18,684655.91,630315.76,648399.76,29884.82936788008
43,2011-06-03,630972.15,False,83.49,3.699,,,,,,207.1039009,10.581,C,41062,22,6,2,2011,,578209.63,648330.18,682012.53,640086.115,44591.709999027975
43,2011-06-10,643041.71,False,85.81,3.648,,,,,,206.8958203,10.581,C,41062,23,6,2,2011,,630972.15,578209.63,684023.95,635541.9675,44285.42981627185
43,2011-06-17,665781.74,False,88.49,3.637,,,,,,206.8560238,10.581,C,41062,24,6,2,2011,,643041.71,630972.15,700009.77,625138.4175,32118.16340379607
43,2011-06-24,604925.08,False,88.3,3.594,,,,,,206.9424405,10.581,C,41062,25,6,2,2011,,665781.74,643041.71,625196.14,629501.3075,37115.18934647028
43,2011-07-01,586781.78,False,91.36,3.524,,,,,,207.0288571,10.641,C,41062,26,7,3,2011,,604925.08,665781.74,667353.79,636180.1699999999,25346.51718918624
43,2011-07-08,651147.83,False,87.02,3.48,,,,,,207.1152738,10.641,C,41062,27,7,3,2011,,586781.78,604925.08,718748.33,625132.5775,35833.95997724614
43,2011-07-15,631827.38,False,84.67,3.575,,,,,,207.1940691,10.641,C,41062,28,7,3,2011,,651147.83,586781.78,696844.36,627159.1075,37380.240338647855
43,2011-07-22,597354.39,False,88.58,3.651,,,,,,207.2538111,10.641,C,41062,29,7,3,2011,,631827.38,651147.83,649035.55,618670.5175,28482.20198344368
43,2011-07-29,533917.52,False,83.43,3.682,,,,,,207.313553,10.641,C,41062,30,7,3,2011,,597354.39,631827.38,622112.23,616777.845,29915.541625482216
43,2011-08-05,605956.59,False,87.47,3.684,,,,,,207.3732949,10.641,C,41062,31,8,3,2011,,533917.52,597354.39,698536.0599999999,603561.78,51485.3731316718
43,2011-08-12,595626.56,False,86.64,3.638,,,,,,207.4330369,10.641,C,41062,32,8,3,2011,,605956.59,533917.52,713479.91,592263.97,41565.09696316391
43,2011-08-19,663396.3200000001,False,82.08,3.554,,,,,,207.4953088,10.641,C,41062,33,8,3,2011,,595626.56,605956.59,712869.09,583213.765,33173.235271744736
43,2011-08-26,561573.08,False,87.43,3.523,,,,,,207.5580023,10.641,C,41062,34,8,3,2011,,663396.3200000001,595626.56,655284.6900000001,599724.2475,53041.78018816776
43,2011-09-02,594224.9,False,87.84,3.533,,,,,,207.6206959,10.641,C,41062,35,9,3,2011,,561573.08,663396.3200000001,689326.91,606638.1375,42324.42176889959
43,2011-09-09,649128.23,True,79.29,3.546,,,,,,207.6833894,10.641,C,41062,36,9,3,2011,Labor Day,594224.9,561573.08,722120.04,603705.2150000001,42791.29917357709
43,2011-09-16,618877.13,False,77.17,3.526,,,,,,207.8527143,10.641,C,41062,37,9,3,2011,,649128.23,594224.9,725043.04,617080.6325000001,47524.25453306858
43,2011-09-23,586108.13,False,78.98,3.467,,,,,,208.1642143,10.641,C,41062,38,9,3,2011,,618877.13,649128.23,650263.95,605950.835,37140.54043709076
43,2011-09-30,555183.72,False,78.97,3.355,,,,,,208.4757143,10.641,C,41062,39,9,3,2011,,586108.13,618877.13,657108.77,612084.5974999999,28355.56891293651
43,2011-10-07,642828.62,False,74.17,3.285,,,,,,208.7872143,10.148,C,41062,40,10,4,2011,,555183.72,586108.13,713332.54,602324.3025,40619.38164907369
43,2011-10-14,590984.56,False,68.09,3.274,,,,,,209.0752166,10.148,C,41062,41,10,4,2011,,642828.62,555183.72,699852.68,600749.4,38252.98825728889
43,2011-10-21,594625.96,False,70.3,3.353,,,,,,209.2222327,10.148,C,41062,42,10,4,2011,,590984.56,642828.62,680943.03,593776.2575000001,36341.4913095594
43,2011-10-28,572516.57,False,66.82,3.372,,,,,,209.3692488,10.148,C,41062,43,10,4,2011,,594625.96,590984.56,610076.32,595905.715,35990.255300629
43,2011-11-04,641905.37,False,59.08,3.332,,,,,,209.516265,10.148,C,41062,44,11,4,2011,,572516.57,594625.96,605960.2,600238.9275,29997.553981303867
43,2011-11-11,615975.5,False,51.26,3.297,179.25,944.52,3.06,,2836.25,209.6632811,10.148,C,41062,45,11,4,2011,,641905.37,572516.57,595421.23,600008.115,29560.99434674204
43,2011-11-18,628115.61,False,57.75,3.308,32.13,3.37,2.56,,1004.04,209.8651071,10.148,C,41062,46,11,4,2011,,615975.5,641905.37,589467.35,606255.85,29658.91225631636
43,2011-11-25,669965.22,True,55.7,3.236,3.37,,5.76,,212.75,210.0888571,10.148,C,41062,47,11,4,2011,Thanksgiving,628115.61,615975.5,633520.34,614628.2625,30006.43725518716
43,2011-12-02,585028.26,False,47.49,3.172,14.82,,6.11,,1707.13,210.3126071,10.148,C,41062,48,12,4,2011,,669965.22,628115.61,557543.62,638990.425,23208.354843927376
43,2011-12-09,617898.07,False,34.23,3.158,38.34,,7.41,,1707.87,210.5363571,10.148,C,41062,49,12,4,2011,,585028.26,669965.22,598679.02,624771.1475,35168.87895252084
43,2011-12-16,665007.08,False,43.78,3.159,4.86,,2.5,,1070.83,210.7365392,10.148,C,41062,50,12,4,2011,,617898.07,585028.26,615761.77,625251.7899999999,35021.43082388608
43,2011-12-23,676290.46,False,42.63,3.112,75.54,,3.75,,1276.15,210.9052972,10.148,C,41062,51,12,4,2011,,665007.08,617898.07,656637.63,634474.6575,40462.07413186715
43,2011-12-30,505405.85,True,41.83,3.129,415.59,1926.05,,50.66,837.74,211.0740553,10.148,C,41062,52,12,4,2011,Christmas,676290.46,665007.08,534740.3,636055.9675,42389.13963130307
43,2012-01-06,670993.01,False,47.59,3.157,32.95,1699.03,70.35,,1168.66,211.2428134,9.653,C,41062,1,1,1,2012,,505405.85,676290.46,611796.61,616150.365,78041.03984988212
43,2012-01-13,663529.64,False,43.68,3.261,894.04,209.71,32.36,,1191.88,211.4115714,9.653,C,41062,2,1,1,2012,,670993.01,505405.85,614940.07,629424.1,82807.21542027743
43,2012-01-20,619225.65,False,52.72,3.268,320.8,24.36,31.72,,153.04,211.4997811,9.653,C,41062,3,1,1,2012,,663529.64,670993.01,601004.79,629054.74,82598.62481251026
43,2012-01-27,587685.38,False,52.1,3.29,122.11,8.64,26.26,,532.33,211.5879908,9.653,C,41062,4,1,1,2012,,619225.65,663529.64,562558.27,614788.5375,76417.48947716804
43,2012-02-03,629176.71,False,51.92,3.36,1702.1,33.56,51.66,152.82,2211.81,211.6762005,9.653,C,41062,5,2,1,2012,,587685.38,619225.65,651521.77,635358.4199999999,39142.58827871534
43,2012-02-10,662198.65,True,46.54,3.409,565.9,,27.07,,1984.35,211.7644101,9.653,C,41062,6,2,1,2012,Super Bowl,629176.71,587685.38,635650.98,624904.345,31239.213867107435
43,2012-02-17,660632.0499999999,False,49.38,3.51,109.95,1389.84,0.52,,2824.89,211.916835,9.653,C,41062,7,2,1,2012,,662198.65,629176.71,626627.77,624571.5975,30692.96519348591
43,2012-02-24,613042.97,False,53.53,3.555,439.68,361.74,,,1450.19,212.1174212,9.653,C,41062,8,2,1,2012,,660632.0499999999,662198.65,592340.01,634923.1975,34972.98446276097
43,2012-03-02,693249.98,False,56.43,3.63,346.74,2.56,15.84,,1429.73,212.3180074,9.653,C,41062,9,3,1,2012,,613042.97,660632.0499999999,616345.25,641262.595,24193.04333435514
43,2012-03-09,636677.67,False,54.52,3.669,392.09,0.5,,,1293.41,212.5185936,9.653,C,41062,10,3,1,2012,,693249.98,613042.97,629026.75,657280.9125,33096.74524841608
43,2012-03-16,661707.02,False,57.88,3.734,257.14,,2.04,,631.56,212.6651567,9.653,C,41062,11,3,1,2012,,636677.67,693249.98,635171.05,650900.6675,34271.77163240172
43,2012-03-23,610940.9400000001,False,56.28,3.787,197.77,,1.36,,1485.55,212.7396889,9.653,C,41062,12,3,1,2012,,661707.02,636677.67,585989.1,651169.41,34377.56803177624
43,2012-03-30,623258.4,False,69.88,3.845,144.85,,,,470.29,212.8142212,9.653,C,41062,13,3,1,2012,,610940.9400000001,661707.02,611585.54,650643.9025000001,35161.77512714284
43,2012-04-06,658468.27,False,64.7,3.891,177.39,,12.17,,1479.85,212.8887535,9.575,C,41062,14,4,2,2012,,623258.4,610940.9400000001,650418.75,633146.0075000001,21748.822801803748
43,2012-04-13,665687.92,False,70.18,3.891,150.15,1125.71,4.49,,407.12,212.9632857,9.575,C,41062,15,4,2,2012,,658468.27,623258.4,635758.03,638593.6575000001,25357.909060802223
43,2012-04-20,638144.98,False,67.28,3.877,239.84,1777.55,5.6,86.89,870.6,213.0130524,9.575,C,41062,16,4,2,2012,,665687.92,658468.27,638280.67,639588.8825000001,26614.40899818332
43,2012-04-27,593138.59,False,78.27,3.814,251.26,,1.98,,719.56,213.062819,9.575,C,41062,17,4,2,2012,,638144.98,665687.92,611464.21,646389.8925000001,19333.439044252777
43,2012-05-04,637964.2,False,77.47,3.749,364.76,,9.06,,949.81,213.1125857,9.575,C,41062,18,5,2,2012,,593138.59,638144.98,649148.74,638859.9400000001,32635.257671693427
43,2012-05-11,640159.04,False,67.59,3.688,25.3,,2.16,,494.05,213.1623524,9.575,C,41062,19,5,2,2012,,637964.2,593138.59,684655.91,633733.9225,30035.488193196667
43,2012-05-18,648541.8099999999,False,72.06,3.63,939.16,,,,1477.98,213.1753618,9.575,C,41062,20,5,2,2012,,640159.04,637964.2,648330.18,627351.7025,22830.424898631725
43,2012-05-25,597406.39,False,82.41,3.561,566.81,,1.1,,875.91,213.1736682,9.575,C,41062,21,5,2,2012,,648541.8099999999,640159.04,578209.63,629950.9099999999,24961.217927774174
43,2012-06-01,605078.62,False,80.89,3.501,290.87,,0.8,,725.1,213.1719747,9.575,C,41062,22,6,2,2012,,597406.39,648541.8099999999,630972.15,631017.86,22866.51518670547
43,2012-06-08,643032.51,False,85.73,3.452,446.4,,3.96,,1732.71,213.1702811,9.575,C,41062,23,6,2,2012,,605078.62,597406.39,643041.71,622796.465,25317.054461037515
43,2012-06-15,634815.1,False,87.75,3.393,402.48,,0.65,,1315.66,213.1786952,9.575,C,41062,24,6,2,2012,,643032.51,605078.62,665781.74,623514.8325,26005.345853629096
43,2012-06-22,613270.79,False,87.51,3.346,184.26,,3.2,,1298.9,213.2123786,9.575,C,41062,25,6,2,2012,,634815.1,643032.51,604925.08,620083.155,22234.16919841041
43,2012-06-29,593128.13,False,89.85,3.286,289.03,,,,2027.07,213.2460619,9.575,C,41062,26,6,2,2012,,613270.79,634815.1,586781.78,624049.255,17816.91788739585
43,2012-07-06,645618.59,False,82.68,3.227,219.7,,3.02,,1141.12,213.2797452,9.285,C,41062,27,7,3,2012,,593128.13,613270.79,651147.83,621061.6325000001,22456.291732838086
43,2012-07-13,627634.04,False,78.82,3.256,539.85,,0.71,,2373.05,213.3134286,9.285,C,41062,28,7,3,2012,,645618.59,593128.13,631827.38,621708.1525,23320.2906375985
43,2012-07-20,596554.05,False,83.83,3.311,233.77,,3.69,,1256.91,213.3219124,9.285,C,41062,29,7,3,2012,,627634.04,645618.59,597354.39,619912.8875,22225.66107363436
43,2012-07-27,572447.52,False,82.01,3.407,22.35,,1.19,,1452.64,213.3303963,9.285,C,41062,30,7,3,2012,,596554.05,627634.04,533917.52,615733.7025,25255.992764590897
43,2012-08-03,614378.9400000001,False,85.06,3.417,312.78,,24.23,22.86,1317.6,213.3388802,9.285,C,41062,31,8,3,2012,,572447.52,596554.05,605956.59,610563.55,32503.103910512604
43,2012-08-10,643558.78,False,86.36,3.494,173.95,,9.33,,1073.06,213.3473641,9.285,C,41062,32,8,3,2012,,614378.9400000001,572447.52,595626.56,602753.6375000001,23882.19511039299
43,2012-08-17,640210.85,False,85.66,3.571,254.74,,11.9,,792.66,213.4226959,9.285,C,41062,33,8,3,2012,,643558.78,614378.9400000001,663396.3200000001,606734.8225,29964.999692636015
43,2012-08-24,598234.64,False,81.65,3.62,364.02,,13.07,,1309.22,213.5481636,9.285,C,41062,34,8,3,2012,,640210.85,643558.78,561573.08,617649.0225,32834.03143926034
43,2012-08-31,593141.29,False,81.12,3.638,699.48,,12.39,615.93,1122.02,213.6736313,9.285,C,41062,35,8,3,2012,,598234.64,640210.85,594224.9,624095.8025,21615.730319902064
43,2012-09-07,663814.18,True,84.99,3.73,610.93,,18.29,50.5,516.76,213.7990991,9.285,C,41062,36,9,3,2012,Labor Day,593141.29,598234.64,649128.23,618786.39,26787.586519856137
43,2012-09-14,625196.94,False,73.03,3.717,1601.72,,18.56,,1219.44,213.9332167,9.285,C,41062,37,9,3,2012,,663814.18,593141.29,618877.13,623850.24,33980.3111294287
43,2012-09-21,601990.02,False,75.87,3.721,259.57,,,,1792.73,214.1192333,9.285,C,41062,38,9,3,2012,,625196.94,663814.18,586108.13,620096.7625,32361.367406751167
43,2012-09-28,577792.32,False,77.55,3.666,343.99,,,,1087.72,214.30525,9.285,C,41062,39,9,3,2012,,601990.02,625196.94,555183.72,621035.6075,31560.2614338792
43,2012-10-05,642614.89,False,74.09,3.617,183.84,,0.01,,3093.39,214.4912667,8.839,C,41062,40,10,4,2012,,577792.32,601990.02,642828.62,617198.365,36611.20752959874
43,2012-10-12,619369.72,False,71.14,3.601,90.11,,14.56,,911.55,214.6772833,8.839,C,41062,41,10,4,2012,,642614.89,577792.32,590984.56,611898.5425,28176.5541491587
43,2012-10-19,623919.23,False,71.25,3.594,121.84,,11.14,,964.01,214.7212488,8.839,C,41062,42,10,4,2012,,619369.72,642614.89,594625.96,610441.7374999999,27399.736039469542
43,2012-10-26,587603.55,False,69.17,3.506,23.68,7.24,6.0,,815.05,214.7415392,8.839,C,41062,43,10,4,2012,,623919.23,619369.72,572516.57,615924.0399999999,27338.77172124805
44,2011-02-04,293953.08,False,23.35,2.974,,,,,,127.7195806,7.224,C,39910,5,2,1,2011,,276011.4,276157.8,281090.95,283337.235,8577.387791417883
44,2011-02-11,307486.73,True,30.83,3.034,,,,,,127.859129,7.224,C,39910,6,2,1,2011,Super Bowl,293953.08,276011.4,286857.13,284745.41000000003,10010.783313067814
44,2011-02-18,280785.76,False,40.85,3.062,,,,,,127.99525,7.224,C,39910,7,2,1,2011,,307486.73,293953.08,267956.3,288402.2525,15258.7549741589
44,2011-02-25,279427.93,False,33.17,3.12,,,,,,128.13,7.224,C,39910,8,2,1,2011,,280785.76,307486.73,273079.07,289559.2425,14156.49023854022
44,2011-03-04,293984.54,False,34.23,3.23,,,,,,128.26475,7.224,C,39910,9,3,1,2011,,279427.93,280785.76,284617.27,290413.375,13132.655670494029
44,2011-03-11,284496.14,False,41.28,3.346,,,,,,128.3995,7.224,C,39910,10,3,1,2011,,293984.54,279427.93,272190.83,290421.24,13135.491304307026
44,2011-03-18,281699.68,False,44.69,3.407,,,,,,128.5121935,7.224,C,39910,11,3,1,2011,,284496.14,293984.54,269624.2,284673.5925,6566.517325276332
44,2011-03-25,285031.81,False,42.38,3.435,,,,,,128.6160645,7.224,C,39910,12,3,1,2011,,281699.68,284496.14,276279.49,284902.0725,6399.936221491124
44,2011-04-01,281514.26,False,42.49,3.487,,,,,,128.7199355,6.906,C,39910,13,4,2,2011,,285031.81,281699.68,286197.5,286303.0425,5325.325619542261
44,2011-04-08,292498.61,False,42.75,3.547,,,,,,128.8238065,6.906,C,39910,14,4,2,2011,,281514.26,285031.81,257361.3,283185.47250000003,1837.329768320068
44,2011-04-15,289667.55,False,41.72,3.616,,,,,,128.9107333,6.906,C,39910,15,4,2,2011,,292498.61,281514.26,280048.74,285186.09,5135.956298677872
44,2011-04-22,280357.3,False,47.55,3.655,,,,,,128.9553,6.906,C,39910,16,4,2,2011,,289667.55,292498.61,278287.04,287178.0575,4871.373258300599
44,2011-04-29,281247.97000000003,False,43.85,3.683,,,,,,128.9998667,6.906,C,39910,17,4,2,2011,,280357.3,289667.55,272997.65,286009.43,5990.114797803276
44,2011-05-06,299354.67,False,47.75,3.744,,,,,,129.0444333,6.906,C,39910,18,5,2,2011,,281247.97000000003,280357.3,285379.86,285942.8575,6057.822663968194
44,2011-05-13,307095.31,False,52.4,3.77,,,,,,129.089,6.906,C,39910,19,5,2,2011,,299354.67,281247.97000000003,286515.92,287656.8725,8855.113029530032
44,2011-05-20,303559.23,False,52.12,3.802,,,,,,129.0756774,6.906,C,39910,20,5,2,2011,,307095.31,299354.67,267065.35,292013.8125,13330.633944356028
44,2011-05-27,308442.49,False,54.62,3.778,,,,,,129.0623548,6.906,C,39910,21,5,2,2011,,303559.23,307095.31,291891.01,297814.295,11488.5072533477
44,2011-06-03,308950.04,False,52.76,3.752,,,,,,129.0490323,6.906,C,39910,22,6,2,2011,,308442.49,303559.23,282351.82,304612.925,4065.600495845617
44,2011-06-10,308770.42,False,61.39,3.732,,,,,,129.0357097,6.906,C,39910,23,6,2,2011,,308950.04,308442.49,296818.2,307011.7675,2431.108231131921
44,2011-06-17,300255.87,False,63.35,3.704,,,,,,129.0432,6.906,C,39910,24,6,2,2011,,308770.42,308950.04,293481.36,307430.545,2589.417089028386
44,2011-06-24,296765.59,False,66.38,3.668,,,,,,129.0663,6.906,C,39910,25,6,2,2011,,300255.87,308770.42,288247.24,306604.705,4237.769747042936
44,2011-07-01,315273.08,False,74.29,3.613,,,,,,129.0894,6.56,C,39910,26,7,3,2011,,296765.59,300255.87,300628.19,303685.48,6143.270278968107
44,2011-07-08,295339.01,False,77.3,3.563,,,,,,129.1125,6.56,C,39910,27,7,3,2011,,315273.08,296765.59,280472.78,305266.24,8362.236188511575
44,2011-07-15,289201.21,False,75.59,3.553,,,,,,129.1338387,6.56,C,39910,28,7,3,2011,,295339.01,315273.08,297099.95,301908.3875,9146.053913589112
44,2011-07-22,303108.81,False,78.5,3.563,,,,,,129.1507742,6.56,C,39910,29,7,3,2011,,289201.21,295339.01,292680.16,299144.72250000003,11241.901908642783
44,2011-07-29,279677.0,False,77.62,3.574,,,,,,129.1677097,6.56,C,39910,30,7,3,2011,,303108.81,289201.21,275020.96,300730.5275,11241.821973233658
44,2011-08-05,298080.45,False,75.56,3.595,,,,,,129.1846452,6.56,C,39910,31,8,3,2011,,279677.0,303108.81,296804.49,291831.5075,9901.69418113295
44,2011-08-12,290399.66,False,75.95,3.606,,,,,,129.2015806,6.56,C,39910,32,8,3,2011,,298080.45,279677.0,291028.09,292516.8675,10311.78093626324
44,2011-08-19,290909.69,False,76.68,3.578,,,,,,129.2405806,6.56,C,39910,33,8,3,2011,,290399.66,298080.45,284740.5,292816.48,10200.13709993761
44,2011-08-26,324174.79,False,81.53,3.57,,,,,,129.2832581,6.56,C,39910,34,8,3,2011,,290909.69,290399.66,293155.08,289766.69999999995,7585.678384389306
44,2011-09-02,309543.52,False,77.0,3.58,,,,,,129.3259355,6.56,C,39910,35,9,3,2011,,324174.79,290909.69,295880.12,300891.1475,15913.608770391407
44,2011-09-09,295811.25,True,70.19,3.619,,,,,,129.3686129,6.56,C,39910,36,9,3,2011,Labor Day,309543.52,324174.79,283455.13,303756.915,16266.959030268044
44,2011-09-16,303974.28,False,67.54,3.641,,,,,,129.4306,6.56,C,39910,37,9,3,2011,,295811.25,309543.52,279364.13,305109.8125,14958.14017909568
44,2011-09-23,307409.13,False,63.6,3.648,,,,,,129.5183333,6.56,C,39910,38,9,3,2011,,303974.28,295811.25,281313.78,308375.96,11947.286301763956
44,2011-09-30,299757.75,False,68.28,3.623,,,,,,129.6060667,6.56,C,39910,39,9,3,2011,,307409.13,303974.28,300152.45,304184.545,6035.25315680178
44,2011-10-07,312577.36,False,60.62,3.592,,,,,,129.6938,6.078,C,39910,40,10,4,2011,,299757.75,307409.13,279524.44,301738.1025,5040.185819928844
44,2011-10-14,293031.78,False,51.74,3.567,,,,,,129.7706452,6.078,C,39910,41,10,4,2011,,312577.36,299757.75,268708.43,305929.63,5425.149176436082
44,2011-10-21,305969.81,False,54.66,3.579,,,,,,129.7821613,6.078,C,39910,42,10,4,2011,,293031.78,312577.36,270110.3,303194.005,8580.856507312415
44,2011-10-28,306336.07,False,47.41,3.567,,,,,,129.7936774,6.078,C,39910,43,10,4,2011,,305969.81,293031.78,286497.49,302834.17500000005,8372.83702046998
44,2011-11-04,307126.34,False,43.51,3.538,,,,,,129.8051935,6.078,C,39910,44,11,4,2011,,306336.07,305969.81,270516.84,304478.755,8211.648304265846
44,2011-11-11,312233.56,False,33.8,3.513,48.84,224.31,4.29,,778.47,129.8167097,6.078,C,39910,45,11,4,2011,,307126.34,306336.07,281909.79,303116.0,6740.113803316138
44,2011-11-18,310531.04,False,40.65,3.489,861.43,,,,940.29,129.8268333,6.078,C,39910,46,11,4,2011,,312233.56,307126.34,284322.52,307916.445,2918.2598009804337
44,2011-11-25,309129.01,True,38.89,3.445,,,,,256.45,129.8364,6.078,C,39910,47,11,4,2011,Thanksgiving,310531.04,312233.56,307646.5,309056.7525,2792.5039666118896
44,2011-12-02,284309.34,False,33.94,3.389,60.0,,4.23,,1185.19,129.8459667,6.078,C,39910,48,12,4,2011,,309129.01,310531.04,264214.12,309754.9875,2163.8865212258816
44,2011-12-09,304300.91,False,24.82,3.341,,,0.47,,441.57,129.8555333,6.078,C,39910,49,12,4,2011,,284309.34,309129.01,278253.28,304050.7375,13222.008563946576
44,2011-12-16,311144.16,False,27.85,3.282,29.4,,6.75,,1041.62,129.8980645,6.078,C,39910,50,12,4,2011,,304300.91,284309.34,278646.35,302067.57499999995,12135.853212730935
44,2011-12-23,376233.89,False,24.76,3.186,38.0,,,,746.84,129.9845484,6.078,C,39910,51,12,4,2011,,311144.16,304300.91,365098.24,302220.855,12281.381247308937
44,2011-12-30,263917.85,True,31.53,3.119,409.92,1566.42,,17.64,153.9,130.0710323,6.078,C,39910,52,12,4,2011,Christmas,376233.89,311144.16,241937.11,318997.075,39820.16863549947
44,2012-01-06,325327.93,False,33.8,3.08,1.94,51.41,54.05,,809.1,130.1575161,5.774,C,39910,1,1,1,2012,,263917.85,376233.89,288320.38,313899.2025,46488.229125031314
44,2012-01-13,312361.88,False,25.61,3.056,1074.17,27.6,48.39,,545.15,130.244,5.774,C,39910,2,1,1,2012,,325327.93,263917.85,292859.36,319155.9575,46229.21530222285
44,2012-01-20,316948.39,False,32.71,3.047,378.2,22.42,66.0,,481.09,130.2792258,5.774,C,39910,3,1,1,2012,,312361.88,325327.93,276157.8,319460.3875,46162.83108653983
44,2012-01-27,308295.38,False,34.32,3.058,17.76,12.28,63.36,,224.86,130.3144516,5.774,C,39910,4,1,1,2012,,316948.39,312361.88,276011.4,304639.01249999995,27673.13883855144
44,2012-02-03,325986.05,False,31.39,3.077,1518.53,4.0,77.54,,1177.48,130.3496774,5.774,C,39910,5,2,1,2012,,308295.38,316948.39,293953.08,315733.395,7308.043405537217
44,2012-02-10,325377.97000000003,True,33.73,3.116,2463.16,11.5,76.33,,1635.49,130.3849032,5.774,C,39910,6,2,1,2012,Super Bowl,325986.05,308295.38,307486.73,315897.925,7597.719996833423
44,2012-02-17,320691.21,False,36.57,3.119,98.16,1080.01,17.6,,2583.41,130.4546207,5.774,C,39910,7,2,1,2012,,325377.97000000003,325986.05,280785.76,319151.9475,8330.446900553414
44,2012-02-24,315641.8,False,35.38,3.145,270.59,18.53,,,1148.17,130.5502069,5.774,C,39910,8,2,1,2012,,320691.21,325377.97000000003,279427.93,320087.6525,8209.760952443929
44,2012-03-02,316687.22000000003,False,32.36,3.242,611.06,,3.39,59.19,925.79,130.6457931,5.774,C,39910,9,3,1,2012,,315641.8,320691.21,293984.54,321924.2575,4810.265644855023
44,2012-03-09,303438.24,False,38.24,3.38,2456.13,1.5,0.49,28.06,691.4,130.7413793,5.774,C,39910,10,3,1,2012,,316687.22000000003,315641.8,284496.14,319599.55,4424.451391353345
44,2012-03-16,331965.95,False,52.5,3.529,260.7,,0.99,,469.46,130.8261935,5.774,C,39910,11,3,1,2012,,303438.24,316687.22000000003,281699.68,314114.6175,7442.830452742816
44,2012-03-23,296947.06,False,47.83,3.671,347.09,3.0,0.34,,303.08,130.8966452,5.774,C,39910,12,3,1,2012,,331965.95,303438.24,285031.81,316933.3025,11687.967288946127
44,2012-03-30,310027.29,False,53.2,3.734,87.86,,,2.36,1215.48,130.9670968,5.774,C,39910,13,3,1,2012,,296947.06,331965.95,281514.26,312259.6175,15494.454090489178
44,2012-04-06,320021.1,False,48.85,3.793,253.38,,11.76,,512.25,131.0375484,5.621,C,39910,14,4,2,2012,,310027.29,296947.06,292498.61,310594.635,15215.400947229506
44,2012-04-13,311390.22,False,51.7,3.833,16.49,1118.27,18.08,,1460.89,131.108,5.621,C,39910,15,4,2,2012,,320021.1,310027.29,289667.55,314740.35,14870.795983068632
44,2012-04-20,323233.8,False,50.24,3.845,58.34,0.73,7.7,,402.9,131.1173333,5.621,C,39910,16,4,2,2012,,311390.22,320021.1,280357.3,309596.4175,9523.36825758677
44,2012-04-27,330338.36,False,64.8,3.842,2489.9,,3.98,16.6,821.26,131.1266667,5.621,C,39910,17,4,2,2012,,323233.8,311390.22,281247.97000000003,316168.1025,6462.904667934336
44,2012-05-04,326053.28,False,54.41,3.831,513.1,,8.62,,529.55,131.136,5.621,C,39910,18,5,2,2012,,330338.36,323233.8,299354.67,321245.87,7858.310644583819
44,2012-05-11,341381.08,False,56.47,3.809,529.2,,2.1,,1064.56,131.1453333,5.621,C,39910,19,5,2,2012,,326053.28,330338.36,307095.31,322753.915,8119.38973543035
44,2012-05-18,334042.43,False,65.17,3.808,777.37,,,,1118.23,131.0983226,5.621,C,39910,20,5,2,2012,,341381.08,326053.28,303559.23,330251.63,7973.879441165345
44,2012-05-25,343268.29000000004,False,62.39,3.801,63.04,,,,419.93,131.0287742,5.621,C,39910,21,5,2,2012,,334042.43,341381.08,308442.49,332953.7875,6497.739764425428
44,2012-06-01,323410.94,False,61.11,3.788,375.61,,,,686.9,130.9592258,5.621,C,39910,22,6,2,2012,,343268.29000000004,334042.43,308950.04,336186.27,7840.378275357715
44,2012-06-08,340238.38,False,68.4,3.776,276.3,,31.29,,1225.27,130.8896774,5.621,C,39910,23,6,2,2012,,323410.94,343268.29000000004,308770.42,335525.68500000006,9003.715429421449
44,2012-06-15,338400.82,False,65.97,3.756,3297.48,,9.88,23.04,993.88,130.8295333,5.621,C,39910,24,6,2,2012,,340238.38,323410.94,300255.87,335240.01,8771.12834505926
44,2012-06-22,336241.0,False,72.89,3.737,505.28,,0.79,43.89,1222.4,130.7929,5.621,C,39910,25,6,2,2012,,338400.82,340238.38,296765.59,336329.60750000004,8843.183975774384
44,2012-06-29,338386.08,False,82.0,3.681,174.37,,,,1114.79,130.7562667,5.621,C,39910,26,6,2,2012,,336241.0,338400.82,315273.08,334572.78500000003,7618.454431081732
44,2012-07-06,358461.58,False,79.23,3.63,781.9,,2.87,,1072.0,130.7196333,5.407,C,39910,27,7,3,2012,,338386.08,336241.0,295339.01,338316.57,1634.3473930490338
44,2012-07-13,336479.49,False,83.68,3.595,372.75,,0.63,,411.08,130.683,5.407,C,39910,28,7,3,2012,,358461.58,338386.08,289201.21,342872.37,10442.223483969414
44,2012-07-20,337819.16,False,75.69,3.556,204.26,,1.22,,1140.85,130.7012903,5.407,C,39910,29,7,3,2012,,336479.49,358461.58,303108.81,342392.0375,10755.94985604345
44,2012-07-27,319855.26,False,80.42,3.537,30.51,,,0.41,1736.91,130.7195806,5.407,C,39910,30,7,3,2012,,337819.16,336479.49,279677.0,342786.5775,10480.53228569304
44,2012-08-03,342385.38,False,81.99,3.512,619.96,,1.54,77.58,1429.81,130.737871,5.407,C,39910,31,8,3,2012,,319855.26,337819.16,298080.45,338153.8725,15813.051492828878
44,2012-08-10,333594.81,False,81.69,3.509,84.25,,6.99,4.41,831.23,130.7561613,5.407,C,39910,32,8,3,2012,,342385.38,319855.26,290399.66,334134.8225,9849.693950432867
44,2012-08-17,327389.51,False,79.4,3.545,411.11,,9.77,,689.16,130.7909677,5.407,C,39910,33,8,3,2012,,333594.81,342385.38,290909.69,333413.6525,9725.622788808663
44,2012-08-24,337985.74,False,77.37,3.582,73.93,,87.77,89.76,624.58,130.8381613,5.407,C,39910,34,8,3,2012,,327389.51,333594.81,324174.79,330806.24,9547.261608051376
44,2012-08-31,339490.69,False,79.18,3.624,356.47,,39.11,,795.72,130.8853548,5.407,C,39910,35,8,3,2012,,337985.74,327389.51,309543.52,335338.86,6400.346179952642
44,2012-09-07,338737.33,True,70.65,3.689,282.57,,106.31,,406.52,130.9325484,5.407,C,39910,36,9,3,2012,Labor Day,339490.69,337985.74,295811.25,334615.1875,5427.7906603939655
44,2012-09-14,347726.67,False,68.55,3.749,1020.44,,22.15,,752.67,130.9776667,5.407,C,39910,37,9,3,2012,,338737.33,339490.69,303974.28,335900.8175,5707.370816741462
44,2012-09-21,336017.6,False,67.96,3.821,57.17,,,,854.46,131.0103333,5.407,C,39910,38,9,3,2012,,347726.67,338737.33,307409.13,340985.1075,4536.175249964165
44,2012-09-28,355307.94,False,64.8,3.821,380.96,,,,2022.03,131.043,5.407,C,39910,39,9,3,2012,,336017.6,347726.67,299757.75,340493.0725,5047.844070913312
44,2012-10-05,337390.44,False,61.79,3.815,417.9,,0.02,,496.52,131.0756667,5.217,C,39910,40,10,4,2012,,355307.94,336017.6,312577.36,344447.385,8800.972830098155
44,2012-10-12,337796.13,False,55.1,3.797,69.96,,3.05,,999.62,131.1083333,5.217,C,39910,41,10,4,2012,,337390.44,355307.94,293031.78,344110.6625,9112.511266208932
44,2012-10-19,323766.77,False,52.06,3.781,139.57,,3.5,,472.02,131.1499677,5.217,C,39910,42,10,4,2012,,337796.13,337390.44,305969.81,341628.0275,9151.638997304652
44,2012-10-26,361067.07,False,46.97,3.755,38.65,2.61,0.98,,457.74,131.1930968,5.217,C,39910,43,10,4,2012,,323766.77,337796.13,306336.07,338565.32,12926.515421634916
45,2011-02-04,759442.33,False,28.73,3.231,,,,,,183.4408542,8.549,B,118221,5,2,1,2011,,617207.58,644285.33,890689.51,648941.5525,26044.811839400263
45,2011-02-11,766456.0,True,30.3,3.239,,,,,,183.7016129,8.549,B,118221,6,2,1,2011,Super Bowl,759442.33,617207.58,656988.64,668738.5475,62442.62211010928
45,2011-02-18,802253.41,False,40.7,3.245,,,,,,183.9371353,8.549,B,118221,7,2,1,2011,,766456.0,759442.33,841264.04,696847.8099999999,77176.75510866795
45,2011-02-25,733716.78,False,35.78,3.274,,,,,,184.1625632,8.549,B,118221,8,2,1,2011,,802253.41,766456.0,741891.65,736339.83,81604.33448495655
45,2011-03-04,761880.36,False,38.65,3.433,,,,,,184.3879911,8.549,B,118221,9,3,1,2011,,733716.78,802253.41,777951.22,765467.1300000001,28275.96859689665
45,2011-03-11,714014.73,False,45.01,3.582,,,,,,184.613419,8.549,B,118221,10,3,1,2011,,761880.36,733716.78,765687.4199999999,766076.6375000001,28128.70364770201
45,2011-03-18,733564.77,False,46.66,3.631,,,,,,184.809719,8.549,B,118221,11,3,1,2011,,714014.73,761880.36,773819.49,752966.3200000001,38281.625285636415
45,2011-03-25,719737.25,False,41.76,3.625,,,,,,184.9943679,8.549,B,118221,12,3,1,2011,,733564.77,714014.73,782563.38,735794.16,19698.72321582956
45,2011-04-01,712425.76,False,37.27,3.638,,,,,,185.1790167,8.521,B,118221,13,4,2,2011,,719737.25,733564.77,877235.96,732299.2775000001,21360.17419818209
45,2011-04-08,750182.71,False,48.71,3.72,,,,,,185.3636656,8.521,B,118221,14,4,2,2011,,712425.76,719737.25,833782.7000000001,719935.6275,9613.32436414887
45,2011-04-15,765270.02,False,53.69,3.821,,,,,,185.5339821,8.521,B,118221,15,4,2,2011,,750182.71,712425.76,782221.96,728977.6224999999,16633.763797642063
45,2011-04-22,813630.44,False,53.04,3.892,,,,,,185.6684673,8.521,B,118221,16,4,2,2011,,765270.02,750182.71,749779.1,736903.9349999999,24998.91176930105
45,2011-04-29,786561.61,False,66.18,3.962,,,,,,185.8029526,8.521,B,118221,17,4,2,2011,,813630.44,765270.02,737265.57,760377.2324999999,41885.22206570293
45,2011-05-06,810150.64,False,58.21,4.046,,,,,,185.9374378,8.521,B,118221,18,5,2,2011,,786561.61,813630.44,812190.76,778911.1950000001,27540.04556289159
45,2011-05-13,793889.1,False,60.38,4.066,,,,,,186.0719231,8.521,B,118221,19,5,2,2011,,810150.64,786561.61,758182.2,793903.1775,22560.29879537694
45,2011-05-20,727163.67,False,62.28,4.062,,,,,,185.9661154,8.521,B,118221,20,5,2,2011,,793889.1,810150.64,747888.25,801057.9475,12939.35598545111
45,2011-05-27,817653.25,False,69.7,3.985,,,,,,185.8603077,8.521,B,118221,21,5,2,2011,,727163.67,793889.1,801098.43,779441.255,36219.018489281945
45,2011-06-03,877423.45,False,76.38,3.922,,,,,,185.7545,8.521,B,118221,22,6,2,2011,,817653.25,727163.67,837548.62,787214.165,41244.13690882808
45,2011-06-10,814395.17,False,73.88,3.881,,,,,,185.6486923,8.521,B,118221,23,6,2,2011,,877423.45,817653.25,794698.77,804032.3675,62138.18461441153
45,2011-06-17,811153.67,False,69.32,3.842,,,,,,185.6719333,8.521,B,118221,24,6,2,2011,,814395.17,877423.45,815130.5,809158.885,61867.70572463555
45,2011-06-24,762861.78,False,74.85,3.804,,,,,,185.7919609,8.521,B,118221,25,6,2,2011,,811153.67,814395.17,792299.15,830156.385,31622.8972644314
45,2011-07-01,791495.25,False,74.04,3.748,,,,,,185.9119885,8.625,B,118221,26,7,3,2011,,762861.78,811153.67,800147.84,816458.5175000001,46981.31570201744
45,2011-07-08,768718.11,False,77.49,3.711,,,,,,186.032016,8.625,B,118221,27,7,3,2011,,791495.25,762861.78,787062.0,794976.4675,23680.23026362461
45,2011-07-15,748435.2,False,78.47,3.76,,,,,,186.1399808,8.625,B,118221,28,7,3,2011,,768718.11,791495.25,723708.99,783557.2025,22159.09741895501
45,2011-07-22,741625.25,False,82.33,3.811,,,,,,186.2177885,8.625,B,118221,29,7,3,2011,,748435.2,768718.11,714601.11,767877.585,17904.051837637162
45,2011-07-29,704680.97,False,81.31,3.829,,,,,,186.2955962,8.625,B,118221,30,7,3,2011,,741625.25,748435.2,716859.27,762568.4524999999,22456.954811062817
45,2011-08-05,765996.92,False,78.22,3.842,,,,,,186.3734038,8.625,B,118221,31,8,3,2011,,704680.97,741625.25,746517.3200000001,740864.8825,26726.800979294665
45,2011-08-12,724180.89,False,77.0,3.812,,,,,,186.4512115,8.625,B,118221,32,8,3,2011,,765996.92,704680.97,722262.21,740184.585,25800.074158427688
45,2011-08-19,712362.72,False,72.98,3.747,,,,,,186.5093071,8.625,B,118221,33,8,3,2011,,724180.89,765996.92,708568.29,734121.0075,26063.44309003105
45,2011-08-26,833979.01,False,72.55,3.704,,,,,,186.5641172,8.625,B,118221,34,8,3,2011,,712362.72,724180.89,721744.33,726805.375,27330.96352159008
45,2011-09-02,726482.39,False,70.63,3.703,,,,,,186.6189274,8.625,B,118221,35,9,3,2011,,833979.01,712362.72,790144.7,759129.885,54948.90856242242
45,2011-09-09,746129.56,True,71.48,3.738,,,,,,186.6737376,8.625,B,118221,36,9,3,2011,Labor Day,726482.39,833979.01,721460.22,749251.2525000001,56822.826682029576
45,2011-09-16,711367.56,False,69.17,3.742,,,,,,186.8024,8.625,B,118221,37,9,3,2011,,746129.56,726482.39,716987.5800000001,754738.42,54611.618897748805
45,2011-09-23,714106.42,False,63.75,3.711,,,,,,187.0295321,8.625,B,118221,38,9,3,2011,,711367.56,746129.56,678228.58,754489.63,54870.66829278964
45,2011-09-30,698986.34,False,70.66,3.645,,,,,,187.2566641,8.625,B,118221,39,9,3,2011,,714106.42,711367.56,690007.76,724521.4825,15835.123149553605
45,2011-10-07,753447.05,False,55.82,3.583,,,,,,187.4837962,8.523,B,118221,40,10,4,2011,,698986.34,714106.42,745782.1,717647.47,20095.136462634306
45,2011-10-14,720946.99,False,63.82,3.541,,,,,,187.6917481,8.523,B,118221,41,10,4,2011,,753447.05,698986.34,715263.3,719476.8425,23582.74503946309
45,2011-10-21,771686.4,False,59.6,3.57,,,,,,187.7846197,8.523,B,118221,42,10,4,2011,,720946.99,753447.05,730899.37,721871.7,22962.992633181893
45,2011-10-28,781694.57,False,51.78,3.569,,,,,,187.8774913,8.523,B,118221,43,10,4,2011,,771686.4,720946.99,732859.76,736266.6950000001,32528.133107748738
45,2011-11-04,833429.22,False,43.92,3.551,,,,,,187.9703629,8.523,B,118221,44,11,4,2011,,781694.57,771686.4,764014.0599999999,756943.7525000001,26695.45817227289
45,2011-11-11,808624.8200000001,False,47.65,3.53,23052.25,5449.62,189.24,3355.69,3864.6,188.0632345,8.523,B,118221,45,11,4,2011,,833429.22,781694.57,765648.93,776939.2949999999,46102.98396678761
45,2011-11-18,773603.77,False,51.34,3.53,4240.34,132.96,111.71,270.14,7073.0,188.1983654,8.523,B,118221,46,11,4,2011,,808624.8200000001,833429.22,723987.85,798858.7525000001,27829.47597339373
45,2011-11-25,1170672.94,True,48.71,3.492,140.87,384.82,26961.99,28.59,1110.12,188.3504,8.523,B,118221,47,11,4,2011,Thanksgiving,773603.77,808624.8200000001,1182500.16,799338.0950000001,27215.17666439644
45,2011-12-02,875699.81,False,50.19,3.452,6835.61,120.76,802.79,2490.15,17861.5,188.5024346,8.523,B,118221,48,12,4,2011,,1170672.94,773603.77,879244.9,896582.6875,184367.59257654028
45,2011-12-09,957155.31,False,46.57,3.415,6176.69,2.87,379.57,1593.44,10170.5,188.6544692,8.523,B,118221,49,12,4,2011,,875699.81,1170672.94,1002364.34,907150.335,180716.40858730092
45,2011-12-16,1078905.68,False,39.93,3.413,4631.26,8.92,801.34,848.33,2757.82,188.7979349,8.523,B,118221,50,12,4,2011,,957155.31,875699.81,1123282.85,944282.9575,168575.55655343636
45,2011-12-23,1521957.99,False,42.27,3.389,797.1,89.14,1962.19,17.0,2985.51,188.9299752,8.523,B,118221,51,12,4,2011,,1078905.68,957155.31,1682862.03,1020608.435,130310.8247065998
45,2011-12-30,869403.63,True,37.79,3.389,3604.35,43941.56,287.45,357.43,750.01,189.0620155,8.523,B,118221,52,12,4,2011,Christmas,1521957.99,1078905.68,679156.2,1108429.6975,288053.5003296958
45,2012-01-06,714081.0499999999,False,35.88,3.422,7328.14,33378.79,34.6,1198.48,6819.1,189.1940558,8.424,B,118221,1,1,1,2012,,869403.63,1521957.99,680254.35,1106855.6525,289761.2851381139
45,2012-01-13,676615.53,False,41.18,3.513,3489.73,11219.72,0.92,489.07,9596.29,189.3260962,8.424,B,118221,2,1,1,2012,,714081.0499999999,869403.63,654018.9500000001,1046087.0875,350701.786399049
45,2012-01-20,700392.21,False,31.85,3.533,3205.9,4038.51,2.19,488.63,2344.09,189.4214733,8.424,B,118221,3,1,1,2012,,676615.53,714081.0499999999,644285.33,945514.55,393254.8196532333
45,2012-01-27,624081.64,False,37.93,3.567,1890.49,2618.49,,139.07,5692.74,189.5168505,8.424,B,118221,4,1,1,2012,,700392.21,676615.53,617207.58,740123.105,87565.9729818616
45,2012-02-03,757330.95,False,42.96,3.617,35348.47,4373.64,21.05,38157.91,5908.5,189.6122277,8.424,B,118221,5,2,1,2012,,624081.64,700392.21,759442.33,678792.6075,39622.58040335364
45,2012-02-10,803657.12,True,37.0,3.64,15760.3,6113.95,5.43,5656.35,4685.58,189.7076048,8.424,B,118221,6,2,1,2012,Super Bowl,757330.95,624081.64,766456.0,689605.0825,55272.67329500693
45,2012-02-17,858853.75,False,36.85,3.695,8683.43,7421.99,1.76,9084.92,1995.22,189.8424834,8.424,B,118221,7,2,1,2012,,803657.12,757330.95,802253.41,721365.48,77393.91153023386
45,2012-02-24,753060.78,False,42.86,3.739,9006.21,5786.94,2.0,4291.22,7626.46,190.0069881,8.424,B,118221,8,2,1,2012,,858853.75,803657.12,733716.78,760980.865,100258.1402250482
45,2012-03-02,782796.01,False,41.55,3.816,22832.38,2515.25,4.0,13317.88,2560.48,190.1714927,8.424,B,118221,9,3,1,2012,,753060.78,858853.75,761880.36,793225.6499999999,49387.95179048607
45,2012-03-09,776968.87,False,45.52,3.848,11139.34,678.08,1.99,3267.21,4971.47,190.3359973,8.424,B,118221,10,3,1,2012,,782796.01,753060.78,714014.73,799591.915,44630.85602441751
45,2012-03-16,788340.23,False,50.56,3.862,5811.44,375.7,3.69,3444.05,2706.47,190.4618964,8.424,B,118221,11,3,1,2012,,776968.87,782796.01,733564.77,792919.8525,45800.111098050125
45,2012-03-23,791835.37,False,59.45,3.9,6296.25,334.42,4.56,873.47,1201.57,190.5363213,8.424,B,118221,12,3,1,2012,,788340.23,776968.87,719737.25,775291.4725,15530.674022564968
45,2012-03-30,777254.06,False,50.04,3.953,9866.15,206.18,3.25,1815.37,1561.56,190.6107463,8.424,B,118221,13,3,1,2012,,791835.37,788340.23,712425.76,784985.1200000001,6512.4279862811445
45,2012-04-06,899479.43,False,49.73,3.996,13450.45,,26.59,3363.54,3962.01,190.6851712,8.567,B,118221,14,4,2,2012,,777254.06,791835.37,750182.71,783599.6325000001,7627.449082324552
45,2012-04-13,781970.6,False,51.83,4.044,4736.94,6047.12,16.68,1355.11,2246.12,190.7595962,8.567,B,118221,15,4,2,2012,,899479.43,777254.06,765270.02,814227.2725,57173.6683796009
45,2012-04-20,776661.74,False,63.13,4.027,9210.9,2667.05,6.25,970.33,2568.22,190.8138013,8.567,B,118221,16,4,2,2012,,781970.6,899479.43,813630.44,812634.865,58214.24789153982
45,2012-04-27,711571.88,False,53.2,4.004,2872.86,0.03,37.12,74.97,2495.29,190.8680064,8.567,B,118221,17,4,2,2012,,776661.74,781970.6,786561.61,808841.4575,60471.985086482535
45,2012-05-04,782300.68,False,55.21,3.951,11984.62,,47.52,6150.63,1775.54,190.9222115,8.567,B,118221,18,5,2,2012,,711571.88,776661.74,810150.64,792420.9125000001,78221.16673193731
45,2012-05-11,770487.37,False,61.24,3.889,12611.18,,21.36,1667.39,2313.12,190.9764167,8.567,B,118221,19,5,2,2012,,782300.68,711571.88,793889.1,763126.2250000001,34466.557938490914
45,2012-05-18,800842.28,False,66.3,3.848,6813.74,,13.86,936.49,2941.55,190.9964479,8.567,B,118221,20,5,2,2012,,770487.37,782300.68,727163.67,760255.4175,32812.29795947556
45,2012-05-25,817741.17,False,67.21,3.798,5370.39,,361.22,1287.62,2461.81,191.0028096,8.567,B,118221,21,5,2,2012,,800842.28,770487.37,817653.25,766300.5525,38565.494305537126
45,2012-06-01,837144.63,False,74.48,3.742,10643.62,48.2,201.56,2599.35,1856.97,191.0091712,8.567,B,118221,22,6,2,2012,,817741.17,800842.28,877423.45,792842.875,20775.161880511903
45,2012-06-08,795133.0,False,64.3,3.689,8429.61,148.6,76.15,1465.54,7180.97,191.0155329,8.567,B,118221,23,6,2,2012,,837144.63,817741.17,814395.17,806553.8625,28251.0469496022
45,2012-06-15,821498.18,False,71.93,3.62,8148.19,252.7,90.05,1226.11,2942.39,191.0299731,8.567,B,118221,24,6,2,2012,,795133.0,837144.63,811153.67,812715.27,18904.650316020543
45,2012-06-22,822569.16,False,74.22,3.564,5565.31,222.5,1.16,2149.76,7474.76,191.0646096,8.567,B,118221,25,6,2,2012,,821498.18,795133.0,762861.78,817879.245,17336.49787816229
45,2012-06-29,773367.71,False,75.22,3.506,3291.36,425.6,,314.88,2255.34,191.0992462,8.567,B,118221,26,6,2,2012,,822569.16,821498.18,791495.25,819086.2425,17491.058117222434
45,2012-07-06,843361.1,False,82.99,3.475,5878.09,169.0,64.36,2996.47,5477.04,191.1338827,8.684,B,118221,27,7,3,2012,,773367.71,822569.16,768718.11,803142.0125000001,23558.553406791005
45,2012-07-13,749817.08,False,79.97,3.523,2978.08,118.9,22.07,1899.54,5181.94,191.1685192,8.684,B,118221,28,7,3,2012,,843361.1,773367.71,748435.2,815199.0375000001,29647.70719952864
45,2012-07-20,737613.65,False,78.89,3.567,6682.75,24.24,12.83,2249.85,2288.3,191.1670428,8.684,B,118221,29,7,3,2012,,749817.08,843361.1,741625.25,797278.7625,43156.82940377969
45,2012-07-27,711671.58,False,77.2,3.647,5753.81,167.95,1.23,9181.48,3156.06,191.1655664,8.684,B,118221,30,7,3,2012,,737613.65,749817.08,704680.97,776039.885,47270.48954915495
45,2012-08-03,725729.51,False,76.58,3.654,24853.05,39.56,17.96,11142.69,2768.32,191.16409,8.684,B,118221,31,8,3,2012,,711671.58,737613.65,765996.92,760615.8524999999,57410.895022194665
45,2012-08-10,733037.32,False,78.65,3.722,17868.84,50.6,57.66,2593.93,1890.59,191.1626135,8.684,B,118221,32,8,3,2012,,725729.51,711671.58,724180.89,731207.955,16319.883266097888
45,2012-08-17,722496.9299999999,False,75.71,3.807,3657.79,6.0,0.3,1630.5,3794.22,191.2284919,8.684,B,118221,33,8,3,2012,,733037.32,725729.51,712362.72,727013.015,11338.32330462134
45,2012-08-24,718232.26,False,72.62,3.834,7936.2,58.38,22.0,5518.07,2291.97,191.3448865,8.684,B,118221,34,8,3,2012,,722496.9299999999,733037.32,833979.01,723233.835,8880.042821119168
45,2012-08-31,734297.87,False,75.09,3.867,23641.3,6.0,92.93,6988.31,3992.13,191.461281,8.684,B,118221,35,8,3,2012,,718232.26,722496.9299999999,726482.39,724874.005,6248.596183537061
45,2012-09-07,766512.66,True,75.7,3.911,11024.45,12.8,52.63,1854.77,2055.7,191.5776756,8.684,B,118221,36,9,3,2012,Labor Day,734297.87,718232.26,746129.56,727016.095,7892.1481498080975
45,2012-09-14,702238.27,False,67.87,3.948,11407.95,,4.3,3421.72,5268.92,191.69985,8.684,B,118221,37,9,3,2012,,766512.66,734297.87,711367.56,735384.9299999999,21835.99403527218
45,2012-09-21,723086.2,False,65.32,4.038,8452.2,92.28,63.24,2376.38,8670.4,191.8567038,8.684,B,118221,38,9,3,2012,,702238.27,766512.66,714106.42,730320.2650000001,27449.5240118536
45,2012-09-28,713173.95,False,64.88,3.997,4556.61,20.64,1.5,1601.01,3288.25,192.0135577,8.684,B,118221,39,9,3,2012,,723086.2,702238.27,698986.34,731533.75,26837.478480632843
45,2012-10-05,733455.0700000001,False,64.89,3.985,5046.74,,18.82,2253.43,2340.01,192.1704115,8.667,B,118221,40,10,4,2012,,713173.95,723086.2,753447.05,726252.77,28158.11103524317
45,2012-10-12,734464.36,False,54.47,4.0,1956.28,,7.89,599.32,3990.54,192.3272654,8.667,B,118221,41,10,4,2012,,733455.0700000001,713173.95,720946.99,717988.3724999999,13372.24700072327
45,2012-10-19,718125.53,False,56.47,3.969,2004.02,,3.18,437.73,1537.49,192.3308542,8.667,B,118221,42,10,4,2012,,734464.36,733455.0700000001,771686.4,726044.8949999999,10003.552464212466
45,2012-10-26,760281.43,False,58.85,3.882,4018.91,58.08,100.0,211.94,858.33,192.3088989,8.667,B,118221,43,10,4,2012,,718125.53,734464.36,781694.57,724804.7275,10770.69465263216
