Store,Date,Weekly_Sales,IsHoliday,Type,Size,Temperature,Fuel_Price,CPI,Unemployment,MarkDown1,MarkDown2,MarkDown3,MarkDown4,MarkDown5,Year,WeekOfYear,Month,HolidayName,lag_1,lag_2,lag_52,rolling_mean_4,rolling_std_4
1,2011-02-04,1606629.58,False,A,151315,42.27,2.989,212.5668812,7.742,0.0,0.0,0.0,0.0,0.0,2011,5,2,NoHoliday,1316899.31,1327405.42,1643690.9,1370012.7425,59611.18760559293
1,2011-02-11,1649614.93,True,A,151315,36.39,3.022,212.9367046,7.742,0.0,0.0,0.0,0.0,0.0,2011,6,2,SuperBowl,1606629.58,1316899.31,1641957.44,1410487.0675,134799.0054744623
1,2011-02-18,1686842.78,False,A,151315,57.36,3.045,213.2478853,7.742,0.0,0.0,0.0,0.0,0.0,2011,7,2,NoHoliday,1649614.93,1606629.58,1611968.17,1475137.31,177573.11444171294
1,2011-02-25,1456800.28,False,A,151315,62.9,3.065,213.535609,7.742,0.0,0.0,0.0,0.0,0.0,2011,8,2,NoHoliday,1686842.78,1649614.93,1409727.59,1564996.65,168614.27745161921
1,2011-03-04,1636263.41,False,A,151315,59.58,3.288,213.8233327,7.742,0.0,0.0,0.0,0.0,0.0,2011,9,3,NoHoliday,1456800.28,1686842.78,1554806.68,1599971.8924999998,100918.14784923593
1,2011-03-11,1553191.63,False,A,151315,53.56,3.459,214.1110564,7.742,0.0,0.0,0.0,0.0,0.0,2011,10,3,NoHoliday,1636263.41,1456800.28,1439541.59,1607380.35,102642.78861736725
1,2011-03-18,1576818.06,False,A,151315,62.76,3.488,214.3627114,7.742,0.0,0.0,0.0,0.0,0.0,2011,11,3,NoHoliday,1553191.63,1636263.41,1472515.79,1583274.525,100722.25936899985
1,2011-03-25,1541102.3800000001,False,A,151315,69.97,3.473,214.5999389,7.742,0.0,0.0,0.0,0.0,0.0,2011,12,3,NoHoliday,1576818.06,1553191.63,1404429.92,1555768.3450000002,74663.38536161251
1,2011-04-01,1495064.75,False,A,151315,59.17,3.524,214.8371664,7.682,0.0,0.0,0.0,0.0,0.0,2011,13,4,NoHoliday,1541102.3800000001,1576818.06,1594968.28,1576843.87,42298.79810902568
1,2011-04-08,1614259.35,False,A,151315,67.84,3.622,215.0743939,7.682,0.0,0.0,0.0,0.0,0.0,2011,14,4,NoHoliday,1495064.75,1541102.3800000001,1545418.53,1541544.205,34353.2739930195
1,2011-04-15,1559889.0,False,A,151315,71.27,3.743,215.2918561,7.682,0.0,0.0,0.0,0.0,0.0,2011,15,4,NoHoliday,1614259.35,1495064.75,1466058.28,1556811.135,50859.13716288407
1,2011-04-22,1564819.81,False,A,151315,72.99,3.807,215.4599053,7.682,0.0,0.0,0.0,0.0,0.0,2011,16,4,NoHoliday,1559889.0,1614259.35,1391256.12,1552578.87,49320.392792910316
1,2011-04-29,1455090.69,False,A,151315,72.03,3.81,215.6279544,7.682,0.0,0.0,0.0,0.0,0.0,2011,17,4,NoHoliday,1564819.81,1559889.0,1425100.71,1558508.2275,48904.686563604286
1,2011-05-06,1629391.28,False,A,151315,64.61,3.906,215.7960035,7.682,0.0,0.0,0.0,0.0,0.0,2011,18,5,NoHoliday,1455090.69,1564819.81,1603955.1199999999,1548514.7125,66946.83452985453
1,2011-05-13,1604775.58,False,A,151315,75.64,3.899,215.9640526,7.682,0.0,0.0,0.0,0.0,0.0,2011,19,5,NoHoliday,1629391.28,1455090.69,1494251.5,1552297.695,72127.3271026028
1,2011-05-20,1428218.27,False,A,151315,67.63,3.907,215.7339202,7.682,0.0,0.0,0.0,0.0,0.0,2011,20,5,NoHoliday,1604775.58,1629391.28,1399662.07,1563519.34,77027.38296939961
1,2011-05-27,1466046.67,False,A,151315,77.72,3.786,215.5037878,7.682,0.0,0.0,0.0,0.0,0.0,2011,21,5,NoHoliday,1428218.27,1604775.58,1432069.95,1529368.955,102370.80690586685
1,2011-06-03,1635078.41,False,A,151315,83.0,3.699,215.2736553,7.682,0.0,0.0,0.0,0.0,0.0,2011,22,6,NoHoliday,1466046.67,1428218.27,1615524.71,1532107.9500000002,99836.18093564699
1,2011-06-10,1588948.32,False,A,151315,83.13,3.648,215.0435229,7.682,0.0,0.0,0.0,0.0,0.0,2011,23,6,NoHoliday,1635078.41,1466046.67,1542561.09,1533529.7325,101706.39531884443
1,2011-06-17,1532114.86,False,A,151315,86.41,3.637,214.9980596,7.682,0.0,0.0,0.0,0.0,0.0,2011,24,6,NoHoliday,1588948.32,1635078.41,1503284.06,1529572.9175,98260.19211085125
1,2011-06-24,1438830.15,False,A,151315,83.58,3.594,215.0910982,7.682,0.0,0.0,0.0,0.0,0.0,2011,25,6,NoHoliday,1532114.86,1588948.32,1422711.6,1555547.0650000002,73030.2850635751
1,2011-07-01,1488538.09,False,A,151315,85.55,3.524,215.1841368,7.962,0.0,0.0,0.0,0.0,0.0,2011,26,7,NoHoliday,1438830.15,1532114.86,1492418.1400000001,1548742.9349999998,84513.51057894972
1,2011-07-08,1534849.64,False,A,151315,85.83,3.48,215.2771754,7.962,0.0,0.0,0.0,0.0,0.0,2011,27,7,NoHoliday,1488538.09,1438830.15,1546074.18,1512107.855,63848.50085086218
1,2011-07-15,1455119.97,False,A,151315,88.54,3.575,215.3611087,7.962,0.0,0.0,0.0,0.0,0.0,2011,28,7,NoHoliday,1534849.64,1488538.09,1448938.92,1498583.185,45132.98170164135
1,2011-07-22,1396926.82,False,A,151315,85.77,3.651,215.4222784,7.962,0.0,0.0,0.0,0.0,0.0,2011,29,7,NoHoliday,1455119.97,1534849.64,1385065.2,1479334.4625,42401.189724443255
1,2011-07-29,1352219.79,False,A,151315,86.83,3.682,215.4834482,7.962,0.0,0.0,0.0,0.0,0.0,2011,30,7,NoHoliday,1396926.82,1455119.97,1371986.6,1468858.6300000001,58037.432217442314
1,2011-08-05,1624383.75,False,A,151315,91.65,3.684,215.544618,7.962,0.0,0.0,0.0,0.0,0.0,2011,31,8,NoHoliday,1352219.79,1396926.82,1605491.78,1434779.055,78902.25754504584
1,2011-08-12,1525147.09,False,A,151315,90.76,3.638,215.6057878,7.962,0.0,0.0,0.0,0.0,0.0,2011,32,8,NoHoliday,1624383.75,1352219.79,1508237.76,1457162.5825,119175.53986667727
1,2011-08-19,1530761.43,False,A,151315,89.94,3.554,215.6693107,7.962,0.0,0.0,0.0,0.0,0.0,2011,33,8,NoHoliday,1525147.09,1624383.75,1513080.49,1474669.3625,123828.1060151002
1,2011-08-26,1464693.46,False,A,151315,87.96,3.523,215.7332258,7.962,0.0,0.0,0.0,0.0,0.0,2011,34,8,NoHoliday,1530761.43,1525147.09,1449142.92,1508128.015,113467.60320528761
1,2011-09-02,1550229.22,False,A,151315,87.83,3.533,215.7971409,7.962,0.0,0.0,0.0,0.0,0.0,2011,35,9,NoHoliday,1464693.46,1530761.43,1540163.53,1536246.4324999999,65932.52931605637
1,2011-09-09,1540471.24,True,A,151315,76.0,3.546,215.861056,7.962,0.0,0.0,0.0,0.0,0.0,2011,36,9,LaborDay,1550229.22,1464693.46,1507460.69,1517707.7999999998,36940.95873296593
1,2011-09-16,1514259.78,False,A,151315,79.94,3.526,216.0410526,7.962,0.0,0.0,0.0,0.0,0.0,2011,37,9,NoHoliday,1540471.24,1550229.22,1430378.67,1521538.8375,38721.342383565585
1,2011-09-23,1380020.27,False,A,151315,75.8,3.467,216.3758246,7.962,0.0,0.0,0.0,0.0,0.0,2011,38,9,NoHoliday,1514259.78,1540471.24,1351791.03,1517413.425,38287.85456008462
1,2011-09-30,1394561.83,False,A,151315,79.69,3.355,216.7105965,7.962,0.0,0.0,0.0,0.0,0.0,2011,39,9,NoHoliday,1380020.27,1514259.78,1453329.5,1496245.1275,78957.74497687863
1,2011-10-07,1630989.95,False,A,151315,69.31,3.285,217.0453684,7.866,0.0,0.0,0.0,0.0,0.0,2011,40,10,NoHoliday,1394561.83,1380020.27,1508239.93,1457328.2799999998,81792.63036397487
1,2011-10-14,1493525.93,False,A,151315,71.74,3.274,217.3552733,7.866,0.0,0.0,0.0,0.0,0.0,2011,41,10,NoHoliday,1630989.95,1394561.83,1459409.1,1479957.9575,117285.00580521031
1,2011-10-21,1502562.78,False,A,151315,63.71,3.353,217.5159762,7.866,0.0,0.0,0.0,0.0,0.0,2011,42,10,NoHoliday,1493525.93,1630989.95,1345454.0,1474774.495,115711.3066747992
1,2011-10-28,1445249.09,False,A,151315,66.57,3.372,217.6766791,7.866,0.0,0.0,0.0,0.0,0.0,2011,43,10,NoHoliday,1502562.78,1493525.93,1384209.22,1505410.1225,96965.59255011322
1,2011-11-04,1697229.58,False,A,151315,54.98,3.332,217.837382,7.866,0.0,0.0,0.0,0.0,0.0,2011,44,11,NoHoliday,1445249.09,1502562.78,1551659.28,1518081.9375,79365.57758354115
1,2011-11-11,1594938.8900000001,False,A,151315,59.11,3.297,217.9980849,7.866,747568.7999999999,440328.24,15485.039999999999,173276.63999999998,471702.24,2011,45,11,NoHoliday,1697229.58,1445249.09,1494479.49,1534641.8450000002,111273.56843455776
1,2011-11-18,1539483.7,False,A,151315,62.25,3.308,218.2205088,7.866,437336.64,18316.079999999998,3742.56,30772.079999999998,431177.04,2011,46,11,NoHoliday,1594938.8900000001,1697229.58,1483784.18,1559995.0850000002,110332.05812747702
1,2011-11-25,2033320.66,True,A,151315,60.14,3.236,218.4676211,7.866,29952.63,7154.0,4073802.23,584.0,40509.159999999996,2011,47,11,Thanksgiving,1539483.7,1594938.8900000001,1955624.11,1569225.3150000002,105358.03691148967
1,2011-12-02,1584083.95,False,A,151315,48.91,3.172,218.7147333,7.866,410954.23000000004,4964.0,102062.03,152178.72,1494698.3599999999,2011,48,12,NoHoliday,2033320.66,1539483.7,1548033.78,1716243.2075,221252.71361829664
1,2011-12-09,1799682.38,False,A,151315,43.93,3.158,218.9618456,7.866,338767.44999999995,1387.0,7666.46,265677.66000000003,1055712.8599999999,2011,49,12,NoHoliday,1584083.95,2033320.66,1682614.26,1687956.7999999998,231489.63818826276
1,2011-12-16,1881176.67,False,A,151315,51.63,3.159,219.1794533,7.866,360815.04,4824.0,25010.64,16256.88,288818.64,2011,50,12,NoHoliday,1799682.38,1584083.95,1891034.93,1739142.6724999999,226651.46314464236
1,2011-12-23,2270188.99,False,A,151315,47.96,3.112,219.3577216,7.866,201676.64,2995.52,46967.8,1842.6,202717.81999999998,2011,51,12,NoHoliday,1881176.67,1799682.38,2387950.2,1824565.9149999998,187291.29446403368
1,2011-12-30,1497462.72,True,A,151315,44.55,3.129,219.5359898,7.866,420633.30000000005,3358830.7399999998,19006.280000000002,71806.45,345711.94,2011,52,12,Christmas,2270188.99,1881176.67,1367320.01,1883782.9975,286477.93220376415
1,2012-01-06,1550369.92,False,A,151315,49.01,3.157,219.7142581,7.348,451972.08,1570547.52,10303.199999999999,104409.36000000002,610776.0,2012,1,1,NoHoliday,1497462.72,2270188.99,1444732.28,1862127.69,318201.6369551573
1,2012-01-13,1459601.17,False,A,151315,48.53,3.261,219.8925263,7.348,368013.59,569836.77,2999.04,32168.68,264075.98,2012,2,1,NoHoliday,1550369.92,1497462.72,1391013.96,1799799.575,356609.57176319556
1,2012-01-20,1394393.84,False,A,151315,54.11,3.268,219.9856893,7.348,302210.51,204924.87,2473.2400000000002,36545.26,248215.33000000002,2012,3,1,NoHoliday,1459601.17,1550369.92,1327405.42,1694405.7,385656.3269904229
1,2012-01-27,1319325.59,False,A,151315,54.26,3.29,220.0788523,7.348,81512.2,75791.8,3080.0,770.0,85553.3,2012,4,1,NoHoliday,1394393.84,1459601.17,1316899.31,1475456.9125,65622.25371977448
1,2012-02-03,1636339.65,False,A,151315,56.55,3.36,220.1720153,7.348,2489548.32,257703.12,11558.16,2333078.64,405388.8,2012,5,2,NoHoliday,1319325.59,1394393.84,1606629.58,1430922.6300000001,98112.80171397998
1,2012-02-10,1802477.43,True,A,151315,48.02,3.409,220.2651783,7.348,1016529.38,505687.79,7419.72,618447.24,502680.92,2012,6,2,SuperBowl,1636339.65,1319325.59,1649614.93,1452415.0625,135350.36507618325
1,2012-02-17,1819870.0,False,A,151315,45.32,3.51,220.4257586,7.348,720753.09,807545.7100000001,715.4000000000001,613879.63,248394.18,2012,7,2,NoHoliday,1802477.43,1636339.65,1686842.78,1538134.1275,222156.21572786308
1,2012-02-24,1539387.83,False,A,151315,57.25,3.555,220.636902,7.348,673171.92,544032.72,230.4,87834.24,586338.48,2012,8,2,NoHoliday,1819870.0,1802477.43,1456800.28,1644503.1675,232031.96150547982
1,2012-03-02,1688420.76,False,A,151315,60.96,3.63,220.8480454,7.348,1111780.8,112968.0,777.6,1828143.36,580867.9199999999,2012,9,3,NoHoliday,1539387.83,1819870.0,1636263.41,1699518.7275,135053.59847206005
1,2012-03-09,1675431.16,False,A,151315,58.76,3.669,221.0591887,7.348,733503.8400000001,10783.48,426.0,47671.53,391198.64,2012,10,3,NoHoliday,1688420.76,1539387.83,1553191.63,1712539.0050000001,129321.15310977967
1,2012-03-16,1677472.78,False,A,151315,64.74,3.734,221.2118132,7.348,309467.52,540.0,145.44,196174.80000000002,145273.68,2012,11,3,NoHoliday,1675431.16,1688420.76,1576818.06,1680777.4375,114636.76710050243
1,2012-03-23,1511068.07,False,A,151315,65.93,3.787,221.2864126,7.348,434417.76,673.08,352.87,30297.120000000003,259662.62,2012,12,3,NoHoliday,1677472.78,1675431.16,1541102.3800000001,1645178.1324999998,70757.10297962661
1,2012-03-30,1649604.63,False,A,151315,67.61,3.845,221.3610119,7.348,731980.18,35.5,727.75,117446.07,187637.38,2012,13,3,NoHoliday,1511068.07,1677472.78,1495064.75,1638098.1925,84878.5827428539
1,2012-04-06,1899676.8800000001,False,A,151315,70.43,3.891,221.4356112,7.143,728781.84,0.0,5614.56,270042.48,324771.84,2012,14,4,NoHoliday,1649604.63,1511068.07,1614259.35,1628394.16,79239.05969156805
1,2012-04-13,1621031.7,False,A,151315,69.07,3.891,221.5102105,7.143,439219.49,233496.99,1211.97,129401.05,75528.38,2012,15,4,NoHoliday,1899676.8800000001,1649604.63,1559889.0,1684455.59,160879.64943753264
1,2012-04-20,1521577.8699999999,False,A,151315,66.76,3.877,221.5640737,7.143,158386.80000000002,43453.42,1402.25,19534.23,408044.10000000003,2012,16,4,NoHoliday,1621031.7,1899676.8800000001,1564819.81,1670345.32,164138.37264005298
1,2012-04-27,1468928.3699999999,False,A,151315,67.23,3.814,221.6179368,7.143,228708.75,0.0,2519.79,40976.94,441779.75,2012,17,4,NoHoliday,1521577.8699999999,1621031.7,1455090.69,1672972.77,160788.79931627153
1,2012-05-04,1684519.99,False,A,151315,75.55,3.749,221.6718,7.143,1511599.23,0.0,4962.19,353391.85000000003,231533.84,2012,18,5,NoHoliday,1468928.3699999999,1521577.8699999999,1629391.28,1627803.705,191908.12335516923
1,2012-05-11,1611096.05,False,A,151315,73.77,3.688,221.7256632,7.143,592949.4,0.0,746.92,173462.94,222079.48,2012,19,5,NoHoliday,1684519.99,1468928.3699999999,1604775.58,1574014.4825,96978.99308632321
1,2012-05-18,1595901.87,False,A,151315,70.33,3.63,221.742674,7.143,430789.80000000005,0.0,3157.7,117284.3,385572.60000000003,2012,20,5,NoHoliday,1611096.05,1684519.99,1428218.27,1571530.5699999998,95489.12664398938
1,2012-05-25,1555444.55,False,A,151315,77.22,3.561,221.744944,7.143,286796.69,0.0,52908.490000000005,101527.16,257810.23,2012,21,5,NoHoliday,1595901.87,1611096.05,1466046.67,1590111.5699999998,89577.14311157617
1,2012-06-01,1624477.58,False,A,151315,77.95,3.501,221.7472139,7.143,432120.91,852.0,26306.21,10561.25,262050.35,2012,22,6,NoHoliday,1555444.55,1595901.87,1635078.41,1611740.6150000002,53905.36666878208
1,2012-06-08,1697230.96,False,A,151315,78.3,3.452,221.7494839,7.143,634594.32,8409.6,4647.599999999999,190946.88,515657.52,2012,23,6,NoHoliday,1624477.58,1555444.55,1588948.32,1596730.0125000002,29896.9662310198
1,2012-06-15,1630607.0,False,A,151315,79.35,3.393,221.7626421,7.143,399161.29,7781.599999999999,17.75,171839.88,218911.46000000002,2012,24,6,NoHoliday,1697230.96,1624477.58,1532114.86,1618263.74,59779.420941283046
1,2012-06-22,1527845.81,False,A,151315,78.39,3.346,221.8030211,7.143,612343.76,12158.75,216.54999999999998,179208.97,501521.28,2012,25,6,NoHoliday,1630607.0,1697230.96,1438830.15,1626940.0225,57942.295517974126
1,2012-06-29,1540421.49,False,A,151315,84.88,3.286,221.8434,7.143,273635.37,11150.4,0.0,30083.31,290694.93,2012,26,6,NoHoliday,1527845.81,1630607.0,1488538.09,1620040.3375,69736.56759614902
1,2012-07-06,1769854.16,False,A,151315,81.57,3.227,221.8837789,6.908,855313.2000000001,6608.0,13498.1,284620.7,430432.8,2012,27,7,NoHoliday,1540421.49,1527845.81,1534849.64,1599026.315,79880.49776589061
1,2012-07-13,1527014.04,False,A,151315,77.12,3.256,221.9241579,6.908,512487.23,3209.2000000000003,2573.04,277565.98,184342.27,2012,28,7,NoHoliday,1769854.16,1540421.49,1455119.97,1617182.115,111597.71473643955
1,2012-07-20,1497954.76,False,A,151315,80.42,3.311,221.9327267,6.908,231336.0,22587.840000000004,686.16,162865.44,232429.68,2012,29,7,NoHoliday,1527014.04,1769854.16,1396926.82,1591283.875,119204.76594882073
1,2012-07-27,1439123.71,False,A,151315,82.66,3.407,221.9412954,6.908,514576.8,28009.44,114.48,739262.8800000001,311413.68,2012,30,7,NoHoliday,1497954.76,1527014.04,1352219.79,1583811.1125,125288.86033609536
1,2012-08-03,1631135.79,False,A,151315,86.11,3.417,221.9498642,6.908,1958519.38,8518.58,2146.33,852499.8400000001,330981.41,2012,31,8,NoHoliday,1439123.71,1497954.76,1624383.75,1558486.6675,145577.43714397665
1,2012-08-10,1592409.97,False,A,151315,85.05,3.494,221.9584329,6.908,823407.84,17640.0,493.2,501426.72000000003,348207.84,2012,32,8,NoHoliday,1631135.79,1439123.71,1525147.09,1523807.075,80352.04246863497
1,2012-08-17,1597868.05,False,A,151315,84.85,3.571,222.0384109,6.908,263668.32,9925.920000000002,348.48,198158.4,248122.80000000002,2012,33,8,NoHoliday,1592409.97,1631135.79,1530761.43,1540156.0574999999,87552.39926157062
1,2012-08-24,1494122.38,False,A,151315,77.66,3.62,222.1719457,6.908,442885.93,18464.26,210.87,245875.13,567165.75,2012,34,8,NoHoliday,1597868.05,1592409.97,1464693.46,1565134.38,85732.77482455352
1,2012-08-31,1582083.4,False,A,151315,80.49,3.638,222.3054805,6.908,1543876.56,7367.039999999999,1562.3999999999999,951094.08,218373.12,2012,35,8,NoHoliday,1494122.38,1597868.05,1550229.22,1578884.0474999999,59042.71843917077
1,2012-09-07,1661767.33,True,A,151315,83.96,3.73,222.4390153,6.908,379941.64,2609.02,3718.62,300783.36,199813.41,2012,36,9,LaborDay,1582083.4,1494122.38,1540471.24,1566620.95,48773.57489124817
1,2012-09-14,1517428.87,False,A,151315,74.97,3.717,222.5820193,6.908,1239301.44,504.0,1352.8799999999999,109663.92,575475.84,2012,37,9,NoHoliday,1661767.33,1582083.4,1514259.78,1583960.29,69093.49716391099
1,2012-09-21,1506126.06,False,A,151315,69.87,3.721,222.7818386,6.908,451013.3,542.4399999999999,332.99,71714.26,458426.41,2012,38,9,NoHoliday,1517428.87,1661767.33,1380020.27,1563850.4949999999,75137.92360330632
1,2012-09-28,1437059.26,False,A,151315,76.08,3.666,222.9816579,6.908,267637.71,557.72,120.44999999999999,103511.08,346332.44,2012,39,9,NoHoliday,1506126.06,1517428.87,1394561.83,1566851.415,71580.26027120248
1,2012-10-05,1670785.97,False,A,151315,68.55,3.617,223.1814772,6.573,581608.0800000001,0.0,1311.84,260454.96,261082.08,2012,40,10,NoHoliday,1437059.26,1506126.06,1630989.95,1530595.3800000001,94387.83611302605
1,2012-10-12,1573072.81,False,A,151315,62.99,3.601,223.3812965,6.573,152291.13999999998,0.0,592.03,43972.28,432630.85,2012,41,10,NoHoliday,1670785.97,1437059.26,1493525.93,1532850.04,98580.21760505765
1,2012-10-19,1508068.77,False,A,151315,67.97,3.594,223.4257233,6.573,67473.43000000001,0.0,350.03,5697.75,164212.35,2012,42,10,NoHoliday,1573072.81,1670785.97,1502562.78,1546761.025,99599.48901609986
1,2012-10-26,1493659.74,False,A,151315,69.16,3.506,223.4442513,6.573,186181.19999999998,2286.0,432.0,76115.52,93960.72,2012,43,10,NoHoliday,1508068.77,1573072.81,1445249.09,1547246.7025,99339.68881687784
2,2011-02-04,1929346.23,False,A,202307,38.25,2.989,212.2240646,8.028,0.0,0.0,0.0,0.0,0.0,2011,5,2,NoHoliday,1695371.68,1751384.9,2136989.46,1737250.2374999998,28486.694272070912
2,2011-02-11,2168041.61,True,A,202307,33.19,3.022,212.5928624,8.028,0.0,0.0,0.0,0.0,0.0,2011,6,2,SuperBowl,1929346.23,1695371.68,2137809.5,1780074.0975,102578.67007116538
2,2011-02-18,2080884.82,False,A,202307,57.83,3.045,212.9033115,8.028,0.0,0.0,0.0,0.0,0.0,2011,7,2,NoHoliday,2168041.61,1929346.23,2124451.54,1886036.105,212827.58416642874
2,2011-02-25,1833511.08,False,A,202307,60.8,3.065,213.190421,8.028,0.0,0.0,0.0,0.0,0.0,2011,8,2,NoHoliday,2080884.82,2168041.61,1865097.27,1968411.085,207025.97836628405
2,2011-03-04,1981607.78,False,A,202307,57.77,3.288,213.4775305,8.028,0.0,0.0,0.0,0.0,0.0,2011,9,3,NoHoliday,1833511.08,2080884.82,1991013.13,2002945.935,149951.25692893984
2,2011-03-11,1879107.31,False,A,202307,52.7,3.459,213.7646401,8.028,0.0,0.0,0.0,0.0,0.0,2011,10,3,NoHoliday,1981607.78,1833511.08,1990483.78,2016011.3225,143540.6112619038
2,2011-03-18,1902557.66,False,A,202307,62.32,3.488,214.0156238,8.028,0.0,0.0,0.0,0.0,0.0,2011,11,3,NoHoliday,1879107.31,1981607.78,1946070.8800000001,1943777.7475,110409.03365285092
2,2011-03-25,1766162.05,False,A,202307,69.42,3.473,214.2521573,8.028,0.0,0.0,0.0,0.0,0.0,2011,12,3,NoHoliday,1902557.66,1879107.31,1750197.81,1899195.9575,61970.60169155681
2,2011-04-01,1800171.3599999999,False,A,202307,55.43,3.524,214.4886908,7.931,0.0,0.0,0.0,0.0,0.0,2011,13,4,NoHoliday,1766162.05,1902557.66,2066187.72,1882358.7000000002,89014.25143216172
2,2011-04-08,1847552.61,False,A,202307,67.0,3.622,214.7252242,7.931,0.0,0.0,0.0,0.0,0.0,2011,14,4,NoHoliday,1800171.3599999999,1766162.05,1954689.21,1836999.595,64408.06425676331
2,2011-04-15,1856467.84,False,A,202307,69.48,3.743,214.9420631,7.931,0.0,0.0,0.0,0.0,0.0,2011,15,4,NoHoliday,1847552.61,1800171.3599999999,1874957.94,1829110.9200000002,59258.130001873025
2,2011-04-22,1886339.6,False,A,202307,69.39,3.807,215.1096657,7.931,0.0,0.0,0.0,0.0,0.0,2011,16,4,NoHoliday,1856467.84,1847552.61,1821990.93,1817588.465,42259.0719739857
2,2011-04-29,1745545.28,False,A,202307,69.21,3.81,215.2772683,7.931,0.0,0.0,0.0,0.0,0.0,2011,17,4,NoHoliday,1886339.6,1856467.84,1802450.29,1847632.8525,35725.19659541191
2,2011-05-06,1837743.6,False,A,202307,61.48,3.906,215.4448709,7.931,0.0,0.0,0.0,0.0,0.0,2011,18,5,NoHoliday,1745545.28,1886339.6,2042581.71,1833976.3325,61243.084099121625
2,2011-05-13,1838513.07,False,A,202307,74.61,3.899,215.6124735,7.931,0.0,0.0,0.0,0.0,0.0,2011,19,5,NoHoliday,1837743.6,1745545.28,1880752.36,1831524.08,60712.35150082945
2,2011-05-20,1688281.8599999999,False,A,202307,67.14,3.907,215.3834778,7.931,0.0,0.0,0.0,0.0,0.0,2011,20,5,NoHoliday,1838513.07,1837743.6,1896937.1,1827035.3875000002,58889.81307245234
2,2011-05-27,1797732.56,False,A,202307,76.42,3.786,215.1544822,7.931,0.0,0.0,0.0,0.0,0.0,2011,21,5,NoHoliday,1688281.8599999999,1838513.07,1957113.89,1777520.9525000001,73785.420716871
2,2011-06-03,1933756.21,False,A,202307,83.07,3.699,214.9254865,7.931,0.0,0.0,0.0,0.0,0.0,2011,22,6,NoHoliday,1797732.56,1688281.8599999999,2102539.93,1790567.7725,70800.31150721021
2,2011-06-10,1929153.1600000001,False,A,202307,83.4,3.648,214.6964908,7.931,0.0,0.0,0.0,0.0,0.0,2011,23,6,NoHoliday,1933756.21,1797732.56,2025538.76,1814570.9249999998,101670.73807505996
2,2011-06-17,1953771.99,False,A,202307,86.53,3.637,214.6513538,7.931,0.0,0.0,0.0,0.0,0.0,2011,24,6,NoHoliday,1929153.1600000001,1933756.21,2001636.96,1837230.9474999998,117633.28997889202
2,2011-06-24,1790925.8,False,A,202307,85.17,3.594,214.7441108,7.931,0.0,0.0,0.0,0.0,0.0,2011,25,6,NoHoliday,1953771.99,1929153.1600000001,1939927.09,1903603.48,71385.1160299387
2,2011-07-01,1866243.0,False,A,202307,85.69,3.524,214.8368678,7.852,0.0,0.0,0.0,0.0,0.0,2011,26,7,NoHoliday,1790925.8,1953771.99,2003940.64,1901901.79,74751.87677674067
2,2011-07-08,1853161.99,False,A,202307,87.7,3.48,214.9296249,7.852,0.0,0.0,0.0,0.0,0.0,2011,27,7,NoHoliday,1866243.0,1790925.8,1880902.6199999999,1885023.4875000003,72757.28163910683
2,2011-07-15,1785187.29,False,A,202307,89.83,3.575,215.0134426,7.852,0.0,0.0,0.0,0.0,0.0,2011,28,7,NoHoliday,1853161.99,1866243.0,1845879.79,1866025.695,67094.28351961182
2,2011-07-22,1743816.41,False,A,202307,89.34,3.651,215.0749122,7.852,0.0,0.0,0.0,0.0,0.0,2011,29,7,NoHoliday,1785187.29,1853161.99,1781717.71,1823879.52,41773.85071718576
2,2011-07-29,1680693.06,False,A,202307,90.07,3.682,215.1363819,7.852,0.0,0.0,0.0,0.0,0.0,2011,30,7,NoHoliday,1743816.41,1785187.29,1804246.16,1812102.1724999999,57747.998740839415
2,2011-08-05,1876704.26,False,A,202307,93.34,3.684,215.1978515,7.852,0.0,0.0,0.0,0.0,0.0,2011,31,8,NoHoliday,1680693.06,1743816.41,1991909.98,1765714.6875,72421.04819012313
2,2011-08-12,1812768.26,False,A,202307,91.58,3.638,215.2593211,7.852,0.0,0.0,0.0,0.0,0.0,2011,32,8,NoHoliday,1876704.26,1680693.06,1895601.05,1771600.2550000001,82193.91610268643
2,2011-08-19,1844094.59,False,A,202307,89.86,3.554,215.3229307,7.852,0.0,0.0,0.0,0.0,0.0,2011,33,8,NoHoliday,1812768.26,1876704.26,1964335.23,1778495.4975,84828.33483363104
2,2011-08-26,1821139.91,False,A,202307,90.45,3.523,215.386897,7.852,0.0,0.0,0.0,0.0,0.0,2011,34,8,NoHoliday,1844094.59,1812768.26,1863840.49,1803565.0425,85973.27618297524
2,2011-09-02,1809119.7,False,A,202307,89.64,3.533,215.4508632,7.852,0.0,0.0,0.0,0.0,0.0,2011,35,9,NoHoliday,1821139.91,1844094.59,1904608.09,1838676.755,28602.069379293065
2,2011-09-09,1748000.65,True,A,202307,77.97,3.546,215.5148295,7.852,0.0,0.0,0.0,0.0,0.0,2011,36,9,LaborDay,1809119.7,1821139.91,1839128.83,1821780.615,15703.983512508978
2,2011-09-16,1691439.52,False,A,202307,78.85,3.526,215.6944378,7.852,0.0,0.0,0.0,0.0,0.0,2011,37,9,NoHoliday,1748000.65,1809119.7,1793903.5999999999,1805588.7125,41042.23499827475
2,2011-09-23,1669299.78,False,A,202307,75.58,3.467,216.0282356,7.852,0.0,0.0,0.0,0.0,0.0,2011,38,9,NoHoliday,1691439.52,1748000.65,1724557.22,1767424.945,59930.06509852974
2,2011-09-30,1650394.44,False,A,202307,78.14,3.355,216.3620333,7.852,0.0,0.0,0.0,0.0,0.0,2011,39,9,NoHoliday,1669299.78,1691439.52,1827440.43,1729464.9125,62594.54816479415
2,2011-10-07,1837553.43,False,A,202307,69.92,3.285,216.6958311,7.441,0.0,0.0,0.0,0.0,0.0,2011,40,10,NoHoliday,1650394.44,1669299.78,1849921.44,1689783.5975,42281.042990331574
2,2011-10-14,1743882.19,False,A,202307,71.67,3.274,217.0048261,7.441,0.0,0.0,0.0,0.0,0.0,2011,41,10,NoHoliday,1837553.43,1650394.44,1794355.49,1712171.7925,85254.19419381241
2,2011-10-21,1834680.25,False,A,202307,64.53,3.353,217.1650042,7.441,0.0,0.0,0.0,0.0,0.0,2011,42,10,NoHoliday,1743882.19,1837553.43,1737947.64,1725282.46,85035.28024751502
2,2011-10-28,1769296.25,False,A,202307,65.87,3.372,217.3251824,7.441,0.0,0.0,0.0,0.0,0.0,2011,43,10,NoHoliday,1834680.25,1743882.19,1802755.11,1766627.5775000001,88861.57342156106
2,2011-11-04,1959707.9,False,A,202307,55.53,3.332,217.4853605,7.441,0.0,0.0,0.0,0.0,0.0,2011,44,11,NoHoliday,1769296.25,1834680.25,1939061.41,1796353.03,47087.53248778836
2,2011-11-11,1920725.15,False,A,202307,59.33,3.297,217.6455387,7.441,777430.08,1472040.0,31919.04,342293.04,344675.52,2011,45,11,NoHoliday,1959707.9,1769296.25,1916812.74,1826891.6475,96451.4024516613
2,2011-11-18,1902762.5,False,A,202307,62.01,3.308,217.8670218,7.441,473837.16000000003,88896.48,11104.76,63788.86,558918.66,2011,46,11,NoHoliday,1920725.15,1959707.9,1956739.17,1871102.3875,85643.48026608031
2,2011-11-25,2614202.3,True,A,202307,56.36,3.236,218.1130269,7.441,67138.83,4526.0,5653941.9799999995,1679.0,116028.39,2011,47,11,Thanksgiving,1902762.5,1920725.15,2658725.29,1888122.95,82707.13304271779
2,2011-12-02,1954952.0,False,A,202307,48.74,3.172,218.3590319,7.441,568780.29,5926.37,134706.17,315524.0,2004964.03,2011,48,12,NoHoliday,2614202.3,1902762.5,2015781.27,2099349.4625,344057.3058374228
2,2011-12-09,2290549.32,False,A,202307,41.76,3.158,218.605037,7.441,837499.0700000001,2920.0,22369.39,303720.15,649632.84,2011,49,12,NoHoliday,1954952.0,2614202.3,2378726.55,2098160.4875,344708.32871337887
2,2011-12-16,2432736.52,False,A,202307,50.13,3.159,218.8217928,7.441,358344.58999999997,4455.1900000000005,24928.77,34295.4,346331.71,2011,50,12,NoHoliday,2290549.32,1954952.0,2609166.75,2190616.53,330559.7174243704
2,2011-12-23,3224369.8,False,A,202307,46.66,3.112,218.9995495,7.441,219856.96,1123.32,111129.5,6568.240000000001,476383.13999999996,2011,51,12,NoHoliday,2432736.52,2290549.32,3436007.68,2323110.035,278898.5549458543
2,2011-12-30,1874226.52,True,A,202307,44.57,3.129,219.1773063,7.441,607465.12,6754247.62,10185.69,110624.20000000001,221021.37,2011,52,12,Christmas,3224369.8,2432736.52,1750434.55,2475651.91,537838.7535943023
2,2012-01-06,1799520.1400000001,False,A,202307,46.75,3.157,219.355063,7.057,423843.84,2696708.88,8723.52,172002.24,511485.84,2012,1,1,NoHoliday,1874226.52,3224369.8,1758050.79,2455470.54,564731.9503640508
2,2012-01-13,1744725.48,False,A,202307,45.99,3.261,219.5328198,7.057,313445.12,858576.73,6984.98,50280.78,301437.60000000003,2012,2,1,NoHoliday,1799520.1400000001,1874226.52,1744193.58,2332713.245,658169.4391357894
2,2012-01-20,1711769.11,False,A,202307,51.7,3.268,219.6258417,7.057,471762.72000000003,313609.68,7629.84,122623.2,243074.16,2012,3,1,NoHoliday,1744725.48,1799520.1400000001,1751384.9,2160710.485,711089.8185870426
2,2012-01-27,1660906.1400000001,False,A,202307,50.5,3.29,219.7188636,7.057,138250.80000000002,108544.31999999999,6198.4800000000005,3124.7999999999997,188174.16,2012,4,1,NoHoliday,1711769.11,1744725.48,1695371.68,1782560.3125,71023.935514647
2,2012-02-03,1935299.94,False,A,202307,55.21,3.36,219.8118854,7.057,5485934.67,278776.05,16162.2,3515669.7800000003,541923.53,2012,5,2,NoHoliday,1660906.1400000001,1711769.11,1929346.23,1729230.2175000003,58177.44753870801
2,2012-02-10,2103322.68,True,A,202307,46.98,3.409,219.9049073,7.057,986294.97,487232.66000000003,6867.11,1030387.7,699181.59,2012,6,2,SuperBowl,1935299.94,1660906.1400000001,2168041.61,1763175.1675,119817.72964315137
2,2012-02-17,2196688.46,False,A,202307,43.82,3.51,220.0651993,7.057,1017805.42,1041946.52,1150.48,359681.22000000003,485455.83999999997,2012,7,2,NoHoliday,2103322.68,1935299.94,2080884.82,1852824.4675,205167.26212178447
2,2012-02-24,1861802.7,False,A,202307,54.63,3.555,220.275944,7.057,926433.56,856196.1,724.1999999999999,376280.82999999996,736982.13,2012,8,2,NoHoliday,2196688.46,2103322.68,1833511.08,1974054.3050000002,235116.95940327755
2,2012-03-02,1952555.66,False,A,202307,58.79,3.63,220.4866886,7.057,1720891.44,154418.4,648.0,705573.36,354926.16,2012,9,3,NoHoliday,1861802.7,2196688.46,1981607.78,2024278.445,153067.2471218422
2,2012-03-09,1937628.26,False,A,202307,57.11,3.669,220.6974332,7.057,836728.61,26150.72,213.0,177370.07,549966.0,2012,10,3,NoHoliday,1952555.66,1861802.7,1879107.31,2028592.375,149934.7524673304
2,2012-03-16,1976082.13,False,A,202307,63.68,3.734,220.8498468,7.057,423585.29,16359.82,213.0,188204.67,147240.51,2012,11,3,NoHoliday,1937628.26,1952555.66,1902557.66,1987168.77,145221.07459533945
2,2012-03-23,1790439.16,False,A,202307,64.01,3.787,220.9244858,7.057,426637.57999999996,9935.03,470.73,117184.79,373678.68,2012,12,3,NoHoliday,1976082.13,1937628.26,1766162.05,1932017.1875,49413.58247706233
2,2012-03-30,1857480.84,False,A,202307,66.83,3.845,220.9991248,7.057,1020220.2999999999,11698.67,1207.0,72229.01,246404.78999999998,2012,13,3,NoHoliday,1790439.16,1976082.13,1800171.3599999999,1914176.3024999998,83996.39140110472
2,2012-04-06,2129035.91,False,A,202307,68.43,3.891,221.0737638,6.891,885679.0700000001,94.9,2378.3399999999997,355852.37,404064.49,2012,14,4,NoHoliday,1857480.84,1790439.16,1847552.61,1890407.5975,82961.38929584656
2,2012-04-13,1935869.1,False,A,202307,68.08,3.891,221.1484028,6.891,656564.92,479834.83999999997,1475.3300000000002,303840.6,143545.74000000002,2012,15,4,NoHoliday,2129035.91,1857480.84,1856467.84,1938259.51,148551.04036628688
2,2012-04-20,1847344.45,False,A,202307,65.69,3.877,221.2021074,6.891,526393.4400000001,161006.4,2414.16,63221.04,293783.04000000004,2012,16,4,NoHoliday,1935869.1,2129035.91,1886339.6,1928206.2525,146484.50010447885
2,2012-04-27,1764133.09,False,A,202307,67.2,3.814,221.255812,6.891,218444.28,0.0,2720.72,7718.41,192331.9,2012,17,4,NoHoliday,1847344.45,1935869.1,1745545.28,1942432.575,130540.45686137103
2,2012-05-04,1923957.0899999999,False,A,202307,76.73,3.749,221.3095166,6.891,1684934.37,0.0,5544.39,563130.82,315489.92000000004,2012,18,5,NoHoliday,1764133.09,1847344.45,1837743.6,1919095.6375000002,156543.80760345873
2,2012-05-11,1917520.99,False,A,202307,73.87,3.688,221.3632212,6.891,1189404.0,0.0,8451.36,369433.44000000006,261666.0,2012,19,5,NoHoliday,1923957.0899999999,1764133.09,1838513.07,1867825.9325,79482.23322825915
2,2012-05-18,2000940.67,False,A,202307,71.27,3.63,221.380331,6.891,657610.52,0.0,3029.57,262330.8,327452.71,2012,20,5,NoHoliday,1917520.99,1923957.0899999999,1688281.8599999999,1863238.905,74627.60661713695
2,2012-05-25,1912791.09,False,A,202307,78.19,3.561,221.3828029,6.891,749092.4,0.0,72137.09999999999,251652.8,1044418.9,2012,21,5,NoHoliday,2000940.67,1917520.99,1797732.56,1901637.96,99195.14721497547
2,2012-06-01,1910092.3699999999,False,A,202307,78.38,3.501,221.3852748,6.891,929484.43,1491.0,17421.27,212513.65,392042.12,2012,22,6,NoHoliday,1912791.09,2000940.67,1933756.21,1938802.46,41677.46988114582
2,2012-06-08,2010216.49,False,A,202307,78.69,3.452,221.3877467,6.891,863504.8400000001,32915.6,5565.69,256365.38,772312.44,2012,23,6,NoHoliday,1910092.3699999999,1912791.09,1929153.1600000001,1935336.28,43843.89402293512
2,2012-06-15,1962924.3,False,A,202307,80.56,3.393,221.4009901,6.891,600138.7,13650.0,13.3,311876.60000000003,370202.69999999995,2012,24,6,NoHoliday,2010216.49,1910092.3699999999,1953771.99,1958510.155,54492.83895179953
2,2012-06-22,1887733.21,False,A,202307,81.04,3.346,221.4411622,6.891,860947.42,22294.0,4330.29,430160.60000000003,2586553.43,2012,25,6,NoHoliday,1962924.3,2010216.49,1790925.8,1949006.0625,47491.16923878934
2,2012-06-29,1881046.12,False,A,202307,86.32,3.286,221.4813343,6.891,603169.14,19581.8,0.0,137396.36000000002,403715.23,2012,26,6,NoHoliday,1887733.21,1962924.3,1866243.0,1942741.5925,54930.554186747126
2,2012-07-06,2041507.4,False,A,202307,84.2,3.227,221.5215064,6.565,889596.0,21243.600000000002,7210.8,483868.8,396470.16,2012,27,7,NoHoliday,1881046.12,1887733.21,1853161.99,1935480.03,62133.01802629496
2,2012-07-13,1830075.13,False,A,202307,80.17,3.256,221.5616784,6.565,584825.5,23957.5,1437.1000000000001,397210.8,350855.4,2012,28,7,NoHoliday,2041507.4,1881046.12,1785187.29,1943302.7575,75261.81028205436
2,2012-07-20,1819666.46,False,A,202307,83.23,3.311,221.5701123,6.565,501233.76,17366.399999999998,1797.84,244897.92,176646.24,2012,29,7,NoHoliday,1830075.13,2041507.4,1743816.41,1910090.465,91316.82113676815
2,2012-07-27,1757923.88,False,A,202307,86.37,3.407,221.5785461,6.565,510937.22000000003,14433.56,184.69,461311.08999999997,365511.73000000004,2012,30,7,NoHoliday,1819666.46,1830075.13,1680693.06,1893073.7775,102525.88076966735
2,2012-08-03,1946104.6400000001,False,A,202307,90.22,3.417,221.5869799,6.565,1990848.96,11849.76,3097.44,1569736.8,479014.55999999994,2012,31,8,NoHoliday,1757923.88,1819666.46,1876704.26,1862293.2175,123646.98060265143
2,2012-08-10,1866719.96,False,A,202307,88.55,3.494,221.5954138,6.565,399926.88,10245.6,966.96,301494.96,380605.68,2012,32,8,NoHoliday,1946104.6400000001,1757923.88,1812768.26,1838442.5274999999,78521.62571522055
2,2012-08-17,1928016.01,False,A,202307,84.79,3.571,221.6751459,6.565,348513.68,24146.94,768.6899999999999,310489.44,359689.98000000004,2012,33,8,NoHoliday,1866719.96,1946104.6400000001,1844094.59,1847603.7349999999,79353.27355423603
2,2012-08-24,1876788.15,False,A,202307,76.91,3.62,221.8083518,6.565,337938.7,15007.98,470.02,211074.48,362260.46,2012,34,8,NoHoliday,1928016.01,1866719.96,1821139.91,1874691.1225,84934.41089309102
2,2012-08-31,1947083.3,False,A,202307,82.64,3.638,221.9415576,6.565,1277518.98,5345.0599999999995,1560.74,940139.26,347224.5,2012,35,8,NoHoliday,1876788.15,1928016.01,1809119.7,1904407.19,38640.18803393066
2,2012-09-07,1898777.07,True,A,202307,87.65,3.73,222.0747635,6.565,756779.06,10598.88,4328.87,207383.9,232565.47,2012,36,9,LaborDay,1947083.3,1876788.15,1748000.65,1904651.855,38993.700253046176
2,2012-09-14,1814806.6300000001,False,A,202307,75.88,3.717,222.2174395,6.565,599466.96,0.0,2687.04,130225.68000000001,670647.6,2012,37,9,NoHoliday,1898777.07,1947083.3,1691439.52,1912666.1325,31092.84935688746
2,2012-09-21,1829415.67,False,A,202307,71.09,3.721,222.4169362,6.565,476263.74,271.21999999999997,1104.05,71100.81999999999,540163.74,2012,38,9,NoHoliday,1814806.6300000001,1898777.07,1669299.78,1884363.7874999999,54884.93540634824
2,2012-09-28,1746470.56,False,A,202307,79.45,3.666,222.6164329,6.565,511635.60000000003,137.51999999999998,118.8,111535.2,284114.16000000003,2012,39,9,NoHoliday,1829415.67,1814806.6300000001,1650394.44,1872520.6675,61746.62142336759
2,2012-10-05,1998321.04,False,A,202307,70.27,3.617,222.8159296,6.17,434718.72000000003,0.0,722.8799999999999,217970.63999999998,277444.8,2012,40,10,NoHoliday,1746470.56,1829415.67,1837553.43,1822367.4825000002,62464.9537593077
2,2012-10-12,1900745.13,False,A,202307,60.97,3.601,223.0154263,6.17,156621.5,0.0,2431.63,42838.590000000004,760733.73,2012,41,10,NoHoliday,1998321.04,1746470.56,1743882.19,1847253.475,107004.03448562486
2,2012-10-19,1847990.41,False,A,202307,68.08,3.594,223.0598077,6.17,316794.19,0.0,80.94,112156.57,187602.59,2012,42,10,NoHoliday,1900745.13,1998321.04,1834680.25,1868738.1,106945.14660520214
2,2012-10-26,1834458.35,False,A,202307,69.79,3.506,223.0783366,6.17,436833.89,9213.67,14200.0,19332.59,207614.65,2012,43,10,NoHoliday,1847990.41,1900745.13,1769296.25,1873381.7850000001,105055.14590750067
3,2011-02-04,438516.53,False,B,37392,45.95,2.989,215.8863367,7.551,0.0,0.0,0.0,0.0,0.0,2011,5,2,NoHoliday,364866.24000000005,350876.7,461622.22,368761.34500000003,13858.651305546382
3,2011-02-11,430526.21,True,B,37392,43.57,3.022,216.2660913,7.551,0.0,0.0,0.0,0.0,0.0,2011,6,2,SuperBowl,438516.53,364866.24000000005,420728.96,383830.1425,38487.34659956908
3,2011-02-18,432782.1,False,B,37392,61.58,3.045,216.5843571,7.551,0.0,0.0,0.0,0.0,0.0,2011,7,2,NoHoliday,430526.21,438516.53,421642.19,396196.42000000004,44739.92769922484
3,2011-02-25,397211.19,False,B,37392,67.4,3.065,216.8780275,7.551,0.0,0.0,0.0,0.0,0.0,2011,8,2,NoHoliday,432782.1,430526.21,407204.86,416672.77,34701.079303528146
3,2011-03-04,437084.51,False,B,37392,65.11,3.288,217.1716979,7.551,0.0,0.0,0.0,0.0,0.0,2011,9,3,NoHoliday,397211.19,432782.1,415202.04000000004,424759.0075,18670.674977255934
3,2011-03-11,404753.3,False,B,37392,61.29,3.459,217.4653683,7.551,0.0,0.0,0.0,0.0,0.0,2011,10,3,NoHoliday,437084.51,397211.19,384200.69,424401.0025,18329.559264917767
3,2011-03-18,392109.51,False,B,37392,69.47,3.488,217.7235226,7.551,0.0,0.0,0.0,0.0,0.0,2011,11,3,NoHoliday,404753.3,437084.51,375328.58999999997,417957.775,19919.60134040448
3,2011-03-25,380683.67,False,B,37392,72.94,3.473,217.9674705,7.551,0.0,0.0,0.0,0.0,0.0,2011,12,3,NoHoliday,392109.51,404753.3,359949.27,407789.62749999994,20208.734499053295
3,2011-04-01,374556.07999999996,False,B,37392,68.76,3.524,218.2114184,7.574,0.0,0.0,0.0,0.0,0.0,2011,13,4,NoHoliday,380683.67,392109.51,423294.4,403657.7475,24356.50982709792
3,2011-04-08,384075.31,False,B,37392,72.55,3.622,218.4553663,7.574,0.0,0.0,0.0,0.0,0.0,2011,14,4,NoHoliday,374556.07999999996,380683.67,415870.28,388025.63999999996,13314.480505020923
3,2011-04-15,366250.69,False,B,37392,75.88,3.743,218.6788642,7.574,0.0,0.0,0.0,0.0,0.0,2011,15,4,NoHoliday,384075.31,374556.07999999996,354993.26,382856.14249999996,7319.422877502237
3,2011-04-22,391860.04,False,B,37392,76.91,3.807,218.851237,7.574,0.0,0.0,0.0,0.0,0.0,2011,16,4,NoHoliday,366250.69,384075.31,339976.65,376391.4375,7824.5011229858055
3,2011-04-29,367405.4,False,B,37392,78.69,3.81,219.0236099,7.574,0.0,0.0,0.0,0.0,0.0,2011,17,4,NoHoliday,391860.04,366250.69,361248.39,379185.52999999997,11154.894969556271
3,2011-05-06,413042.12,False,B,37392,69.45,3.906,219.1959827,7.574,0.0,0.0,0.0,0.0,0.0,2011,18,5,NoHoliday,367405.4,391860.04,399323.86,377397.86,12620.771829862137
3,2011-05-13,386312.68,False,B,37392,79.87,3.899,219.3683556,7.574,0.0,0.0,0.0,0.0,0.0,2011,19,5,NoHoliday,413042.12,367405.4,384357.94,384639.5625,22315.97004236559
3,2011-05-20,364603.13,False,B,37392,75.79,3.907,219.127216,7.574,0.0,0.0,0.0,0.0,0.0,2011,20,5,NoHoliday,386312.68,413042.12,343763.17,389655.06,18779.73541216448
3,2011-05-27,369350.6,False,B,37392,84.41,3.786,218.8860765,7.574,0.0,0.0,0.0,0.0,0.0,2011,21,5,NoHoliday,364603.13,386312.68,350089.23,382840.8325,22323.663533645988
3,2011-06-03,394507.84,False,B,37392,84.29,3.699,218.6449369,7.574,0.0,0.0,0.0,0.0,0.0,2011,22,6,NoHoliday,369350.6,364603.13,396968.8,383327.1325,21892.35563975319
3,2011-06-10,391638.75,False,B,37392,84.84,3.648,218.4037974,7.574,0.0,0.0,0.0,0.0,0.0,2011,23,6,NoHoliday,394507.84,369350.6,355017.09,378693.5625,14070.934115736363
3,2011-06-17,403423.34,False,B,37392,86.96,3.637,218.3551748,7.574,0.0,0.0,0.0,0.0,0.0,2011,24,6,NoHoliday,391638.75,394507.84,364076.85,380025.08,15236.017996710762
3,2011-06-24,385520.71,False,B,37392,84.94,3.594,218.45094,7.574,0.0,0.0,0.0,0.0,0.0,2011,25,6,NoHoliday,403423.34,391638.75,357346.48,389730.1325,14483.307475644624
3,2011-07-01,368962.72000000003,False,B,37392,85.1,3.524,218.5467052,7.567,0.0,0.0,0.0,0.0,0.0,2011,26,7,NoHoliday,385520.71,403423.34,381151.72000000003,393772.66000000003,7445.901888825468
3,2011-07-08,395146.24,False,B,37392,85.38,3.48,218.6424704,7.567,0.0,0.0,0.0,0.0,0.0,2011,27,7,NoHoliday,368962.72000000003,385520.71,349214.18,387386.38,14354.775152444954
3,2011-07-15,373454.33,False,B,37392,87.14,3.575,218.7275216,7.567,0.0,0.0,0.0,0.0,0.0,2011,28,7,NoHoliday,395146.24,368962.72000000003,352728.78,388263.2525,14801.304718497095
3,2011-07-22,360617.37,False,B,37392,86.19,3.651,218.7857881,7.567,0.0,0.0,0.0,0.0,0.0,2011,29,7,NoHoliday,373454.33,395146.24,352864.49,380771.0,11862.776608898186
3,2011-07-29,345381.29,False,B,37392,88.07,3.682,218.8440545,7.567,0.0,0.0,0.0,0.0,0.0,2011,30,7,NoHoliday,360617.37,373454.33,347955.05,374545.16500000004,14727.993503550451
3,2011-08-05,409981.25,False,B,37392,88.45,3.684,218.9023209,7.567,0.0,0.0,0.0,0.0,0.0,2011,31,8,NoHoliday,345381.29,360617.37,402635.76,368649.8075,21064.09528517147
3,2011-08-12,380376.85,False,B,37392,88.88,3.638,218.9605873,7.567,0.0,0.0,0.0,0.0,0.0,2011,32,8,NoHoliday,409981.25,345381.29,339597.38,372358.56,27581.975721033305
3,2011-08-19,379716.91000000003,False,B,37392,88.44,3.554,219.023271,7.567,0.0,0.0,0.0,0.0,0.0,2011,33,8,NoHoliday,380376.85,409981.25,351728.21,374089.19,27889.114339174117
3,2011-08-26,366367.55,False,B,37392,87.67,3.523,219.0866908,7.567,0.0,0.0,0.0,0.0,0.0,2011,34,8,NoHoliday,379716.91000000003,380376.85,362134.08999999997,378864.075,26409.539230510385
3,2011-09-02,375988.69,False,B,37392,89.12,3.533,219.1501106,7.567,0.0,0.0,0.0,0.0,0.0,2011,35,9,NoHoliday,366367.55,379716.91000000003,366473.97000000003,384110.64,18415.1364880996
3,2011-09-09,377347.49,True,B,37392,81.72,3.546,219.2135305,7.567,0.0,0.0,0.0,0.0,0.0,2011,36,9,LaborDay,375988.69,366367.55,352260.97,375612.5,6458.994550706138
3,2011-09-16,375629.51,False,B,37392,83.63,3.526,219.3972867,7.567,0.0,0.0,0.0,0.0,0.0,2011,37,9,NoHoliday,377347.49,375988.69,363064.64,374855.16,5864.376513985882
3,2011-09-23,365248.94,False,B,37392,80.19,3.467,219.7414914,7.567,0.0,0.0,0.0,0.0,0.0,2011,38,9,NoHoliday,375629.51,377347.49,355626.87,373833.31,5031.866150292708
3,2011-09-30,368477.93,False,B,37392,82.58,3.355,220.085696,7.567,0.0,0.0,0.0,0.0,0.0,2011,39,9,NoHoliday,365248.94,375629.51,358784.1,373553.6575,5585.697351261342
3,2011-10-07,403342.4,False,B,37392,75.54,3.285,220.4299007,7.197,0.0,0.0,0.0,0.0,0.0,2011,40,10,NoHoliday,368477.93,365248.94,395107.35000000003,371675.9675,5754.1518961962265
3,2011-10-14,368282.57,False,B,37392,73.75,3.274,220.7486167,7.197,0.0,0.0,0.0,0.0,0.0,2011,41,10,NoHoliday,403342.4,368477.93,345584.39,378174.695,17330.067661585676
3,2011-10-21,394976.36,False,B,37392,69.03,3.353,220.9144005,7.197,0.0,0.0,0.0,0.0,0.0,2011,42,10,NoHoliday,368282.57,403342.4,348895.98,376337.96,18063.550075183117
3,2011-10-28,389540.62,False,B,37392,71.04,3.372,221.0801842,7.197,0.0,0.0,0.0,0.0,0.0,2011,43,10,NoHoliday,394976.36,368282.57,348591.74,383769.81499999994,18095.75676773717
3,2011-11-04,459443.22,False,B,37392,59.31,3.332,221.245968,7.197,0.0,0.0,0.0,0.0,0.0,2011,44,11,NoHoliday,389540.62,394976.36,423175.56,389035.4875,14954.603025791093
3,2011-11-11,407764.25,False,B,37392,61.7,3.297,221.4117517,7.197,571193.35,130430.29999999999,13000.65,37087.05,65346.450000000004,2011,45,11,NoHoliday,459443.22,389540.62,386635.03,403060.6925,39313.50914684654
3,2011-11-18,398838.97,False,B,37392,63.91,3.308,221.6432852,7.197,88545.92,1489.28,1276.8,55365.76,187267.2,2011,46,11,NoHoliday,407764.25,459443.22,372545.32,412931.1125,31935.1472463731
3,2011-11-25,556925.1900000001,True,B,37392,68.0,3.236,221.9011185,7.197,2713.1,680.5500000000001,2444828.1,0.0,8785.4,2011,47,11,Thanksgiving,398838.97,407764.25,565567.84,413896.76499999996,31262.577697323697
3,2011-12-02,472511.32,False,B,37392,54.97,3.172,222.1589519,7.197,56156.76,1250.0400000000002,51592.86,26023.140000000003,481608.60000000003,2011,48,12,NoHoliday,556925.1900000001,398838.97,476420.77,455742.9075,72552.40929388278
3,2011-12-09,468772.8,False,B,37392,49.26,3.158,222.4167852,7.197,267919.08,427.02,8145.72,55007.04,199193.28,2011,49,12,NoHoliday,472511.32,556925.1900000001,467642.02999999997,459009.9325,73066.97799236717
3,2011-12-16,510747.62,False,B,37392,57.95,3.159,222.6426418,7.197,123064.26,0.0,11243.76,12369.72,99025.08,2011,50,12,NoHoliday,468772.8,472511.32,498159.39,474262.07,64691.66003040129
3,2011-12-23,551221.21,False,B,37392,53.41,3.112,222.8258628,7.197,5938.68,15.84,27160.32,0.0,38719.56,2011,51,12,NoHoliday,510747.62,468772.8,605990.41,502239.23250000004,41096.218363954256
3,2011-12-30,410553.88,True,B,37392,48.29,3.129,223.0090839,7.197,94195.40000000001,933144.5499999999,4332.9,5292.950000000001,50527.75,2011,52,12,Christmas,551221.21,510747.62,382677.76,500813.23750000005,38588.61583685032
3,2012-01-06,398178.21,False,B,37392,52.42,3.157,223.1923049,6.833,244750.08,600958.72,960.0,26583.04,94518.4,2012,1,1,NoHoliday,410553.88,551221.21,378241.33999999997,485323.8775,60147.91713187838
3,2012-01-13,367438.62,False,B,37392,51.86,3.261,223.3755259,6.833,247448.88,209389.31999999998,0.0,14299.11,108686.97,2012,2,1,NoHoliday,398178.21,410553.88,381061.10000000003,467675.23,75117.34369017309
3,2012-01-20,365818.61,False,B,37392,56.2,3.268,223.4700552,6.833,46853.3,105901.9,94.89999999999999,1043.25,51967.5,2012,3,1,NoHoliday,367438.62,398178.21,350876.7,431847.98,81620.3116120275
3,2012-01-27,349518.1,False,B,37392,58.06,3.29,223.5645845,6.833,49571.2,22399.36,0.0,256.0,21038.08,2012,4,1,NoHoliday,365818.61,367438.62,364866.24000000005,385497.32999999996,22375.615024756025
3,2012-02-03,424960.66000000003,False,B,37392,59.33,3.36,223.6591137,6.833,618720.0,17170.56,38.4,535561.6,51471.36,2012,5,2,NoHoliday,349518.1,365818.61,438516.53,370238.385,20308.75941268399
3,2012-02-10,473292.47000000003,True,B,37392,51.65,3.409,223.753643,6.833,555998.08,102071.68,140.8,137271.68,164981.12,2012,6,2,SuperBowl,424960.66000000003,349518.1,430526.21,376933.9975,33024.76737132854
3,2012-02-17,475591.08,False,B,37392,52.39,3.51,223.9170153,6.833,178653.41999999998,206496.84,124.08,158180.87999999998,107664.48,2012,7,2,NoHoliday,473292.47000000003,424960.66000000003,432782.1,403397.45999999996,56761.01778069389
3,2012-02-24,418925.47,False,B,37392,60.12,3.555,224.1320199,6.833,380015.36,111776.08,0.0,18691.760000000002,119642.02,2012,8,2,NoHoliday,475591.08,473292.47000000003,397211.19,430840.5775,59027.364917770465
3,2012-03-02,469752.56,False,B,37392,61.65,3.63,224.3470245,6.833,227365.12,38484.48,0.0,170638.08,97591.68,2012,9,3,NoHoliday,418925.47,475591.08,437084.51,448192.42,30424.59594267946
3,2012-03-09,445162.05,False,B,37392,60.71,3.669,224.5620291,6.833,535584.0,19101.44,88.96,85778.56,90638.08,2012,10,3,NoHoliday,469752.56,418925.47,404753.3,459390.395,27083.294374609246
3,2012-03-16,411775.8,False,B,37392,64.0,3.734,224.7166953,6.833,168223.9,5257.85,208.0,59134.4,31968.95,2012,11,3,NoHoliday,445162.05,469752.56,392109.51,452357.79,25896.347762664962
3,2012-03-23,413907.25,False,B,37392,66.53,3.787,224.7909104,6.833,46436.04,2274.3,90.08999999999999,5802.93,36785.7,2012,12,3,NoHoliday,411775.8,445162.05,380683.67,436403.97,26463.037997058807
3,2012-03-30,407488.83999999997,False,B,37392,69.36,3.845,224.8651254,6.833,51981.3,6289.29,78.75,7134.75,24468.57,2012,13,3,NoHoliday,413907.25,411775.8,374556.07999999996,435149.41500000004,27659.753889105476
3,2012-04-06,503232.13,False,B,37392,73.01,3.891,224.9393405,6.664,279323.73,0.0,1540.35,80784.9,66958.29,2012,14,4,NoHoliday,407488.83999999997,413907.25,384075.31,419583.485,17260.002066414887
3,2012-04-13,420789.74,False,B,37392,72.83,3.891,225.0135556,6.664,348349.3,108772.3,195.0,44331.95,89150.75,2012,15,4,NoHoliday,503232.13,407488.83999999997,366250.69,434101.005,46164.64119169158
3,2012-04-20,434822.13,False,B,37392,72.05,3.877,225.0689541,6.664,178228.48,8363.52,112.0,27218.56,57907.2,2012,16,4,NoHoliday,420789.74,503232.13,391860.04,436354.49,44914.67654750186
3,2012-04-27,394616.11,False,B,37392,73.39,3.814,225.1243526,6.664,74258.1,0.0,185.85000000000002,2299.5,22174.11,2012,17,4,NoHoliday,434822.13,420789.74,367405.4,441583.21,42587.54121531495
3,2012-05-04,439913.57,False,B,37392,79.51,3.749,225.1797511,6.664,150674.26,0.0,1917.0400000000002,71902.02,88816.86,2012,18,5,NoHoliday,394616.11,434822.13,413042.12,438365.02749999997,46343.46995567761
3,2012-05-11,431985.36,False,B,37392,75.19,3.688,225.2351496,6.664,239081.84999999998,0.0,15.75,51267.51,38962.98,2012,19,5,NoHoliday,439913.57,394616.11,386312.68,422535.3875,20293.66575731669
3,2012-05-18,418112.76,False,B,37392,72.38,3.63,225.2512024,6.664,205358.72,0.0,19.2,9166.72,51523.84,2012,20,5,NoHoliday,431985.36,439913.57,364603.13,425334.29250000004,20739.799322955627
3,2012-05-25,413701.29,False,B,37392,78.58,3.561,225.2515168,6.664,191017.89,0.0,18343.710000000003,33819.66,36594.81,2012,21,5,NoHoliday,418112.76,431985.36,369350.6,421156.95,19855.717376802866
3,2012-06-01,432268.53,False,B,37392,81.55,3.501,225.2518313,6.664,167866.65000000002,630.0,13861.89,38964.87,122268.51,2012,22,6,NoHoliday,413701.29,418112.76,394507.84,425928.245,12149.872315710794
3,2012-06-08,446336.8,False,B,37392,81.65,3.452,225.2521458,6.664,357769.75999999995,1773.2,1871.16,17589.399999999998,129795.76,2012,23,6,NoHoliday,432268.53,413701.29,391638.75,424016.985,9536.883335056962
3,2012-06-15,442074.79,False,B,37392,84.66,3.393,225.2644795,6.664,126911.61,2003.4,63.0,39763.71,52626.420000000006,2012,24,6,NoHoliday,446336.8,432268.53,403423.34,427604.845,14787.884852299385
3,2012-06-22,419497.95,False,B,37392,82.7,3.346,225.3068615,6.664,114293.90000000001,694.4,31.62,26146.02,108099.48,2012,25,6,NoHoliday,442074.79,446336.8,385520.71,433595.3525,14511.828800901976
3,2012-06-29,422965.33,False,B,37392,86.42,3.286,225.3492435,6.664,140136.52000000002,488.0,0.0,24112.079999999998,72133.72,2012,26,6,NoHoliday,419497.95,442074.79,368962.72000000003,435044.5175,11921.16106124228
3,2012-07-06,411206.5,False,B,37392,83.14,3.227,225.3916254,6.334,165437.37,1934.1,1774.08,44299.079999999994,123616.71,2012,27,7,NoHoliday,422965.33,419497.95,395146.24,432718.7175,13452.453613180012
3,2012-07-13,416913.1,False,B,37392,82.28,3.256,225.4340074,6.334,198207.80000000002,1289.6000000000001,125.24,18741.98,27968.2,2012,28,7,NoHoliday,411206.5,422965.33,373454.33,423936.1425,13060.045442907682
3,2012-07-20,432424.85,False,B,37392,81.38,3.311,225.4438827,6.334,79803.36,4170.6,241.29,9426.06,35155.26,2012,29,7,NoHoliday,416913.1,411206.5,360617.37,417645.72,4957.462147311607
3,2012-07-27,389427.9,False,B,37392,84.94,3.407,225.4537579,6.334,213731.36000000002,1922.0,152.52,111085.40000000001,68694.14,2012,30,7,NoHoliday,432424.85,416913.1,345381.29,420877.445,9072.762065793824
3,2012-08-03,419990.29000000004,False,B,37392,86.55,3.417,225.4636332,6.334,358059.87,2343.6000000000004,2.52,156505.86,40275.27,2012,31,8,NoHoliday,389427.9,432424.85,409981.25,412493.0875,17799.530412253847
3,2012-08-10,391811.6,False,B,37392,85.85,3.494,225.4735085,6.334,212652.72,1789.1999999999998,151.2,118467.09000000001,35021.7,2012,32,8,NoHoliday,419990.29000000004,389427.9,380376.85,414689.03500000003,18126.71918219101
3,2012-08-17,394918.83,False,B,37392,87.36,3.571,225.5558664,6.334,61384.96,2740.4,0.0,24890.52,26702.78,2012,33,8,NoHoliday,391811.6,419990.29000000004,379716.91000000003,408413.66,21186.812615576473
3,2012-08-24,412449.67,False,B,37392,83.01,3.62,225.6925864,6.334,192907.26,1688.4,0.0,63284.13,80973.27,2012,34,8,NoHoliday,394918.83,391811.6,366367.55,399037.155,14148.508683197264
3,2012-08-31,408838.73,False,B,37392,85.18,3.638,225.8293063,6.334,409180.77999999997,1723.6000000000001,1531.3999999999999,108113.12,26581.88,2012,35,8,NoHoliday,412449.67,394918.83,375988.69,404792.59750000003,13608.798592116722
3,2012-09-07,408229.73000000004,True,B,37392,84.99,3.73,225.9660263,6.334,145077.12,1216.0,531.84,26871.68,59319.04,2012,36,9,LaborDay,408838.73,412449.67,377347.49,402004.7075,10163.828111445737
3,2012-09-14,407589.16,False,B,37392,78.36,3.717,226.1122067,6.334,222561.4,0.0,230.64000000000001,128977.98,109162.78,2012,37,9,NoHoliday,408229.73000000004,408838.73,375629.51,406109.24,7689.233210181908
3,2012-09-21,414392.09,False,B,37392,72.78,3.721,226.3151496,6.334,203700.42,120.33,484.47,55355.579999999994,100932.93,2012,38,9,NoHoliday,407589.16,408229.73000000004,365248.94,409276.8225,2175.8901429614234
3,2012-09-28,389813.02,False,B,37392,77.46,3.666,226.5180926,6.334,159604.48,0.0,96.0,57001.6,45793.28,2012,39,9,NoHoliday,414392.09,407589.16,368477.93,409762.4275,3128.324643047869
3,2012-10-05,443557.65,False,B,37392,72.74,3.617,226.7210356,6.034,112051.2,0.0,192.64,30735.36,41396.48,2012,40,10,NoHoliday,389813.02,414392.09,403342.4,405006.0,10582.855277846213
3,2012-10-12,410804.39,False,B,37392,70.31,3.601,226.9239785,6.034,50395.149999999994,0.0,180.7,32405.100000000002,21330.4,2012,41,10,NoHoliday,443557.65,389813.02,368282.57,413837.98000000004,22359.280528253075
3,2012-10-19,424513.08,False,B,37392,73.44,3.594,226.9688442,6.034,40272.0,0.0,480.0,4807.04,192660.48,2012,42,10,NoHoliday,410804.39,443557.65,394976.36,414641.78750000003,22116.229094873677
3,2012-10-26,405432.7,False,B,37392,74.66,3.506,226.9873637,6.034,23743.36,406.4,256.0,380.16,11524.48,2012,43,10,NoHoliday,424513.08,410804.39,389540.62,417172.03500000003,22650.6381460125
4,2011-02-04,2119086.04,False,A,205863,34.61,2.996,127.7195806,6.51,0.0,0.0,0.0,0.0,0.0,2011,5,2,NoHoliday,1814240.85,1886393.9400000002,2135143.87,1857153.38,30520.68082963996
4,2011-02-11,2187847.29,True,A,205863,33.29,3.033,127.859129,6.51,0.0,0.0,0.0,0.0,0.0,2011,6,2,SuperBowl,2119086.04,1814240.85,2188307.39,1921305.8224999998,135293.23409637937
4,2011-02-18,2316495.56,False,A,205863,48.17,3.058,127.99525,6.51,0.0,0.0,0.0,0.0,0.0,2011,7,2,NoHoliday,2187847.29,2119086.04,2049860.26,2001892.0299999998,179691.00223307995
4,2011-02-25,2078094.69,False,A,205863,49.0,3.087,128.13,6.51,0.0,0.0,0.0,0.0,0.0,2011,8,2,NoHoliday,2316495.56,2187847.29,1925728.84,2109417.435,213116.0014825577
4,2011-03-04,2103455.75,False,A,205863,46.56,3.305,128.26475,6.51,0.0,0.0,0.0,0.0,0.0,2011,9,3,NoHoliday,2078094.69,2316495.56,1971057.44,2175380.895,104407.01774805115
4,2011-03-11,2039818.41,False,A,205863,50.93,3.461,128.3995,6.51,0.0,0.0,0.0,0.0,0.0,2011,10,3,NoHoliday,2103455.75,2078094.69,1894324.09,2171473.3225,107463.9712609993
4,2011-03-18,2116475.38,False,A,205863,51.86,3.495,128.5121935,6.51,0.0,0.0,0.0,0.0,0.0,2011,11,3,NoHoliday,2039818.41,2103455.75,1897429.36,2134466.1025,124140.09183543862
4,2011-03-25,1944164.32,False,A,205863,59.1,3.48,128.6160645,6.51,0.0,0.0,0.0,0.0,0.0,2011,12,3,NoHoliday,2116475.38,2039818.41,1762539.3,2084461.0574999996,33759.9950595075
4,2011-04-01,1900246.47,False,A,205863,56.99,3.521,128.7199355,5.946,0.0,0.0,0.0,0.0,0.0,2011,13,4,NoHoliday,1944164.32,2116475.38,1979247.1199999999,2050978.4649999999,78692.48103677401
4,2011-04-08,2074953.46,False,A,205863,62.61,3.605,128.8238065,5.946,0.0,0.0,0.0,0.0,0.0,2011,14,4,NoHoliday,1900246.47,1944164.32,1818452.72,2000176.1449999998,96988.46275262028
4,2011-04-15,1960587.76,False,A,205863,62.34,3.724,128.9107333,5.946,0.0,0.0,0.0,0.0,0.0,2011,15,4,NoHoliday,2074953.46,1900246.47,1851519.69,2008959.9074999997,103169.44872555122
4,2011-04-22,2220600.7600000002,False,A,205863,68.8,3.781,128.9553,5.946,0.0,0.0,0.0,0.0,0.0,2011,16,4,NoHoliday,1960587.76,2074953.46,1802677.9,1969988.0024999997,74468.91020318623
4,2011-04-29,1878167.44,False,A,205863,64.22,3.781,128.9998667,5.946,0.0,0.0,0.0,0.0,0.0,2011,17,4,NoHoliday,2220600.7600000002,1960587.76,1817273.28,2039097.1124999998,141034.83147137085
4,2011-05-06,2063682.76,False,A,205863,63.41,3.866,129.0444333,5.946,0.0,0.0,0.0,0.0,0.0,2011,18,5,NoHoliday,1878167.44,2220600.7600000002,2000626.14,2033577.355,148514.26277334813
4,2011-05-13,2002362.37,False,A,205863,70.65,3.872,129.089,5.946,0.0,0.0,0.0,0.0,0.0,2011,19,5,NoHoliday,2063682.76,1878167.44,1875597.28,2030759.68,147571.51364333366
4,2011-05-20,2015563.48,False,A,205863,70.49,3.881,129.0756774,5.946,0.0,0.0,0.0,0.0,0.0,2011,20,5,NoHoliday,2002362.37,2063682.76,1903752.6,2041203.3325,142335.38359047187
4,2011-05-27,1986597.95,False,A,205863,73.65,3.771,129.0623548,5.946,0.0,0.0,0.0,0.0,0.0,2011,21,5,NoHoliday,2015563.48,2002362.37,1857533.7,1989944.0124999997,79040.0273293974
4,2011-06-03,2065377.1500000001,False,A,205863,78.26,3.683,129.0490323,5.946,0.0,0.0,0.0,0.0,0.0,2011,22,6,NoHoliday,1986597.95,2015563.48,1903290.58,2017051.64,33265.98793756284
4,2011-06-10,2073951.38,False,A,205863,80.05,3.64,129.0357097,5.946,0.0,0.0,0.0,0.0,0.0,2011,23,6,NoHoliday,2065377.1500000001,1986597.95,1870619.23,2017475.2374999998,34059.03544007033
4,2011-06-17,2141210.62,False,A,205863,83.51,3.618,129.0432,5.946,0.0,0.0,0.0,0.0,0.0,2011,24,6,NoHoliday,2073951.38,2065377.1500000001,1929736.35,2035372.4899999998,41472.73403388567
4,2011-06-24,2008344.92,False,A,205863,81.85,3.57,129.0663,5.946,0.0,0.0,0.0,0.0,0.0,2011,25,6,NoHoliday,2141210.62,2073951.38,1846651.95,2066784.275,63304.75216997943
4,2011-07-01,2051533.53,False,A,205863,84.54,3.504,129.0894,5.644,0.0,0.0,0.0,0.0,0.0,2011,26,7,NoHoliday,2008344.92,2141210.62,1881337.21,2072221.0174999998,54435.14110594556
4,2011-07-08,2066541.8599999999,False,A,205863,84.59,3.469,129.1125,5.644,0.0,0.0,0.0,0.0,0.0,2011,27,7,NoHoliday,2051533.53,2008344.92,1812208.22,2068760.1124999998,55445.997525224724
4,2011-07-15,2049046.95,False,A,205863,83.27,3.563,129.1338387,5.644,0.0,0.0,0.0,0.0,0.0,2011,28,7,NoHoliday,2066541.8599999999,2051533.53,1898427.66,2066907.7324999997,55338.419637539686
4,2011-07-22,2036231.39,False,A,205863,82.84,3.627,129.1507742,5.644,0.0,0.0,0.0,0.0,0.0,2011,29,7,NoHoliday,2049046.95,2066541.8599999999,1848426.78,2043866.8149999997,24910.339270064367
4,2011-07-29,1989674.07,False,A,205863,84.36,3.659,129.1677097,5.644,0.0,0.0,0.0,0.0,0.0,2011,30,7,NoHoliday,2036231.39,2049046.95,1796637.6099999999,2050838.4324999996,12431.893070156011
4,2011-08-05,2160057.39,False,A,205863,86.09,3.662,129.1846452,5.644,0.0,0.0,0.0,0.0,0.0,2011,31,8,NoHoliday,1989674.07,2036231.39,1907638.58,2035373.5674999997,32901.893448795505
4,2011-08-12,2105668.7399999998,False,A,205863,82.98,3.617,129.2015806,5.644,0.0,0.0,0.0,0.0,0.0,2011,32,8,NoHoliday,2160057.39,1989674.07,2007050.75,2058752.4499999997,72193.97095233086
4,2011-08-19,2232892.1,False,A,205863,82.77,3.55,129.2405806,5.644,0.0,0.0,0.0,0.0,0.0,2011,33,8,NoHoliday,2105668.7399999998,2160057.39,1997181.09,2072907.8974999997,75147.28446415691
4,2011-08-26,1988490.21,False,A,205863,81.47,3.523,129.2832581,5.644,0.0,0.0,0.0,0.0,0.0,2011,34,8,NoHoliday,2232892.1,2105668.7399999998,1848403.92,2122073.0749999997,102505.7123932568
4,2011-09-02,2078420.31,False,A,205863,77.99,3.533,129.3259355,5.644,0.0,0.0,0.0,0.0,0.0,2011,35,9,NoHoliday,1988490.21,2232892.1,1935857.58,2121777.11,103015.85336772286
4,2011-09-09,2093139.01,True,A,205863,73.34,3.554,129.3686129,5.644,0.0,0.0,0.0,0.0,0.0,2011,36,9,LaborDay,2078420.31,1988490.21,1865820.81,2101367.84,100970.42008573741
4,2011-09-16,2075577.33,False,A,205863,72.76,3.532,129.4306,5.644,0.0,0.0,0.0,0.0,0.0,2011,37,9,NoHoliday,2093139.01,2078420.31,1899959.61,2098235.4074999997,100986.87136745646
4,2011-09-23,2031406.41,False,A,205863,69.23,3.473,129.5183333,5.644,0.0,0.0,0.0,0.0,0.0,2011,38,9,NoHoliday,2075577.33,2093139.01,1810684.68,2058906.7149999999,47571.08362468597
4,2011-09-30,1929486.6300000001,False,A,205863,72.15,3.371,129.6060667,5.644,0.0,0.0,0.0,0.0,0.0,2011,39,9,NoHoliday,2031406.41,2075577.33,1842821.02,2069635.7649999997,26623.025965933837
4,2011-10-07,2166737.65,False,A,205863,65.79,3.299,129.6938,5.143,0.0,0.0,0.0,0.0,0.0,2011,40,10,NoHoliday,1929486.6300000001,2031406.41,1951494.85,2032402.3449999997,73361.33878629957
4,2011-10-14,2074548.8499999999,False,A,205863,63.75,3.283,129.7706452,5.143,0.0,0.0,0.0,0.0,0.0,2011,41,10,NoHoliday,2166737.65,1929486.6300000001,1867345.09,2050802.005,98570.61737186642
4,2011-10-21,2207742.13,False,A,205863,64.79,3.361,129.7821613,5.143,0.0,0.0,0.0,0.0,0.0,2011,42,10,NoHoliday,2074548.8499999999,2166737.65,1927610.06,2050544.8849999998,98485.75413570141
4,2011-10-28,2151659.59,False,A,205863,55.31,3.362,129.7936774,5.143,0.0,0.0,0.0,0.0,0.0,2011,43,10,NoHoliday,2207742.13,2074548.8499999999,1933333.0,2094628.8149999997,123382.13319644709
4,2011-11-04,2281217.31,False,A,205863,49.86,3.322,129.8051935,5.143,0.0,0.0,0.0,0.0,0.0,2011,44,11,NoHoliday,2151659.59,2207742.13,2013115.79,2150172.0549999997,55707.01442383631
4,2011-11-11,2203028.96,False,A,205863,47.12,3.286,129.8167097,5.143,938160.9600000001,1216068.31,31399.489999999998,410990.73000000004,672577.47,2011,45,11,NoHoliday,2281217.31,2151659.59,1999794.26,2178791.9699999997,87429.69775755864
4,2011-11-18,2243946.59,False,A,205863,50.44,3.294,129.8268333,5.143,322335.74,59679.759999999995,26475.899999999998,43591.16,380427.23,2011,46,11,NoHoliday,2203028.96,2281217.31,2097809.4,2210911.9974999996,53310.02126072315
4,2011-11-25,3004702.33,True,A,205863,47.96,3.225,129.8364,5.143,41547.3,10203.119999999999,6167184.42,3258.96,683703.02,2011,47,11,Thanksgiving,2243946.59,2203028.96,2789469.45,2219963.1125,55616.00672215589
4,2011-12-02,2180999.26,False,A,205863,38.71,3.176,129.8459667,5.143,722416.86,11909.56,167261.46,352821.63999999996,2116710.8000000003,2011,48,12,NoHoliday,3004702.33,2243946.59,2102530.17,2433223.7975,382321.50948343624
4,2011-12-09,2508955.2399999998,False,A,205863,31.64,3.153,129.8555333,5.143,421755.84,2160.0,70918.56,337860.0,972287.28,2011,49,12,NoHoliday,2180999.26,3004702.33,2302504.86,2408169.2849999997,398542.98828341835
4,2011-12-16,2771397.17,False,A,205863,36.44,3.149,129.8980645,5.143,201236.91,5277.9,130680.95000000001,56768.45,749122.3500000001,2011,50,12,NoHoliday,2508955.2399999998,2180999.26,2740057.14,2484650.8549999995,374694.1304206789
4,2011-12-23,3676388.98,False,A,205863,35.92,3.103,129.9845484,5.143,177259.68,4971.599999999999,211553.27999999997,3744.0,316566.72000000003,2011,51,12,NoHoliday,2771397.17,2508955.2399999998,3526713.39,2616513.5,353987.2650752794
4,2011-12-30,2007105.86,True,A,205863,36.89,3.119,130.0710323,5.143,251721.36000000002,5213787.12,28783.44,55890.72,360902.16,2011,52,12,Christmas,3676388.98,2771397.17,1794868.74,2784435.1624999996,641814.0119816205
4,2012-01-06,2047766.07,False,A,205863,38.64,3.158,130.1575161,4.607,573612.83,2823473.56,17082.0,63015.060000000005,633855.3500000001,2012,1,1,NoHoliday,2007105.86,3676388.98,1862476.27,2740961.8125,699600.3395715986
4,2012-01-13,1941676.61,False,A,205863,34.41,3.263,130.244,4.607,263972.16000000003,1047842.64,5498.64,59066.64,428780.16,2012,2,1,NoHoliday,2047766.07,2007105.86,1865502.46,2625664.5199999996,783547.7714625311
4,2012-01-20,2005097.76,False,A,205863,42.09,3.273,130.2792258,4.607,149768.11,499841.42000000004,3135.3599999999997,65203.56,79294.93,2012,3,1,NoHoliday,1941676.61,2047766.07,1886393.9400000002,2418234.38,839907.481873285
4,2012-01-27,1928720.51,False,A,205863,40.31,3.29,130.3144516,4.607,96916.31999999999,269288.64,3323.5199999999995,32073.840000000004,176536.08,2012,4,1,NoHoliday,2005097.76,1941676.61,1814240.85,2000411.5749999997,43814.069626727425
4,2012-02-03,2173373.91,False,A,205863,41.81,3.354,130.3496774,4.607,3659094.72,290396.88,20527.920000000002,3462238.08,536842.7999999999,2012,5,2,NoHoliday,1928720.51,2005097.76,2119086.04,1980815.2374999998,55730.74455895008
4,2012-02-10,2374660.64,True,A,205863,33.0,3.411,130.3849032,4.607,818973.36,519012.72000000003,8522.64,926624.16,764562.96,2012,6,2,SuperBowl,2173373.91,1928720.51,2187847.29,2012217.1974999998,112501.62025860963
4,2012-02-17,2427640.17,False,A,205863,34.19,3.493,130.4546207,4.607,1038497.27,806624.45,1267.28,869611.77,552317.27,2012,7,2,NoHoliday,2374660.64,2173373.91,2316495.56,2120463.2049999996,197897.55401055457
4,2012-02-24,2226662.17,False,A,205863,41.31,3.541,130.5502069,4.607,694217.4099999999,333975.48,383.40000000000003,83760.12,664001.94,2012,8,2,NoHoliday,2427640.17,2374660.64,2078094.69,2226098.8074999996,226497.46541222828
4,2012-03-02,2206319.9,False,A,205863,50.38,3.619,130.6457931,4.607,1355236.24,101824.78,2403.89,782165.8,262275.86,2012,9,3,NoHoliday,2226662.17,2427640.17,2103455.75,2300584.2224999997,120107.53914292603
4,2012-03-09,2202450.81,False,A,205863,53.63,3.667,130.7413793,4.607,640908.61,43947.46,622.6899999999999,80565.72,690943.5399999999,2012,10,3,NoHoliday,2206319.9,2226662.17,2039818.41,2308820.7199999997,109101.48517576765
4,2012-03-16,2214967.44,False,A,205863,59.81,3.707,130.8261935,4.607,402513.91,2635.52,0.0,606401.77,180690.74,2012,11,3,NoHoliday,2202450.81,2206319.9,2116475.38,2265768.2624999997,108435.86200041589
4,2012-03-23,2091592.54,False,A,205863,59.07,3.759,130.8966452,4.607,625282.7999999999,-745.5,425.29,52478.94,312184.87,2012,12,3,NoHoliday,2214967.44,2202450.81,1944164.32,2212600.0799999996,10736.155595233196
4,2012-03-30,2089381.77,False,A,205863,72.63,3.82,130.9670968,4.607,182171.80000000002,31418.92,461.5,34623.86,289444.27999999997,2012,13,3,NoHoliday,2091592.54,2214967.44,1900246.47,2178832.6724999994,58394.99474982117
4,2012-04-06,2470206.13,False,A,205863,67.69,3.864,131.0375484,4.308,816564.24,0.0,5283.36,408808.08,563180.4,2012,14,4,NoHoliday,2089381.77,2091592.54,2074953.46,2149598.1399999997,68452.44323847233
4,2012-04-13,2105301.39,False,A,205863,68.69,3.881,131.108,4.308,912992.02,433724.39,2251.32,285816.17,320685.35,2012,15,4,NoHoliday,2470206.13,2089381.77,1960587.76,2216536.9699999997,179006.5749580012
4,2012-04-20,2144336.89,False,A,205863,68.6,3.864,131.1173333,4.308,199756.08,308117.52,3126.96,173517.84,327183.84,2012,16,4,NoHoliday,2105301.39,2470206.13,2220600.7600000002,2189120.4574999996,187522.7024811029
4,2012-04-27,2064065.66,False,A,205863,76.47,3.81,131.1266667,4.308,283549.86,6941.67,1894.28,8049.27,280268.95,2012,17,4,NoHoliday,2144336.89,2105301.39,1878167.44,2202306.545,180085.78830597948
4,2012-05-04,2196968.33,False,A,205863,80.14,3.747,131.136,4.308,989129.52,0.0,6742.8,503565.84,327016.08,2012,18,5,NoHoliday,2064065.66,2144336.89,2063682.76,2195977.5175,185733.66645976156
4,2012-05-11,2127661.17,False,A,205863,67.64,3.685,131.1453333,4.308,1475991.36,6192.0,7419.599999999999,360429.12,274691.52,2012,19,5,NoHoliday,2196968.33,2064065.66,2002362.37,2127668.0675,56644.83067995924
4,2012-05-18,2207214.81,False,A,205863,68.43,3.62,131.0983226,4.308,463709.52,0.0,7093.61,162602.78,179050.64,2012,20,5,NoHoliday,2127661.17,2196968.33,2015563.48,2133258.0124999997,54774.2408225439
4,2012-05-25,2154137.67,False,A,205863,77.47,3.551,131.0287742,4.308,307431.42000000004,30956.0,61224.009999999995,232057.11,266216.63,2012,21,5,NoHoliday,2207214.81,2127661.17,1986597.95,2148977.4924999997,66731.07855907516
4,2012-06-01,2179360.94,False,A,205863,77.41,3.483,130.9592258,4.308,711565.3999999999,602.0,3355.1,187343.1,342743.8,2012,22,6,NoHoliday,2154137.67,2207214.81,2065377.1500000001,2171495.4949999996,37181.881447534695
4,2012-06-08,2245257.18,False,A,205863,78.11,3.433,130.8896774,4.308,542350.58,18235.4,573.78,309174.71,707410.1499999999,2012,23,6,NoHoliday,2179360.94,2154137.67,2073951.38,2167093.6475,34073.31204130969
4,2012-06-15,2234190.93,False,A,205863,80.94,3.372,130.8295333,4.308,1172660.32,6132.0,16.06,153693.47,446260.68,2012,24,6,NoHoliday,2245257.18,2179360.94,2141210.62,2196492.65,39074.219631805245
4,2012-06-22,2197299.65,False,A,205863,81.63,3.329,130.7929,4.308,483201.6,25639.06,254.04,393471.46,797224.97,2012,25,6,NoHoliday,2234190.93,2245257.18,2008344.92,2203236.6799999997,43606.77224481227
4,2012-06-29,2128362.92,False,A,205863,84.23,3.257,130.7562667,4.308,270439.92,15235.199999999999,0.0,152226.72000000003,458722.8,2012,26,6,NoHoliday,2197299.65,2234190.93,2051533.53,2214027.175,30894.703805524914
4,2012-07-06,2224499.28,False,A,205863,80.37,3.187,130.7196333,4.077,714599.1900000001,6570.0,11506.26,779017.3099999999,282138.43,2012,27,7,NoHoliday,2128362.92,2197299.65,2066541.8599999999,2201277.67,52756.88073399599
4,2012-07-13,2100252.61,False,A,205863,76.86,3.224,130.683,4.077,808502.74,11023.0,1260.71,278148.25,347982.24,2012,28,7,NoHoliday,2224499.28,2128362.92,2049046.95,2196088.195,47774.43061719934
4,2012-07-20,2175563.69,False,A,205863,79.14,3.263,130.7012903,4.077,340745.32999999996,3376.0499999999997,2169.7599999999998,45069.38,330072.61,2012,29,7,NoHoliday,2100252.61,2224499.28,2036231.39,2162603.6149999998,58008.508597445216
4,2012-07-27,2048613.65,False,A,205863,81.06,3.356,130.7195806,4.077,490817.60000000003,4809.0,298.2,949608.1,268912.7,2012,30,7,NoHoliday,2175563.69,2100252.61,1989674.07,2157169.6249999995,54592.419861807735
4,2012-08-03,2174514.13,False,A,205863,83.86,3.374,130.737871,4.077,2126285.6,3085.71,4258.820000000001,1654452.29,797597.27,2012,31,8,NoHoliday,2048613.65,2175563.69,2160057.39,2137232.3074999996,78114.41151278128
4,2012-08-10,2193367.69,False,A,205863,83.21,3.476,130.7561613,4.077,1223742.2399999998,2635.2000000000003,4387.68,343958.39999999997,283470.48,2012,32,8,NoHoliday,2174514.13,2048613.65,2105668.7399999998,2124736.0199999996,61793.64814293823
4,2012-08-17,2283540.3,False,A,205863,81.41,3.552,130.7909677,4.077,184808.99000000002,1097.9199999999998,404.42,92646.49,257609.7,2012,33,8,NoHoliday,2193367.69,2174514.13,2232892.1,2148014.79,66829.70667636913
4,2012-08-24,2125241.68,False,A,205863,75.76,3.61,130.8381613,4.077,728802.0700000001,0.0,1708.1999999999998,592459.97,522582.18,2012,34,8,NoHoliday,2283540.3,2193367.69,1988490.21,2175008.9425,96767.95953228395
4,2012-08-31,2081181.35,False,A,205863,76.47,3.646,130.8853548,4.077,1412465.7600000002,73.44,4916.88,517516.55999999994,462824.64,2012,35,8,NoHoliday,2125241.68,2283540.3,2078420.31,2194165.9499999997,66144.1876541646
4,2012-09-07,2125104.7199999997,True,A,205863,82.09,3.709,130.9325484,4.077,663030.53,1168.0,4311.38,526905.24,585932.31,2012,36,9,LaborDay,2081181.35,2125241.68,2093139.01,2170832.755,88179.23892750838
4,2012-09-14,2117854.6,False,A,205863,68.2,3.706,130.9776667,4.077,993768.48,0.0,1664.64,262351.44,901236.96,2012,37,9,NoHoliday,2125104.7199999997,2081181.35,2075577.33,2153767.0124999997,88966.29727918668
4,2012-09-21,2119438.5300000003,False,A,205863,68.97,3.721,131.0103333,4.077,807472.08,412.56000000000006,1212.48,459133.92,318033.36,2012,38,9,NoHoliday,2117854.6,2125104.7199999997,2031406.41,2112345.5875,21060.734251179852
4,2012-09-28,2027620.23,False,A,205863,71.74,3.666,131.043,4.077,378708.32,406.83000000000004,208.74,137102.42,692489.27,2012,39,9,NoHoliday,2119438.5300000003,2117854.6,1929486.6300000001,2110894.8,20051.97476273104
4,2012-10-05,2209835.43,False,A,205863,63.07,3.62,131.0756667,3.879,426120.48,0.0,9113.039999999999,264563.27999999997,490109.04,2012,40,10,NoHoliday,2027620.23,2119438.5300000003,2166737.65,2097504.5199999996,46693.36705045151
4,2012-10-12,2133026.07,False,A,205863,57.11,3.603,131.1083333,3.879,358228.08,0.0,4404.24,108948.24,425198.16,2012,41,10,NoHoliday,2209835.43,2027620.23,2074548.8499999999,2118687.1975,74391.86912702318
4,2012-10-19,2097266.85,False,A,205863,64.46,3.61,131.1499677,3.879,448282.64,0.0,1068.55,171896.68,417843.52,2012,42,10,NoHoliday,2133026.07,2209835.43,2207742.13,2122480.065,74721.29827369703
4,2012-10-26,2149594.46,False,A,205863,63.64,3.514,131.1930968,3.879,126945.36000000002,6390.72,4806.72,0.0,545554.0800000001,2012,43,10,NoHoliday,2097266.85,2133026.07,2151659.59,2116937.1449999996,75836.17578722985
5,2011-02-04,329613.2,False,B,34875,41.67,2.989,213.1229755,6.634,0.0,0.0,0.0,0.0,0.0,2011,5,2,NoHoliday,279088.39,275313.34,317173.1,275346.4249999998,10822.776642770545
5,2011-02-11,311590.54,True,B,34875,38.25,3.022,213.4944627,6.634,0.0,0.0,0.0,0.0,0.0,2011,6,2,SuperBowl,329613.2,279088.39,311825.7,286162.9099999998,30040.3982994024
5,2011-02-18,356622.61,False,B,34875,58.83,3.045,213.8068304,6.634,0.0,0.0,0.0,0.0,0.0,2011,7,2,NoHoliday,311590.54,329613.2,303447.57,298901.36749999976,26160.917880301735
5,2011-02-25,294659.5,False,B,34875,63.35,3.065,214.0955503,6.634,0.0,0.0,0.0,0.0,0.0,2011,8,2,NoHoliday,356622.61,311590.54,270281.63,319228.68499999976,32535.76657792236
5,2011-03-04,329033.66,False,B,34875,60.35,3.288,214.3842702,6.634,0.0,0.0,0.0,0.0,0.0,2011,9,3,NoHoliday,294659.5,356622.61,288855.71,323121.4624999998,26504.811026542946
5,2011-03-11,293098.1,False,B,34875,55.74,3.459,214.6729901,6.634,0.0,0.0,0.0,0.0,0.0,2011,10,3,NoHoliday,329033.66,294659.5,297293.58999999997,322976.5774999998,26459.04054392663
5,2011-03-18,312177.67,False,B,34875,64.31,3.488,214.9257339,6.634,0.0,0.0,0.0,0.0,0.0,2011,11,3,NoHoliday,293098.1,329033.66,281706.41,318353.46749999974,30429.32501712637
5,2011-03-25,294732.5,False,B,34875,70.71,3.473,215.1640872,6.634,0.0,0.0,0.0,0.0,0.0,2011,12,3,NoHoliday,312177.67,293098.1,273282.97,307242.23249999975,16907.6560288402
5,2011-04-01,314316.55,False,B,34875,61.5,3.524,215.4024406,6.489,0.0,0.0,0.0,0.0,0.0,2011,13,4,NoHoliday,294732.5,312177.67,331406.0,307260.48249999975,16889.576815043147
5,2011-04-08,307333.62,False,B,34875,69.64,3.622,215.6407939,6.489,0.0,0.0,0.0,0.0,0.0,2011,14,4,NoHoliday,314316.55,294732.5,328020.49,303581.2049999998,11215.196734844765
5,2011-04-15,307913.58,False,B,34875,72.02,3.743,215.8592673,6.489,0.0,0.0,0.0,0.0,0.0,2011,15,4,NoHoliday,307333.62,314316.55,306858.69,307140.08499999973,8772.391043825268
5,2011-04-22,328415.44,False,B,34875,74.34,3.807,216.0280407,6.489,0.0,0.0,0.0,0.0,0.0,2011,16,4,NoHoliday,307913.58,307333.62,288839.73,306074.06249999977,8196.339627706802
5,2011-04-29,307291.56,False,B,34875,74.75,3.81,216.1968142,6.489,0.0,0.0,0.0,0.0,0.0,2011,17,4,NoHoliday,328415.44,307913.58,298697.84,314494.79749999975,9804.946825849529
5,2011-05-06,322904.68,False,B,34875,66.27,3.906,216.3655877,6.489,0.0,0.0,0.0,0.0,0.0,2011,18,5,NoHoliday,307291.56,328415.44,333522.6,312738.54999999976,10455.113325678885
5,2011-05-13,290930.01,False,B,34875,77.38,3.899,216.5343611,6.489,0.0,0.0,0.0,0.0,0.0,2011,19,5,NoHoliday,322904.68,307291.56,296673.77,316631.31499999977,10668.499386033634
5,2011-05-20,299614.33,False,B,34875,71.37,3.907,216.3023847,6.489,0.0,0.0,0.0,0.0,0.0,2011,20,5,NoHoliday,290930.01,322904.68,301615.49,312385.42249999975,16871.063986759928
5,2011-05-27,297149.69,False,B,34875,80.14,3.786,216.0704083,6.489,0.0,0.0,0.0,0.0,0.0,2011,21,5,NoHoliday,299614.33,290930.01,310013.11,305185.1449999998,13572.788443811456
5,2011-06-03,329183.92,False,B,34875,83.81,3.699,215.8384319,6.489,0.0,0.0,0.0,0.0,0.0,2011,22,6,NoHoliday,297149.69,299614.33,337825.89,302649.67749999976,13989.03057818282
5,2011-06-10,304984.14,False,B,34875,83.61,3.648,215.6064555,6.489,0.0,0.0,0.0,0.0,0.0,2011,23,6,NoHoliday,329183.92,297149.69,296641.91,304219.4874999998,17039.39175930659
5,2011-06-17,304811.82,False,B,34875,86.84,3.637,215.560463,6.489,0.0,0.0,0.0,0.0,0.0,2011,24,6,NoHoliday,304984.14,329183.92,313795.6,307733.0199999998,14669.894947247623
5,2011-06-24,302881.64,False,B,34875,84.76,3.594,215.6539583,6.489,0.0,0.0,0.0,0.0,0.0,2011,25,6,NoHoliday,304811.82,304984.14,295257.3,309032.3924999998,13922.215578452287
5,2011-07-01,327093.89,False,B,34875,85.81,3.524,215.7474537,6.529,0.0,0.0,0.0,0.0,0.0,2011,26,7,NoHoliday,302881.64,304811.82,305993.27,310465.3799999998,12515.371678470712
5,2011-07-08,310804.93,False,B,34875,86.64,3.48,215.8409491,6.529,0.0,0.0,0.0,0.0,0.0,2011,27,7,NoHoliday,327093.89,302881.64,291808.87,309942.87249999976,11473.667438807946
5,2011-07-15,283248.62,False,B,34875,88.64,3.575,215.9250696,6.529,0.0,0.0,0.0,0.0,0.0,2011,28,7,NoHoliday,310804.93,327093.89,280701.7,311398.0699999998,10994.223476592717
5,2011-07-22,292539.73,False,B,34875,86.97,3.651,215.985753,6.529,0.0,0.0,0.0,0.0,0.0,2011,29,7,NoHoliday,283248.62,310804.93,274742.63,306007.2699999998,18215.27561544496
5,2011-07-29,275142.17,False,B,34875,89.42,3.682,216.0464364,6.529,0.0,0.0,0.0,0.0,0.0,2011,30,7,NoHoliday,292539.73,283248.62,268929.03,303421.79249999975,19495.769561476547
5,2011-08-05,317738.56,False,B,34875,91.07,3.684,216.1071198,6.529,0.0,0.0,0.0,0.0,0.0,2011,31,8,NoHoliday,275142.17,292539.73,303043.02,290433.86249999976,15328.39019962832
5,2011-08-12,289886.16000000003,False,B,34875,90.16,3.638,216.1678032,6.529,0.0,0.0,0.0,0.0,0.0,2011,32,8,NoHoliday,317738.56,275142.17,286477.35,292167.2699999998,18470.029295851917
5,2011-08-19,303643.83999999997,False,B,34875,89.35,3.554,216.2311855,6.529,0.0,0.0,0.0,0.0,0.0,2011,33,8,NoHoliday,289886.16000000003,317738.56,287205.38,293826.6549999998,17683.069654951116
5,2011-08-26,310338.17,False,B,34875,89.18,3.523,216.2950176,6.529,0.0,0.0,0.0,0.0,0.0,2011,34,8,NoHoliday,303643.83999999997,289886.16000000003,288519.75,296602.68249999976,18275.379502772685
5,2011-09-02,315645.53,False,B,34875,90.38,3.533,216.3588498,6.529,0.0,0.0,0.0,0.0,0.0,2011,35,9,NoHoliday,310338.17,303643.83999999997,323798.0,305401.68249999976,11837.636363325239
5,2011-09-09,321110.22,True,B,34875,79.04,3.546,216.4226819,6.529,0.0,0.0,0.0,0.0,0.0,2011,36,9,LaborDay,315645.53,310338.17,306533.08,304878.42499999976,11136.00130985076
5,2011-09-16,278529.71,False,B,34875,83.55,3.526,216.6033083,6.529,0.0,0.0,0.0,0.0,0.0,2011,37,9,NoHoliday,321110.22,315645.53,282558.65,312684.43999999977,7460.993094974674
5,2011-09-23,291024.98,False,B,34875,78.01,3.467,216.9396605,6.529,0.0,0.0,0.0,0.0,0.0,2011,38,9,NoHoliday,278529.71,321110.22,293131.58,306405.90749999974,19097.403885419826
5,2011-09-30,292315.38,False,B,34875,81.16,3.355,217.2760127,6.529,0.0,0.0,0.0,0.0,0.0,2011,39,9,NoHoliday,291024.98,278529.71,283178.12,301577.60999999975,20182.44221170092
5,2011-10-07,309111.47000000003,False,B,34875,71.64,3.285,217.6123648,6.3,0.0,0.0,0.0,0.0,0.0,2011,40,10,NoHoliday,292315.38,291024.98,290494.85,295745.0724999998,18016.672626365664
5,2011-10-14,286117.72,False,B,34875,72.36,3.274,217.9237458,6.3,0.0,0.0,0.0,0.0,0.0,2011,41,10,NoHoliday,309111.47000000003,292315.38,280681.2,292745.3849999998,12557.585378534815
5,2011-10-21,306069.18,False,B,34875,66.9,3.353,218.0852999,6.3,0.0,0.0,0.0,0.0,0.0,2011,42,10,NoHoliday,286117.72,309111.47000000003,284988.27,294642.3874999998,10008.7445986684
5,2011-10-28,307035.11,False,B,34875,69.27,3.372,218.2468539,6.3,0.0,0.0,0.0,0.0,0.0,2011,43,10,NoHoliday,306069.18,286117.72,278031.81,298403.43749999977,10976.169136377013
5,2011-11-04,353652.23,False,B,34875,56.71,3.332,218.408408,6.3,0.0,0.0,0.0,0.0,0.0,2011,44,11,NoHoliday,307035.11,306069.18,325310.3,302083.36999999976,10719.18187078249
5,2011-11-11,311906.7,False,B,34875,60.71,3.297,218.5699621,6.3,187203.24,122421.6,3781.89,47711.79,65580.48,2011,45,11,NoHoliday,353652.23,307035.11,301827.36,313218.55999999976,28627.99263356158
5,2011-11-18,307944.37,False,B,34875,64.33,3.308,218.793912,6.3,60941.44,7431.04,6080.64,18888.32,279580.8,2011,46,11,NoHoliday,311906.7,353652.23,297384.81,319665.80499999976,22801.194868365783
5,2011-11-25,507900.07,True,B,34875,61.93,3.236,219.0428204,6.3,7197.14,469.0,1965315.02,536.0,55346.02,2011,47,11,Thanksgiving,307944.37,311906.7,488362.61,320134.60249999975,22444.956411631676
5,2011-12-02,376225.61,False,B,34875,51.14,3.172,219.2917287,6.3,151004.16,256.0,42112.64,57706.88,1584123.52,2011,48,12,NoHoliday,507900.07,307944.37,344490.88,370350.8424999998,94001.62985775828
5,2011-12-09,367433.77,False,B,34875,44.12,3.158,219.540637,6.3,170615.5,0.0,5565.69,35059.09,208948.88,2011,49,12,NoHoliday,376225.61,507900.07,352811.53,375994.18749999977,93340.236251295
5,2011-12-16,379530.3,False,B,34875,54.42,3.159,219.7596266,6.3,53762.14,0.0,5277.59,21429.28,130016.18,2011,50,12,NoHoliday,367433.77,376225.61,367801.19,389875.9549999998,84325.67803533692
5,2011-12-23,458562.24,False,B,34875,50.33,3.112,219.9387246,6.3,15089.07,10.049999999999999,28647.19,0.0,96683.68,2011,51,12,NoHoliday,379530.3,367433.77,466010.25,407772.43749999977,66946.67415596095
5,2011-12-30,349624.88,True,B,34875,45.62,3.129,220.1178226,6.3,129864.76,1144343.92,4886.31,10876.11,81200.65000000001,2011,52,12,Christmas,458562.24,379530.3,298180.18,395437.9799999998,42391.34118461039
5,2012-01-06,312078.71,False,B,34875,50.21,3.157,220.2969205,5.943,289950.57,424216.80000000005,2206.89,39163.32,220956.12,2012,1,1,NoHoliday,349624.88,458562.24,286347.26,388787.79749999975,48110.64568176884
5,2012-01-13,291454.52,False,B,34875,48.86,3.261,220.4760185,5.943,214762.59,230978.16,107.73,8686.44,107504.46,2012,2,1,NoHoliday,312078.71,349624.88,260636.71,374949.03249999974,62198.99954034982
5,2012-01-20,287523.98,False,B,34875,54.65,3.268,220.5694104,5.943,47958.75,132315.12,0.0,8355.69,80435.25,2012,3,1,NoHoliday,291454.52,312078.71,275313.34,352930.0874999998,74424.80877036374
5,2012-01-27,295974.22,False,B,34875,54.63,3.29,220.6628023,5.943,37286.6,63029.2,0.0,780.0,55983.2,2012,4,1,NoHoliday,287523.98,291454.52,279088.39,310170.52249999973,28422.069723354565
5,2012-02-03,333948.0,False,B,34875,57.35,3.36,220.7561941,5.943,1523930.24,86375.68,1524.48,955418.88,203937.28,2012,5,2,NoHoliday,295974.22,287523.98,329613.2,296757.8574999998,10781.658675774128
5,2012-02-10,349239.88,True,B,34875,48.57,3.409,220.849586,5.943,275553.2,177177.0,99.45,239387.85,210261.35,2012,6,2,SuperBowl,333948.0,295974.22,311590.54,302225.17999999976,21428.518442876753
5,2012-02-17,356427.98,False,B,34875,48.25,3.51,221.0106341,5.943,366199.68,129262.31999999999,116.16,175747.44,186145.08000000002,2012,7,2,NoHoliday,349239.88,333948.0,356622.61,316671.5199999998,29648.67703423943
5,2012-02-24,312220.47,False,B,34875,57.75,3.555,221.2224243,5.943,144320.80000000002,91481.0,0.0,9454.9,172738.8,2012,8,2,NoHoliday,356427.98,349239.88,294659.5,333897.5199999998,26964.104962719397
5,2012-03-02,359206.21,False,B,34875,60.66,3.63,221.4342146,5.943,395052.8,7892.48,64.0,196048.64,77669.76,2012,9,3,NoHoliday,312220.47,356427.98,329033.66,337959.0824999998,19552.67691279517
5,2012-03-09,347295.6,False,B,34875,57.69,3.669,221.6460048,5.943,116072.46,3230.01,126.0,6909.21,317737.35,2012,10,3,NoHoliday,359206.21,312220.47,293098.1,344273.6349999998,21777.502722203873
5,2012-03-16,339392.54,False,B,34875,63.55,3.734,221.7989713,5.943,120311.68,1964.8,143.36,37447.68,112965.12,2012,11,3,NoHoliday,347295.6,359206.21,312177.67,343787.56499999977,21651.03924625327
5,2012-03-23,321299.99,False,B,34875,64.44,3.787,221.8735063,5.943,45125.6,2128.75,363.34999999999997,13655.85,50420.5,2012,12,3,NoHoliday,339392.54,347295.6,294732.5,339528.7049999997,19943.98071857323
5,2012-03-30,331318.73,False,B,34875,67.76,3.845,221.9480412,5.943,321165.81,1587.6,170.10000000000002,20321.91,112789.53,2012,13,3,NoHoliday,321299.99,339392.54,314316.55,341798.58499999973,15908.321004920947
5,2012-04-06,402985.7,False,B,34875,70.4,3.891,222.0225762,5.801,320809.7,0.0,401.76000000000005,92324.2,140423.18,2012,14,4,NoHoliday,331318.73,321299.99,307333.62,334826.71499999973,11129.511805401758
5,2012-04-13,351832.02999999997,False,B,34875,70.56,3.891,222.0971111,5.801,98426.79,47784.87,0.0,12978.0,103472.46,2012,15,4,NoHoliday,402985.7,331318.73,307913.58,348749.23999999976,36907.20540609932
5,2012-04-20,330063.06,False,B,34875,67.33,3.877,222.1512315,5.801,77839.45,14675.7,195.0,16116.1,97468.15,2012,16,4,NoHoliday,351832.02999999997,402985.7,328415.44,351859.1124999997,36376.255827545196
5,2012-04-27,324839.74,False,B,34875,68.96,3.814,222.2053519,5.801,71028.72,0.0,318.15,2101.05,163716.21,2012,17,4,NoHoliday,330063.06,351832.02999999997,307291.56,354049.8799999998,34116.00822560937
5,2012-05-04,360932.69,False,B,34875,77.1,3.749,222.2594722,5.801,409383.04,0.0,5352.32,75752.96,180085.12,2012,18,5,NoHoliday,324839.74,330063.06,322904.68,352430.1324999998,35673.233767965
5,2012-05-11,333870.52,False,B,34875,73.45,3.688,222.3135926,5.801,284760.2,0.0,2607.75,43260.590000000004,106165.62000000001,2012,19,5,NoHoliday,360932.69,324839.74,290930.01,341916.8799999998,17243.86836598754
5,2012-05-18,336189.66,False,B,34875,70.45,3.63,222.330443,5.801,163621.1,0.0,4051.0800000000004,15111.26,131417.06,2012,20,5,NoHoliday,333870.52,360932.69,299614.33,337426.50249999977,16102.098600572335
5,2012-05-25,341994.48,False,B,34875,78.23,3.561,222.3323853,5.801,238446.18000000002,0.0,27215.37,14187.599999999999,141099.84,2012,21,5,NoHoliday,336189.66,333870.52,297149.69,338958.15249999973,15446.233899742221
5,2012-06-01,359867.8,False,B,34875,79.72,3.501,222.3343277,5.801,176128.36000000002,0.0,2577.96,24391.420000000002,131068.0,2012,22,6,NoHoliday,341994.48,336189.66,329183.92,343246.83749999973,12275.678692802425
5,2012-06-08,341704.59,False,B,34875,81.02,3.452,222.33627,5.801,282773.61000000004,0.0,15.12,14563.08,78554.07,2012,23,6,NoHoliday,359867.8,341994.48,304984.14,342980.61499999976,11765.208316662589
5,2012-06-15,327383.64,False,B,34875,81.64,3.393,222.3492901,5.801,118483.24,58.9,2.48,35346.82,113374.43999999999,2012,24,6,NoHoliday,341704.59,359867.8,304811.82,344939.1324999998,10304.556045810434
5,2012-06-22,325041.68,False,B,34875,80.57,3.346,222.3900046,5.801,122815.8,528.0,0.0,40641.6,165769.8,2012,25,6,NoHoliday,327383.64,341704.59,302881.64,342737.62749999977,13301.718895603655
5,2012-06-29,329658.1,False,B,34875,87.08,3.286,222.4307191,5.801,65301.5,790.5,0.0,7055.599999999999,80606.81999999999,2012,26,6,NoHoliday,325041.68,327383.64,327093.89,338499.42749999976,16036.958455279095
5,2012-07-06,341214.43,False,B,34875,82.35,3.227,222.4714336,5.603,158134.57,161.65,3175.6600000000003,55775.96,168907.78,2012,27,7,NoHoliday,329658.1,325041.68,310804.93,330947.00249999977,7415.239816984101
5,2012-07-13,316203.64,False,B,34875,80.78,3.256,222.5121481,5.603,89734.66,61.0,732.0,54239.979999999996,48704.840000000004,2012,28,7,NoHoliday,341214.43,329658.1,283248.62,330824.46249999973,7178.478461609164
5,2012-07-20,321205.12,False,B,34875,81.05,3.311,222.5209358,5.603,59818.840000000004,835.76,210.18,17293.66,65108.060000000005,2012,29,7,NoHoliday,316203.64,341214.43,292539.73,328029.4624999998,10412.696579519374
5,2012-07-27,306827.36,False,B,34875,85.06,3.407,222.5297234,5.603,164496.87,472.75,21.96,189385.47999999998,131286.03,2012,30,7,NoHoliday,321205.12,316203.64,275142.17,327070.3224999998,10942.847866727354
5,2012-08-03,324195.17,False,B,34875,86.91,3.417,222.5385111,5.603,456646.12,897.76,43.4,225723.4,156073.22,2012,31,8,NoHoliday,306827.36,321205.12,317738.56,321362.6374999998,14514.452848260216
5,2012-08-10,306759.7,False,B,34875,86.96,3.494,222.5472987,5.603,205478.28,945.0,31.5,106289.19,132445.53,2012,32,8,NoHoliday,324195.17,306827.36,289886.16000000003,317107.8224999998,7605.344537818416
5,2012-08-17,314014.18,False,B,34875,87.52,3.571,222.6276753,5.603,98973.59999999999,-658.8000000000001,138.6,117345.0,72313.8,2012,33,8,NoHoliday,306759.7,324195.17,303643.83999999997,314746.83749999973,9264.500152330753
5,2012-08-24,320831.36,False,B,34875,79.45,3.62,222.7617437,5.603,123092.93999999999,4216.0,281.48,38911.200000000004,84020.54000000001,2012,34,8,NoHoliday,314014.18,306759.7,310338.17,312949.1024999998,8233.930994351722
5,2012-08-31,344642.01,False,B,34875,84.25,3.638,222.8958121,5.603,317913.08999999997,2989.0,793.0,170747.53999999998,167169.28,2012,35,8,NoHoliday,320831.36,314014.18,315645.53,316450.10249999975,7724.83240204779
5,2012-09-07,350648.91,True,B,34875,86.3,3.73,223.0298805,5.603,170632.86000000002,115.89999999999999,586.2099999999999,59093.75,126227.30000000002,2012,36,9,LaborDay,344642.01,320831.36,321110.22,321561.81249999977,16424.558526098477
5,2012-09-14,299800.67,False,B,34875,76.65,3.717,223.1734167,5.603,127712.34000000001,252.0,286.65,85363.11,222705.63,2012,37,9,NoHoliday,350648.91,344642.01,278529.71,332534.11499999976,17838.996479971927
5,2012-09-21,307306.76,False,B,34875,71.09,3.721,223.3737593,5.603,191095.38,360.99,69.30000000000001,5280.66,288480.15,2012,38,9,NoHoliday,299800.67,350648.91,291024.98,328980.73749999976,23328.622253726462
5,2012-09-28,310141.68,False,B,34875,78.33,3.666,223.5741019,5.603,79322.18000000001,0.0,34.1,26410.760000000002,92541.2,2012,39,9,NoHoliday,307306.76,299800.67,292315.38,325599.5874999998,25757.16142819466
5,2012-10-05,343048.29,False,B,34875,71.17,3.617,223.7744444,5.422,124985.34,0.0,367.21999999999997,68416.37999999999,126323.06999999999,2012,40,10,NoHoliday,310141.68,307306.76,309111.47000000003,316974.5049999998,22869.622876916845
5,2012-10-12,325345.41,False,B,34875,66.24,3.601,223.974787,5.422,86775.68,0.0,256.0,29054.72,227991.04,2012,41,10,NoHoliday,343048.29,310141.68,286117.72,315074.34999999974,19152.835365582505
5,2012-10-19,313358.15,False,B,34875,69.17,3.594,224.0192873,5.422,57261.329999999994,0.0,0.0,0.0,44726.850000000006,2012,42,10,NoHoliday,325345.41,343048.29,306069.18,321460.53499999974,16427.306991586935
5,2012-10-26,319550.77,False,B,34875,71.7,3.506,224.0378139,5.422,95951.81999999999,107.88,0.0,8265.22,37121.88,2012,43,10,NoHoliday,313358.15,325345.41,307035.11,322973.3824999998,14896.685433255208
6,2011-02-04,1514999.17,False,A,202505,40.59,2.989,214.0887176,6.858,0.0,0.0,0.0,0.0,0.0,2011,5,2,NoHoliday,1287034.7,1261253.18,1652635.1,1301231.0274999999,37621.30992008813
6,2011-02-11,1486920.17,True,A,202505,39.38,3.022,214.4630941,6.858,0.0,0.0,0.0,0.0,0.0,2011,6,2,SuperBowl,1514999.17,1287034.7,1606283.8599999999,1342370.4,116549.59949875246
6,2011-02-18,1572117.54,False,A,202505,59.61,3.045,214.7775231,6.858,0.0,0.0,0.0,0.0,0.0,2011,7,2,NoHoliday,1486920.17,1514999.17,1567138.07,1387551.8049999997,131873.59336714883
6,2011-02-25,1422600.43,False,A,202505,62.86,3.065,215.0679731,6.858,0.0,0.0,0.0,0.0,0.0,2011,8,2,NoHoliday,1572117.54,1486920.17,1432953.21,1465267.8949999998,123997.2300259677
6,2011-03-04,1502617.99,False,A,202505,60.45,3.288,215.3584231,6.858,0.0,0.0,0.0,0.0,0.0,2011,9,3,NoHoliday,1422600.43,1572117.54,1601348.82,1499159.3274999997,62141.94274494383
6,2011-03-11,1494497.3900000001,False,A,202505,57.71,3.459,215.6488731,6.858,0.0,0.0,0.0,0.0,0.0,2011,10,3,NoHoliday,1502617.99,1422600.43,1558621.36,1496064.0324999997,61393.81476898055
6,2011-03-18,1685375.47,False,A,202505,65.07,3.488,215.9035078,6.858,0.0,0.0,0.0,0.0,0.0,2011,11,3,NoHoliday,1494497.3900000001,1502617.99,1693058.91,1497958.3375,61133.98415839166
6,2011-03-25,1438465.81,False,A,202505,70.83,3.473,216.1438163,6.858,0.0,0.0,0.0,0.0,0.0,2011,12,3,NoHoliday,1685375.47,1494497.3900000001,1472033.38,1526272.8199999998,111998.28364659622
6,2011-04-01,1459276.77,False,A,202505,62.25,3.524,216.3841249,6.855,0.0,0.0,0.0,0.0,0.0,2011,13,4,NoHoliday,1438465.81,1685375.47,1770333.9,1530239.1649999998,107284.70783471747
6,2011-04-08,1534594.0,False,A,202505,70.35,3.622,216.6244334,6.855,0.0,0.0,0.0,0.0,0.0,2011,14,4,NoHoliday,1459276.77,1438465.81,1667181.82,1519403.8599999999,113038.55162955918
6,2011-04-15,1448797.02,False,A,202505,73.17,3.743,216.8446627,6.855,0.0,0.0,0.0,0.0,0.0,2011,15,4,NoHoliday,1534594.0,1459276.77,1519846.36,1529428.0124999997,111865.41919573277
6,2011-04-22,1639358.93,False,A,202505,74.24,3.807,217.0146941,6.855,0.0,0.0,0.0,0.0,0.0,2011,16,4,NoHoliday,1448797.02,1534594.0,1540435.99,1470283.3999999997,43707.446868286475
6,2011-04-29,1479249.9,False,A,202505,75.27,3.81,217.1847255,6.855,0.0,0.0,0.0,0.0,0.0,2011,17,4,NoHoliday,1639358.93,1448797.02,1498080.16,1520506.6799999997,87969.09898892639
6,2011-05-06,1504651.57,False,A,202505,65.42,3.906,217.3547569,6.855,0.0,0.0,0.0,0.0,0.0,2011,18,5,NoHoliday,1479249.9,1639358.93,1619920.04,1525499.9624999997,83803.2928303568
6,2011-05-13,1453185.65,False,A,202505,76.95,3.899,217.5247882,6.855,0.0,0.0,0.0,0.0,0.0,2011,19,5,NoHoliday,1504651.57,1479249.9,1524059.4,1518014.3549999997,84057.10824758395
6,2011-05-20,1382783.83,False,A,202505,72.01,3.907,217.2896095,6.855,0.0,0.0,0.0,0.0,0.0,2011,20,5,NoHoliday,1453185.65,1504651.57,1531938.44,1519111.5124999997,82872.79177549512
6,2011-05-27,1523979.11,False,A,202505,80.83,3.786,217.0544307,6.855,0.0,0.0,0.0,0.0,0.0,2011,21,5,NoHoliday,1382783.83,1453185.65,1644470.66,1454967.7374999998,52509.67836311584
6,2011-06-03,1705506.29,False,A,202505,84.01,3.699,216.819252,6.855,0.0,0.0,0.0,0.0,0.0,2011,22,6,NoHoliday,1523979.11,1382783.83,1857380.09,1466150.0399999998,63099.3120069329
6,2011-06-10,1598643.65,False,A,202505,84.49,3.648,216.5840732,6.855,0.0,0.0,0.0,0.0,0.0,2011,23,6,NoHoliday,1705506.29,1523979.11,1685652.35,1516363.7199999997,138645.78547795347
6,2011-06-17,1622150.33,False,A,202505,87.08,3.637,216.5371616,6.855,0.0,0.0,0.0,0.0,0.0,2011,24,6,NoHoliday,1598643.65,1705506.29,1677248.24,1552728.2199999997,135593.7220809227
6,2011-06-24,1543365.9000000001,False,A,202505,85.51,3.594,216.6314502,6.855,0.0,0.0,0.0,0.0,0.0,2011,25,6,NoHoliday,1622150.33,1598643.65,1640681.88,1612569.8449999997,74769.03489433792
6,2011-07-01,1694551.15,False,A,202505,87.0,3.524,216.7257388,6.925,0.0,0.0,0.0,0.0,0.0,2011,26,7,NoHoliday,1543365.9000000001,1622150.33,1759777.25,1617416.5424999997,67374.90013892135
6,2011-07-08,1709373.62,False,A,202505,88.36,3.48,216.8200275,6.925,0.0,0.0,0.0,0.0,0.0,2011,27,7,NoHoliday,1694551.15,1543365.9000000001,1690317.99,1614677.7574999998,62657.991755905336
6,2011-07-15,1526801.24,False,A,202505,88.93,3.575,216.9044732,6.925,0.0,0.0,0.0,0.0,0.0,2011,28,7,NoHoliday,1709373.62,1694551.15,1560120.8,1642360.2499999998,76208.05731656824
6,2011-07-22,1526506.08,False,A,202505,88.06,3.651,216.964312,6.925,0.0,0.0,0.0,0.0,0.0,2011,29,7,NoHoliday,1526801.24,1709373.62,1585240.92,1618522.9775,96773.93878641965
6,2011-07-29,1483991.05,False,A,202505,90.22,3.682,217.0241507,6.925,0.0,0.0,0.0,0.0,0.0,2011,30,7,NoHoliday,1526506.08,1526801.24,1532308.78,1614308.0225,101395.34083525001
6,2011-08-05,1601584.57,False,A,202505,91.46,3.684,217.0839894,6.925,0.0,0.0,0.0,0.0,0.0,2011,31,8,NoHoliday,1483991.05,1526506.08,1633241.59,1561667.9974999998,100503.25087921675
6,2011-08-12,1484995.38,False,A,202505,90.49,3.638,217.1438281,6.925,0.0,0.0,0.0,0.0,0.0,2011,32,8,NoHoliday,1601584.57,1483991.05,1547654.98,1534720.7349999999,48902.870839152005
6,2011-08-19,1493544.04,False,A,202505,89.26,3.554,217.2069662,6.925,0.0,0.0,0.0,0.0,0.0,2011,33,8,NoHoliday,1484995.38,1601584.57,1539930.5,1524269.2699999996,55219.055814602674
6,2011-08-26,1420405.41,False,A,202505,90.07,3.523,217.2706543,6.925,0.0,0.0,0.0,0.0,0.0,2011,34,8,NoHoliday,1493544.04,1484995.38,1450766.1199999999,1516028.7599999998,57198.03258418695
6,2011-09-02,1481618.74,False,A,202505,91.22,3.533,217.3343423,6.925,0.0,0.0,0.0,0.0,0.0,2011,35,9,NoHoliday,1420405.41,1493544.04,1510925.32,1500132.3499999996,75103.19920866976
6,2011-09-09,1483574.38,True,A,202505,80.21,3.546,217.3980304,6.925,0.0,0.0,0.0,0.0,0.0,2011,36,9,LaborDay,1481618.74,1420405.41,1424225.44,1470140.8924999996,33534.67019140205
6,2011-09-16,1351407.79,False,A,202505,84.94,3.526,217.5797506,6.925,0.0,0.0,0.0,0.0,0.0,2011,37,9,NoHoliday,1483574.38,1481618.74,1308537.75,1469785.6424999998,33331.76808898349
6,2011-09-23,1336044.75,False,A,202505,78.49,3.467,217.9188471,6.925,0.0,0.0,0.0,0.0,0.0,2011,38,9,NoHoliday,1351407.79,1483574.38,1275591.84,1434251.5799999998,62533.18162261805
6,2011-09-30,1307551.92,False,A,202505,82.51,3.355,218.2579435,6.925,0.0,0.0,0.0,0.0,0.0,2011,39,9,NoHoliday,1336044.75,1351407.79,1328468.89,1413161.4149999998,80425.70320408235
6,2011-10-07,1481739.2,False,A,202505,74.1,3.285,218.59704,6.551,0.0,0.0,0.0,0.0,0.0,2011,40,10,NoHoliday,1307551.92,1336044.75,1360317.9,1369644.7099999997,78096.15193120464
6,2011-10-14,1386520.99,False,A,202505,71.24,3.274,218.9109844,6.551,0.0,0.0,0.0,0.0,0.0,2011,41,10,NoHoliday,1481739.2,1307551.92,1344580.92,1369185.9149999998,77204.03670367785
6,2011-10-21,1417922.3699999999,False,A,202505,68.53,3.353,219.0740167,6.551,0.0,0.0,0.0,0.0,0.0,2011,42,10,NoHoliday,1386520.99,1481739.2,1332716.53,1377964.2149999999,76501.84909139643
6,2011-10-28,1419445.12,False,A,202505,69.51,3.372,219.237049,6.551,0.0,0.0,0.0,0.0,0.0,2011,43,10,NoHoliday,1417922.3699999999,1386520.99,1385323.7,1398433.6199999996,72390.20464148863
6,2011-11-04,1523420.38,False,A,202505,58.54,3.332,219.4000812,6.551,0.0,0.0,0.0,0.0,0.0,2011,44,11,NoHoliday,1419445.12,1417922.3699999999,1505442.15,1426406.9199999997,39887.353342086775
6,2011-11-11,1536176.54,False,A,202505,61.33,3.297,219.5631135,6.551,893919.11,154329.86,8747.2,220707.05000000002,384604.16,2011,45,11,NoHoliday,1523420.38,1419445.12,1495536.46,1436827.2149999996,59689.817360346045
6,2011-11-18,1524390.07,False,A,202505,63.89,3.308,219.7897137,6.551,334785.60000000003,21913.920000000002,14787.36,49527.36,572346.72,2011,46,11,NoHoliday,1536176.54,1523420.38,1518841.45,1474241.1024999998,64366.13779073679
6,2011-11-25,2249811.55,True,A,202505,62.78,3.236,220.0417412,6.551,31748.219999999998,12719.119999999999,6156267.9399999995,1110.0,72981.02,2011,47,11,Thanksgiving,1524390.07,1536176.54,2267452.4,1500858.0274999999,54584.1112637949
6,2011-12-02,1688531.34,False,A,202505,51.18,3.172,220.2937686,6.551,444756.78,5320.74,204844.94,277242.22000000003,1936349.63,2011,48,12,NoHoliday,2249811.55,1524390.07,1677067.24,1708449.6349999998,360954.51742437517
6,2011-12-09,1903385.14,False,A,202505,43.64,3.158,220.5457961,6.551,394079.76,3024.0,20336.399999999998,319428.72000000003,814409.28,2011,49,12,NoHoliday,1688531.34,2249811.55,1834737.58,1749727.3749999998,341667.47818066797
6,2011-12-16,2034695.56,False,A,202505,53.27,3.159,220.7671856,6.551,516110.73000000004,1971.0,44090.54,37124.88,349586.05000000005,2011,50,12,NoHoliday,1903385.14,1688531.34,2090268.95,1841529.525,313318.9044068459
6,2011-12-23,2644633.02,False,A,202505,49.45,3.112,220.9477245,6.551,154334.88,3998.88,102038.40000000001,1685.52,384228.0,2011,51,12,NoHoliday,2034695.56,1903385.14,2727575.18,1969105.8974999997,235328.82487773473
6,2011-12-30,1598080.52,True,A,202505,46.8,3.129,221.1282634,6.551,445193.42,6050324.680000001,23847.64,59464.340000000004,199216.27,2011,52,12,Christmas,2644633.02,2034695.56,1464050.02,2067811.2649999997,410166.30734757846
6,2012-01-06,1395339.71,False,A,202505,50.82,3.157,221.3088023,6.132,228632.07,2276006.53,7685.04,69988.96,472194.73,2012,1,1,NoHoliday,1598080.52,2644633.02,1350441.68,2045198.5599999998,439491.2106174692
6,2012-01-13,1344243.17,False,A,202505,48.33,3.261,221.4893412,6.132,344122.55999999994,861682.32,4731.84,41409.36,324876.96,2012,2,1,NoHoliday,1395339.71,1598080.52,1306194.55,1918187.2025,552912.142425685
6,2012-01-20,1326255.7,False,A,202505,55.37,3.268,221.5831306,6.132,245801.52,110951.28,2377.44,32332.32,474309.36,2012,3,1,NoHoliday,1344243.17,1395339.71,1261253.18,1745574.1049999997,609314.3526637461
6,2012-01-27,1315610.66,False,A,202505,53.95,3.29,221.6769199,6.132,107251.89,44795.32,2634.1,1207.0,187574.9,2012,4,1,NoHoliday,1326255.7,1344243.17,1287034.7,1415979.7749999997,124877.59839711676
6,2012-02-03,1496305.78,False,A,202505,57.45,3.36,221.7707093,6.132,2653083.36,127632.96,11631.6,2030352.48,514895.76,2012,5,2,NoHoliday,1315610.66,1326255.7,1514999.17,1345362.3099999996,35351.644037766215
6,2012-02-10,1620603.92,True,A,202505,48.58,3.409,221.8644987,6.132,935004.06,421412.24,5065.3,664236.58,501677.82,2012,6,2,SuperBowl,1496305.78,1315610.66,1486920.17,1370603.8274999997,84630.31373880987
6,2012-02-17,1632616.09,False,A,202505,49.03,3.51,222.026359,6.132,949127.04,1101592.08,923.04,441308.88,547419.6,2012,7,2,NoHoliday,1620603.92,1496305.78,1572117.54,1439694.0149999997,146285.35579661065
6,2012-02-24,1465187.71,False,A,202505,59.17,3.555,222.2392726,6.132,671459.84,648116.63,773.8,46875.49,404396.64,2012,8,2,NoHoliday,1632616.09,1620603.92,1422600.43,1516284.1124999998,147291.90918450605
6,2012-03-02,1550385.65,False,A,202505,60.32,3.63,222.4521862,6.132,1437323.29,43929.12,1018.85,687805.4,352793.32,2012,9,3,NoHoliday,1465187.71,1632616.09,1502617.99,1553678.3749999995,85308.07674178417
6,2012-03-09,1569304.4,False,A,202505,57.89,3.669,222.6650998,6.132,556645.6799999999,32083.2,301.68,32142.24,412536.24,2012,10,3,NoHoliday,1550385.65,1465187.71,1494497.3900000001,1567198.3424999998,77072.41869011597
6,2012-03-16,1748010.29,False,A,202505,62.8,3.734,222.8186603,6.132,499417.55,7361.280000000001,325.89,158446.44,146404.84,2012,11,3,NoHoliday,1569304.4,1550385.65,1685375.47,1554373.4625,69076.87203461805
6,2012-03-23,1495143.62,False,A,202505,63.71,3.787,222.8930835,6.132,349947.64,4098.12,777.4499999999999,47200.799999999996,281746.46,2012,12,3,NoHoliday,1748010.29,1569304.4,1438465.81,1583222.0124999997,118826.4835912876
6,2012-03-30,1508933.26,False,A,202505,67.91,3.845,222.9675066,6.132,856517.02,481.38,1171.5,132036.57,251002.75,2012,13,3,NoHoliday,1495143.62,1748010.29,1459276.77,1590710.9899999998,109484.49986299737
6,2012-04-06,1840131.19,False,A,202505,71.6,3.891,223.0419298,5.964,662373.36,0.0,1771.2,291231.36,310627.44000000006,2012,14,4,NoHoliday,1508933.26,1495143.62,1534594.0,1580347.8924999998,116322.04727882471
6,2012-04-13,1616394.45,False,A,202505,71.29,3.891,223.1163529,5.964,329026.78,494737.94,1280.84,109638.91,204157.66,2012,15,4,NoHoliday,1840131.19,1508933.26,1448797.02,1648054.5899999999,172840.07197151985
6,2012-04-20,1456073.24,False,A,202505,68.64,3.877,223.17092,5.964,167491.44,186613.92,1064.8799999999999,5862.24,263770.56,2012,16,4,NoHoliday,1616394.45,1840131.19,1639358.93,1615150.6299999997,159480.000423213
6,2012-04-27,1456221.1,False,A,202505,71.5,3.814,223.2254871,5.964,182073.11,105.79,1103.34,705.74,181501.56,2012,17,4,NoHoliday,1456073.24,1616394.45,1479249.9,1605383.0349999997,170121.44830159826
6,2012-05-04,1543461.12,False,A,202505,77.66,3.749,223.2800541,5.964,982334.16,19152.0,8443.44,392830.55999999994,199696.32,2012,18,5,NoHoliday,1456221.1,1456073.24,1504651.57,1592204.9949999996,181728.7377009366
6,2012-05-11,1517075.67,False,A,202505,72.66,3.688,223.3346212,5.964,756770.54,0.0,9458.62,235215.9,688745.44,2012,19,5,NoHoliday,1543461.12,1456221.1,1453185.65,1518037.4774999998,77419.39225955114
6,2012-05-18,1513635.64,False,A,202505,70.5,3.63,223.3511928,5.964,449019.2,0.0,3642.1,34680.1,209420.4,2012,20,5,NoHoliday,1517075.67,1543461.12,1382783.83,1493207.7824999997,44128.83755793647
6,2012-05-25,1603793.42,False,A,202505,78.47,3.561,223.3525662,5.964,538591.9,0.0,66166.1,93233.0,339658.9,2012,21,5,NoHoliday,1513635.64,1517075.67,1523979.11,1507598.3824999998,36751.546700150684
6,2012-06-01,1681121.38,False,A,202505,80.39,3.501,223.3539397,5.964,587005.28,1136.0,31369.93,135241.51,249746.05000000002,2012,22,6,NoHoliday,1603793.42,1513635.64,1705506.29,1544491.4625,41719.26505247372
6,2012-06-08,1696619.52,False,A,202505,80.5,3.452,223.3553131,5.964,791664.2000000001,13390.6,4522.7,61027.34,446931.51,2012,23,6,NoHoliday,1681121.38,1603793.42,1598643.65,1578906.5274999999,79896.9694546835
6,2012-06-15,1642247.48,False,A,202505,82.1,3.393,223.3680933,5.964,499959.28,19620.850000000002,24861.36,239490.81,378116.18,2012,24,6,NoHoliday,1696619.52,1681121.38,1622150.33,1623792.4899999998,83914.38559635553
6,2012-06-22,1618272.25,False,A,202505,81.2,3.346,223.4093906,5.964,514965.13,22176.850000000002,11396.21,214744.47,483233.81,2012,25,6,NoHoliday,1642247.48,1696619.52,1543365.9000000001,1655945.4499999997,41616.006684016604
6,2012-06-29,1648863.46,False,A,202505,87.35,3.286,223.4506878,5.964,283815.4,16464.9,0.0,18633.24,296985.89999999997,2012,26,6,NoHoliday,1618272.25,1642247.48,1694551.15,1659565.1574999997,35789.67575781769
6,2012-07-06,1876359.39,False,A,202505,82.95,3.227,223.4919851,5.668,432194.04,18097.9,14622.449999999999,259529.14,405813.99,2012,27,7,NoHoliday,1648863.46,1618272.25,1709373.62,1651500.6774999998,32824.86315168055
6,2012-07-13,1588142.26,False,A,202505,80.27,3.256,223.5332824,5.668,597371.99,8054.95,2798.82,391648.78,193473.58,2012,28,7,NoHoliday,1876359.39,1648863.46,1526801.24,1696435.6449999998,120666.95259334368
6,2012-07-20,1574361.97,False,A,202505,81.57,3.311,223.5424501,5.668,270874.08,10724.4,1326.96,230224.32,544345.9199999999,2012,29,7,NoHoliday,1588142.26,1876359.39,1526506.08,1682909.3399999999,131327.57598891383
6,2012-07-27,1513229.16,False,A,202505,85.78,3.407,223.5516178,5.668,505267.2,14634.72,583.92,1234937.52,240481.44,2012,30,7,NoHoliday,1574361.97,1588142.26,1483991.05,1671931.7699999998,140075.39232285012
6,2012-08-03,1627274.93,False,A,202505,87.55,3.417,223.5607856,5.668,2255330.62,10020.939999999999,1358.23,1130711.21,430900.42000000004,2012,31,8,NoHoliday,1513229.16,1574361.97,1601584.57,1638023.1949999998,162191.812641324
6,2012-08-10,1588380.73,False,A,202505,87.04,3.494,223.5699533,5.668,408264.2,13279.84,369.91,278329.94,532899.73,2012,32,8,NoHoliday,1627274.93,1513229.16,1484995.38,1575752.0799999996,47325.71029118371
6,2012-08-17,1543049.52,False,A,202505,87.53,3.571,223.6510224,5.668,385745.13,12186.439999999999,0.71,352752.85000000003,350766.27,2012,33,8,NoHoliday,1588380.73,1627274.93,1493544.04,1575811.6974999998,47346.6668559327
6,2012-08-24,1501095.49,False,A,202505,79.03,3.62,223.7860175,5.668,389986.67000000004,7338.56,3550.0,374042.91,445672.68,2012,34,8,NoHoliday,1543049.52,1588380.73,1420405.41,1567983.5849999997,50170.58158777491
6,2012-08-31,1577439.81,False,A,202505,83.58,3.638,223.9210125,5.668,1569697.2,8033.039999999999,1205.28,1128670.56,288186.48,2012,35,8,NoHoliday,1501095.49,1543049.52,1481618.74,1564950.1674999997,54743.11365915636
6,2012-09-07,1608077.01,True,A,202505,86.33,3.73,224.0560076,5.668,1015568.64,3453.12,1771.2,218924.63999999998,256188.96,2012,36,9,LaborDay,1577439.81,1501095.49,1483574.38,1552491.3874999997,39332.581202021676
6,2012-09-14,1375166.86,False,A,202505,76.41,3.717,224.2004678,5.668,797246.64,1584.0,432.71999999999997,278745.12,719850.96,2012,37,9,NoHoliday,1608077.01,1577439.81,1351407.79,1557415.4574999998,45992.341732841545
6,2012-09-21,1425603.65,False,A,202505,70.81,3.721,224.4017192,5.668,628989.84,275.03999999999996,442.8,61564.31999999999,654665.04,2012,38,9,NoHoliday,1375166.86,1608077.01,1336044.75,1515444.7925,103775.25514705012
6,2012-09-28,1369131.46,False,A,202505,77.82,3.666,224.6029706,5.668,301070.88,550.0799999999999,118.8,140593.68,176250.24,2012,39,9,NoHoliday,1425603.65,1375166.86,1307551.92,1496571.8324999998,113649.58523069743
6,2012-10-05,1518177.71,False,A,202505,70.84,3.617,224.804222,5.329,695742.48,0.0,2946.96,267840.0,427769.27999999997,2012,40,10,NoHoliday,1369131.46,1425603.65,1481739.2,1444494.7449999999,111955.36500081467
6,2012-10-12,1459396.84,False,A,202505,65.43,3.601,225.0054733,5.329,137184.47999999998,0.0,995.76,40284.0,626894.64,2012,41,10,NoHoliday,1518177.71,1369131.46,1386520.99,1422019.9199999997,68924.02128657243
6,2012-10-19,1436883.99,False,A,202505,69.68,3.594,225.0501013,5.329,104827.95,0.0,220.1,2223.72,289720.47000000003,2012,42,10,NoHoliday,1459396.84,1518177.71,1417922.3699999999,1443077.4149999996,62395.818945284336
6,2012-10-26,1431426.34,False,A,202505,72.34,3.506,225.0686254,5.329,491586.48,3821.04,0.0,22986.0,135451.44,2012,43,10,NoHoliday,1436883.99,1459396.84,1419445.12,1445897.4999999998,61592.55690391107
7,2011-02-04,558027.77,False,B,70713,-2.06,3.011,191.7625895,8.818,0.0,0.0,0.0,0.0,0.0,2011,5,2,NoHoliday,513372.17,521539.46,496725.44,560865.1174999997,68419.43549117606
7,2011-02-11,559903.13,True,B,70713,10.24,3.037,191.8572881,8.818,0.0,0.0,0.0,0.0,0.0,2011,6,2,SuperBowl,558027.77,513372.17,524104.92,535081.0749999997,21075.948489340204
7,2011-02-18,572387.47,False,B,70713,17.3,3.051,191.9178331,8.818,0.0,0.0,0.0,0.0,0.0,2011,7,2,NoHoliday,559903.13,558027.77,506760.54000000004,538210.6324999998,24208.542558258916
7,2011-02-25,546690.84,False,B,70713,17.46,3.101,191.9647167,8.818,0.0,0.0,0.0,0.0,0.0,2011,8,2,NoHoliday,572387.47,559903.13,496083.24,550922.6349999998,25832.207268715072
7,2011-03-04,551378.39,False,B,70713,21.84,3.232,192.0116004,8.818,0.0,0.0,0.0,0.0,0.0,2011,9,3,NoHoliday,546690.84,572387.47,491419.55000000005,559252.3024999998,10523.719584586708
7,2011-03-11,558963.8300000001,False,B,70713,20.7,3.372,192.058484,8.818,0.0,0.0,0.0,0.0,0.0,2011,10,3,NoHoliday,551378.39,546690.84,480452.1,557589.9574999998,11279.649467116438
7,2011-03-18,635014.6900000001,False,B,70713,27.69,3.406,192.1237981,8.818,0.0,0.0,0.0,0.0,0.0,2011,11,3,NoHoliday,558963.8300000001,551378.39,574450.23,557355.1324999998,11225.085950852274
7,2011-03-25,559061.58,False,B,70713,25.69,3.414,192.1964844,8.818,0.0,0.0,0.0,0.0,0.0,2011,12,3,NoHoliday,635014.6900000001,558963.8300000001,514731.60000000003,573011.9374999998,41643.331570859766
7,2011-04-01,513409.67,False,B,70713,24.83,3.461,192.2691707,8.595,0.0,0.0,0.0,0.0,0.0,2011,13,4,NoHoliday,559061.58,635014.6900000001,561145.14,576104.6224999998,39437.945736300135
7,2011-04-08,500552.16,False,B,70713,30.64,3.532,192.3418571,8.595,0.0,0.0,0.0,0.0,0.0,2011,14,4,NoHoliday,513409.67,559061.58,484263.25,566612.4424999998,50414.67796327366
7,2011-04-15,423380.14,False,B,70713,27.79,3.611,192.4225954,8.595,0.0,0.0,0.0,0.0,0.0,2011,15,4,NoHoliday,500552.16,513409.67,406228.19,552009.5249999997,60765.66496297989
7,2011-04-22,466594.89,False,B,70713,31.84,3.636,192.5234638,8.595,0.0,0.0,0.0,0.0,0.0,2011,16,4,NoHoliday,423380.14,500552.16,404751.25,499100.8874999997,56378.966809604135
7,2011-04-29,410429.73,False,B,70713,26.79,3.663,192.6243322,8.595,0.0,0.0,0.0,0.0,0.0,2011,17,4,NoHoliday,466594.89,423380.14,373655.61,475984.21499999973,40247.55368987055
7,2011-05-06,407012.47,False,B,70713,26.54,3.735,192.7252006,8.595,0.0,0.0,0.0,0.0,0.0,2011,18,5,NoHoliday,410429.73,466594.89,395453.83,450239.22999999975,41251.68903659035
7,2011-05-13,414094.05,False,B,70713,36.61,3.767,192.826069,8.595,0.0,0.0,0.0,0.0,0.0,2011,19,5,NoHoliday,407012.47,410429.73,372673.61,426854.30749999976,27415.62205935153
7,2011-05-20,424670.98,False,B,70713,36.16,3.828,192.831317,8.595,0.0,0.0,0.0,0.0,0.0,2011,20,5,NoHoliday,414094.05,407012.47,395195.65,424532.78499999974,28190.101474807667
7,2011-05-27,457216.87,False,B,70713,37.51,3.795,192.8365651,8.595,0.0,0.0,0.0,0.0,0.0,2011,21,5,NoHoliday,424670.98,414094.05,442734.55,414051.80749999976,7647.228841982739
7,2011-06-03,542295.37,False,B,70713,45.77,3.763,192.8418131,8.595,0.0,0.0,0.0,0.0,0.0,2011,22,6,NoHoliday,457216.87,424670.98,509183.22000000003,425748.59249999974,22198.231046285517
7,2011-06-10,621099.95,False,B,70713,53.3,3.735,192.8470612,8.595,0.0,0.0,0.0,0.0,0.0,2011,23,6,NoHoliday,542295.37,457216.87,498580.87,459569.3174999998,58123.51126681132
7,2011-06-17,610991.35,False,B,70713,48.79,3.697,192.9034759,8.595,0.0,0.0,0.0,0.0,0.0,2011,24,6,NoHoliday,621099.95,542295.37,481144.09,511320.79249999975,88404.96273569677
7,2011-06-24,640043.97,False,B,70713,46.85,3.661,192.9982655,8.595,0.0,0.0,0.0,0.0,0.0,2011,25,6,NoHoliday,610991.35,621099.95,553714.87,557900.8849999998,75704.51828378686
7,2011-07-01,704344.21,False,B,70713,58.54,3.597,193.0930552,8.622,0.0,0.0,0.0,0.0,0.0,2011,26,7,NoHoliday,640043.97,610991.35,575570.77,603607.6599999998,42611.81635389649
7,2011-07-08,761793.94,False,B,70713,59.08,3.54,193.1878448,8.622,0.0,0.0,0.0,0.0,0.0,2011,27,7,NoHoliday,704344.21,640043.97,593462.34,644119.8699999998,41916.58241259695
7,2011-07-15,642748.21,False,B,70713,54.37,3.532,193.3125484,8.622,0.0,0.0,0.0,0.0,0.0,2011,28,7,NoHoliday,761793.94,704344.21,557166.35,679293.3674999997,67427.91205300695
7,2011-07-22,688043.96,False,B,70713,56.22,3.545,193.5120367,8.622,0.0,0.0,0.0,0.0,0.0,2011,29,7,NoHoliday,642748.21,761793.94,570231.21,687232.5824999997,57901.72241061751
7,2011-07-29,653382.62,False,B,70713,56.66,3.547,193.711525,8.622,0.0,0.0,0.0,0.0,0.0,2011,30,7,NoHoliday,688043.96,642748.21,603547.16,699232.5799999997,49178.99889899073
7,2011-08-05,695392.84,False,B,70713,55.91,3.554,193.9110133,8.622,0.0,0.0,0.0,0.0,0.0,2011,31,8,NoHoliday,653382.62,688043.96,643854.17,686492.1824999998,53797.58654758171
7,2011-08-12,670670.46,False,B,70713,54.56,3.542,194.1105017,8.622,0.0,0.0,0.0,0.0,0.0,2011,32,8,NoHoliday,695392.84,653382.62,598185.4,669891.9074999997,25749.637253592926
7,2011-08-19,645156.21,False,B,70713,56.06,3.499,194.2500634,8.622,0.0,0.0,0.0,0.0,0.0,2011,33,8,NoHoliday,670670.46,695392.84,582353.17,676872.4699999997,18779.814294723423
7,2011-08-26,629994.47,False,B,70713,57.6,3.485,194.3796374,8.622,0.0,0.0,0.0,0.0,0.0,2011,34,8,NoHoliday,645156.21,670670.46,554309.24,666150.5324999997,22206.031158110392
7,2011-09-02,592355.24,False,B,70713,53.4,3.511,194.5092113,8.622,0.0,0.0,0.0,0.0,0.0,2011,35,9,NoHoliday,629994.47,645156.21,532765.05,660303.4949999998,28791.2795546129
7,2011-09-09,613135.23,True,B,70713,45.61,3.566,194.6387853,8.622,0.0,0.0,0.0,0.0,0.0,2011,36,9,LaborDay,592355.24,629994.47,535769.32,634544.0949999997,32753.26857354316
7,2011-09-16,558981.45,False,B,70713,43.67,3.596,194.7419707,8.622,0.0,0.0,0.0,0.0,0.0,2011,37,9,NoHoliday,613135.23,592355.24,489408.53,620160.2874999997,22686.114596370127
7,2011-09-23,536144.81,False,B,70713,43.67,3.581,194.8099713,8.622,0.0,0.0,0.0,0.0,0.0,2011,38,9,NoHoliday,558981.45,613135.23,488008.83,598616.5974999998,30580.55530016959
7,2011-09-30,488880.26,False,B,70713,47.34,3.538,194.8779718,8.622,0.0,0.0,0.0,0.0,0.0,2011,39,9,NoHoliday,536144.81,558981.45,448998.73,575154.1824999998,34262.344576762785
7,2011-10-07,525866.36,False,B,70713,40.65,3.498,194.9459724,8.513,0.0,0.0,0.0,0.0,0.0,2011,40,10,NoHoliday,488880.26,536144.81,480239.88,549285.4374999998,51614.82416453755
7,2011-10-14,501959.19,False,B,70713,32.65,3.491,195.0261012,8.513,0.0,0.0,0.0,0.0,0.0,2011,41,10,NoHoliday,525866.36,488880.26,463370.48,527468.2199999997,29211.66143567428
7,2011-10-21,558691.4299999999,False,B,70713,37.49,3.548,195.1789994,8.513,0.0,0.0,0.0,0.0,0.0,2011,42,10,NoHoliday,501959.19,525866.36,472450.81,513212.65499999974,21638.7453743561
7,2011-10-28,527339.52,False,B,70713,28.82,3.55,195.3318977,8.513,0.0,0.0,0.0,0.0,0.0,2011,43,10,NoHoliday,558691.4299999999,501959.19,465493.15,518849.30999999976,30659.710959330532
7,2011-11-04,564536.01,False,B,70713,23.41,3.527,195.4847959,8.513,0.0,0.0,0.0,0.0,0.0,2011,44,11,NoHoliday,527339.52,558691.4299999999,480512.44,528464.1249999998,23268.108835440173
7,2011-11-11,556015.59,False,B,70713,19.53,3.505,195.6376941,8.513,224916.8,97352.20000000001,9728.08,90461.08,114301.20000000001,2011,45,11,NoHoliday,564536.01,527339.52,507584.29,538131.5374999997,29125.084909810055
7,2011-11-18,539826.56,False,B,70713,29.53,3.479,195.7184713,8.513,222281.43,84867.24,507.15,34096.35,272382.33,2011,46,11,NoHoliday,556015.59,564536.01,482528.36,551645.6374999997,16590.04448389445
7,2011-11-25,949075.87,True,B,70713,27.6,3.424,195.7704,8.513,2479.8599999999997,446.43,2862643.71,828.0,62510.55,2011,47,11,Thanksgiving,539826.56,556015.59,835189.26,546929.4199999998,16600.856392583744
7,2011-12-02,591907.88,False,B,70713,20.38,3.378,195.8223287,8.513,158281.72,459.37,52427.82,115792.48000000001,818977.19,2011,48,12,NoHoliday,949075.87,539826.56,552811.62,652363.5074999998,198073.53948863057
7,2011-12-09,653845.45,False,B,70713,11.17,3.331,195.8742575,8.513,234131.49,0.0,6550.17,40671.36,211685.1,2011,49,12,NoHoliday,591907.88,949075.87,599730.07,659206.4749999997,194467.89786418417
7,2011-12-16,720242.1900000001,False,B,70713,15.2,3.266,195.9841685,8.513,144160.32,6.21,11642.369999999999,30357.93,131082.06,2011,50,12,NoHoliday,653845.45,591907.88,716388.81,683663.9399999998,182976.32029327957
7,2011-12-23,1059715.27,False,B,70713,12.19,3.173,196.1713893,8.513,37427.04,10.799999999999999,34783.200000000004,2988.72,94563.36000000002,2011,51,12,NoHoliday,720242.1900000001,653845.45,1045124.88,728767.8474999998,155940.50998690698
7,2011-12-30,815915.52,True,B,70713,15.56,3.119,196.3586101,8.513,143904.22,1208512.3,8036.49,10290.03,83647.23000000001,2011,52,12,Christmas,1059715.27,720242.1900000001,729572.08,756427.6974999998,208872.07443662148
7,2012-01-06,713117.66,False,B,70713,18.67,3.095,196.5458309,8.256,163767.36000000002,794835.8400000001,500.94,11227.68,310808.43,2012,1,1,NoHoliday,815915.52,1059715.27,661163.9400000001,812429.6074999998,177773.08140748594
7,2012-01-13,593875.46,False,B,70713,7.46,3.077,196.7330517,8.256,218540.94,408927.12,37.260000000000005,13236.960000000001,97682.61,2012,2,1,NoHoliday,713117.66,815915.52,547384.9,827247.6599999998,161910.91645925198
7,2012-01-20,578002.85,False,B,70713,27.41,3.055,196.7796652,8.256,135773.37,192613.5,50.37,14756.34,296511.63,2012,3,1,NoHoliday,593875.46,713117.66,521539.46,795655.9774999998,198045.2053751204
7,2012-01-27,541037.98,False,B,70713,26.9,3.038,196.8262786,8.256,52304.700000000004,39162.200000000004,0.0,3290.0,163304.4,2012,4,1,NoHoliday,578002.85,593875.46,513372.17,675227.8724999998,111504.21542941584
7,2012-02-03,580453.32,False,B,70713,22.2,3.031,196.8728921,8.256,4041156.6999999997,130627.22,321.63,1153162.83,171462.87,2012,5,2,NoHoliday,541037.98,578002.85,558027.77,606508.4874999998,74440.28426990737
7,2012-02-10,563460.77,True,B,70713,18.79,3.103,196.9195056,8.256,890825.16,210568.8,117.64,330119.6,426090.72,2012,6,2,SuperBowl,580453.32,541037.98,559903.13,573342.4024999997,22638.22049811331
7,2012-02-17,620908.1799999999,False,B,70713,27.03,3.113,196.9432711,8.256,381747.8,344281.7,131.6,128728.6,371272.30000000005,2012,7,2,NoHoliday,563460.77,580453.32,572387.47,565738.7299999997,18094.602791821617
7,2012-02-24,603041.14,False,B,70713,24.41,3.129,196.9499007,8.256,701769.33,298887.99,6421.14,186241.35,238512.3,2012,8,2,NoHoliday,620908.1799999999,563460.77,546690.84,576465.0624999998,33740.61197284935
7,2012-03-02,551058.13,False,B,70713,21.64,3.191,196.9565303,8.256,2887535.46,160499.52,9604.8,1069845.0,93071.34,2012,9,3,NoHoliday,603041.14,620908.1799999999,551378.39,591965.8524999998,25201.84151495544
7,2012-03-09,579166.5,False,B,70713,30.1,3.286,196.9631599,8.256,837998.1,81348.24,150.42000000000002,68725.38,153260.03999999998,2012,10,3,NoHoliday,551058.13,603041.14,558963.8300000001,584617.0549999998,32814.03411156217
7,2012-03-16,669205.73,False,B,70713,37.29,3.486,197.0457208,8.256,205682.78999999998,226.32,175.95,237402.09,77763.69,2012,11,3,NoHoliday,579166.5,551058.13,635014.6900000001,588543.4874999998,30280.55024886894
7,2012-03-23,615997.29,False,B,70713,35.06,3.664,197.2295234,8.256,575203.16,0.0,261.12,19947.800000000003,101543.04,2012,12,3,NoHoliday,669205.73,579166.5,559061.58,600617.8749999998,50419.88986048833
7,2012-03-30,583322.2,False,B,70713,44.99,3.75,197.4133259,8.256,583741.38,165.6,638.25,26580.18,114995.4,2012,13,3,NoHoliday,615997.29,669205.73,513409.67,603856.9124999997,51039.803478617425
7,2012-04-06,621425.98,False,B,70713,44.29,3.854,197.5971285,8.09,521011.41000000003,0.0,1516.6200000000001,79777.8,241562.78999999998,2012,14,4,NoHoliday,583322.2,615997.29,500552.16,611922.9299999998,41588.8809184286
7,2012-04-13,517420.23,False,B,70713,41.43,3.901,197.780931,8.09,113029.6,105778.76,1051.96,52812.88,93678.84000000001,2012,15,4,NoHoliday,621425.98,583322.2,423380.14,622487.7999999998,35401.33419628697
7,2012-04-20,457340.06,False,B,70713,39.3,3.936,197.7227385,8.09,148024.8,60436.6,994.7,38473.4,105633.5,2012,16,4,NoHoliday,517420.23,621425.98,466594.89,584541.4249999998,47807.54183281652
7,2012-04-27,467827.75,False,B,70713,51.49,3.927,197.664546,8.09,54905.16,0.0,3077.98,3337.94,81062.63,2012,17,4,NoHoliday,457340.06,517420.23,410429.73,544877.1174999998,72466.93458729229
7,2012-05-04,465198.89,False,B,70713,45.38,3.903,197.6063534,8.09,403227.44,0.0,4687.99,106530.67,101942.51,2012,18,5,NoHoliday,467827.75,457340.06,407012.47,516003.5049999997,75007.12964768671
7,2012-05-11,460397.41,False,B,70713,48.54,3.87,197.5481609,8.09,1636595.5999999999,0.0,321.59999999999997,26969.51,134846.88,2012,19,5,NoHoliday,465198.89,467827.75,414094.05,476946.7324999998,27347.719293453963
7,2012-05-18,468428.3,False,B,70713,49.41,3.837,197.5553137,8.09,209639.3,0.0,1613.9499999999998,33026.5,123364.8,2012,20,5,NoHoliday,460397.41,465198.89,424670.98,462691.0274999998,4710.584776126411
7,2012-05-25,532739.77,False,B,70713,50.6,3.804,197.5886046,8.09,348604.72,0.0,6123.4,32862.36,152069.08,2012,21,5,NoHoliday,468428.3,460397.41,457216.87,465463.0874999998,3656.7290838485414
7,2012-06-01,598495.02,False,B,70713,55.06,3.764,197.6218954,8.09,165044.16,0.0,6709.56,91780.96,143666.31999999998,2012,22,6,NoHoliday,532739.77,468428.3,542295.37,481691.0924999998,34192.020497598634
7,2012-06-08,642963.75,False,B,70713,63.07,3.741,197.6551863,8.09,253618.92,5208.799999999999,8.16,30235.52,237664.08,2012,23,6,NoHoliday,598495.02,532739.77,621099.95,515015.12499999977,64385.51329039859
7,2012-06-15,666942.02,False,B,70713,59.33,3.723,197.692292,8.09,1153499.22,8238.6,44.85,46733.009999999995,78940.83,2012,24,6,NoHoliday,642963.75,598495.02,610991.35,560656.7099999997,76357.97641662213
7,2012-06-22,687344.68,False,B,70713,63.69,3.735,197.7389345,8.09,856131.99,24294.9,6.21,85493.76,105836.34,2012,25,6,NoHoliday,666942.02,642963.75,640043.97,610285.1399999998,58963.78815547759
7,2012-06-29,704335.41,False,B,70713,68.84,3.693,197.785577,8.09,87271.8,29792.0,0.0,2940.0,84011.90000000001,2012,26,6,NoHoliday,687344.68,666942.02,704344.21,648936.3674999998,38207.34522959062
7,2012-07-06,805642.61,False,B,70713,64.67,3.646,197.8322195,7.872,191817.93,22507.8,349.83000000000004,145774.91999999998,106834.76999999999,2012,27,7,NoHoliday,704335.41,687344.68,761793.94,675396.4649999999,26480.061819805025
7,2012-07-13,694150.89,False,B,70713,64.21,3.613,197.8788621,7.872,106274.48,5827.6,23.799999999999997,28876.88,3878025.04,2012,28,7,NoHoliday,805642.61,704335.41,642748.21,716066.1799999998,61643.20842370906
7,2012-07-20,686345.69,False,B,70713,62.87,3.585,197.9290378,7.872,80416.12,7777.16,773.16,13497.32,164768.76,2012,29,7,NoHoliday,694150.89,805642.61,688043.96,722868.3974999997,55622.75200765631
7,2012-07-27,686365.4,False,B,70713,64.6,3.57,197.9792136,7.872,72407.08,46828.88,234.60000000000002,85982.6,136510.0,2012,30,7,NoHoliday,686345.69,694150.89,653382.62,722618.6499999997,55837.25096376503
7,2012-08-03,680954.8099999999,False,B,70713,61.83,3.528,198.0293893,7.872,653324.4299999999,7581.719999999999,198.72,593882.3099999999,110787.78,2012,31,8,NoHoliday,686365.4,686345.69,695392.84,718126.1474999997,58459.92000617848
7,2012-08-10,675926.3,False,B,70713,63.41,3.509,198.0795651,7.872,270162.76,1755.3999999999999,3737.93,142348.87,64359.53,2012,32,8,NoHoliday,680954.8099999999,686365.4,670670.46,686954.1974999998,5431.451531027526
7,2012-08-17,642450.4,False,B,70713,59.66,3.545,198.1001057,7.872,83610.12,2283.6,3092.7599999999998,108894.06000000001,93815.04000000001,2012,33,8,NoHoliday,675926.3,680954.8099999999,645156.21,682398.0499999998,5009.664571794531
7,2012-08-24,609099.37,False,B,70713,59.27,3.558,198.0984199,7.872,172347.36,1332.8000000000002,126.48,110653.68,266277.8,2012,34,8,NoHoliday,642450.4,675926.3,629994.47,671424.2274999998,19780.6468993701
7,2012-08-31,586467.16,False,B,70713,60.46,3.556,198.0967341,7.872,430978.82999999996,621.0,1128.15,171258.69,84549.84,2012,35,8,NoHoliday,609099.37,642450.4,592355.24,652107.7199999997,33378.94223410532
7,2012-09-07,597876.5499999999,True,B,70713,57.84,3.596,198.0950484,7.872,349812.06,0.0,700.35,56383.35,148958.58000000002,2012,36,9,LaborDay,586467.16,609099.37,613135.23,628485.8074999998,39102.47591912971
7,2012-09-14,541120.2,False,B,70713,53.66,3.659,198.1267184,7.872,219455.88,0.0,347.07,48923.759999999995,371502.9,2012,37,9,NoHoliday,597876.5499999999,586467.16,558981.45,608973.3699999998,24155.029264535446
7,2012-09-21,530842.25,False,B,70713,51.77,3.765,198.358523,7.872,283806.66000000003,828.0,207.0,23749.8,323852.88,2012,38,9,NoHoliday,541120.2,597876.5499999999,536144.81,583640.8199999998,29814.901753597154
7,2012-09-28,525545.76,False,B,70713,50.64,3.789,198.5903276,7.872,261464.0,483.7,315.0,64204.0,125534.5,2012,39,9,NoHoliday,530842.25,541120.2,488880.26,564076.5399999998,33041.85284352229
7,2012-10-05,505830.56,False,B,70713,48.43,3.779,198.8221322,7.557,203933.63999999998,0.0,683.1,154613.82,91413.95999999999,2012,40,10,NoHoliday,525545.76,530842.25,525866.36,548846.1899999997,33320.259187332726
7,2012-10-12,503463.93,False,B,70713,41.43,3.76,199.0539368,7.557,20578.16,0.0,252.96,25551.0,34967.64,2012,41,10,NoHoliday,505830.56,525545.76,501959.19,525834.6924999998,14820.831856215138
7,2012-10-19,516424.83,False,B,70713,43.01,3.75,199.1481963,7.557,142424.1,0.0,35.0,20898.5,291438.7,2012,42,10,NoHoliday,503463.93,505830.56,558691.4299999999,516420.62499999977,13799.47799074695
7,2012-10-26,495543.27999999997,False,B,70713,42.53,3.686,199.2195317,7.557,191652.56,1634.04,201.96,23341.68,72390.08,2012,43,10,NoHoliday,516424.83,503463.93,527339.52,512816.2699999998,10187.0510719682
8,2011-02-04,944594.78,False,A,155078,24.48,2.989,215.9327797,6.262,0.0,0.0,0.0,0.0,0.0,2011,5,2,NoHoliday,782256.66,822668.23,1004137.09,821909.1949999998,38035.98886851505
8,2011-02-11,996147.39,True,A,155078,28.26,3.022,216.3126733,6.262,0.0,0.0,0.0,0.0,0.0,2011,6,2,SuperBowl,944594.78,782256.66,994801.4,839791.5824999998,71870.02867836626
8,2011-02-18,1065108.64,False,A,155078,50.64,3.045,216.6310383,6.262,0.0,0.0,0.0,0.0,0.0,2011,7,2,NoHoliday,996147.39,944594.78,963960.37,886416.7649999998,100562.90681376148
8,2011-02-25,917317.15,False,A,155078,51.29,3.065,216.9247918,6.262,0.0,0.0,0.0,0.0,0.0,2011,8,2,NoHoliday,1065108.64,996147.39,847592.11,947026.8674999998,120431.53941365253
8,2011-03-04,935266.4299999999,False,A,155078,53.18,3.288,217.2185454,6.262,0.0,0.0,0.0,0.0,0.0,2011,9,3,NoHoliday,917317.15,1065108.64,881503.95,980791.9899999998,65024.04453021651
8,2011-03-11,900387.29,False,A,155078,49.14,3.459,217.512299,6.262,0.0,0.0,0.0,0.0,0.0,2011,10,3,NoHoliday,935266.4299999999,917317.15,860336.16,978459.9024999997,66895.3490518378
8,2011-03-18,898289.14,False,A,155078,56.68,3.488,217.7705442,6.262,0.0,0.0,0.0,0.0,0.0,2011,11,3,NoHoliday,900387.29,935266.4299999999,839911.0,954519.8774999998,75088.72439723546
8,2011-03-25,827968.36,False,A,155078,59.74,3.473,218.0145862,6.262,0.0,0.0,0.0,0.0,0.0,2011,12,3,NoHoliday,898289.14,900387.29,772539.12,912815.0024999997,17221.930285370658
8,2011-04-01,878762.3,False,A,155078,49.86,3.524,218.2586281,6.297,0.0,0.0,0.0,0.0,0.0,2011,13,4,NoHoliday,827968.36,898289.14,914500.91,890477.8049999998,44991.35654418452
8,2011-04-08,949825.83,False,A,155078,65.62,3.622,218.50267,6.297,0.0,0.0,0.0,0.0,0.0,2011,14,4,NoHoliday,878762.3,827968.36,916033.92,876351.7724999997,33693.32002196757
8,2011-04-15,908278.74,False,A,155078,63.55,3.743,218.7262524,6.297,0.0,0.0,0.0,0.0,0.0,2011,15,4,NoHoliday,949825.83,878762.3,882917.12,888711.4074999997,50383.22524080012
8,2011-04-22,937473.13,False,A,155078,65.11,3.807,218.8986857,6.297,0.0,0.0,0.0,0.0,0.0,2011,16,4,NoHoliday,908278.74,949825.83,850440.26,891208.8074999999,51256.2440790699
8,2011-04-29,855014.77,False,A,155078,62.29,3.81,219.071119,6.297,0.0,0.0,0.0,0.0,0.0,2011,17,4,NoHoliday,937473.13,908278.74,778672.64,918584.9999999998,31753.306098078072
8,2011-05-06,941457.34,False,A,155078,58.92,3.906,219.2435524,6.297,0.0,0.0,0.0,0.0,0.0,2011,18,5,NoHoliday,855014.77,937473.13,916820.96,912648.1174999998,42186.71890600356
8,2011-05-13,895763.41,False,A,155078,72.96,3.899,219.4159857,6.297,0.0,0.0,0.0,0.0,0.0,2011,19,5,NoHoliday,941457.34,855014.77,873337.84,910555.9949999998,39872.45851572373
8,2011-05-20,836049.89,False,A,155078,65.54,3.907,219.1746922,6.297,0.0,0.0,0.0,0.0,0.0,2011,20,5,NoHoliday,895763.41,941457.34,818333.21,907427.1624999999,40595.21791894271
8,2011-05-27,857939.41,False,A,155078,73.14,3.786,218.9333986,6.297,0.0,0.0,0.0,0.0,0.0,2011,21,5,NoHoliday,836049.89,895763.41,868041.5599999999,882071.3524999998,46776.780625874046
8,2011-06-03,929222.16,False,A,155078,82.05,3.699,218.6921051,6.297,0.0,0.0,0.0,0.0,0.0,2011,22,6,NoHoliday,857939.41,836049.89,958225.41,882802.5124999997,46232.583133633605
8,2011-06-10,897309.41,False,A,155078,82.21,3.648,218.4508115,6.297,0.0,0.0,0.0,0.0,0.0,2011,23,6,NoHoliday,929222.16,857939.41,914835.86,879743.7174999998,41187.88336062955
8,2011-06-17,922048.41,False,A,155078,84.73,3.637,218.4021448,6.297,0.0,0.0,0.0,0.0,0.0,2011,24,6,NoHoliday,897309.41,929222.16,869922.56,880130.2174999998,41395.05076453975
8,2011-06-24,864881.24,False,A,155078,83.94,3.594,218.4979481,6.297,0.0,0.0,0.0,0.0,0.0,2011,25,6,NoHoliday,922048.41,897309.41,814919.11,901629.8474999999,32175.42495346631
8,2011-07-01,883683.35,False,A,155078,87.26,3.524,218.5937514,6.425,0.0,0.0,0.0,0.0,0.0,2011,26,7,NoHoliday,864881.24,922048.41,852333.75,903365.3049999998,29070.789956694975
8,2011-07-08,861965.12,False,A,155078,83.57,3.48,218.6895548,6.425,0.0,0.0,0.0,0.0,0.0,2011,27,7,NoHoliday,883683.35,864881.24,845289.77,891980.6024999998,24053.3371502856
8,2011-07-15,849925.37,False,A,155078,84.26,3.575,218.7746217,6.425,0.0,0.0,0.0,0.0,0.0,2011,28,7,NoHoliday,861965.12,883683.35,848630.5700000001,883144.5299999998,27664.160783889965
8,2011-07-22,829902.42,False,A,155078,85.46,3.651,218.8328475,6.425,0.0,0.0,0.0,0.0,0.0,2011,29,7,NoHoliday,849925.37,861965.12,785515.88,865113.7699999997,13970.025804935955
8,2011-07-29,807082.19,False,A,155078,86.46,3.682,218.8910733,6.425,0.0,0.0,0.0,0.0,0.0,2011,30,7,NoHoliday,829902.42,849925.37,787295.09,856369.0649999997,22504.74394022529
8,2011-08-05,892393.77,False,A,155078,85.15,3.684,218.9492991,6.425,0.0,0.0,0.0,0.0,0.0,2011,31,8,NoHoliday,807082.19,829902.42,893399.77,837218.7749999997,24052.594824076175
8,2011-08-12,856796.1,False,A,155078,86.05,3.638,219.0075249,6.425,0.0,0.0,0.0,0.0,0.0,2011,32,8,NoHoliday,892393.77,807082.19,867919.21,844825.9374999998,36221.562411077866
8,2011-08-19,895066.5,False,A,155078,82.92,3.554,219.0701968,6.425,0.0,0.0,0.0,0.0,0.0,2011,33,8,NoHoliday,856796.1,892393.77,870676.4400000001,846543.6199999998,36703.69461997859
8,2011-08-26,912542.82,False,A,155078,84.69,3.523,219.1336097,6.425,0.0,0.0,0.0,0.0,0.0,2011,34,8,NoHoliday,895066.5,856796.1,888816.78,862834.6399999997,41058.63535547899
8,2011-09-02,891387.14,False,A,155078,84.77,3.533,219.1970226,6.425,0.0,0.0,0.0,0.0,0.0,2011,35,9,NoHoliday,912542.82,895066.5,899036.47,889199.7974999999,23377.45330921054
8,2011-09-09,848358.09,True,A,155078,69.01,3.546,219.2604355,6.425,0.0,0.0,0.0,0.0,0.0,2011,36,9,LaborDay,891387.14,912542.82,831425.2,888948.1399999997,23336.99245522213
8,2011-09-16,870971.82,False,A,155078,69.09,3.526,219.4442443,6.425,0.0,0.0,0.0,0.0,0.0,2011,37,9,NoHoliday,848358.09,891387.14,836707.85,886838.6374999997,27263.187208005016
8,2011-09-23,806444.29,False,A,155078,68.72,3.467,219.788581,6.425,0.0,0.0,0.0,0.0,0.0,2011,38,9,NoHoliday,870971.82,848358.09,773725.08,880814.9674999998,27500.08427502269
8,2011-09-30,809049.37,False,A,155078,72.2,3.355,220.1329176,6.425,0.0,0.0,0.0,0.0,0.0,2011,39,9,NoHoliday,806444.29,870971.82,804105.49,854290.3349999997,36418.31240785035
8,2011-10-07,929976.55,False,A,155078,67.61,3.285,220.4772543,6.123,0.0,0.0,0.0,0.0,0.0,2011,40,10,NoHoliday,809049.37,806444.29,870349.86,833705.8924999998,31382.45431600041
8,2011-10-14,863188.26,False,A,155078,61.74,3.274,220.7960935,6.123,0.0,0.0,0.0,0.0,0.0,2011,41,10,NoHoliday,929976.55,809049.37,826546.96,854110.5074999998,58715.51375743249
8,2011-10-21,905984.49,False,A,155078,59.97,3.353,220.9619484,6.123,0.0,0.0,0.0,0.0,0.0,2011,42,10,NoHoliday,863188.26,929976.55,836419.14,852164.6174999997,58096.157208137716
8,2011-10-28,876712.31,False,A,155078,56.86,3.372,221.1278032,6.123,0.0,0.0,0.0,0.0,0.0,2011,43,10,NoHoliday,905984.49,863188.26,830756.76,877049.6674999997,53086.90335119287
8,2011-11-04,947815.05,False,A,155078,49.68,3.332,221.2936581,6.123,0.0,0.0,0.0,0.0,0.0,2011,44,11,NoHoliday,876712.31,905984.49,927266.34,893965.4024999997,29923.02853372237
8,2011-11-11,917088.48,False,A,155078,50.56,3.297,221.4595129,6.123,347970.7,317672.60000000003,37873.5,98540.40000000001,269271.1,2011,45,11,NoHoliday,947815.05,876712.31,911538.98,898425.0274999999,37459.27424521569
8,2011-11-18,897032.1900000001,False,A,155078,51.72,3.308,221.6911738,6.123,471922.05,7888.08,11476.08,59946.509999999995,306543.54,2011,46,11,NoHoliday,917088.48,947815.05,885608.04,911900.0824999998,29382.409291350254
8,2011-11-25,1235163.86,True,A,155078,49.61,3.236,221.9491571,6.123,31070.31,22773.96,3263764.21,7839.11,70495.9,2011,47,11,Thanksgiving,897032.1900000001,917088.48,1261693.16,909662.0074999998,30309.52546222779
8,2011-12-02,986601.46,False,A,155078,40.82,3.172,222.2071405,6.123,155569.4,20020.0,102512.2,83495.3,970589.9,2011,48,12,NoHoliday,1235163.86,897032.1900000001,952766.9299999999,999274.8949999998,158639.94557117368
8,2011-12-09,1051922.95,False,A,155078,30.51,3.158,222.4651238,6.123,314240.32,2556.0,24569.55,127171.65000000001,702143.85,2011,49,12,NoHoliday,986601.46,1235163.86,1069061.63,1008971.4974999998,155602.37883740498
8,2011-12-16,1118163.94,False,A,155078,39.79,3.159,222.6910959,6.123,51761.5,2380.0,22873.2,11844.0,156706.19999999998,2011,50,12,NoHoliday,1051922.95,986601.46,1220579.55,1042680.1149999998,143170.70893573944
8,2011-12-23,1462254.05,False,A,155078,38.16,3.112,222.8743862,6.123,86380.0,21.0,62435.8,980.0,411896.8,2011,51,12,NoHoliday,1118163.94,1051922.95,1511641.09,1097963.0524999998,106071.0968435721
8,2011-12-30,858572.22,True,A,155078,36.33,3.129,223.0576765,6.123,259075.6,2546728.1,11503.800000000001,12488.0,105599.2,2011,52,12,Christmas,1462254.05,1118163.94,773586.49,1154735.5999999996,211931.2887385348
8,2012-01-06,872113.23,False,A,155078,43.47,3.157,223.2409668,5.825,219630.69,1846103.66,6840.849999999999,35564.61,317272.73,2012,1,1,NoHoliday,858572.22,1462254.05,873065.23,1122728.2899999998,251721.00990638384
8,2012-01-13,817661.76,False,A,155078,36.46,3.261,223.4242571,5.825,464045.01,880784.3099999999,1102.6200000000001,20681.370000000003,265766.61,2012,2,1,NoHoliday,872113.23,858572.22,809646.66,1077775.8599999996,282726.032735779
8,2012-01-20,813954.8200000001,False,A,155078,46.81,3.268,223.5188055,5.825,115015.59999999999,73882.90000000001,631.4,28831.6,221334.4,2012,3,1,NoHoliday,817661.76,872113.23,822668.23,1002650.3149999998,307275.54774505715
8,2012-01-27,778178.53,False,A,155078,45.52,3.29,223.6133539,5.825,412420.68,49650.88,1032.24,2059.04,1648396.16,2012,4,1,NoHoliday,813954.8200000001,817661.76,782256.66,840575.5074999998,29167.392917280707
8,2012-02-03,927610.69,False,A,155078,45.56,3.36,223.7079023,5.825,2865158.07,97456.29000000001,5737.35,1291925.6400000001,268155.39,2012,5,2,NoHoliday,778178.53,813954.8200000001,944594.78,820477.0849999998,38755.323166188704
8,2012-02-10,1021400.42,True,A,155078,35.71,3.409,223.8024507,5.825,662614.6,234220.48,2280.52,463635.68,344970.54,2012,6,2,SuperBowl,927610.69,778178.53,996147.39,834351.4499999998,64671.60905778541
8,2012-02-17,1096232.89,False,A,155078,37.51,3.51,223.9658621,5.825,315113.76,772064.64,756.0,111371.04,296425.44000000006,2012,7,2,NoHoliday,1021400.42,927610.69,1065108.64,885286.1149999998,110873.29417776017
8,2012-02-24,928537.54,False,A,155078,46.33,3.555,224.1809207,5.825,679867.2999999999,347210.5,70.0,170888.2,372003.1,2012,8,2,NoHoliday,1096232.89,1021400.42,917317.15,955855.6324999997,137075.18997649432
8,2012-03-02,952264.91,False,A,155078,50.95,3.63,224.3959793,5.825,1327458.6,68012.92,40.8,395717.16,247624.72,2012,9,3,NoHoliday,928537.54,1096232.89,935266.4299999999,993445.3849999998,81432.97975282835
8,2012-03-09,960115.56,False,A,155078,49.59,3.669,224.6110379,5.825,541808.4,18860.8,140.0,35675.5,327471.9,2012,10,3,NoHoliday,952264.91,928537.54,900387.29,999608.9399999998,75506.41780406058
8,2012-03-16,921178.39,False,A,155078,56.63,3.734,224.7657327,5.825,341532.8,35133.0,429.79999999999995,75460.7,90216.7,2012,11,3,NoHoliday,960115.56,952264.91,898289.14,984287.7249999999,75827.78148702785
8,2012-03-23,874223.25,False,A,155078,52.9,3.787,224.8399424,5.825,424747.44,34438.590000000004,140.76,27829.079999999998,189636.84,2012,12,3,NoHoliday,921178.39,960115.56,827968.36,940524.0999999999,18615.45988720441
8,2012-03-30,905935.29,False,A,155078,66.69,3.845,224.9141521,5.825,417634.92000000004,8395.23,0.0,25893.629999999997,118383.3,2012,13,3,NoHoliday,874223.25,921178.39,878762.3,926945.5274999999,38962.46315782404
8,2012-04-06,1046816.59,False,A,155078,62.18,3.891,224.9883618,5.679,477479.10000000003,0.0,1892.8,147130.2,253943.9,2012,14,4,NoHoliday,905935.29,874223.25,949825.83,915363.1224999998,35674.31911643406
8,2012-04-13,909989.45,False,A,155078,65.19,3.891,225.0625714,5.679,541575.93,332958.05,298.2,66798.22,122352.88,2012,15,4,NoHoliday,1046816.59,905935.29,908278.74,937038.3799999998,75753.85015095529
8,2012-04-20,872288.46,False,A,155078,63.59,3.877,225.1179914,5.679,244853.72,143183.52,333.20000000000005,120268.20000000001,1016275.64,2012,16,4,NoHoliday,909989.45,1046816.59,937473.13,934241.1449999997,76734.92180844412
8,2012-04-27,879448.25,False,A,155078,70.34,3.814,225.1734114,5.679,369937.0,102.0,149.60000000000002,1060.8,224565.92,2012,17,4,NoHoliday,872288.46,909989.45,855014.77,933757.4474999998,77243.76194929116
8,2012-05-04,937232.09,False,A,155078,73.96,3.749,225.2288314,5.679,896534.1,0.0,18238.5,233667.7,153825.7,2012,18,5,NoHoliday,879448.25,872288.46,941457.34,927135.6874999998,81444.91378304963
8,2012-05-11,920128.89,False,A,155078,64.96,3.688,225.2842514,5.679,737966.6000000001,0.0,259.76,96944.20000000001,173113.72,2012,19,5,NoHoliday,937232.09,879448.25,895763.41,899739.5624999998,29866.649201355434
8,2012-05-18,913922.01,False,A,155078,64.16,3.63,225.3002908,5.679,495588.08,0.0,1649.0,39789.52,328858.19999999995,2012,20,5,NoHoliday,920128.89,937232.09,836049.89,902274.4224999998,31416.623120102355
8,2012-05-25,895157.4400000001,False,A,155078,76.11,3.561,225.3005779,5.679,203315.92,0.0,44274.12,71808.68,692903.0,2012,21,5,NoHoliday,913922.01,920128.89,857939.41,912682.8099999998,24249.968047605464
8,2012-06-01,921161.2,False,A,155078,78.31,3.501,225.300865,5.679,798904.08,2870.4,4013.73,91042.05,141085.68,2012,22,6,NoHoliday,895157.4400000001,913922.01,929222.16,916610.1074999998,17369.42527890975
8,2012-06-08,928820.0,False,A,155078,74.28,3.452,225.3011521,5.679,593083.76,17190.4,2070.6,46232.52,350901.08,2012,23,6,NoHoliday,921161.2,895157.4400000001,897309.41,912592.3849999998,12054.994924983792
8,2012-06-15,916918.7,False,A,155078,77.14,3.393,225.3134743,5.679,583645.36,18067.6,10271.400000000001,80539.20000000001,385939.44,2012,24,6,NoHoliday,928820.0,921161.2,922048.41,914765.1624999999,14417.82970999572
8,2012-06-22,899449.65,False,A,155078,78.85,3.346,225.3558843,5.679,355104.36,8621.550000000001,204.93,97286.55,272975.04,2012,25,6,NoHoliday,916918.7,928820.0,864881.24,915514.3349999997,14437.257594223847
8,2012-06-29,878298.22,False,A,155078,84.47,3.286,225.3982943,5.679,567304.4099999999,13383.25,0.0,32986.78,370448.36,2012,26,6,NoHoliday,899449.65,916918.7,883683.35,916587.3874999997,12441.441287930804
8,2012-07-06,936205.5,False,A,155078,81.24,3.227,225.4407043,5.401,736820.7000000001,11055.1,12751.9,214828.6,284199.3,2012,27,7,NoHoliday,878298.22,899449.65,861965.12,905871.6424999997,21986.360979790843
8,2012-07-13,890488.01,False,A,155078,78.46,3.256,225.4831143,5.401,709215.12,8914.8,1656.0,120760.35,141981.99,2012,28,7,NoHoliday,936205.5,878298.22,849925.37,907718.0174999998,24698.715241357448
8,2012-07-20,888834.07,False,A,155078,79.94,3.311,225.4930078,5.401,466780.86,11371.2,898.38,26963.129999999997,4006701.66,2012,29,7,NoHoliday,890488.01,936205.5,829902.42,901110.3449999997,24950.984350898103
8,2012-07-27,838227.52,False,A,155078,81.71,3.407,225.5029014,5.401,427652.96,5400.2,237.85,150277.65,295014.39999999997,2012,30,7,NoHoliday,888834.07,890488.01,807082.19,898456.4499999997,25738.630147081876
8,2012-08-03,897076.73,False,A,155078,85.06,3.417,225.5127949,5.401,867341.36,5997.6,1212.4399999999998,325273.92,330870.32,2012,31,8,NoHoliday,838227.52,888834.07,892393.77,888438.7749999997,40029.92950337046
8,2012-08-10,930745.6900000001,False,A,155078,83.74,3.494,225.5226885,5.401,815003.85,1794.0,4073.07,152885.37,193330.41,2012,32,8,NoHoliday,897076.73,838227.52,856796.1,878656.5824999998,27186.85256432302
8,2012-08-17,896613.19,False,A,155078,81.21,3.571,225.6050797,5.401,225689.8,1471.3999999999999,298.2,74640.3,353110.10000000003,2012,33,8,NoHoliday,930745.6900000001,897076.73,895066.5,888721.0024999998,38233.916447642
8,2012-08-24,936373.65,False,A,155078,73.77,3.62,225.7418442,5.401,267549.8,448.0,294.0,53416.3,249963.69999999998,2012,34,8,NoHoliday,896613.19,930745.6900000001,912542.82,890665.7824999999,38438.87902917126
8,2012-08-31,976137.73,False,A,155078,75.33,3.638,225.8786088,5.401,720819.4,1512.0,1201.2,276705.1,223861.4,2012,35,8,NoHoliday,936373.65,896613.19,891387.14,915202.3149999998,21322.24450303759
8,2012-09-07,932160.37,True,A,155078,80.87,3.73,226.0153733,5.401,785306.84,612.0,1986.96,80042.12,192535.2,2012,36,9,LaborDay,976137.73,936373.65,848358.09,934967.5649999998,32587.53274552367
8,2012-09-14,883569.38,False,A,155078,67.21,3.717,226.1615981,5.401,327528.6,0.0,860.3,79167.2,379913.8,2012,37,9,NoHoliday,932160.37,976137.73,870971.82,935321.2349999998,32534.072686434087
8,2012-09-21,857796.45,False,A,155078,66.96,3.721,226.3645848,5.401,270005.27999999997,395.37,157.32,0.0,481962.24,2012,38,9,NoHoliday,883569.38,932160.37,806444.29,932060.2824999997,37915.71424483755
8,2012-09-28,884724.41,False,A,155078,71.1,3.666,226.5675714,5.401,380786.85,131.79,37.95,76108.38,141382.38,2012,39,9,NoHoliday,857796.45,883569.38,809049.37,912415.9824999997,52490.38562291429
8,2012-10-05,976436.02,False,A,155078,61.41,3.617,226.7705581,5.124,259659.4,0.0,1402.8,93251.90000000001,150972.5,2012,40,10,NoHoliday,884724.41,857796.45,929976.55,889562.6524999997,30999.91969473677
8,2012-10-12,927511.99,False,A,155078,55.03,3.601,226.9735448,5.124,52259.909999999996,0.0,517.5,12865.05,333293.46,2012,41,10,NoHoliday,976436.02,884724.41,863188.26,900631.5649999997,52042.66907096488
8,2012-10-19,900309.75,False,A,155078,62.99,3.594,227.0184166,5.124,86980.70999999999,0.0,448.5,19387.620000000003,243696.27,2012,42,10,NoHoliday,927511.99,976436.02,905984.49,911617.2174999998,51878.12339157084
8,2012-10-26,891671.4400000001,False,A,155078,64.74,3.506,227.0369359,5.124,187533.5,1426.6,420.0,26897.5,118391.7,2012,43,10,NoHoliday,900309.75,927511.99,876712.31,922245.5424999997,40221.709302502386
9,2011-02-04,544612.28,False,B,125833,31.82,2.989,216.1162864,6.416,0.0,0.0,0.0,0.0,0.0,2011,5,2,NoHoliday,463561.48,454021.69,549505.55,466662.9099999998,16677.113046677354
9,2011-02-11,555279.02,True,B,125833,34.13,3.022,216.496729,6.416,0.0,0.0,0.0,0.0,0.0,2011,6,2,SuperBowl,544612.28,463561.48,552677.48,480070.53499999974,43205.00554130396
9,2011-02-18,610985.56,False,B,125833,58.5,3.045,216.8154856,6.416,0.0,0.0,0.0,0.0,0.0,2011,7,2,NoHoliday,555279.02,544612.28,511327.9,504368.61749999976,52951.100189313074
9,2011-02-25,513107.2,False,B,125833,59.01,3.065,217.1095679,6.416,0.0,0.0,0.0,0.0,0.0,2011,8,2,NoHoliday,610985.56,555279.02,473773.27,543609.5849999997,60784.87265701719
9,2011-03-04,542016.18,False,B,125833,60.67,3.288,217.4036503,6.416,0.0,0.0,0.0,0.0,0.0,2011,9,3,NoHoliday,513107.2,610985.56,507297.88,555996.0149999998,40797.89216698511
9,2011-03-11,517783.5,False,B,125833,54.75,3.459,217.6977326,6.416,0.0,0.0,0.0,0.0,0.0,2011,10,3,NoHoliday,542016.18,513107.2,494145.8,555346.9899999998,41059.166439344335
9,2011-03-18,515226.11,False,B,125833,63.82,3.488,217.9563371,6.416,0.0,0.0,0.0,0.0,0.0,2011,11,3,NoHoliday,517783.5,542016.18,485744.61,545973.1099999999,45155.649709728255
9,2011-03-25,497488.39999999997,False,B,125833,68.79,3.473,218.2007506,6.416,0.0,0.0,0.0,0.0,0.0,2011,12,3,NoHoliday,515226.11,517783.5,484946.56,522033.2474999998,13458.447038262837
9,2011-04-01,520962.14,False,B,125833,56.12,3.524,218.445164,6.38,0.0,0.0,0.0,0.0,0.0,2011,13,4,NoHoliday,497488.39999999997,515226.11,545206.32,518128.5474999998,18304.624884722645
9,2011-04-08,561625.92,False,B,125833,71.4,3.622,218.6895775,6.38,0.0,0.0,0.0,0.0,0.0,2011,14,4,NoHoliday,520962.14,497488.39999999997,529384.3099999999,512865.03749999974,10516.177797911781
9,2011-04-15,528420.28,False,B,125833,71.9,3.743,218.9134935,6.38,0.0,0.0,0.0,0.0,0.0,2011,15,4,NoHoliday,561625.92,520962.14,485764.32,523825.6424999998,27108.811159120443
9,2011-04-22,549502.11,False,B,125833,72.35,3.807,219.0861659,6.38,0.0,0.0,0.0,0.0,0.0,2011,16,4,NoHoliday,528420.28,561625.92,488683.57,527124.1849999998,26509.747461535393
9,2011-04-29,532226.2,False,B,125833,70.85,3.81,219.2588382,6.38,0.0,0.0,0.0,0.0,0.0,2011,17,4,NoHoliday,549502.11,528420.28,491723.42,540127.6124999998,18747.758969819744
9,2011-05-06,545251.1,False,B,125833,62.2,3.906,219.4315106,6.38,0.0,0.0,0.0,0.0,0.0,2011,18,5,NoHoliday,532226.2,549502.11,526128.61,542943.6274999998,15468.598520845808
9,2011-05-13,539126.0,False,B,125833,77.66,3.899,219.6041829,6.38,0.0,0.0,0.0,0.0,0.0,2011,19,5,NoHoliday,545251.1,532226.2,492792.8,538849.9224999998,10117.564172796809
9,2011-05-20,518266.9,False,B,125833,70.49,3.907,219.3622809,6.38,0.0,0.0,0.0,0.0,0.0,2011,20,5,NoHoliday,539126.0,545251.1,506274.94,541526.3524999998,7521.989548440703
9,2011-05-27,553834.04,False,B,125833,80.42,3.786,219.1203788,6.38,0.0,0.0,0.0,0.0,0.0,2011,21,5,NoHoliday,518266.9,539126.0,558143.53,533717.5499999998,11593.400669713896
9,2011-06-03,587004.29,False,B,125833,85.8,3.699,218.8784768,6.38,0.0,0.0,0.0,0.0,0.0,2011,22,6,NoHoliday,553834.04,518266.9,586061.46,539119.5099999998,15154.15427087797
9,2011-06-10,550076.3200000001,False,B,125833,85.81,3.648,218.6365747,6.38,0.0,0.0,0.0,0.0,0.0,2011,23,6,NoHoliday,587004.29,553834.04,522715.68,549557.8074999998,28916.366276573444
9,2011-06-17,558671.14,False,B,125833,89.15,3.637,218.5877333,6.38,0.0,0.0,0.0,0.0,0.0,2011,24,6,NoHoliday,550076.3200000001,587004.29,513073.87,552295.3874999998,28106.568546592025
9,2011-06-24,538745.9299999999,False,B,125833,86.74,3.594,218.6836874,6.38,0.0,0.0,0.0,0.0,0.0,2011,25,6,NoHoliday,558671.14,550076.3200000001,509263.28,562396.4474999998,16778.20205208642
9,2011-07-01,537064.03,False,B,125833,89.14,3.524,218.7796415,6.404,0.0,0.0,0.0,0.0,0.0,2011,26,7,NoHoliday,538745.9299999999,558671.14,528832.54,558624.4199999998,20604.559222663047
9,2011-07-08,535983.13,False,B,125833,89.04,3.48,218.8755955,6.404,0.0,0.0,0.0,0.0,0.0,2011,27,7,NoHoliday,537064.03,538745.9299999999,485389.14999999997,546139.3549999997,10158.24108460935
9,2011-07-15,512834.04000000004,False,B,125833,90.45,3.575,218.9607242,6.404,0.0,0.0,0.0,0.0,0.0,2011,28,7,NoHoliday,535983.13,537064.03,474030.51,542616.0574999998,10763.585176333401
9,2011-07-22,491449.94,False,B,125833,89.08,3.651,219.0187895,6.404,0.0,0.0,0.0,0.0,0.0,2011,29,7,NoHoliday,512834.04000000004,535983.13,462676.5,531156.7824999997,12267.942719824598
9,2011-07-29,471449.98000000004,False,B,125833,91.1,3.682,219.0768548,6.404,0.0,0.0,0.0,0.0,0.0,2011,30,7,NoHoliday,491449.94,512834.04000000004,468675.19,519332.7849999998,21689.611720467117
9,2011-08-05,554879.67,False,B,125833,91.52,3.684,219.1349201,6.404,0.0,0.0,0.0,0.0,0.0,2011,31,8,NoHoliday,471449.98000000004,491449.94,522815.45,502929.2724999998,27769.18463465971
9,2011-08-12,520284.79,False,B,125833,91.63,3.638,219.1929854,6.404,0.0,0.0,0.0,0.0,0.0,2011,32,8,NoHoliday,554879.67,471449.98000000004,481897.98000000004,507653.40749999974,35732.335237644365
9,2011-08-19,540819.44,False,B,125833,85.8,3.554,219.2556109,6.404,0.0,0.0,0.0,0.0,0.0,2011,33,8,NoHoliday,520284.79,554879.67,499325.38,509516.09499999974,36282.382301776546
9,2011-08-26,542663.53,False,B,125833,88.95,3.523,219.3189965,6.404,0.0,0.0,0.0,0.0,0.0,2011,34,8,NoHoliday,540819.44,520284.79,506789.66,521858.46999999974,36484.74734104259
9,2011-09-02,544643.33,False,B,125833,89.33,3.533,219.382382,6.404,0.0,0.0,0.0,0.0,0.0,2011,35,9,NoHoliday,542663.53,540819.44,511049.06,539661.8574999997,14345.761246698083
9,2011-09-09,528784.86,True,B,125833,75.65,3.546,219.4457675,6.404,0.0,0.0,0.0,0.0,0.0,2011,36,9,LaborDay,544643.33,542663.53,484835.2,537102.7724999997,11320.19116558289
9,2011-09-16,500274.03,False,B,125833,77.95,3.526,219.6297841,6.404,0.0,0.0,0.0,0.0,0.0,2011,37,9,NoHoliday,528784.86,544643.33,463448.58999999997,539227.7899999998,7134.902932348859
9,2011-09-23,506743.78,False,B,125833,74.42,3.467,219.9746423,6.404,0.0,0.0,0.0,0.0,0.0,2011,38,9,NoHoliday,500274.03,528784.86,452905.22,529091.4374999998,20466.232514073254
9,2011-09-30,508567.04,False,B,125833,78.45,3.355,220.3195004,6.404,0.0,0.0,0.0,0.0,0.0,2011,39,9,NoHoliday,506743.78,500274.03,495692.19,520111.49999999977,20406.36347526238
9,2011-10-07,553836.98,False,B,125833,72.62,3.285,220.6643585,6.054,0.0,0.0,0.0,0.0,0.0,2011,40,10,NoHoliday,508567.04,506743.78,505069.21,511092.42749999976,12320.013654691616
9,2011-10-14,529515.66,False,B,125833,67.27,3.274,220.9836849,6.054,0.0,0.0,0.0,0.0,0.0,2011,41,10,NoHoliday,553836.98,508567.04,454769.68,517355.4574999998,24579.941896391047
9,2011-10-21,557075.21,False,B,125833,65.46,3.353,221.1498206,6.054,0.0,0.0,0.0,0.0,0.0,2011,42,10,NoHoliday,529515.66,553836.98,466322.76,524665.8649999998,22021.56336433913
9,2011-10-28,548527.49,False,B,125833,63.96,3.372,221.3159563,6.054,0.0,0.0,0.0,0.0,0.0,2011,43,10,NoHoliday,557075.21,529515.66,508801.61,537248.7224999998,22735.428008207946
9,2011-11-04,597855.0700000001,False,B,125833,54.46,3.332,221.4820921,6.054,0.0,0.0,0.0,0.0,0.0,2011,44,11,NoHoliday,548527.49,557075.21,517869.97,547238.8349999997,12329.657394357588
9,2011-11-11,594574.12,False,B,125833,58.28,3.297,221.6482278,6.054,203808.78,103641.93,3978.45,99601.74,139180.23,2011,45,11,NoHoliday,597855.0700000001,548527.49,520846.68,558243.3574999998,28810.478537670704
9,2011-11-18,542414.27,False,B,125833,58.8,3.308,221.8803923,6.054,233497.6,168.32,1351.68,104935.68,231911.68,2011,46,11,NoHoliday,594574.12,597855.0700000001,519823.3,574507.9724999997,25341.822589647833
9,2011-11-25,814753.5,True,B,125833,54.32,3.236,222.1389683,6.054,8023.62,0.0,2908034.5799999996,16356.78,547435.0199999999,2011,47,11,Thanksgiving,542414.27,594574.12,768070.53,570842.7374999998,29433.499383365877
9,2011-12-02,613115.21,False,B,125833,46.84,3.172,222.3975443,6.054,81700.08,0.0,87814.98,42489.479999999996,549351.66,2011,48,12,NoHoliday,814753.5,542414.27,578164.82,637399.2399999998,120933.05358760286
9,2011-12-09,630327.28,False,B,125833,37.65,3.158,222.6561203,6.054,199932.85,0.0,16172.0,53474.850000000006,493038.0,2011,49,12,NoHoliday,613115.21,814753.5,618121.82,641214.2749999997,119501.97364327383
9,2011-12-16,705557.97,False,B,125833,47.31,3.159,222.8825484,6.054,176377.6,0.0,8734.72,24625.92,143391.36,2011,50,12,NoHoliday,630327.28,613115.21,685243.2,650152.5649999997,116140.45462732129
9,2011-12-23,905324.68,False,B,125833,44.43,3.112,223.0661125,6.054,47463.24,15.84,21037.5,1169.52,155574.54,2011,51,12,NoHoliday,705557.97,630327.28,873347.5499999999,690938.4899999998,91786.10567401914
9,2011-12-30,549788.36,True,B,125833,43.41,3.129,223.2496766,6.054,137966.72,926824.32,2820.48,15221.76,236751.36,2011,52,12,Christmas,905324.68,705557.97,459770.85,713581.2849999998,133983.28836609222
9,2012-01-06,519585.67,False,B,125833,47.54,3.157,223.4332408,5.667,230213.12,397040.64,716.8,239587.2,122416.0,2012,1,1,NoHoliday,549788.36,905324.68,490981.78,697749.5724999998,152300.88887417768
9,2012-01-13,474964.6,False,B,125833,42.44,3.261,223.6168049,5.667,293328.2,183480.32,0.0,8014.740000000001,211821.76,2012,2,1,NoHoliday,519585.67,549788.36,458086.69,670064.1699999997,176745.92577795594
9,2012-01-20,480130.04000000004,False,B,125833,51.56,3.268,223.7114288,5.667,57362.13,14764.68,0.0,7376.04,383105.52,2012,3,1,NoHoliday,474964.6,519585.67,454021.69,612415.8274999998,197676.5654978493
9,2012-01-27,482451.21,False,B,125833,49.38,3.29,223.8060527,5.667,30818.97,17882.550000000003,0.0,1417.5,181993.77,2012,4,1,NoHoliday,480130.04000000004,474964.6,463561.48,506117.16749999975,35281.66129650448
9,2012-02-03,549967.89,False,B,125833,54.43,3.36,223.9006766,5.667,1195931.6400000001,32682.68,276.52,617223.0199999999,212593.04,2012,5,2,NoHoliday,482451.21,480130.04000000004,544612.28,489282.8799999998,20442.752742012042
9,2012-02-10,609736.12,True,B,125833,44.03,3.409,223.9953006,5.667,354047.4,100495.71,107.73,298661.58,283130.82,2012,6,2,SuperBowl,549967.89,482451.21,555279.02,496878.4349999998,35531.01909082133
9,2012-02-17,658965.05,False,B,125833,43.81,3.51,224.1588663,5.667,292659.84,348730.24,384.0,60483.84,485750.4,2012,7,2,NoHoliday,609736.12,549967.89,610985.56,530571.3149999997,61922.42512819542
9,2012-02-24,563578.79,False,B,125833,53.67,3.555,224.3741384,5.667,235722.76,248628.06,62.0,36335.719999999994,453535.58,2012,8,2,NoHoliday,658965.05,609736.12,513107.2,575280.0674999998,76263.357222347
9,2012-03-02,619498.28,False,B,125833,57.2,3.63,224.5894104,5.667,394893.44999999995,9763.11,0.0,224101.71,118341.72,2012,9,3,NoHoliday,563578.79,658965.05,542016.18,595561.9624999998,49405.13136534927
9,2012-03-09,574955.95,False,B,125833,54.03,3.669,224.8046825,5.667,239315.19999999998,5887.719999999999,1058.96,60396.71,168098.91999999998,2012,10,3,NoHoliday,619498.28,563578.79,517783.5,612944.5599999998,39192.30400907628
9,2012-03-16,550373.57,False,B,125833,59.94,3.734,224.9594902,5.667,122435.2,115.2,469.12,27946.88,897687.04,2012,11,3,NoHoliday,574955.95,619498.28,515226.11,604249.5174999998,43736.08512739013
9,2012-03-23,550791.32,False,B,125833,58.79,3.787,225.0336786,5.667,104231.3,111.60000000000001,42.160000000000004,25695.899999999998,28918.04,2012,12,3,NoHoliday,550373.57,574955.95,497488.39999999997,577101.6474999997,29996.312367399747
9,2012-03-30,574985.37,False,B,125833,67.87,3.845,225.107867,5.667,234876.8,1022.72,0.0,4417.28,131146.24,2012,13,3,NoHoliday,550791.32,550373.57,520962.14,573904.7799999998,32495.2410765516
9,2012-04-06,677885.99,False,B,125833,68.83,3.891,225.1820555,5.539,302359.74000000005,0.0,620.0,74511.59999999999,529799.92,2012,14,4,NoHoliday,574985.37,550791.32,561625.92,562776.5524999998,14081.580417940873
9,2012-04-13,578539.86,False,B,125833,69.19,3.891,225.2562439,5.539,306226.68,53091.840000000004,0.0,18033.94,50034.0,2012,15,4,NoHoliday,677885.99,574985.37,528420.28,588509.0624999998,60685.169291196515
9,2012-04-20,542819.03,False,B,125833,68.04,3.877,225.3117488,5.539,58259.84,7760.0,128.0,16995.2,73365.76,2012,16,4,NoHoliday,578539.86,677885.99,549502.11,595550.6349999998,56257.75073380523
9,2012-04-27,550414.99,False,B,125833,73.07,3.814,225.3672537,5.539,25814.88,0.0,25.200000000000003,496.44,452310.38999999996,2012,17,4,NoHoliday,542819.03,578539.86,532226.2,593557.5624999998,58469.76451559295
9,2012-05-04,586289.08,False,B,125833,78.98,3.749,225.4227585,5.539,360971.16000000003,0.0,4148.0,59112.659999999996,39513.36,2012,18,5,NoHoliday,550414.99,542819.03,545251.1,587414.9674999998,62240.31228994957
9,2012-05-11,592572.3,False,B,125833,70.94,3.688,225.4782634,5.539,293123.60000000003,0.0,64.48,22120.359999999997,66824.22,2012,19,5,NoHoliday,586289.08,550414.99,539126.0,564515.7399999998,21137.113110448696
9,2012-05-18,571463.93,False,B,125833,69.52,3.63,225.4942498,5.539,123322.88,0.0,15.36,27296.64,190001.92,2012,20,5,NoHoliday,592572.3,586289.08,518266.9,568023.8499999997,25043.960856212245
9,2012-05-25,547226.0,False,B,125833,79.69,3.561,225.4944288,5.539,99179.01,0.0,22795.289999999997,5110.56,333041.94,2012,21,5,NoHoliday,571463.93,592572.3,553834.04,575185.0749999997,18735.1590267595
9,2012-06-01,583648.59,False,B,125833,80.26,3.501,225.4946078,5.539,162696.96,2278.4,4915.2,23959.68,218468.48,2012,22,6,NoHoliday,547226.0,571463.93,587004.29,574387.8274999998,20154.642979698154
9,2012-06-08,582525.42,False,B,125833,78.91,3.452,225.4947868,5.539,217413.15,8674.199999999999,18.3,4956.860000000001,336615.69,2012,23,6,NoHoliday,583648.59,547226.0,550076.3200000001,573727.7049999997,19672.381359577197
9,2012-06-15,564606.1,False,B,125833,82.21,3.393,225.5070634,5.539,204366.26,10936.800000000001,3101.86,48408.36,261008.83999999997,2012,24,6,NoHoliday,582525.42,583648.59,558671.14,571215.9849999999,16912.065162121635
9,2012-06-22,562173.12,False,B,125833,81.05,3.346,225.5495841,5.539,184720.64,243.2,0.0,81331.2,290938.24,2012,25,6,NoHoliday,564606.1,582525.42,538745.9299999999,569501.5274999997,17223.293229969473
9,2012-06-29,544770.7,False,B,125833,87.18,3.286,225.5921049,5.539,128535.91999999998,7440.0,0.0,1968.5,173147.4,2012,26,6,NoHoliday,562173.12,564606.1,537064.03,573238.3074999998,11424.79498088405
9,2012-07-06,578790.36,False,B,125833,84.15,3.227,225.6346256,5.277,193075.37,5319.2,492.88,100187.01000000001,127908.46,2012,27,7,NoHoliday,544770.7,562173.12,535983.13,563518.8349999997,15445.991210203223
9,2012-07-13,536537.64,False,B,125833,82.39,3.256,225.6771463,5.277,191004.03,0.0,127.26,3008.8799999999997,286926.57,2012,28,7,NoHoliday,578790.36,544770.7,512834.04000000004,562585.0699999997,13954.897199663548
9,2012-07-20,513991.57,False,B,125833,83.39,3.311,225.6871121,5.277,68694.14,31.0,362.7,53461.36,123146.88,2012,29,7,NoHoliday,536537.64,578790.36,491449.94,555567.9549999997,18811.71534984428
9,2012-07-27,495951.0,False,B,125833,86.41,3.407,225.6970779,5.277,65691.99,504.0,104.58,71139.6,184554.09,2012,30,7,NoHoliday,513991.57,536537.64,471449.98000000004,543522.5674999998,26871.571397427913
9,2012-08-03,533887.54,False,B,125833,90.23,3.417,225.7070437,5.277,747463.5,3843.0,13.86,104522.67,137111.31,2012,31,8,NoHoliday,495951.0,513991.57,554879.67,531317.6424999997,35739.33160514861
9,2012-08-10,538713.47,False,B,125833,88.66,3.494,225.7170094,5.277,197208.36000000002,-616.28,86.8,130945.86000000002,143503.96,2012,32,8,NoHoliday,533887.54,495951.0,520284.79,520091.9374999998,18980.50865217646
9,2012-08-17,535153.47,False,B,125833,86.37,3.571,225.7995323,5.277,60506.42,0.0,186.0,20192.16,41569.76,2012,33,8,NoHoliday,538713.47,533887.54,540819.44,520635.8949999998,19629.025353362587
9,2012-08-24,572887.78,False,B,125833,77.9,3.62,225.9364729,5.277,93007.31,0.0,109.8,30570.760000000002,258736.99000000002,2012,34,8,NoHoliday,535153.47,538713.47,542663.53,525926.3699999998,20087.743653293488
9,2012-08-31,576879.15,False,B,125833,80.71,3.638,226.0734135,5.277,362762.82,0.0,1108.8000000000002,178220.06999999998,118700.19,2012,35,8,NoHoliday,572887.78,535153.47,544643.33,545160.5649999997,18597.370142040767
9,2012-09-07,565812.29,True,B,125833,87.93,3.73,226.2103541,5.277,299955.38,-369.52,1409.8799999999999,37373.6,85410.58,2012,36,9,LaborDay,576879.15,572887.78,528784.86,555908.4674999998,22018.964839078162
9,2012-09-14,523427.35,False,B,125833,73.55,3.717,226.3567545,5.277,161081.47999999998,0.0,655.75,23517.329999999998,260837.83,2012,37,9,NoHoliday,565812.29,576879.15,500274.03,562683.1724999998,18915.035355434535
9,2012-09-21,533756.88,False,B,125833,69.92,3.721,226.5599138,5.277,122716.75,124.14999999999999,0.0,17779.449999999997,300702.35,2012,38,9,NoHoliday,523427.35,565812.29,506743.78,559751.6424999998,24644.778320105623
9,2012-09-28,516361.06,False,B,125833,76.8,3.666,226.7630732,5.277,105380.16,118.42,34.1,11803.56,112787.3,2012,39,9,NoHoliday,533756.88,523427.35,508567.04,549968.9174999997,25445.746407153798
9,2012-10-05,606755.3,False,B,125833,66.61,3.617,226.9662325,4.954,167426.91,0.0,189.63,69790.77,98314.65,2012,40,10,NoHoliday,516361.06,533756.88,553836.98,534839.3949999998,21849.29975137205
9,2012-10-12,558464.8,False,B,125833,60.09,3.601,227.1693919,4.954,32785.829999999994,0.0,378.63,0.0,178909.92,2012,41,10,NoHoliday,606755.3,516361.06,529515.66,545075.1474999997,41735.95711613183
9,2012-10-19,542009.46,False,B,125833,68.01,3.594,227.214288,4.954,33834.64,0.0,496.0,1794.28,192129.94,2012,42,10,NoHoliday,558464.8,606755.3,557075.21,553834.5099999998,39282.82186504603
9,2012-10-26,549731.49,False,B,125833,69.52,3.506,227.2328068,4.954,32270.49,189.0,504.0,0.0,104981.94,2012,43,10,NoHoliday,542009.46,558464.8,548527.49,555897.6549999998,38074.9900107857
10,2011-02-04,1968045.91,False,B,126512,44.88,3.348,127.7195806,8.744,0.0,0.0,0.0,0.0,0.0,2011,5,2,NoHoliday,1715769.05,1677556.18,2193048.75,1704609.6799999997,18155.643660550624
10,2011-02-11,2115408.31,True,B,126512,51.51,3.381,127.859129,8.744,0.0,0.0,0.0,0.0,0.0,2011,6,2,SuperBowl,1968045.91,1715769.05,2176028.52,1768043.6824999996,134409.7522578754
10,2011-02-18,2106934.55,False,B,126512,61.77,3.43,127.99525,8.744,0.0,0.0,0.0,0.0,0.0,2011,7,2,NoHoliday,2115408.31,1968045.91,2113432.58,1869194.8624999998,208692.3220862911
10,2011-02-25,1967996.71,False,B,126512,53.59,3.398,128.13,8.744,0.0,0.0,0.0,0.0,0.0,2011,8,2,NoHoliday,2106934.55,2115408.31,2006774.96,1976539.4549999998,186512.54124017246
10,2011-03-04,1958003.19,False,B,126512,56.96,3.674,128.26475,8.744,0.0,0.0,0.0,0.0,0.0,2011,9,3,NoHoliday,1967996.71,2106934.55,1987090.09,2039596.3699999996,82720.13130752498
10,2011-03-11,1933469.15,False,B,126512,64.22,3.63,128.3995,8.744,0.0,0.0,0.0,0.0,0.0,2011,10,3,NoHoliday,1958003.19,1967996.71,1941346.13,2037085.6899999995,85713.91371038451
10,2011-03-18,1884734.31,False,B,126512,70.12,3.892,128.5121935,8.744,0.0,0.0,0.0,0.0,0.0,2011,11,3,NoHoliday,1933469.15,1958003.19,1946875.06,1991600.8999999997,78245.58578217051
10,2011-03-25,1815798.85,False,B,126512,62.53,3.716,128.6160645,8.744,0.0,0.0,0.0,0.0,0.0,2011,12,3,NoHoliday,1884734.31,1933469.15,1893532.46,1936050.8399999999,37159.54635118155
10,2011-04-01,1827733.18,False,B,126512,67.64,3.772,128.7199355,8.494,0.0,0.0,0.0,0.0,0.0,2011,13,4,NoHoliday,1815798.85,1884734.31,2138651.97,1898001.3749999998,62693.56957146276
10,2011-04-08,1870720.73,False,B,126512,73.03,3.818,128.8238065,8.494,0.0,0.0,0.0,0.0,0.0,2011,14,4,NoHoliday,1827733.18,1815798.85,2041069.3699999999,1865433.8724999996,54425.1276089445
10,2011-04-15,1781767.22,False,B,126512,61.05,4.089,128.9107333,8.494,0.0,0.0,0.0,0.0,0.0,2011,15,4,NoHoliday,1870720.73,1827733.18,1826241.44,1849746.7674999998,33171.746865613786
10,2011-04-22,2004831.14,False,B,126512,75.93,3.917,128.9553,8.494,0.0,0.0,0.0,0.0,0.0,2011,16,4,NoHoliday,1781767.22,1870720.73,1829521.83,1824004.9949999999,36731.59272659709
10,2011-04-29,1873646.34,False,B,126512,73.38,4.151,128.9998667,8.494,0.0,0.0,0.0,0.0,0.0,2011,17,4,NoHoliday,2004831.14,1781767.22,1790694.59,1871263.0674999997,96168.39735040514
10,2011-05-06,1841369.99,False,B,126512,73.56,4.193,129.0444333,8.494,0.0,0.0,0.0,0.0,0.0,2011,18,5,NoHoliday,1873646.34,2004831.14,1921432.16,1882741.3575,91885.62866155278
10,2011-05-13,1712995.44,False,B,126512,74.04,4.202,129.089,8.494,0.0,0.0,0.0,0.0,0.0,2011,19,5,NoHoliday,1841369.99,1873646.34,1808056.41,1875403.6724999996,94305.59252111506
10,2011-05-20,1720908.01,False,B,126512,72.62,3.99,129.0756774,8.494,0.0,0.0,0.0,0.0,0.0,2011,20,5,NoHoliday,1712995.44,1841369.99,1847613.58,1858210.7274999998,119870.61588531361
10,2011-05-27,1743000.38,False,B,126512,78.62,3.933,129.0623548,8.494,0.0,0.0,0.0,0.0,0.0,2011,21,5,NoHoliday,1720908.01,1712995.44,1904618.17,1787229.9449999998,82276.56327318551
10,2011-06-03,1792210.89,False,B,126512,81.87,3.893,129.0490323,8.494,0.0,0.0,0.0,0.0,0.0,2011,22,6,NoHoliday,1743000.38,1720908.01,1931406.28,1754568.4549999998,59244.31891569199
10,2011-06-10,1740063.1,False,B,126512,84.57,3.981,129.0357097,8.494,0.0,0.0,0.0,0.0,0.0,2011,23,6,NoHoliday,1792210.89,1743000.38,1827521.71,1742278.6799999997,35627.51805146918
10,2011-06-17,1817934.76,False,B,126512,87.96,3.935,129.0432,8.494,0.0,0.0,0.0,0.0,0.0,2011,24,6,NoHoliday,1740063.1,1792210.89,1837636.24,1749045.5949999997,30398.444164644883
10,2011-06-24,1711813.1300000001,False,B,126512,90.69,3.807,129.0663,8.494,0.0,0.0,0.0,0.0,0.0,2011,25,6,NoHoliday,1817934.76,1740063.1,1768172.31,1773302.2824999997,38177.83839597332
10,2011-07-01,1751369.75,False,B,126512,95.36,3.842,129.0894,8.257,0.0,0.0,0.0,0.0,0.0,2011,26,7,NoHoliday,1711813.1300000001,1817934.76,1845893.87,1765505.4699999997,48277.63965914713
10,2011-07-08,1699708.3800000001,False,B,126512,88.57,3.793,129.1125,8.257,0.0,0.0,0.0,0.0,0.0,2011,27,7,NoHoliday,1751369.75,1711813.1300000001,1769793.3699999999,1755295.1849999998,44951.199155649534
10,2011-07-15,1775068.4,False,B,126512,86.01,3.779,129.1338387,8.257,0.0,0.0,0.0,0.0,0.0,2011,28,7,NoHoliday,1699708.3800000001,1751369.75,1828052.47,1745206.505,53268.44449479102
10,2011-07-22,1774342.61,False,B,126512,88.59,3.697,129.1507742,8.257,0.0,0.0,0.0,0.0,0.0,2011,29,7,NoHoliday,1775068.4,1699708.3800000001,1831676.03,1734489.9149999998,34907.181827515094
10,2011-07-29,1745841.33,False,B,126512,86.75,3.694,129.1677097,8.257,0.0,0.0,0.0,0.0,0.0,2011,30,7,NoHoliday,1774342.61,1775068.4,1832664.03,1750122.285,35365.005221624895
10,2011-08-05,1886299.98,False,B,126512,89.8,3.803,129.1846452,8.257,0.0,0.0,0.0,0.0,0.0,2011,31,8,NoHoliday,1745841.33,1774342.61,1949236.09,1748740.18,35408.004428558146
10,2011-08-12,1917397.6300000001,False,B,126512,85.61,3.794,129.2015806,8.257,0.0,0.0,0.0,0.0,0.0,2011,32,8,NoHoliday,1886299.98,1745841.33,1962996.7,1795388.0799999998,62117.24183616549
10,2011-08-19,1954849.68,False,B,126512,87.4,3.743,129.2405806,8.257,0.0,0.0,0.0,0.0,0.0,2011,33,8,NoHoliday,1917397.6300000001,1886299.98,1983190.56,1830970.3874999997,83635.50615179256
10,2011-08-26,1728399.07,False,B,126512,91.59,3.663,129.2832581,8.257,0.0,0.0,0.0,0.0,0.0,2011,34,8,NoHoliday,1954849.68,1917397.6300000001,1727565.42,1876097.1549999998,91247.58812066214
10,2011-09-02,1758587.35,False,B,126512,91.61,3.798,129.3259355,8.257,0.0,0.0,0.0,0.0,0.0,2011,35,9,NoHoliday,1728399.07,1954849.68,1766331.45,1871736.5899999999,99583.22025869244
10,2011-09-09,1670579.82,True,B,126512,89.06,3.771,129.3686129,8.257,0.0,0.0,0.0,0.0,0.0,2011,36,9,LaborDay,1758587.35,1728399.07,1720530.23,1839808.4324999999,112935.79664301946
10,2011-09-16,1650894.3,False,B,126512,77.49,3.784,129.4306,8.257,0.0,0.0,0.0,0.0,0.0,2011,37,9,NoHoliday,1670579.82,1758587.35,1716755.78,1778103.98,123358.50784990207
10,2011-09-23,1685910.53,False,B,126512,82.51,3.789,129.5183333,8.257,0.0,0.0,0.0,0.0,0.0,2011,38,9,NoHoliday,1650894.3,1670579.82,1655036.75,1702115.1349999998,49993.3540127759
10,2011-09-30,1627707.31,False,B,126512,82.27,3.877,129.6060667,8.257,0.0,0.0,0.0,0.0,0.0,2011,39,9,NoHoliday,1685910.53,1650894.3,1645892.97,1691492.9999999998,46969.604755377775
10,2011-10-07,1788227.6,False,B,126512,75.01,3.827,129.6938,7.874,0.0,0.0,0.0,0.0,0.0,2011,40,10,NoHoliday,1627707.31,1685910.53,1772192.42,1658772.9899999998,25185.958666703926
10,2011-10-14,1704753.02,False,B,126512,70.27,3.698,129.7706452,7.874,0.0,0.0,0.0,0.0,0.0,2011,41,10,NoHoliday,1788227.6,1627707.31,1703850.25,1688184.9349999998,70856.29194069159
10,2011-10-21,1745928.56,False,B,126512,77.91,3.842,129.7821613,7.874,0.0,0.0,0.0,0.0,0.0,2011,42,10,NoHoliday,1704753.02,1788227.6,1740234.06,1701649.6149999998,66384.13935724858
10,2011-10-28,1771792.97,False,B,126512,72.79,3.843,129.7936774,7.874,0.0,0.0,0.0,0.0,0.0,2011,43,10,NoHoliday,1745928.56,1704753.02,1741308.56,1716654.1224999998,68393.29174466654
10,2011-11-04,1904438.59,False,B,126512,68.57,3.828,129.8051935,7.874,0.0,0.0,0.0,0.0,0.0,2011,44,11,NoHoliday,1771792.97,1745928.56,1832211.96,1752675.5374999999,36384.5881398613
10,2011-11-11,2076570.84,False,B,126512,55.28,3.677,129.8167097,7.874,967980.24,1073519.28,54156.96,311055.84,424533.60000000003,2011,45,11,NoHoliday,1904438.59,1771792.97,1895901.59,1781728.2849999997,86339.13977109974
10,2011-11-18,1869087.85,False,B,126512,58.97,3.669,129.8268333,7.874,283694.79,51735.100000000006,8408.140000000001,50774.42,667316.36,2011,46,11,NoHoliday,2076570.84,1904438.59,1949177.13,1874682.7399999998,151446.53530642323
10,2011-11-25,2950198.64,True,B,126512,60.68,3.76,129.8364,7.874,12929.28,24346.0,10480665.139999999,5846.0,74738.52,2011,47,11,Thanksgiving,1869087.85,2076570.84,2939946.38,1905472.5624999998,127108.57618229697
10,2011-12-02,2068097.18,False,B,126512,57.29,3.701,129.8459667,7.874,559596.24,17280.0,341100.72000000003,476316.0,2617950.2399999998,2011,48,12,NoHoliday,2950198.64,1869087.85,2251206.64,2200073.98,508229.65058550757
10,2011-12-09,2429310.9,False,B,126512,42.58,3.644,129.8555333,7.874,511735.83999999997,5419.5199999999995,74413.28,374114.77999999997,690454.4400000001,2011,49,12,NoHoliday,2068097.18,2950198.64,2411790.21,2240988.6275,482429.1628831434
10,2011-12-16,2555031.18,False,B,126512,50.53,3.489,129.8980645,7.874,156219.17,23958.24,85424.36,11254.92,246792.44999999998,2011,50,12,NoHoliday,2429310.9,2068097.18,2811646.85,2329173.6425,474531.1277430802
10,2011-12-23,3487986.89,False,B,126512,48.36,3.541,129.9845484,7.874,21601.44,5596.56,175104.72000000003,7802.64,293631.12,2011,51,12,NoHoliday,2555031.18,2429310.9,3749057.69,2500659.4749999996,363887.5748468175
10,2011-12-30,1930690.3699999999,True,B,126512,48.92,3.428,130.0710323,7.874,552697.9199999999,7525406.88,12947.039999999999,113318.63999999998,268770.95999999996,2011,52,12,Christmas,3487986.89,2555031.18,1707298.1400000001,2635106.5374999996,604887.9825956378
10,2012-01-06,1683401.78,False,B,126512,59.85,3.443,130.1575161,7.545,549380.25,2730382.3899999997,2820.12,21669.2,383973.68,2012,1,1,NoHoliday,1930690.3699999999,3487986.89,1714309.9,2600754.8349999995,650038.6609400228
10,2012-01-13,1711562.73,False,B,126512,51.0,3.477,130.244,7.545,374671.44000000006,1038558.24,99.35999999999999,43023.6,407489.04,2012,2,1,NoHoliday,1683401.78,1930690.3699999999,1710803.59,2414277.5549999997,804300.7901266067
10,2012-01-20,1675562.94,False,B,126512,54.51,3.66,130.2792258,7.545,214006.32,236623.68,72.0,46370.159999999996,383869.44000000006,2012,3,1,NoHoliday,1711562.73,1683401.78,1677556.18,2203410.4425,863488.2876608971
10,2012-01-27,1632406.0,False,B,126512,53.59,3.675,130.3144516,7.545,239951.66,121867.64,0.0,3389.2,125195.42,2012,4,1,NoHoliday,1675562.94,1711562.73,1715769.05,1750304.4549999996,121246.66534660786
10,2012-02-03,1867403.01,False,B,126512,56.85,3.543,130.3496774,7.545,3057724.8000000003,142972.56,12551.76,2400864.4799999995,403903.44000000006,2012,5,2,NoHoliday,1632406.0,1675562.94,1968045.91,1675733.3624999998,32760.940093570793
10,2012-02-10,2218595.8000000003,True,B,126512,55.73,3.722,130.3849032,7.545,614238.0599999999,62880.74,4888.08,496846.02999999997,417779.0,2012,6,2,SuperBowl,1867403.01,1632406.0,2115408.31,1721733.67,102362.38497430709
10,2012-02-17,2168709.76,False,B,126512,54.12,3.781,130.4546207,7.545,1472766.97,652260.84,788.4000000000001,462091.46,935950.52,2012,7,2,NoHoliday,2218595.8000000003,1867403.01,2106934.55,1848491.9374999998,267040.6138037998
10,2012-02-24,2039415.74,False,B,126512,56.02,3.95,130.5502069,7.545,988965.39,327641.57,0.0,42351.5,463510.01,2012,8,2,NoHoliday,2168709.76,2218595.8000000003,1967996.71,1971778.6424999996,274328.6577649682
10,2012-03-02,1990371.02,False,B,126512,57.62,3.882,130.6457931,7.545,1656009.3800000001,11162.43,3559.48,425717.75,205053.34999999998,2012,9,3,NoHoliday,2039415.74,2168709.76,1958003.19,2073531.0774999997,156796.46231177196
10,2012-03-09,1917483.1,False,B,126512,57.65,3.963,130.7413793,7.545,788593.4,553.0,1046.5,64361.5,173168.1,2012,10,3,NoHoliday,1990371.02,2039415.74,1933469.15,2104273.0799999996,107085.51701286703
10,2012-03-16,1930814.66,False,B,126512,62.11,4.273,130.8261935,7.545,286376.39999999997,-756.0,434.16,138852.0,163722.24,2012,11,3,NoHoliday,1917483.1,1990371.02,1884734.31,2028994.9049999998,105759.98243919948
10,2012-03-23,1837457.69,False,B,126512,56.54,4.288,130.8966452,7.545,294507.55,226.3,297.84000000000003,35104.97,160199.23,2012,12,3,NoHoliday,1930814.66,1917483.1,1815798.85,1969521.13,56350.456390363084
10,2012-03-30,1815760.42,False,B,126512,67.92,4.294,130.9670968,7.545,531989.28,561.6,0.0,41390.64,290555.27999999997,2012,13,3,NoHoliday,1837457.69,1930814.66,1827733.18,1919031.6174999997,62941.38541489251
10,2012-04-06,2163384.17,False,B,126512,65.99,4.282,131.0375484,7.382,675688.0,0.0,1733.02,350556.94999999995,624417.91,2012,14,4,NoHoliday,1815760.42,1837457.69,1870720.73,1875378.9674999998,57266.24505988291
10,2012-04-13,1974687.51,False,B,126512,70.28,4.254,131.108,7.382,525574.0800000001,778917.6,1977.84,264669.83999999997,82658.88,2012,15,4,NoHoliday,2163384.17,1815760.42,1781767.22,1936854.2349999996,159055.20331683278
10,2012-04-20,1777166.53,False,B,126512,67.75,4.111,131.1173333,7.382,353150.45,323853.01,367.07,138714.12,259397.08,2012,16,4,NoHoliday,1974687.51,2163384.17,2004831.14,1947822.4474999998,160009.73574102842
10,2012-04-27,1712987.56,False,B,126512,80.11,4.088,131.1266667,7.382,244554.53,106.5,240.69,8816.78,206341.62,2012,17,4,NoHoliday,1777166.53,1974687.51,1873646.34,1932749.6574999997,175920.107891753
10,2012-05-04,1821364.42,False,B,126512,77.02,4.058,131.136,7.382,1297587.48,0.0,1513.01,345943.95,193282.59,2012,18,5,NoHoliday,1712987.56,1777166.53,1841369.99,1907056.4425,203970.57443053034
10,2012-05-11,1792345.3,False,B,126512,76.03,4.186,131.1453333,7.382,769444.75,0.0,7502.57,336257.42000000004,195062.56,2012,19,5,NoHoliday,1821364.42,1712987.56,1712995.44,1821551.505,111365.50511397656
10,2012-05-18,1795152.73,False,B,126512,85.19,4.308,131.0983226,7.382,674143.4,0.0,662.2,68099.5,209036.8,2012,20,5,NoHoliday,1792345.3,1821364.42,1720908.01,1775965.9525,45814.92909556525
10,2012-05-25,1830939.1,False,B,126512,86.03,4.127,131.0287742,7.382,552847.18,0.0,50566.200000000004,120790.88,228233.05000000002,2012,21,5,NoHoliday,1795152.73,1792345.3,1743000.38,1780462.5024999997,46843.13674732564
10,2012-06-01,1767471.48,False,B,126512,80.06,4.277,130.9592258,7.382,836237.52,0.0,12412.079999999998,212079.6,110017.44,2012,22,6,NoHoliday,1830939.1,1795152.73,1792210.89,1809950.3875,19146.069776774293
10,2012-06-08,1840491.41,False,B,126512,86.87,4.103,130.8896774,7.382,502928.3,2170.0,23678.2,44617.299999999996,377969.89999999997,2012,23,6,NoHoliday,1767471.48,1830939.1,1740063.1,1796477.1524999996,26126.494615703414
10,2012-06-15,1811562.88,False,B,126512,88.58,4.144,130.8295333,7.382,421239.7,1316.0,2939.3,143703.69999999998,297513.3,2012,24,6,NoHoliday,1840491.41,1767471.48,1817934.76,1808513.6799999997,33607.79594020046
10,2012-06-22,1755334.18,False,B,126512,89.92,4.014,130.7929,7.382,530233.9500000001,869.4,80.72999999999999,232919.85,497526.57,2012,25,6,NoHoliday,1811562.88,1840491.41,1711813.1300000001,1812616.2174999998,32413.53227617684
10,2012-06-29,1707481.9,False,B,126512,91.36,3.875,130.7562667,7.382,237131.48,1562.0,0.0,79480.95,263446.92,2012,26,6,NoHoliday,1755334.18,1811562.88,1751369.75,1793714.9874999996,39447.80956676616
10,2012-07-06,1805999.79,False,B,126512,86.87,3.666,130.7196333,7.17,897786.48,795.1999999999999,292.52,409212.76,337032.74,2012,27,7,NoHoliday,1707481.9,1755334.18,1699708.3800000001,1778717.5924999998,59206.20830505237
10,2012-07-13,1765571.91,False,B,126512,89.8,3.723,130.683,7.17,501916.75,355.0,22.72,581799.56,97470.22,2012,28,7,NoHoliday,1805999.79,1707481.9,1775068.4,1770094.6874999998,48809.22424751797
10,2012-07-20,1869967.03,False,B,126512,84.45,3.589,130.7012903,7.17,461776.0,-112.0,3122.0,299268.9,745519.6000000001,2012,29,7,NoHoliday,1765571.91,1805999.79,1774342.61,1758596.9449999998,40493.09946005563
10,2012-07-27,1817603.66,False,B,126512,83.98,3.769,130.7195806,7.17,665793.8,0.0,620.9,1146343.1,214355.4,2012,30,7,NoHoliday,1869967.03,1765571.91,1745841.33,1787255.1574999997,68377.75206972631
10,2012-08-03,1939440.09,False,B,126512,84.76,3.595,130.737871,7.17,2603610.8000000003,0.0,3738.0,1513675.1,178448.9,2012,31,8,NoHoliday,1817603.66,1869967.03,1886299.98,1814785.5974999997,43019.79939432271
10,2012-08-10,1880436.94,False,B,126512,90.78,3.811,130.7561613,7.17,1054490.43,0.0,4057.2,382053.69,1023111.99,2012,32,8,NoHoliday,1939440.09,1817603.66,1917397.6300000001,1848145.6724999996,74301.3752469538
10,2012-08-17,1827797.4,False,B,126512,88.83,4.002,130.7909677,7.17,312960.89999999997,0.0,511.2,215666.76,263943.92,2012,33,8,NoHoliday,1880436.94,1939440.09,1954849.68,1876861.93,49959.61373913424
10,2012-08-24,1764984.15,False,B,126512,82.5,4.055,130.8381613,7.17,815233.68,0.0,2448.0,475386.48,522447.84,2012,34,8,NoHoliday,1827797.4,1880436.94,1728399.07,1866319.5224999997,55985.43873013557
10,2012-08-31,1650285.54,False,B,126512,86.97,3.886,130.8853548,7.17,1835319.5,0.0,4776.799999999999,870835.7000000001,248127.59999999998,2012,35,8,NoHoliday,1764984.15,1827797.4,1758587.35,1853164.6449999998,74401.00201353086
10,2012-09-07,1708283.28,True,B,126512,83.07,4.124,130.9325484,7.17,829421.6,1400.0,3326.4,247132.9,178661.0,2012,36,9,LaborDay,1650285.54,1764984.15,1670579.82,1780876.0074999998,99029.31837100977
10,2012-09-14,1640168.99,False,B,126512,78.47,3.966,130.9776667,7.17,727239.7999999999,0.0,1117.9,346047.1,533262.8,2012,37,9,NoHoliday,1708283.28,1650285.54,1650894.3,1737837.5924999998,76088.81177906894
10,2012-09-21,1671857.57,False,B,126512,81.93,4.125,131.0103333,7.17,800422.76,17459.61,1917.0,211331.5,564452.13,2012,38,9,NoHoliday,1640168.99,1708283.28,1685910.53,1690930.4899999998,57774.86686249253
10,2012-09-28,1694862.41,False,B,126512,82.52,3.966,131.043,7.17,438621.12,4523.04,203.04,241263.36000000002,126126.0,2012,39,9,NoHoliday,1671857.57,1640168.99,1627707.31,1667648.8449999997,30141.319730248455
10,2012-10-05,1758971.38,False,B,126512,80.88,4.132,131.0756667,6.943,655244.3500000001,0.0,3375.52,696912.75,524634.2100000001,2012,40,10,NoHoliday,1694862.41,1671857.57,1788227.6,1678793.0624999998,29820.668950578736
10,2012-10-12,1713889.11,False,B,126512,76.03,4.468,131.1083333,6.943,195239.23,0.0,753.36,101480.95000000001,592477.49,2012,41,10,NoHoliday,1758971.38,1694862.41,1704753.02,1691465.0874999997,50280.49883241972
10,2012-10-19,1734834.82,False,B,126512,72.71,4.449,131.1499677,6.943,220870.08,0.0,3859.2000000000003,69625.44,194801.76,2012,42,10,NoHoliday,1713889.11,1758971.38,1745928.56,1709895.1174999997,36956.13991232527
10,2012-10-26,1744349.05,False,B,126512,70.5,4.301,131.1930968,6.943,695370.96,4557.599999999999,7200.0,138662.63999999998,60089.04,2012,43,10,NoHoliday,1734834.82,1713889.11,1771792.97,1725639.4299999997,27573.351073340433
11,2011-02-04,1422546.05,False,A,207499,47.17,2.989,215.8863367,7.551,0.0,0.0,0.0,0.0,0.0,2011,5,2,NoHoliday,1100418.69,1187776.19,1528008.6400000001,1165387.5249999997,43778.040664934015
11,2011-02-11,1419236.9,True,A,207499,44.61,3.022,216.2660913,7.551,0.0,0.0,0.0,0.0,0.0,2011,6,2,SuperBowl,1422546.05,1100418.69,1574684.08,1226297.6774999998,137667.63935570358
11,2011-02-18,1554747.15,False,A,207499,61.5,3.045,216.5843571,7.551,0.0,0.0,0.0,0.0,0.0,2011,7,2,NoHoliday,1419236.9,1422546.05,1503298.7,1282494.4574999996,163743.78303880288
11,2011-02-25,1323999.36,False,A,207499,68.74,3.065,216.8780275,7.551,0.0,0.0,0.0,0.0,0.0,2011,8,2,NoHoliday,1554747.15,1419236.9,1336404.65,1374237.1974999998,193148.59258788437
11,2011-03-04,1399456.99,False,A,207499,66.5,3.288,217.1716979,7.551,0.0,0.0,0.0,0.0,0.0,2011,9,3,NoHoliday,1323999.36,1554747.15,1426622.65,1430132.3649999998,94814.42000697508
11,2011-03-11,1314557.31,False,A,207499,63.29,3.459,217.4653683,7.551,0.0,0.0,0.0,0.0,0.0,2011,10,3,NoHoliday,1399456.99,1323999.36,1331883.16,1424360.0999999996,96124.00499176022
11,2011-03-18,1391813.69,False,A,207499,70.17,3.488,217.7235226,7.551,0.0,0.0,0.0,0.0,0.0,2011,11,3,NoHoliday,1314557.31,1399456.99,1364207.0,1398190.2024999997,111071.18495191925
11,2011-03-25,1229777.24,False,A,207499,73.74,3.473,217.9674705,7.551,0.0,0.0,0.0,0.0,0.0,2011,12,3,NoHoliday,1391813.69,1314557.31,1245624.27,1357456.8375,44362.81620202179
11,2011-04-01,1258674.12,False,A,207499,69.1,3.524,218.2114184,7.574,0.0,0.0,0.0,0.0,0.0,2011,13,4,NoHoliday,1229777.24,1391813.69,1446210.26,1333901.3074999996,79304.06300415072
11,2011-04-08,1327401.06,False,A,207499,73.57,3.622,218.4553663,7.574,0.0,0.0,0.0,0.0,0.0,2011,14,4,NoHoliday,1258674.12,1229777.24,1470308.32,1298705.5899999999,71353.65287696598
11,2011-04-15,1312905.8,False,A,207499,76.64,3.743,218.6788642,7.574,0.0,0.0,0.0,0.0,0.0,2011,15,4,NoHoliday,1327401.06,1258674.12,1323243.35,1301916.5274999999,72583.1565165236
11,2011-04-22,1388118.53,False,A,207499,78.31,3.807,218.851237,7.574,0.0,0.0,0.0,0.0,0.0,2011,16,4,NoHoliday,1312905.8,1327401.06,1283766.55,1282189.5549999997,45780.615760281755
11,2011-04-29,1357589.89,False,A,207499,79.97,3.81,219.0236099,7.574,0.0,0.0,0.0,0.0,0.0,2011,17,4,NoHoliday,1388118.53,1312905.8,1239766.89,1321774.8774999997,53208.70946673528
11,2011-05-06,1331453.41,False,A,207499,71.39,3.906,219.1959827,7.574,0.0,0.0,0.0,0.0,0.0,2011,18,5,NoHoliday,1357589.89,1388118.53,1312329.78,1346503.8199999998,33408.718542590155
11,2011-05-13,1277959.42,False,A,207499,80.93,3.899,219.3683556,7.574,0.0,0.0,0.0,0.0,0.0,2011,19,5,NoHoliday,1331453.41,1357589.89,1266796.13,1347516.9074999997,32690.066994903736
11,2011-05-20,1239466.97,False,A,207499,76.97,3.907,219.127216,7.574,0.0,0.0,0.0,0.0,0.0,2011,20,5,NoHoliday,1277959.42,1331453.41,1271646.6199999999,1338780.3124999998,46693.76966489229
11,2011-05-27,1216876.52,False,A,207499,85.61,3.786,218.8860765,7.574,0.0,0.0,0.0,0.0,0.0,2011,21,5,NoHoliday,1239466.97,1277959.42,1264272.52,1301617.4224999996,53058.09110899511
11,2011-06-03,1343637.0,False,A,207499,86.14,3.699,218.6449369,7.574,0.0,0.0,0.0,0.0,0.0,2011,22,6,NoHoliday,1216876.52,1239466.97,1396322.19,1266439.0799999996,50144.868167735294
11,2011-06-10,1314626.75,False,A,207499,85.79,3.648,218.4037974,7.574,0.0,0.0,0.0,0.0,0.0,2011,23,6,NoHoliday,1343637.0,1216876.52,1339570.85,1269484.9774999996,55494.95229698551
11,2011-06-17,1337506.74,False,A,207499,87.9,3.637,218.3551748,7.574,0.0,0.0,0.0,0.0,0.0,2011,24,6,NoHoliday,1314626.75,1343637.0,1336522.92,1278651.8099999996,60191.110550084944
11,2011-06-24,1254587.84,False,A,207499,86.13,3.594,218.45094,7.574,0.0,0.0,0.0,0.0,0.0,2011,25,6,NoHoliday,1337506.74,1314626.75,1262025.08,1303161.7524999997,58862.5838764129
11,2011-07-01,1297472.06,False,A,207499,86.43,3.524,218.5467052,7.567,0.0,0.0,0.0,0.0,0.0,2011,26,7,NoHoliday,1254587.84,1337506.74,1302600.14,1312589.5824999998,40633.15171862355
11,2011-07-08,1334627.96,False,A,207499,87.17,3.48,218.6424704,7.567,0.0,0.0,0.0,0.0,0.0,2011,27,7,NoHoliday,1297472.06,1254587.84,1280156.47,1301048.3474999997,35047.377398715966
11,2011-07-15,1266546.73,False,A,207499,88.3,3.575,218.7275216,7.567,0.0,0.0,0.0,0.0,0.0,2011,28,7,NoHoliday,1334627.96,1297472.06,1290609.54,1306048.65,38850.83117264501
11,2011-07-22,1290576.44,False,A,207499,87.8,3.651,218.7857881,7.567,0.0,0.0,0.0,0.0,0.0,2011,29,7,NoHoliday,1266546.73,1334627.96,1244390.03,1288308.6474999997,35777.65015040702
11,2011-07-29,1212938.67,False,A,207499,89.46,3.682,218.8440545,7.567,0.0,0.0,0.0,0.0,0.0,2011,30,7,NoHoliday,1290576.44,1266546.73,1250178.89,1297305.7974999999,28192.055280022712
11,2011-08-05,1403198.94,False,A,207499,90.04,3.684,218.9023209,7.567,0.0,0.0,0.0,0.0,0.0,2011,31,8,NoHoliday,1212938.67,1290576.44,1369634.92,1276172.4499999997,50713.860682247876
11,2011-08-12,1354188.43,False,A,207499,90.3,3.638,218.9605873,7.567,0.0,0.0,0.0,0.0,0.0,2011,32,8,NoHoliday,1403198.94,1212938.67,1384339.1,1293315.1949999998,80122.56170749682
11,2011-08-19,1484169.74,False,A,207499,89.51,3.554,219.023271,7.567,0.0,0.0,0.0,0.0,0.0,2011,33,8,NoHoliday,1354188.43,1403198.94,1430192.3699999999,1315225.6199999996,82315.66843540173
11,2011-08-26,1304706.75,False,A,207499,89.09,3.523,219.0866908,7.567,0.0,0.0,0.0,0.0,0.0,2011,34,8,NoHoliday,1484169.74,1354188.43,1311263.07,1363623.9449999998,113860.36765351305
11,2011-09-02,1297792.41,False,A,207499,91.44,3.533,219.1501106,7.567,0.0,0.0,0.0,0.0,0.0,2011,35,9,NoHoliday,1304706.75,1484169.74,1303914.27,1386565.9649999999,76490.49745927
11,2011-09-09,1249439.95,True,A,207499,84.91,3.546,219.2135305,7.567,0.0,0.0,0.0,0.0,0.0,2011,36,9,LaborDay,1297792.41,1304706.75,1231428.46,1360214.3324999998,86369.05825781889
11,2011-09-16,1270816.01,False,A,207499,85.11,3.526,219.3972867,7.567,0.0,0.0,0.0,0.0,0.0,2011,37,9,NoHoliday,1249439.95,1297792.41,1215676.31,1334027.2125,103070.25755080424
11,2011-09-23,1235775.15,False,A,207499,82.14,3.467,219.7414914,7.567,0.0,0.0,0.0,0.0,0.0,2011,38,9,NoHoliday,1270816.01,1249439.95,1170103.25,1280688.7799999998,25451.6404575956
11,2011-09-30,1190515.83,False,A,207499,84.4,3.355,220.085696,7.567,0.0,0.0,0.0,0.0,0.0,2011,39,9,NoHoliday,1235775.15,1270816.01,1182490.46,1263455.8799999997,27054.500014874724
11,2011-10-07,1346271.06,False,A,207499,76.97,3.285,220.4299007,7.197,0.0,0.0,0.0,0.0,0.0,2011,40,10,NoHoliday,1190515.83,1235775.15,1293472.8,1236636.7349999996,33960.886131954256
11,2011-10-14,1286388.96,False,A,207499,75.56,3.274,220.7486167,7.197,0.0,0.0,0.0,0.0,0.0,2011,41,10,NoHoliday,1346271.06,1190515.83,1175003.67,1260844.5124999997,65756.42503085028
11,2011-10-21,1325107.53,False,A,207499,70.91,3.353,220.9144005,7.197,0.0,0.0,0.0,0.0,0.0,2011,42,10,NoHoliday,1286388.96,1346271.06,1169831.38,1264737.7499999998,66992.98754664685
11,2011-10-28,1310684.1,False,A,207499,72.66,3.372,221.0801842,7.197,0.0,0.0,0.0,0.0,0.0,2011,43,10,NoHoliday,1325107.53,1286388.96,1195036.0,1287070.8449999997,68980.16804523685
11,2011-11-04,1458287.38,False,A,207499,61.13,3.332,221.245968,7.197,0.0,0.0,0.0,0.0,0.0,2011,44,11,NoHoliday,1310684.1,1325107.53,1332759.13,1317112.9124999996,25162.15651855829
11,2011-11-11,1366053.69,False,A,207499,64.2,3.297,221.4117517,7.197,639407.2999999999,708833.3,33136.6,154435.4,443681.0,2011,45,11,NoHoliday,1458287.38,1310684.1,1281675.6,1345116.9924999997,77120.08187167998
11,2011-11-18,1315091.63,False,A,207499,66.17,3.308,221.6432852,7.197,776814.5499999999,15828.74,18680.100000000002,28687.55,630856.2999999999,2011,46,11,NoHoliday,1366053.69,1458287.38,1292346.57,1365033.1749999998,66446.13679032488
11,2011-11-25,1848953.48,True,A,207499,70.03,3.236,221.9011185,7.197,38769.57,5427.549999999999,5188984.54,219.0,122410.04999999999,2011,47,11,Thanksgiving,1315091.63,1366053.69,1757242.51,1362529.1999999997,68605.85132526781
11,2011-12-02,1399322.44,False,A,207499,56.89,3.172,222.1589519,7.197,505382.39999999997,7017.84,210030.48,262724.39999999997,2073836.16,2011,48,12,NoHoliday,1848953.48,1315091.63,1380522.64,1497096.5449999997,241941.77875837803
11,2011-12-09,1646655.94,False,A,207499,50.63,3.158,222.4167852,7.197,354520.08,2592.0,37802.159999999996,187081.92,626144.4,2011,49,12,NoHoliday,1399322.44,1848953.48,1564516.43,1482355.3099999996,246841.29936024145
11,2011-12-16,1783910.06,False,A,207499,59.69,3.159,222.6426418,7.197,128653.42,10157.26,42063.240000000005,47503.97,347917.75,2011,50,12,NoHoliday,1646655.94,1399322.44,1843971.15,1552505.8724999998,242608.1241680793
11,2011-12-23,2213518.5,False,A,207499,54.29,3.112,222.8258628,7.197,37121.04,808.5600000000001,69430.31999999999,0.0,246947.04,2011,51,12,NoHoliday,1783910.06,1646655.94,2306265.36,1669710.48,199006.53348640786
11,2011-12-30,1352084.21,True,A,207499,48.86,3.129,223.0090839,7.197,301133.72,4121295.1100000003,16992.43,5544.39,41657.12,2011,52,12,Christmas,2213518.5,1783910.06,1172003.1,1760851.7349999999,341166.1360814546
11,2012-01-06,1283885.55,False,A,207499,54.44,3.157,223.1923049,6.833,367724.88,2325981.6,10415.52,38199.6,432301.68,2012,1,1,NoHoliday,1352084.21,2213518.5,1178905.44,1749042.1774999998,358242.27974202705
11,2012-01-13,1264736.59,False,A,207499,53.1,3.261,223.3755259,6.833,507924.77,343025.14,2778.94,41938.28,617628.29,2012,2,1,NoHoliday,1283885.55,1352084.21,1194449.78,1658349.5799999998,431277.07663669286
11,2012-01-20,1207303.29,False,A,207499,56.43,3.268,223.4700552,6.833,171954.19,128058.44,2680.96,21138.83,162038.33,2012,3,1,NoHoliday,1264736.59,1283885.55,1187776.19,1528556.2125,458177.6326811206
11,2012-01-27,1162675.85,False,A,207499,58.36,3.29,223.5645845,6.833,51708.090000000004,119131.62000000001,3598.8999999999996,219.0,154475.3,2012,4,1,NoHoliday,1207303.29,1264736.59,1100418.69,1277002.4099999997,59702.238865209096
11,2012-02-03,1376732.18,False,A,207499,60.24,3.36,223.6591137,6.833,3614551.78,138981.79,9743.33,2633508.57,455703.56,2012,5,2,NoHoliday,1162675.85,1207303.29,1422546.05,1229650.3199999998,55249.36167739164
11,2012-02-10,1574287.76,True,A,207499,52.23,3.409,223.753643,6.833,882155.12,324878.25,5803.54,634220.28,496124.57,2012,6,2,SuperBowl,1376732.18,1162675.85,1419236.9,1252861.9774999998,92545.42144193235
11,2012-02-17,1569607.94,False,A,207499,52.77,3.51,223.9170153,6.833,738465.1199999999,705061.4400000001,1787.04,292358.88,174121.92,2012,7,2,NoHoliday,1574287.76,1376732.18,1554747.15,1330249.7699999998,187004.46573207175
11,2012-02-24,1379473.03,False,A,207499,61.11,3.555,224.1320199,6.833,1228281.6,527203.6,35.0,258862.1,885967.6,2012,8,2,NoHoliday,1569607.94,1574287.76,1323999.36,1420825.9324999996,195168.59580002763
11,2012-03-02,1438383.44,False,A,207499,62.61,3.63,224.3470245,6.833,1181106.0,85771.44,506.16,829778.4,316825.2,2012,9,3,NoHoliday,1379473.03,1569607.94,1399456.99,1475025.2274999998,111938.50320018304
11,2012-03-09,1413382.76,False,A,207499,61.44,3.669,224.5620291,6.833,542080.74,26911.84,248.5,88881.34999999999,436472.5,2012,10,3,NoHoliday,1438383.44,1379473.03,1314557.31,1490438.0424999997,97162.34427587817
11,2012-03-16,1441884.28,False,A,207499,64.21,3.734,224.7166953,6.833,502224.89,15934.53,297.49,224692.28,173133.5,2012,11,3,NoHoliday,1413382.76,1438383.44,1391813.69,1450211.7924999997,83177.92198179482
11,2012-03-23,1300593.61,False,A,207499,67.16,3.787,224.7909104,6.833,515137.69999999995,20806.100000000002,142.8,39092.200000000004,251190.80000000002,2012,12,3,NoHoliday,1441884.28,1413382.76,1229777.24,1418280.8774999997,28817.09105881615
11,2012-03-30,1300104.03,False,A,207499,70.23,3.845,224.8651254,6.833,520662.8,13368.599999999999,70.0,94155.59999999999,245280.0,2012,13,3,NoHoliday,1300593.61,1441884.28,1258674.12,1398561.0225,66533.26834605858
11,2012-04-06,1596325.01,False,A,207499,74.19,3.891,224.9393405,6.664,763986.27,0.0,3219.1400000000003,287422.91,397367.82999999996,2012,14,4,NoHoliday,1300104.03,1300593.61,1327401.06,1363991.1699999997,74403.59090693676
11,2012-04-13,1472752.01,False,A,207499,72.74,3.891,225.0135556,6.664,632352.98,335274.78,700.06,100310.93,196868.09,2012,15,4,NoHoliday,1596325.01,1300104.03,1312905.8,1409726.7325,141162.08220480842
11,2012-04-20,1315356.99,False,A,207499,71.97,3.877,225.0689541,6.664,561340.91,4843.62,102.24,27942.05,344690.09,2012,16,4,NoHoliday,1472752.01,1596325.01,1388118.53,1417443.6649999998,144314.55679763117
11,2012-04-27,1236238.29,False,A,207499,73.4,3.814,225.1243526,6.664,127708.70000000001,98.69999999999999,103.6,0.0,407867.60000000003,2012,17,4,NoHoliday,1315356.99,1472752.01,1357589.89,1421134.5099999998,140467.47953753875
11,2012-05-04,1370251.22,False,A,207499,79.07,3.749,225.1797511,6.664,1294223.04,0.0,11580.48,669517.2000000001,295918.55999999994,2012,18,5,NoHoliday,1236238.29,1315356.99,1331453.41,1405168.0749999997,160947.0568413808
11,2012-05-11,1300147.07,False,A,207499,75.13,3.688,225.2351496,6.664,1111592.33,0.0,1540.7,326630.53,263233.21,2012,19,5,NoHoliday,1370251.22,1236238.29,1277959.42,1348649.6274999997,99352.4679293623
11,2012-05-18,1352442.31,False,A,207499,72.53,3.63,225.2512024,6.664,323603.0,0.0,645.4000000000001,33568.5,287653.1,2012,20,5,NoHoliday,1300147.07,1370251.22,1239466.97,1305498.3924999998,55123.25300248937
11,2012-05-25,1297335.87,False,A,207499,78.44,3.561,225.2515168,6.664,1060014.2,0.0,68889.1,205669.1,384680.8,2012,21,5,NoHoliday,1352442.31,1300147.07,1216876.52,1314769.7224999997,60217.462224932126
11,2012-06-01,1361595.33,False,A,207499,81.67,3.501,225.2518313,6.664,580237.5599999999,5651.599999999999,8997.12,126761.98000000001,300506.07999999996,2012,22,6,NoHoliday,1297335.87,1352442.31,1343637.0,1330044.1174999997,36887.003232659416
11,2012-06-08,1414343.53,False,A,207499,82.1,3.452,225.2521458,6.664,862857.36,13780.800000000001,5662.8,199318.32,457831.44000000006,2012,23,6,NoHoliday,1361595.33,1297335.87,1314626.75,1327880.145,33872.751257760574
11,2012-06-15,1417875.42,False,A,207499,84.97,3.393,225.2644795,6.664,498278.0,17579.6,10.65,204231.5,351562.18,2012,24,6,NoHoliday,1414343.53,1361595.33,1337506.74,1356429.2599999998,47918.94357794746
11,2012-06-22,1355680.3,False,A,207499,83.26,3.346,225.3068615,6.664,583091.6,19502.0,138.6,120889.3,427239.4,2012,25,6,NoHoliday,1417875.42,1414343.53,1254587.84,1372787.5374999999,56503.797212382975
11,2012-06-29,1297028.6,False,A,207499,87.86,3.286,225.3492435,6.664,310151.1,15386.0,0.0,125960.1,455306.60000000003,2012,26,6,NoHoliday,1355680.3,1417875.42,1297472.06,1387373.6449999998,33300.26334529829
11,2012-07-06,1461129.94,False,A,207499,83.44,3.227,225.3916254,6.334,591011.1,8917.6,6299.83,433224.25,326817.26,2012,27,7,NoHoliday,1297028.6,1355680.3,1334627.96,1371231.9625,57102.867974351066
11,2012-07-13,1320239.51,False,A,207499,82.46,3.256,225.4340074,6.334,552595.13,7522.45,2470.7999999999997,339277.05,173653.22,2012,28,7,NoHoliday,1461129.94,1297028.6,1266546.73,1382928.5649999997,71782.10004079407
11,2012-07-20,1344483.81,False,A,207499,82.41,3.311,225.4438827,6.334,206984.16,10095.84,3236.4,265641.83999999997,445487.04,2012,29,7,NoHoliday,1320239.51,1461129.94,1290576.44,1358519.5874999997,72533.789530168
11,2012-07-27,1272395.02,False,A,207499,85.43,3.407,225.4537579,6.334,195939.8,6830.599999999999,394.79999999999995,165546.5,132795.6,2012,30,7,NoHoliday,1344483.81,1320239.51,1212938.67,1355720.4649999999,72895.02273878054
11,2012-08-03,1399341.07,False,A,207499,86.94,3.417,225.4636332,6.334,1560187.37,12324.18,1810.5,1617284.1500000001,438260.99,2012,31,8,NoHoliday,1272395.02,1344483.81,1403198.94,1349562.0699999998,80182.59260718171
11,2012-08-10,1388973.65,False,A,207499,86.21,3.494,225.4735085,6.334,1210530.2399999998,9254.88,629.28,343031.76,295071.84,2012,32,8,NoHoliday,1399341.07,1272395.02,1354188.43,1334114.8524999998,52801.002459934345
11,2012-08-17,1421307.2,False,A,207499,87.73,3.571,225.5558664,6.334,492824.16,15066.72,2.88,88976.88,162293.76,2012,33,8,NoHoliday,1388973.65,1399341.07,1484169.74,1351298.3874999997,57734.17421132386
11,2012-08-24,1409515.73,False,A,207499,83.17,3.62,225.6925864,6.334,275522.8,5191.2,7178.5,117151.29999999999,345101.4,2012,34,8,NoHoliday,1421307.2,1388973.65,1304706.75,1370504.2349999996,66780.83972710978
11,2012-08-31,1372872.35,False,A,207499,86.49,3.638,225.8293063,6.334,1198852.56,8640.0,3240.0,545466.96,481664.16,2012,35,8,NoHoliday,1409515.73,1421307.2,1297792.41,1404784.4124999999,13844.349755597495
11,2012-09-07,1304584.4,True,A,207499,85.17,3.73,225.9660263,6.334,1036448.06,3976.0,3198.5499999999997,229704.17,202753.28,2012,36,9,LaborDay,1372872.35,1409515.73,1249439.95,1398167.2324999997,21514.33267450678
11,2012-09-14,1267675.05,False,A,207499,79.61,3.717,226.1122067,6.334,537608.45,2341.58,1385.92,50230.37,615155.36,2012,37,9,NoHoliday,1304584.4,1372872.35,1270816.01,1377069.92,52540.26307489198
11,2012-09-21,1326132.98,False,A,207499,73.64,3.721,226.3151496,6.334,445013.09,11321.66,852.0,59565.450000000004,652800.27,2012,38,9,NoHoliday,1267675.05,1304584.4,1235775.15,1338661.8824999998,64267.744615916825
11,2012-09-28,1227430.73,False,A,207499,77.67,3.666,226.5180926,6.334,554028.48,3737.5199999999995,374.40000000000003,119043.36000000002,231252.48,2012,39,9,NoHoliday,1326132.98,1267675.05,1190515.83,1317816.1949999998,43930.11092239241
11,2012-10-05,1422794.26,False,A,207499,73.37,3.617,226.7210356,6.034,400092.10000000003,0.0,1983.74,124573.76,388646.89999999997,2012,40,10,NoHoliday,1227430.73,1326132.98,1346271.06,1281455.7899999998,43357.42846690291
11,2012-10-12,1311965.09,False,A,207499,69.94,3.601,226.9239785,6.034,164152.1,0.0,1606.5,19035.100000000002,912497.6,2012,41,10,NoHoliday,1422794.26,1227430.73,1286388.96,1311008.2549999997,84828.92109198606
11,2012-10-19,1232073.18,False,A,207499,73.77,3.594,226.9688442,6.034,164125.5,0.0,10777.9,28667.1,191774.1,2012,42,10,NoHoliday,1311965.09,1422794.26,1325107.53,1322080.7649999997,80042.87294472425
11,2012-10-26,1200729.45,False,A,207499,74.26,3.506,226.9873637,6.034,288094.80000000005,10308.900000000001,10710.0,74263.0,275534.0,2012,43,10,NoHoliday,1232073.18,1311965.09,1310684.1,1298565.8149999997,91458.03763630663
12,2011-02-04,1046068.17,False,B,112238,45.14,3.348,127.7195806,14.021,0.0,0.0,0.0,0.0,0.0,2011,5,2,NoHoliday,873119.06,802105.5,1100046.37,849336.6499999998,51260.63539974541
12,2011-02-11,1086421.57,True,B,112238,51.3,3.381,127.859129,14.021,0.0,0.0,0.0,0.0,0.0,2011,6,2,SuperBowl,1046068.17,873119.06,1117863.33,883326.1324999998,112947.89397816366
12,2011-02-18,1128485.1,False,B,112238,53.35,3.43,127.99525,14.021,0.0,0.0,0.0,0.0,0.0,2011,7,2,NoHoliday,1086421.57,1046068.17,1095421.65,951928.5749999998,136147.61903639635
12,2011-02-25,1046203.72,False,B,112238,48.45,3.53,128.13,14.021,0.0,0.0,0.0,0.0,0.0,2011,8,2,NoHoliday,1128485.1,1086421.57,1048617.17,1033523.4749999999,112105.4033806548
12,2011-03-04,1085248.21,False,B,112238,51.72,3.674,128.26475,14.021,0.0,0.0,0.0,0.0,0.0,2011,9,3,NoHoliday,1046203.72,1128485.1,1077018.27,1076794.64,39346.75667004956
12,2011-03-11,997672.62,False,B,112238,57.75,3.818,128.3995,14.021,0.0,0.0,0.0,0.0,0.0,2011,10,3,NoHoliday,1085248.21,1046203.72,985594.23,1086589.65,33605.95078672684
12,2011-03-18,1009502.01,False,B,112238,64.21,3.692,128.5121935,14.021,0.0,0.0,0.0,0.0,0.0,2011,11,3,NoHoliday,997672.62,1085248.21,972088.34,1064402.4124999999,55753.01404841687
12,2011-03-25,954107.3200000001,False,B,112238,54.4,3.909,128.6160645,14.021,0.0,0.0,0.0,0.0,0.0,2011,12,3,NoHoliday,1009502.01,997672.62,981615.8099999999,1034656.6399999998,39553.40338243823
12,2011-04-01,1005463.49,False,B,112238,63.63,3.772,128.7199355,13.736,0.0,0.0,0.0,0.0,0.0,2011,13,4,NoHoliday,954107.3200000001,1009502.01,1011822.3,1011632.5399999997,54552.226749840214
12,2011-04-08,998362.05,False,B,112238,64.47,4.003,128.8238065,13.736,0.0,0.0,0.0,0.0,0.0,2011,14,4,NoHoliday,1005463.49,954107.3200000001,1041238.87,991686.3599999999,25529.239785536378
12,2011-04-15,990951.77,False,B,112238,57.63,3.868,128.9107333,13.736,0.0,0.0,0.0,0.0,0.0,2011,15,4,NoHoliday,998362.05,1005463.49,957997.52,991858.7174999998,25585.392654400246
12,2011-04-22,1016019.47,False,B,112238,72.12,4.134,128.9553,13.736,0.0,0.0,0.0,0.0,0.0,2011,16,4,NoHoliday,990951.77,998362.05,993833.4400000001,987221.1574999997,22857.135168639543
12,2011-04-29,994966.1,False,B,112238,68.27,4.151,128.9998667,13.736,0.0,0.0,0.0,0.0,0.0,2011,17,4,NoHoliday,1016019.47,990951.77,954220.22,1002699.1949999998,10675.265395886046
12,2011-05-06,1021154.48,False,B,112238,68.4,4.193,129.0444333,13.736,0.0,0.0,0.0,0.0,0.0,2011,18,5,NoHoliday,994966.1,1016019.47,1043240.27,1000074.8474999997,11052.820244124938
12,2011-05-13,977033.5,False,B,112238,70.93,4.202,129.089,13.736,0.0,0.0,0.0,0.0,0.0,2011,19,5,NoHoliday,1021154.48,994966.1,966054.97,1005772.9549999998,15033.717889903022
12,2011-05-20,924134.99,False,B,112238,66.59,4.169,129.0756774,13.736,0.0,0.0,0.0,0.0,0.0,2011,20,5,NoHoliday,977033.5,1021154.48,958374.5599999999,1002293.3874999997,20296.93909373354
12,2011-05-27,964332.51,False,B,112238,76.67,4.087,129.0623548,13.736,0.0,0.0,0.0,0.0,0.0,2011,21,5,NoHoliday,924134.99,977033.5,955451.16,979322.2674999997,41010.31395668679
12,2011-06-03,970328.68,False,B,112238,71.81,4.031,129.0490323,13.736,0.0,0.0,0.0,0.0,0.0,2011,22,6,NoHoliday,964332.51,924134.99,1049357.36,971663.8699999996,39962.05149066162
12,2011-06-10,996937.95,False,B,112238,78.72,3.981,129.0357097,13.736,0.0,0.0,0.0,0.0,0.0,2011,23,6,NoHoliday,970328.68,964332.51,1016039.71,958957.4199999998,23787.55589085063
12,2011-06-17,986504.93,False,B,112238,86.84,3.935,129.0432,13.736,0.0,0.0,0.0,0.0,0.0,2011,24,6,NoHoliday,996937.95,970328.68,956211.2,963933.5324999997,30079.188011230406
12,2011-06-24,997282.75,False,B,112238,88.95,3.898,129.0663,13.736,0.0,0.0,0.0,0.0,0.0,2011,25,6,NoHoliday,986504.93,996937.95,958007.69,979526.0174999998,14914.358856735495
12,2011-07-01,961993.34,False,B,112238,89.85,3.842,129.0894,13.503,0.0,0.0,0.0,0.0,0.0,2011,26,7,NoHoliday,997282.75,986504.93,951957.3099999999,987763.5774999999,12653.63716133238
12,2011-07-08,943717.38,False,B,112238,89.9,3.705,129.1125,13.503,0.0,0.0,0.0,0.0,0.0,2011,27,7,NoHoliday,961993.34,997282.75,943506.28,985679.7424999998,16564.053619952512
12,2011-07-15,936001.98,False,B,112238,88.1,3.692,129.1338387,13.503,0.0,0.0,0.0,0.0,0.0,2011,28,7,NoHoliday,943717.38,961993.34,916402.76,972374.5999999997,24146.00712099402
12,2011-07-22,922231.92,False,B,112238,91.17,3.794,129.1507742,13.503,0.0,0.0,0.0,0.0,0.0,2011,29,7,NoHoliday,936001.98,943717.38,912403.67,959748.8624999997,27293.181381322545
12,2011-07-29,890547.0700000001,False,B,112238,93.29,3.805,129.1677097,13.503,0.0,0.0,0.0,0.0,0.0,2011,30,7,NoHoliday,922231.92,936001.98,913548.25,940986.1549999998,16586.38741563868
12,2011-08-05,988712.52,False,B,112238,90.61,3.803,129.1846452,13.503,0.0,0.0,0.0,0.0,0.0,2011,31,8,NoHoliday,890547.0700000001,922231.92,967576.95,923124.5874999998,23466.158912285908
12,2011-08-12,955913.6799999999,False,B,112238,91.04,3.701,129.2015806,13.503,0.0,0.0,0.0,0.0,0.0,2011,32,8,NoHoliday,988712.52,890547.0700000001,928264.4,934373.3724999998,40920.878831640606
12,2011-08-19,966817.24,False,B,112238,91.74,3.743,129.2405806,13.503,0.0,0.0,0.0,0.0,0.0,2011,33,8,NoHoliday,955913.6799999999,988712.52,948447.34,939351.2974999998,42370.4634096457
12,2011-08-26,1017593.47,False,B,112238,94.61,3.74,129.2832581,13.503,0.0,0.0,0.0,0.0,0.0,2011,34,8,NoHoliday,966817.24,955913.6799999999,1004516.46,950497.6274999998,42229.96854602365
12,2011-09-02,1052051.45,False,B,112238,93.66,3.798,129.3259355,13.503,0.0,0.0,0.0,0.0,0.0,2011,35,9,NoHoliday,1017593.47,966817.24,1075758.55,982259.2274999997,27219.457061558343
12,2011-09-09,922850.57,True,B,112238,88.0,3.913,129.3686129,13.503,0.0,0.0,0.0,0.0,0.0,2011,36,9,LaborDay,1052051.45,1017593.47,903119.03,998093.9599999997,44903.78919493904
12,2011-09-16,889290.23,False,B,112238,76.36,3.918,129.4306,13.503,0.0,0.0,0.0,0.0,0.0,2011,37,9,NoHoliday,922850.57,1052051.45,852882.61,989828.1824999998,56739.61067686414
12,2011-09-23,871692.74,False,B,112238,82.95,3.789,129.5183333,13.503,0.0,0.0,0.0,0.0,0.0,2011,38,9,NoHoliday,889290.23,922850.57,851919.34,970446.4299999997,76885.01665377876
12,2011-09-30,866401.4500000001,False,B,112238,83.26,3.877,129.6060667,13.503,0.0,0.0,0.0,0.0,0.0,2011,39,9,NoHoliday,871692.74,889290.23,850936.26,933971.2474999998,81530.38188670784
12,2011-10-07,951244.66,False,B,112238,70.44,3.827,129.6938,12.89,0.0,0.0,0.0,0.0,0.0,2011,40,10,NoHoliday,866401.4500000001,871692.74,918335.68,887558.7474999998,25481.183897978884
12,2011-10-14,927600.01,False,B,112238,67.31,3.805,129.7706452,12.89,0.0,0.0,0.0,0.0,0.0,2011,41,10,NoHoliday,951244.66,866401.4500000001,862419.84,894657.2699999998,38973.06260902901
12,2011-10-21,938604.58,False,B,112238,73.05,3.842,129.7821613,12.89,0.0,0.0,0.0,0.0,0.0,2011,42,10,NoHoliday,927600.01,951244.66,857883.46,904234.7149999999,41817.89097509842
12,2011-10-28,990926.38,False,B,112238,67.41,3.727,129.7936774,12.89,0.0,0.0,0.0,0.0,0.0,2011,43,10,NoHoliday,938604.58,927600.01,955294.7,920962.6749999998,37635.16492584484
12,2011-11-04,1051944.79,False,B,112238,59.77,3.828,129.8051935,12.89,0.0,0.0,0.0,0.0,0.0,2011,44,11,NoHoliday,990926.38,938604.58,929690.7100000001,952093.9074999997,27632.077451978384
12,2011-11-11,1095091.53,False,B,112238,48.76,3.824,129.8167097,12.89,1209341.29,531958.56,15720.88,701025.69,374418.11,2011,45,11,NoHoliday,1051944.79,990926.38,942475.24,977268.9399999998,56935.471023912716
12,2011-11-18,970641.34,False,B,112238,54.2,3.813,129.8268333,12.89,405100.48,23338.960000000003,5775.240000000001,162565.56,879554.16,2011,46,11,NoHoliday,1095091.53,1051944.79,894493.7,1019141.8199999998,68621.54999495298
12,2011-11-25,1591920.42,True,B,112238,53.25,3.622,129.8364,12.89,377428.1,560.0,4420030.3,3448.9,148096.9,2011,47,11,Thanksgiving,970641.34,1095091.53,1601377.41,1027151.0099999998,56968.44859720681
12,2011-12-02,1071383.1,False,B,112238,52.5,3.701,129.8459667,12.89,340811.1,0.0,141572.2,263791.5,1285767.7,2011,48,12,NoHoliday,1591920.42,970641.34,1069533.17,1177399.5199999998,281122.7584946635
12,2011-12-09,1189646.45,False,B,112238,42.17,3.644,129.8555333,12.89,586224.1,1109.5,40174.399999999994,409479.7,2630688.9,2011,49,12,NoHoliday,1071383.1,1591920.42,1121934.15,1182259.0974999997,278385.91085474385
12,2011-12-16,1293404.18,False,B,112238,43.29,3.6,129.8980645,12.89,345866.5,1991.5,72681.0,77065.1,367024.7,2011,50,12,NoHoliday,1189646.45,1071383.1,1295605.35,1205897.8274999997,272468.57679147547
12,2011-12-23,1617612.03,False,B,112238,45.4,3.541,129.9845484,12.89,124017.15,1102.6200000000001,57948.96,94932.95999999999,1221248.94,2011,51,12,NoHoliday,1293404.18,1189646.45,1768249.89,1286588.5374999996,222849.09700820394
12,2011-12-30,1111638.07,True,B,112238,44.64,3.428,130.0710323,12.89,481759.38,4057538.79,4160.01,87506.49,245211.51,2011,52,12,Christmas,1617612.03,1293404.18,891736.91,1293011.4399999997,234640.95942661096
12,2012-01-06,945823.65,False,B,112238,50.43,3.599,130.1575161,12.187,760348.12,2300429.1199999996,2513.28,42435.399999999994,690354.36,2012,1,1,NoHoliday,1111638.07,1617612.03,910110.24,1303075.1824999996,222516.81743447125
12,2012-01-13,865467.86,False,B,112238,48.07,3.657,130.244,12.187,478549.5,1617261.33,0.0,157996.2,657344.37,2012,2,1,NoHoliday,945823.65,1111638.07,812011.8,1242119.4824999997,287773.865381935
12,2012-01-20,855922.64,False,B,112238,46.2,3.66,130.2792258,12.187,287541.63,356148.32999999996,402.96,176114.91,265962.57,2012,3,1,NoHoliday,865467.86,945823.65,802105.5,1135135.4024999999,337587.1955663265
12,2012-01-27,888203.69,False,B,112238,50.43,3.675,130.3144516,12.187,81689.08,42961.72,0.0,7118.92,71457.79999999999,2012,4,1,NoHoliday,855922.64,865467.86,873119.06,944713.0549999997,118362.06146182427
12,2012-02-03,1058767.95,False,B,112238,50.58,3.702,130.3496774,12.187,4251844.8,264575.5,3015.6,3388247.1,1424371.2,2012,5,2,NoHoliday,888203.69,855922.64,1046068.17,888854.4599999997,40321.003372665095
12,2012-02-10,1199330.85,True,B,112238,52.27,3.722,130.3849032,12.187,1399391.0699999998,176041.08000000002,1034.31,731244.0599999999,514544.04,2012,6,2,SuperBowl,1058767.95,888203.69,1086421.57,917090.5349999998,95417.24457706208
12,2012-02-17,1240048.85,False,B,112238,51.8,3.781,130.4546207,12.187,1239604.8,598481.7999999999,201.6,996433.2000000001,417248.3,2012,7,2,NoHoliday,1199330.85,1058767.95,1128485.1,1000556.2824999999,159626.56681793762
12,2012-02-24,1112034.72,False,B,112238,53.13,3.95,130.5502069,12.187,874637.08,386371.24,136.0,163282.96,348933.16,2012,8,2,NoHoliday,1240048.85,1199330.85,1046203.72,1096587.835,159155.56911915555
12,2012-03-02,1147636.96,False,B,112238,52.27,4.178,130.6457931,12.187,1023174.92,144950.16,873.12,311096.6,233122.36,2012,9,3,NoHoliday,1112034.72,1240048.85,1085248.21,1152545.5924999998,82221.36262560429
12,2012-03-09,1113208.57,False,B,112238,54.54,4.25,130.7413793,12.187,579896.01,151299.75,269.79,102113.79000000001,405893.19,2012,10,3,NoHoliday,1147636.96,1112034.72,997672.62,1174762.8449999997,56381.08613592669
12,2012-03-16,1088498.52,False,B,112238,64.44,4.273,130.8261935,12.187,661176.63,50499.03,277.38,109707.93000000001,163228.47,2012,11,3,NoHoliday,1113208.57,1147636.96,1009502.01,1153232.275,60187.376153134
12,2012-03-23,1045419.87,False,B,112238,56.26,4.038,130.8966452,12.187,266751.24,103236.42,507.15,134626.59,99381.39,2012,12,3,NoHoliday,1088498.52,1113208.57,954107.3200000001,1115344.6925,24351.772389219197
12,2012-03-30,1025382.22,False,B,112238,64.36,4.294,130.9670968,12.187,941441.52,7981.2300000000005,575.46,130100.19,158138.34,2012,13,3,NoHoliday,1045419.87,1088498.52,1005463.49,1098690.9799999997,43004.52216168383
12,2012-04-06,1128765.71,False,B,112238,64.05,4.121,131.0375484,11.627,800527.2799999999,0.0,4190.84,264184.08,287307.48,2012,14,4,NoHoliday,1025382.22,1045419.87,998362.05,1068127.295,39958.63173552029
12,2012-04-13,1083811.19,False,B,112238,64.28,4.254,131.108,11.627,677677.7000000001,205415.7,985.6,136104.5,217252.7,2012,15,4,NoHoliday,1128765.71,1025382.22,990951.77,1072016.5799999996,46095.0706596936
12,2012-04-20,1006486.96,False,B,112238,66.73,4.222,131.1173333,11.627,598871.01,87351.93000000001,531.3000000000001,60582.69,300761.33999999997,2012,16,4,NoHoliday,1083811.19,1128765.71,1016019.47,1070844.7474999996,45593.246322318104
12,2012-04-27,1004252.38,False,B,112238,77.99,4.193,131.1266667,11.627,202584.69,23210.91,1806.42,42341.85,51117.270000000004,2012,17,4,NoHoliday,1006486.96,1083811.19,994966.1,1061111.5199999996,55835.44237716435
12,2012-05-04,1073433.69,False,B,112238,76.03,4.171,131.136,11.627,695081.1599999999,0.0,5264.01,115335.56999999999,256791.78,2012,18,5,NoHoliday,1004252.38,1006486.96,1021154.48,1055829.0599999998,61094.329428090576
12,2012-05-11,1041995.22,False,B,112238,77.27,4.186,131.1453333,11.627,902763.5700000001,0.0,589.26,95128.92,142920.38999999998,2012,19,5,NoHoliday,1073433.69,1004252.38,977033.5,1041996.0549999997,42513.96335205087
12,2012-05-18,1020486.0499999999,False,B,112238,84.51,4.11,131.0983226,11.627,1440892.5,0.0,257.37,655965.75,144325.23,2012,20,5,NoHoliday,1041995.22,1073433.69,924134.99,1031542.0624999998,32846.41983822812
12,2012-05-25,991514.21,False,B,112238,83.84,4.293,131.0287742,11.627,558981.76,0.0,25426.56,148611.28,124163.92,2012,21,5,NoHoliday,1020486.0499999999,1041995.22,964332.51,1035041.8349999997,29900.643858591815
12,2012-06-01,981345.2,False,B,112238,78.11,4.277,130.9592258,11.627,503308.69,0.0,2928.57,245646.78999999998,275303.67000000004,2012,22,6,NoHoliday,991514.21,1020486.0499999999,970328.68,1031857.2924999997,34584.408166501045
12,2012-06-08,1086231.47,False,B,112238,84.83,4.103,130.8896774,11.627,708667.44,6337.6,10907.2,162226.92,328930.28,2012,23,6,NoHoliday,981345.2,991514.21,996937.95,1008835.1699999997,27634.797066453088
12,2012-06-15,1019555.51,False,B,112238,85.94,4.144,130.8295333,11.627,1021739.44,2271.2,170.67999999999998,311002.76,155262.36,2012,24,6,NoHoliday,1086231.47,981345.2,986504.93,1019894.2324999998,47231.46165740209
12,2012-06-22,981386.25,False,B,112238,91.61,4.014,130.7929,11.627,716319.7999999999,4732.0,255.5,328540.8,253304.8,2012,25,6,NoHoliday,1019555.51,1086231.47,997282.75,1019661.5974999997,47229.86667949894
12,2012-06-29,943124.74,False,B,112238,90.47,3.875,130.7562667,11.627,513359.31,3284.4,0.0,91794.84,336297.02999999997,2012,26,6,NoHoliday,981386.25,1019555.51,961993.34,1017129.6074999997,49460.636973321016
12,2012-07-06,1014898.78,False,B,112238,89.13,3.765,130.7196333,10.926,734721.64,-40.8,226.44,367053.12,298862.04,2012,27,7,NoHoliday,943124.74,981386.25,943717.38,1007574.4924999998,61019.285291164604
12,2012-07-13,960312.75,False,B,112238,95.61,3.723,130.683,10.926,608934.9,1400.0,4.2,387977.1,194679.8,2012,28,7,NoHoliday,1014898.78,943124.74,936001.98,989741.3199999998,35424.55101866438
12,2012-07-20,941550.34,False,B,112238,85.53,3.726,130.7012903,10.926,394332.0,4058.24,2554.08,359878.44,229612.88,2012,29,7,NoHoliday,960312.75,1014898.78,922231.92,974930.6299999999,30899.97356205111
12,2012-07-27,916967.9199999999,False,B,112238,93.47,3.769,130.7195806,10.926,550587.24,2765.76,154.77,617140.35,369014.56,2012,30,7,NoHoliday,941550.34,960312.75,890547.0700000001,964971.6524999999,34352.432703396335
12,2012-08-03,958667.23,False,B,112238,88.16,3.76,130.737871,10.926,2833097.91,4809.3,3155.37,1573404.24,189279.41999999998,2012,31,8,NoHoliday,916967.9199999999,941550.34,988712.52,958432.4474999998,41618.48482723741
12,2012-08-10,984689.9,False,B,112238,95.91,3.811,130.7561613,10.926,715755.4800000001,5240.400000000001,2548.9199999999996,429885.72000000003,181934.94,2012,32,8,NoHoliday,958667.23,916967.9199999999,955913.6799999999,944374.5599999997,20144.531523602
12,2012-08-17,1005003.12,False,B,112238,94.87,4.002,130.7909677,10.926,516668.55,1759.5,455.4,352420.26,336467.46,2012,33,8,NoHoliday,984689.9,958667.23,966817.24,950468.8474999998,28519.85173655376
12,2012-08-24,1048101.39,False,B,112238,85.32,4.055,130.8381613,10.926,728436.3999999999,5853.44,4760.0,542746.76,239081.88,2012,34,8,NoHoliday,1005003.12,984689.9,1017593.47,966332.0424999997,37982.57981351247
12,2012-08-31,1061943.49,False,B,112238,89.78,4.093,130.8853548,10.926,2043757.68,897.5999999999999,7947.16,806492.24,254744.31999999998,2012,35,8,NoHoliday,1048101.39,1005003.12,1052051.45,999115.4099999997,37764.36578614761
12,2012-09-07,955146.04,True,B,112238,88.52,4.124,130.9325484,10.926,1181881.34,5628.0,3094.06,214548.07,176489.39,2012,36,9,LaborDay,1061943.49,1048101.39,922850.57,1024934.4749999997,36162.86249255725
12,2012-09-14,885892.37,False,B,112238,83.64,4.133,130.9776667,10.926,464179.35000000003,0.0,1310.52,57884.65,386997.36,2012,37,9,NoHoliday,955146.04,1061943.49,889290.23,1017548.5099999998,48152.00860421283
12,2012-09-21,922735.37,False,B,112238,82.97,4.125,131.0103333,10.926,810432.84,10663.76,26419.36,223761.48,540840.04,2012,38,9,NoHoliday,885892.37,955146.04,871692.74,987770.8224999998,82835.092193099
12,2012-09-28,880415.67,False,B,112238,81.22,3.966,131.043,10.926,205579.44999999998,1863.94,14.74,87597.81,241544.38,2012,39,9,NoHoliday,922735.37,885892.37,866401.4500000001,956429.3174999999,75819.14986832249
12,2012-10-05,979825.9199999999,False,B,112238,81.61,3.966,131.0756667,10.199,599895.22,0.0,3003.6099999999997,517983.03,219064.53999999998,2012,40,10,NoHoliday,880415.67,922735.37,951244.66,911047.3624999998,34892.105648088684
12,2012-10-12,934917.47,False,B,112238,71.74,4.468,131.1083333,10.199,137097.48,0.0,1155.75,62824.5,291538.8,2012,41,10,NoHoliday,979825.9199999999,880415.67,927600.01,917217.3324999998,45774.44558193393
12,2012-10-19,960945.4299999999,False,B,112238,68.66,4.449,131.1499677,10.199,121328.29,0.0,568.1600000000001,42922.88,150807.62,2012,42,10,NoHoliday,934917.47,979825.9199999999,938604.58,929473.6074999997,40894.482469685354
12,2012-10-26,974697.6,False,B,112238,65.95,4.301,131.1930968,10.199,934938.8,7108.72,3808.0,163378.84,327347.24,2012,43,10,NoHoliday,960945.4299999999,934917.47,990926.38,939026.1224999997,43193.92582664967
13,2011-02-04,1848186.58,False,A,219622,23.35,2.974,127.7195806,7.47,0.0,0.0,0.0,0.0,0.0,2011,5,2,NoHoliday,1633663.12,1770177.37,1967220.53,1707675.2974999999,61608.223785184724
13,2011-02-11,1944438.9,True,A,219622,30.83,3.034,127.859129,7.47,0.0,0.0,0.0,0.0,0.0,2011,6,2,SuperBowl,1848186.58,1633663.12,2030933.46,1733585.845,95018.21642000762
13,2011-02-18,2003480.59,False,A,219622,40.85,3.062,127.99525,7.47,0.0,0.0,0.0,0.0,0.0,2011,7,2,NoHoliday,1944438.9,1848186.58,1970274.64,1799116.4924999997,131325.00002101323
13,2011-02-25,1831933.95,False,A,219622,33.17,3.12,128.13,7.47,0.0,0.0,0.0,0.0,0.0,2011,8,2,NoHoliday,2003480.59,1944438.9,1817850.32,1857442.2974999999,162335.43494041826
13,2011-03-04,1894960.68,False,A,219622,34.23,3.23,128.26475,7.47,0.0,0.0,0.0,0.0,0.0,2011,9,3,NoHoliday,1831933.95,2003480.59,1939980.43,1907010.0049999997,81248.8057640767
13,2011-03-11,1852432.58,False,A,219622,41.28,3.346,128.3995,7.47,0.0,0.0,0.0,0.0,0.0,2011,10,3,NoHoliday,1894960.68,1831933.95,1840686.94,1918703.5299999998,72897.51278516161
13,2011-03-18,1852443.78,False,A,219622,44.69,3.407,128.5121935,7.47,0.0,0.0,0.0,0.0,0.0,2011,11,3,NoHoliday,1852432.58,1894960.68,1879794.8900000001,1895701.9499999997,76497.01720910124
13,2011-03-25,1807545.43,False,A,219622,42.38,3.435,128.6160645,7.47,0.0,0.0,0.0,0.0,0.0,2011,12,3,NoHoliday,1852443.78,1852432.58,1882095.98,1857942.7474999998,26503.996323977182
13,2011-04-01,1864238.64,False,A,219622,42.49,3.487,128.7199355,7.193,0.0,0.0,0.0,0.0,0.0,2011,13,4,NoHoliday,1807545.43,1852443.78,2142482.14,1851845.6174999997,35693.685483926725
13,2011-04-08,1887465.04,False,A,219622,42.75,3.547,128.8238065,7.193,0.0,0.0,0.0,0.0,0.0,2011,14,4,NoHoliday,1864238.64,1807545.43,1898321.3299999998,1844165.1075,25038.869830343887
13,2011-04-15,1950994.04,False,A,219622,41.72,3.616,128.9107333,7.193,0.0,0.0,0.0,0.0,0.0,2011,15,4,NoHoliday,1887465.04,1864238.64,1819660.44,1852923.2225,33568.58524819518
13,2011-04-22,2124316.34,False,A,219622,47.55,3.655,128.9553,7.193,0.0,0.0,0.0,0.0,0.0,2011,16,4,NoHoliday,1950994.04,1887465.04,1909330.77,1877560.7874999999,59358.14094737819
13,2011-04-29,1895583.12,False,A,219622,43.85,3.683,128.9998667,7.193,0.0,0.0,0.0,0.0,0.0,2011,17,4,NoHoliday,2124316.34,1950994.04,1785823.3699999999,1956753.5149999997,117573.1924354019
13,2011-05-06,1986380.4,False,A,219622,47.75,3.744,129.0444333,7.193,0.0,0.0,0.0,0.0,0.0,2011,18,5,NoHoliday,1895583.12,2124316.34,2005478.46,1964589.6349999998,110162.85332774208
13,2011-05-13,1958823.56,False,A,219622,52.4,3.77,129.089,7.193,0.0,0.0,0.0,0.0,0.0,2011,19,5,NoHoliday,1986380.4,1895583.12,1890273.44,1989318.4749999996,97447.65250177044
13,2011-05-20,1860923.55,False,A,219622,52.12,3.802,129.0756774,7.193,0.0,0.0,0.0,0.0,0.0,2011,20,5,NoHoliday,1958823.56,1986380.4,1853657.5999999999,1991275.8549999997,96495.22805342551
13,2011-05-27,1866369.93,False,A,219622,54.62,3.778,129.0623548,7.193,0.0,0.0,0.0,0.0,0.0,2011,21,5,NoHoliday,1860923.55,1958823.56,1877358.86,1925427.6574999997,57393.3777394516
13,2011-06-03,1935593.87,False,A,219622,52.76,3.752,129.0490323,7.193,0.0,0.0,0.0,0.0,0.0,2011,22,6,NoHoliday,1866369.93,1860923.55,2022705.22,1918124.3599999999,63942.07161280573
13,2011-06-10,1997816.98,False,A,219622,61.39,3.732,129.0357097,7.193,0.0,0.0,0.0,0.0,0.0,2011,23,6,NoHoliday,1935593.87,1866369.93,2037880.96,1905427.7274999996,49218.03342343108
13,2011-06-17,2086433.49,False,A,219622,63.35,3.704,129.0432,7.193,0.0,0.0,0.0,0.0,0.0,2011,24,6,NoHoliday,1997816.98,1935593.87,2003435.31,1915176.0824999998,64734.79690379422
13,2011-06-24,2009163.08,False,A,219622,66.38,3.668,129.0663,7.193,0.0,0.0,0.0,0.0,0.0,2011,25,6,NoHoliday,2086433.49,1997816.98,1970340.25,1971553.5675,93530.49568952127
13,2011-07-01,2048035.74,False,A,219622,74.29,3.613,129.0894,6.877,0.0,0.0,0.0,0.0,0.0,2011,26,7,NoHoliday,2009163.08,2086433.49,2018314.71,2007251.855,61906.56341834317
13,2011-07-08,2021699.38,False,A,219622,77.3,3.563,129.1125,6.877,0.0,0.0,0.0,0.0,0.0,2011,27,7,NoHoliday,2048035.74,2009163.08,1870843.9,2035362.3224999998,40269.64411715363
13,2011-07-15,1956813.31,False,A,219622,75.59,3.553,129.1338387,6.877,0.0,0.0,0.0,0.0,0.0,2011,28,7,NoHoliday,2021699.38,2048035.74,1932231.05,2041332.9224999999,34153.39762914065
13,2011-07-22,1987089.36,False,A,219622,78.5,3.563,129.1507742,6.877,0.0,0.0,0.0,0.0,0.0,2011,29,7,NoHoliday,1956813.31,2021699.38,1907351.2,2008927.8774999997,38334.143403162925
13,2011-07-29,1880785.69,False,A,219622,77.62,3.574,129.1677097,6.877,0.0,0.0,0.0,0.0,0.0,2011,30,7,NoHoliday,1987089.36,1956813.31,1817887.23,2003409.4474999998,39847.93135193263
13,2011-08-05,2076231.8,False,A,219622,75.56,3.595,129.1846452,6.877,0.0,0.0,0.0,0.0,0.0,2011,31,8,NoHoliday,1880785.69,1987089.36,1969121.45,1961596.9349999996,60043.06236349001
13,2011-08-12,1970341.38,False,A,219622,75.95,3.606,129.2015806,6.877,0.0,0.0,0.0,0.0,0.0,2011,32,8,NoHoliday,2076231.8,1880785.69,1877592.55,1975230.04,80830.91443415266
13,2011-08-19,2090340.98,False,A,219622,76.68,3.578,129.2405806,6.877,0.0,0.0,0.0,0.0,0.0,2011,33,8,NoHoliday,1970341.38,2076231.8,1997397.6300000001,1978612.0574999996,80083.04245803309
13,2011-08-26,2035244.54,False,A,219622,81.53,3.57,129.2832581,6.877,0.0,0.0,0.0,0.0,0.0,2011,34,8,NoHoliday,2090340.98,1970341.38,1908278.27,2004424.9624999997,98295.7175655577
13,2011-09-02,1953628.82,False,A,219622,77.0,3.58,129.3259355,6.877,0.0,0.0,0.0,0.0,0.0,2011,35,9,NoHoliday,2035244.54,2090340.98,1911852.58,2043039.6749999998,53805.008572009625
13,2011-09-09,1872921.31,True,A,219622,70.19,3.619,129.3686129,6.877,0.0,0.0,0.0,0.0,0.0,2011,36,9,LaborDay,1953628.82,2035244.54,1772143.94,2012388.9299999997,62768.484650333725
13,2011-09-16,1923223.82,False,A,219622,67.54,3.641,129.4306,6.877,0.0,0.0,0.0,0.0,0.0,2011,37,9,NoHoliday,1872921.31,1953628.82,1790279.74,1988033.9124999999,95096.79464219313
13,2011-09-23,1847430.96,False,A,219622,63.6,3.648,129.5183333,6.877,0.0,0.0,0.0,0.0,0.0,2011,38,9,NoHoliday,1923223.82,1872921.31,1705655.09,1946254.6224999998,68023.95850348422
13,2011-09-30,1835662.69,False,A,219622,68.28,3.623,129.6060667,6.877,0.0,0.0,0.0,0.0,0.0,2011,39,9,NoHoliday,1847430.96,1923223.82,1765584.48,1899301.2274999998,47993.75805457971
13,2011-10-07,2067232.56,False,A,219622,60.62,3.592,129.6938,6.392,0.0,0.0,0.0,0.0,0.0,2011,40,10,NoHoliday,1835662.69,1847430.96,1871924.07,1869809.6949999998,38856.90255327203
13,2011-10-14,1929659.07,False,A,219622,51.74,3.567,129.7706452,6.392,0.0,0.0,0.0,0.0,0.0,2011,41,10,NoHoliday,2067232.56,1835662.69,1851431.06,1918387.5074999998,106546.49475833317
13,2011-10-21,1973544.27,False,A,219622,54.66,3.579,129.7821613,6.392,0.0,0.0,0.0,0.0,0.0,2011,42,10,NoHoliday,1929659.07,2067232.56,1796949.59,1919996.3199999998,106692.34856635795
13,2011-10-28,1948733.81,False,A,219622,47.41,3.567,129.7936774,6.392,0.0,0.0,0.0,0.0,0.0,2011,43,10,NoHoliday,1973544.27,1929659.07,1887895.07,1951524.6474999997,96220.72102774838
13,2011-11-04,2036317.54,False,A,219622,43.51,3.538,129.8051935,6.392,0.0,0.0,0.0,0.0,0.0,2011,44,11,NoHoliday,1948733.81,1973544.27,1854967.66,1979792.4274999998,60999.474038730084
13,2011-11-11,2111592.09,False,A,219622,33.8,3.513,129.8167097,6.392,2292270.81,2254005.67,47090.11,321738.74,565039.7100000001,2011,45,11,NoHoliday,2036317.54,1948733.81,1939964.6300000001,1972063.6724999999,46451.35252829983
13,2011-11-18,2016323.51,False,A,219622,40.65,3.489,129.8268333,6.392,792270.0,78546.24,6471.36,86493.59999999999,736680.24,2011,46,11,NoHoliday,2111592.09,2036317.54,1925393.91,2017546.9274999998,72728.50768535434
13,2011-11-25,2864170.61,True,A,219622,38.89,3.445,129.8364,6.392,96181.5,41107.5,8177306.25,10974.750000000002,266825.25,2011,47,11,Thanksgiving,2016323.51,2111592.09,2766400.05,2028241.7374999998,67022.51992176072
13,2011-12-02,2051315.66,False,A,219622,33.94,3.389,129.8459667,6.392,587961.08,4144.0,1859390.6,410764.38,2356470.8000000003,2011,48,12,NoHoliday,2864170.61,2016323.51,2083379.8900000001,2257100.9375,406786.38545523386
13,2011-12-09,2462779.06,False,A,219622,24.82,3.341,129.8555333,6.392,444353.25,4200.0,43319.25,133412.25,1527826.5,2011,49,12,NoHoliday,2051315.66,2864170.61,2461468.35,2260850.4675,404133.4458230465
13,2011-12-16,2760346.71,False,A,219622,27.85,3.282,129.8980645,6.392,238896.88,40598.95,70047.15,30983.39,433109.73000000004,2011,50,12,NoHoliday,2462779.06,2051315.66,2771646.81,2348647.21,399013.5951481186
13,2011-12-23,3556766.03,False,A,219622,24.76,3.186,129.9845484,6.392,51468.0,14494.5,222864.75000000003,17983.5,267527.25,2011,51,12,NoHoliday,2760346.71,2462779.06,3595903.2,2534653.01,364371.7668915812
13,2011-12-30,1969056.91,True,A,219622,31.53,3.119,130.0710323,6.392,441839.94,6595023.5600000005,30073.6,131129.48,269730.0,2011,52,12,Christmas,3556766.03,2760346.71,1675292.0,2707801.8649999998,636268.1370081833
13,2012-01-06,1865752.78,False,A,219622,33.8,3.08,130.1575161,6.104,503937.04,2745882.48,13302.980000000001,142268.69999999998,553636.92,2012,1,1,NoHoliday,1969056.91,3556766.03,1744544.39,2687237.1774999998,665229.2267107011
13,2012-01-13,1794962.64,False,A,219622,25.61,3.056,130.244,6.104,261149.04,1071927.3599999999,8634.960000000001,57490.56,336155.04,2012,2,1,NoHoliday,1865752.78,1969056.91,1682316.31,2537980.6075,788021.7522974833
13,2012-01-20,1811606.21,False,A,219622,32.71,3.047,130.2792258,6.104,226840.32,487117.44000000006,6309.36,86124.24,225861.12,2012,3,1,NoHoliday,1794962.64,1865752.78,1770177.37,2296634.59,843123.6093868128
13,2012-01-27,1733983.09,False,A,219622,34.32,3.058,130.3144516,6.104,273239.0,273334.63,7917.58,18541.27,256362.86000000002,2012,4,1,NoHoliday,1811606.21,1794962.64,1633663.12,1860344.6349999998,78523.55508526978
13,2012-02-03,1927780.74,False,A,219622,31.39,3.077,130.3496774,6.104,3953323.46,430836.88,20873.92,4278499.4399999995,714413.02,2012,5,2,NoHoliday,1733983.09,1811606.21,1848186.58,1801576.1799999997,54258.03232840937
13,2012-02-10,2069284.57,True,A,219622,33.73,3.116,130.3849032,6.104,694836.0,621954.75,13479.0,1413690.75,681265.5000000001,2012,6,2,SuperBowl,1927780.74,1733983.09,1944438.9,1817083.1699999997,80991.54325863323
13,2012-02-17,2214477.06,False,A,219622,36.57,3.119,130.4546207,6.104,1599965.84,1220812.78,1888.48,1009643.42,1084911.78,2012,7,2,NoHoliday,2069284.57,1927780.74,2003480.59,1885663.6524999999,146038.79419865616
13,2012-02-24,1929768.03,False,A,219622,35.38,3.145,130.5502069,6.104,1213935.96,889026.38,251.6,191224.88,379363.22,2012,8,2,NoHoliday,2214477.06,2069284.57,1831933.95,1986381.3649999998,204971.14427009877
13,2012-03-02,1969742.76,False,A,219622,32.36,3.242,130.6457931,6.104,1839940.91,177882.75,12255.24,1172873.48,532147.37,2012,9,3,NoHoliday,1929768.03,2214477.06,1894960.68,2035327.5999999999,136573.2462140446
13,2012-03-09,1986445.65,False,A,219622,38.24,3.38,130.7413793,6.104,678873.7799999999,25089.7,698.56,96255.5,553454.88,2012,10,3,NoHoliday,1969742.76,1929768.03,1852432.58,2045818.105,126822.18011277563
13,2012-03-16,2025582.6199999999,False,A,219622,52.5,3.529,130.8261935,6.104,649797.8200000001,46552.100000000006,281.05,450396.13,178596.69,2012,11,3,NoHoliday,1986445.65,1969742.76,1852443.78,2025108.3749999998,128465.8681934769
13,2012-03-23,1904421.74,False,A,219622,47.83,3.671,130.8966452,6.104,254741.53,5501.28,183.96,60384.87,250236.7,2012,12,3,NoHoliday,2025582.6199999999,1986445.65,1807545.43,1977884.765,39706.785969462995
13,2012-03-30,1948982.7,False,A,219622,53.2,3.734,130.9670968,6.104,760075.92,3134.88,1140.48,80411.76,588890.16,2012,13,3,NoHoliday,1904421.74,2025582.6199999999,1864238.64,1971548.1925,50500.40860222049
13,2012-04-06,2271614.76,False,A,219622,48.85,3.793,131.0375484,5.965,684471.88,0.0,4435.5599999999995,293723.76,445247.63999999996,2012,14,4,NoHoliday,1948982.7,1904421.74,1887465.04,1966358.1774999998,51797.910670310266
13,2012-04-13,2057637.8599999999,False,A,219622,51.7,3.833,131.108,5.965,541619.12,1431567.96,3989.45,220570.23,246367.7,2012,15,4,NoHoliday,2271614.76,1948982.7,1950994.04,2037650.4549999996,163805.5655678612
13,2012-04-20,1955689.12,False,A,219622,50.24,3.845,131.1173333,5.965,1662398.16,608000.2799999999,5213.3,115542.12000000001,540735.76,2012,16,4,NoHoliday,2057637.8599999999,2271614.76,2124316.34,2045664.2649999997,163802.49188906635
13,2012-04-27,1970121.65,False,A,219622,64.8,3.842,131.1266667,5.965,333122.39999999997,7.92,4835.5199999999995,7500.960000000001,236212.56,2012,17,4,NoHoliday,1955689.12,2057637.8599999999,1895583.12,2058481.1099999994,150535.44303981715
13,2012-05-04,1995994.51,False,A,219622,54.41,3.831,131.136,5.965,1138059.05,0.0,24635.31,551671.22,366845.44,2012,18,5,NoHoliday,1970121.65,1955689.12,1986380.4,2063765.8474999997,145703.50877812327
13,2012-05-11,2080764.17,False,A,219622,56.47,3.809,131.1453333,5.965,1063385.16,6278.0,4404.820000000001,438670.14,308418.43,2012,19,5,NoHoliday,1995994.51,1970121.65,1958823.56,1994860.7849999997,45050.677454622404
13,2012-05-18,2131900.55,False,A,219622,65.17,3.808,131.0983226,5.965,556489.22,0.0,6350.2699999999995,188592.58000000002,241824.91,2012,20,5,NoHoliday,2080764.17,1995994.51,1860923.55,2000642.3624999998,55956.57385482003
13,2012-05-25,2043349.41,False,A,219622,62.39,3.801,131.0287742,5.965,524309.04,0.0,29962.8,75515.76,525158.64,2012,21,5,NoHoliday,2131900.55,2080764.17,1866369.93,2044695.2199999995,74919.32379026004
13,2012-06-01,2035431.39,False,A,219622,61.11,3.788,130.9592258,5.965,638557.92,8856.0,2726.64,273148.56,451894.32,2012,22,6,NoHoliday,2043349.41,2131900.55,1935593.87,2063002.1599999997,57557.89226198287
13,2012-06-08,2182437.9,False,A,219622,68.4,3.776,130.8896774,5.965,909723.08,29681.800000000003,18555.87,105895.26,653563.89,2012,23,6,NoHoliday,2035431.39,2043349.41,1997816.98,2072861.3799999997,44045.57567173199
13,2012-06-15,2152229.11,False,A,219622,65.97,3.756,130.8295333,5.965,643845.3999999999,30404.5,16.06,255213.84,462200.96,2012,24,6,NoHoliday,2182437.9,2035431.39,2086433.49,2098279.8124999995,71134.17137414962
13,2012-06-22,2094373.0,False,A,219622,72.89,3.737,130.7929,5.965,678787.58,41255.22,130.67000000000002,293884.86,629735.23,2012,25,6,NoHoliday,2152229.11,2182437.9,2009163.08,2103361.9524999997,74960.1474874968
13,2012-06-29,2037663.71,False,A,219622,82.0,3.681,130.7562667,5.965,338563.5,31731.32,0.0,52777.14,289397.42,2012,26,6,NoHoliday,2094373.0,2152229.11,2048035.74,2116117.8499999996,65026.957127160276
13,2012-07-06,2184980.35,False,A,219622,79.23,3.63,130.7196333,5.765,1048066.11,24652.1,6559.049999999999,643914.75,402029.25,2012,27,7,NoHoliday,2037663.71,2094373.0,2021699.38,2116675.9299999997,64106.72586220306
13,2012-07-13,2002750.99,False,A,219622,83.68,3.595,130.683,5.765,468474.76,16311.08,86.58,298496.76,312706.98000000004,2012,28,7,NoHoliday,2184980.35,2037663.71,1956813.31,2117311.5424999995,64982.71047637692
13,2012-07-20,2053089.32,False,A,219622,75.69,3.556,130.7012903,5.765,430301.89,9467.14,2501.33,107831.25,473973.99,2012,29,7,NoHoliday,2002750.99,2184980.35,1987089.36,2079942.0124999997,79555.46191572817
13,2012-07-27,1914430.53,False,A,219622,80.42,3.537,130.7195806,5.765,482371.2,6952.32,374.40000000000003,628118.64,478818.72000000003,2012,30,7,NoHoliday,2053089.32,2002750.99,1880785.69,2069621.0924999998,79736.94814317775
13,2012-08-03,2044148.23,False,A,219622,81.99,3.512,130.737871,5.765,3524506.43,5396.16,7200.72,984477.27,566864.7100000001,2012,31,8,NoHoliday,1914430.53,2053089.32,2076231.8,2038812.7974999999,113048.91998179449
13,2012-08-10,2041019.92,False,A,219622,81.69,3.509,130.7561613,5.765,456181.38,5137.74,3729.57,237865.38999999998,516112.92,2012,32,8,NoHoliday,2044148.23,1914430.53,1970341.38,2003604.7674999998,63364.72956187532
13,2012-08-17,2095769.18,False,A,219622,79.4,3.545,130.7909677,5.765,369604.83999999997,493.47999999999996,2990.08,171156.53,408424.05000000005,2012,33,8,NoHoliday,2041019.92,2044148.23,2090340.98,2013171.9999999998,66026.0145879165
13,2012-08-24,2059458.25,False,A,219622,77.37,3.582,130.8381613,5.765,673977.6,5178.24,12924.72,596915.28,453023.27999999997,2012,34,8,NoHoliday,2095769.18,2041019.92,2035244.54,2023841.9649999999,77140.16010409524
13,2012-08-31,2073855.42,False,A,219622,79.18,3.624,130.8853548,5.765,1556909.69,3682.12,6456.12,689455.8,282669.87,2012,35,8,NoHoliday,2059458.25,2095769.18,1953628.82,2060098.8949999996,25107.838477247496
13,2012-09-07,2165796.31,True,A,219622,70.65,3.689,130.9325484,5.765,1274006.9500000002,1368.02,5053.79,326468.41000000003,378196.94,2012,36,9,LaborDay,2073855.42,2059458.25,1872921.31,2067525.6925,23132.946495622477
13,2012-09-14,1919917.03,False,A,219622,68.55,3.749,130.9776667,5.765,964215.39,0.0,2048.38,94911.68000000001,765403.5399999999,2012,37,9,NoHoliday,2165796.31,2073855.42,1923223.82,2098719.79,47144.002988571905
13,2012-09-21,1938379.66,False,A,219622,67.96,3.821,131.0103333,5.765,789706.5399999999,10495.42,3404.0,182437.38,915549.4600000001,2012,38,9,NoHoliday,1919917.03,2165796.31,1847430.96,2054756.7525,101486.2835932348
13,2012-09-28,1927664.1099999999,False,A,219622,64.8,3.821,131.043,5.765,379427.72000000003,4606.3,189.8,220659.29,713923.2100000001,2012,39,9,NoHoliday,1938379.66,1919917.03,1835662.69,2024487.105,116554.5860868254
13,2012-10-05,2041918.74,False,A,219622,61.79,3.815,131.0756667,5.621,482321.22000000003,0.0,3693.8,287905.43,562166.4299999999,2012,40,10,NoHoliday,1927664.1099999999,1938379.66,2067232.56,1987939.2774999999,118812.74015380326
13,2012-10-12,1999079.44,False,A,219622,55.1,3.797,131.1083333,5.621,142609.1,0.0,719.2800000000001,38403.78,833923.76,2012,41,10,NoHoliday,2041918.74,1927664.1099999999,1929659.07,1956969.8849999998,57136.23177217835
13,2012-10-19,2018010.15,False,A,219622,52.06,3.781,131.1499677,5.621,201034.7,0.0,645.3199999999999,56645.08,509459.69999999995,2012,42,10,NoHoliday,1999079.44,2041918.74,1973544.27,1976760.4874999996,53626.09971760364
13,2012-10-26,2035189.6600000001,False,A,219622,46.97,3.755,131.1930968,5.621,733859.28,26249.04,10800.0,123418.8,400602.24,2012,43,10,NoHoliday,2018010.15,1999079.44,1948733.81,1996668.1099999999,49228.950544491956
14,2011-02-04,1995891.8699999999,False,A,200898,28.73,3.231,183.4408542,8.549,0.0,0.0,0.0,0.0,0.0,2011,5,2,NoHoliday,1613718.3800000001,1743188.8699999999,2623469.9499999997,1730187.3124999998,104573.41274569131
14,2011-02-11,1980405.03,True,A,200898,30.3,3.239,183.7016129,8.549,0.0,0.0,0.0,0.0,0.0,2011,6,2,SuperBowl,1995891.8699999999,1613718.3800000001,1704218.84,1762973.7549999997,164316.60222004275
14,2011-02-18,2019031.67,False,A,200898,40.7,3.245,183.9371353,8.549,0.0,0.0,0.0,0.0,0.0,2011,7,2,NoHoliday,1980405.03,1995891.8699999999,2204556.7,1833301.0374999996,186558.39981875574
14,2011-02-25,1875708.88,False,A,200898,35.78,3.274,184.1625632,8.549,0.0,0.0,0.0,0.0,0.0,2011,8,2,NoHoliday,2019031.67,1980405.03,2095591.63,1902261.7374999998,193015.9424919314
14,2011-03-04,2041215.6099999999,False,A,200898,38.65,3.433,184.3879911,8.549,0.0,0.0,0.0,0.0,0.0,2011,9,3,NoHoliday,1875708.88,2019031.67,2237544.75,1967759.3624999998,63386.359546370935
14,2011-03-11,1931104.67,False,A,200898,45.01,3.582,184.613419,8.549,0.0,0.0,0.0,0.0,0.0,2011,10,3,NoHoliday,2041215.6099999999,1875708.88,2156035.06,1979090.2974999996,73358.28445893062
14,2011-03-18,1932491.42,False,A,200898,46.66,3.631,184.809719,8.549,0.0,0.0,0.0,0.0,0.0,2011,11,3,NoHoliday,1931104.67,2041215.6099999999,2066219.3,1966765.2074999996,77109.39036473233
14,2011-03-25,1879451.23,False,A,200898,41.76,3.625,184.9943679,8.549,0.0,0.0,0.0,0.0,0.0,2011,12,3,NoHoliday,1932491.42,1931104.67,2050396.27,1945130.1449999996,69301.7073793467
14,2011-04-01,1869110.55,False,A,200898,37.27,3.638,185.1790167,8.521,0.0,0.0,0.0,0.0,0.0,2011,13,4,NoHoliday,1879451.23,1932491.42,2495630.5100000002,1946065.7325,68066.35606174839
14,2011-04-08,2037798.8800000001,False,A,200898,48.71,3.72,185.3636656,8.521,0.0,0.0,0.0,0.0,0.0,2011,14,4,NoHoliday,1869110.55,1879451.23,2258781.2800000003,1903039.4674999998,33479.593229890546
14,2011-04-15,1974960.8599999999,False,A,200898,53.69,3.821,185.5339821,8.521,0.0,0.0,0.0,0.0,0.0,2011,15,4,NoHoliday,2037798.8800000001,1869110.55,2121788.61,1929713.0199999998,77220.85111897081
14,2011-04-22,2256461.39,False,A,200898,53.04,3.892,185.6684673,8.521,0.0,0.0,0.0,0.0,0.0,2011,16,4,NoHoliday,1974960.8599999999,2037798.8800000001,2138144.91,1940330.38,80576.90679767143
14,2011-04-29,1930617.64,False,A,200898,66.18,3.962,185.8029526,8.521,0.0,0.0,0.0,0.0,0.0,2011,17,4,NoHoliday,2256461.39,1974960.8599999999,2082355.12,2034582.9199999997,163479.14558166385
14,2011-05-06,2095599.93,False,A,200898,58.21,4.046,185.9374378,8.521,0.0,0.0,0.0,0.0,0.0,2011,18,5,NoHoliday,1930617.64,2256461.39,2370116.52,2049959.6924999997,144520.1102526645
14,2011-05-13,2004330.3,False,A,200898,60.38,4.066,186.0719231,8.521,0.0,0.0,0.0,0.0,0.0,2011,19,5,NoHoliday,2095599.93,1930617.64,2129771.13,2064409.9549999996,145783.04928379873
14,2011-05-20,1959967.8,False,A,200898,62.28,4.062,185.9661154,8.521,0.0,0.0,0.0,0.0,0.0,2011,20,5,NoHoliday,2004330.3,2095599.93,2108187.1,2071752.315,140417.08789954896
14,2011-05-27,2080694.24,False,A,200898,69.7,3.985,185.8603077,8.521,0.0,0.0,0.0,0.0,0.0,2011,21,5,NoHoliday,1959967.8,2004330.3,2227152.16,1997628.9174999997,72000.22893766151
14,2011-06-03,2079899.47,False,A,200898,76.38,3.922,185.7545,8.521,0.0,0.0,0.0,0.0,0.0,2011,22,6,NoHoliday,2080694.24,1959967.8,2363601.47,2035148.0675,64111.07268947055
14,2011-06-10,2132446.0,False,A,200898,73.88,3.881,185.6486923,8.521,0.0,0.0,0.0,0.0,0.0,2011,23,6,NoHoliday,2079899.47,2080694.24,2249570.04,2031222.9525,59490.40023154706
14,2011-06-17,2082083.3399999999,False,A,200898,69.32,3.842,185.6719333,8.521,0.0,0.0,0.0,0.0,0.0,2011,24,6,NoHoliday,2132446.0,2079899.47,2248645.59,2063251.8774999997,73113.62298780291
14,2011-06-24,2069523.52,False,A,200898,74.85,3.804,185.7919609,8.521,0.0,0.0,0.0,0.0,0.0,2011,25,6,NoHoliday,2082083.3399999999,2132446.0,2246179.91,2093780.7624999997,25792.619336401705
14,2011-07-01,2074668.19,False,A,200898,74.04,3.748,185.9119885,8.625,0.0,0.0,0.0,0.0,0.0,2011,26,7,NoHoliday,2069523.52,2082083.3399999999,2334788.42,2090988.0824999996,28176.456678870378
14,2011-07-08,2063401.06,False,A,200898,77.49,3.711,186.032016,8.625,0.0,0.0,0.0,0.0,0.0,2011,27,7,NoHoliday,2074668.19,2069523.52,2236209.13,2089680.2624999997,28972.8500747141
14,2011-07-15,1953544.76,False,A,200898,78.47,3.76,186.1399808,8.625,0.0,0.0,0.0,0.0,0.0,2011,28,7,NoHoliday,2063401.06,2074668.19,2130287.27,2072419.0274999999,7919.708950288609
14,2011-07-22,1882070.88,False,A,200898,82.33,3.811,186.2177885,8.625,0.0,0.0,0.0,0.0,0.0,2011,29,7,NoHoliday,1953544.76,2063401.06,2044155.39,2040284.3824999998,58009.52872885566
14,2011-07-29,1871021.01,False,A,200898,81.31,3.829,186.2955962,8.625,0.0,0.0,0.0,0.0,0.0,2011,30,7,NoHoliday,1882070.88,1953544.76,2054843.28,1993421.2225,92172.44422071642
14,2011-08-05,2066020.69,False,A,200898,78.22,3.842,186.3734038,8.625,0.0,0.0,0.0,0.0,0.0,2011,31,8,NoHoliday,1871021.01,1882070.88,2219813.5,1942509.4274999998,88506.07744193712
14,2011-08-12,1928773.82,False,A,200898,77.0,3.812,186.4512115,8.625,0.0,0.0,0.0,0.0,0.0,2011,32,8,NoHoliday,2066020.69,1871021.01,2052984.81,1943164.3349999995,89700.43993383218
14,2011-08-19,1896873.99,False,A,200898,72.98,3.747,186.5093071,8.625,0.0,0.0,0.0,0.0,0.0,2011,33,8,NoHoliday,1928773.82,2066020.69,2057138.31,1936971.5999999996,89599.9267198972
14,2011-08-26,2273470.62,False,A,200898,72.55,3.704,186.5641172,8.625,0.0,0.0,0.0,0.0,0.0,2011,34,8,NoHoliday,1896873.99,1928773.82,2020332.07,1940672.3774999997,86839.6738428707
14,2011-09-02,1750891.47,False,A,200898,70.63,3.703,186.6189274,8.625,0.0,0.0,0.0,0.0,0.0,2011,35,9,NoHoliday,2273470.62,1896873.99,2182563.66,2041284.7799999998,171304.13687220024
14,2011-09-09,2202742.9,True,A,200898,71.48,3.738,186.6737376,8.625,0.0,0.0,0.0,0.0,0.0,2011,36,9,LaborDay,1750891.47,2273470.62,2191767.7600000002,1962502.4749999999,221303.05379227907
14,2011-09-16,1864637.89,False,A,200898,69.17,3.742,186.8024,8.625,0.0,0.0,0.0,0.0,0.0,2011,37,9,NoHoliday,2202742.9,1750891.47,1953539.85,2030994.7449999999,248151.96976209592
14,2011-09-23,1871555.64,False,A,200898,63.75,3.711,187.0295321,8.625,0.0,0.0,0.0,0.0,0.0,2011,38,9,NoHoliday,1864637.89,2202742.9,1879891.13,2022935.7199999997,254404.29440711302
14,2011-09-30,1809989.29,False,A,200898,70.66,3.645,187.2566641,8.625,0.0,0.0,0.0,0.0,0.0,2011,39,9,NoHoliday,1871555.64,1864637.89,1855703.66,1922456.9749999996,194875.10081591597
14,2011-10-07,2078796.76,False,A,200898,55.82,3.583,187.4837962,8.523,0.0,0.0,0.0,0.0,0.0,2011,40,10,NoHoliday,1809989.29,1871555.64,2091663.2,1937231.4299999997,179136.85116432278
14,2011-10-14,1890870.75,False,A,200898,63.82,3.541,187.6917481,8.523,0.0,0.0,0.0,0.0,0.0,2011,41,10,NoHoliday,2078796.76,1809989.29,1932162.63,1906244.8949999998,118284.64944986123
14,2011-10-21,2009004.5899999999,False,A,200898,59.6,3.57,187.7846197,8.523,0.0,0.0,0.0,0.0,0.0,2011,42,10,NoHoliday,1890870.75,2078796.76,1936621.09,1912803.1099999999,115912.25937448794
14,2011-10-28,2056846.12,False,A,200898,51.78,3.569,187.8774913,8.523,0.0,0.0,0.0,0.0,0.0,2011,43,10,NoHoliday,2009004.5899999999,1890870.75,1984768.34,1947165.3474999997,119912.8476973441
14,2011-11-04,2174056.71,False,A,200898,43.92,3.551,187.9703629,8.523,0.0,0.0,0.0,0.0,0.0,2011,44,11,NoHoliday,2056846.12,2009004.5899999999,2078417.47,2008879.555,83895.37254660347
14,2011-11-11,2081534.6500000001,False,A,200898,47.65,3.53,188.0632345,8.523,796322.1000000001,1575366.0999999999,75592.3,187553.1,298055.8,2011,45,11,NoHoliday,2174056.71,2056846.12,2092189.06,2032694.5424999997,117248.68594086863
14,2011-11-18,1969360.72,False,A,200898,51.34,3.53,188.1983654,8.523,1125259.59,51743.1,18886.68,160875.57,644943.0,2011,46,11,NoHoliday,2081534.6500000001,2174056.71,1968462.58,2080360.5174999998,69342.02755257685
14,2011-11-25,2685351.81,True,A,200898,48.71,3.492,188.3504,8.523,20342.92,3834.0,6347587.44,923.0,136021.8,2011,47,11,Thanksgiving,1969360.72,2081534.6500000001,2921709.71,2070449.5499999998,84184.97075650055
14,2011-12-02,2143080.57,False,A,200898,50.19,3.452,188.5024346,8.523,450001.3,0.0,256030.6,205794.4,2446867.5,2011,48,12,NoHoliday,2685351.81,1969360.72,2258489.63,2227575.9724999997,316452.32045210537
14,2011-12-09,2470581.29,False,A,200898,46.57,3.415,188.6544692,8.523,532733.56,1095.0,25017.829999999998,353977.0,548222.7,2011,49,12,NoHoliday,2143080.57,2685351.81,2600519.26,2219831.9375,318570.5022080849
14,2011-12-16,2594363.09,False,A,200898,39.93,3.413,188.7979349,8.523,383291.37,434.52,62563.07,20635.44,453723.37,2011,50,12,NoHoliday,2470581.29,2143080.57,2762861.41,2317093.5974999997,321647.4626340785
14,2011-12-23,3369068.99,False,A,200898,42.27,3.389,188.9299752,8.523,66538.08,8116.56,153199.44,5761.44,333994.32,2011,51,12,NoHoliday,2594363.09,2470581.29,3818686.45,2473344.1899999995,237117.76076259013
14,2011-12-30,1914148.89,True,A,200898,37.79,3.389,189.0620155,8.523,556946.01,5010814.350000001,22221.58,110748.64,202444.43,2011,52,12,Christmas,3369068.99,2594363.09,1623716.46,2644273.4849999994,519353.08742299187
14,2012-01-06,1859144.96,False,A,200898,35.88,3.422,189.1940558,8.424,740455.4500000001,2785620.3899999997,59621.54,69663.06999999999,1129720.76,2012,1,1,NoHoliday,1914148.89,3369068.99,1864746.1,2587040.5649999995,599435.3025690633
14,2012-01-13,1696248.27,False,A,200898,41.18,3.513,189.3260962,8.424,317800.2,1489975.65,43921.259999999995,50202.33,279780.51,2012,2,1,NoHoliday,1859144.96,1914148.89,1699095.9,2434181.4825,707289.1201698725
14,2012-01-20,1789113.32,False,A,200898,31.85,3.533,189.4214733,8.424,352656.5,346705.10000000003,60263.0,179205.6,377071.8,2012,3,1,NoHoliday,1696248.27,1859144.96,1743188.8699999999,2209652.7775,778461.820897552
14,2012-01-27,1595362.27,False,A,200898,37.93,3.567,189.5168505,8.424,242781.69999999998,153659.8,48266.4,17640.7,148985.2,2012,4,1,NoHoliday,1789113.32,1696248.27,1613718.3800000001,1814663.8599999999,94076.07117055284
14,2012-02-03,1877410.36,False,A,200898,42.96,3.617,189.6122277,8.424,5468715.0,296253.3,55199.2,3225735.8000000003,1018551.1,2012,5,2,NoHoliday,1595362.27,1789113.32,1995891.8699999999,1734967.2049999998,114514.35195399812
14,2012-02-10,2077256.24,True,A,200898,37.0,3.64,189.7076048,8.424,1198327.9000000001,457321.2,20007.399999999998,811806.1,432210.10000000003,2012,6,2,SuperBowl,1877410.36,1595362.27,1980405.03,1739533.555,121280.86104926922
14,2012-02-17,2020550.99,False,A,200898,36.85,3.695,189.8424834,8.424,1703862.0,991416.24,10321.920000000002,861530.4,756440.64,2012,7,2,NoHoliday,2077256.24,1877410.36,2019031.67,1834785.5474999999,200015.30736067294
14,2012-02-24,1875040.16,False,A,200898,42.86,3.739,190.0069881,8.424,1055196.0999999999,605142.2999999999,294.0,311558.8,509520.89999999997,2012,8,2,NoHoliday,2020550.99,2077256.24,1875708.88,1892644.9649999996,215290.7863212023
14,2012-03-02,1926004.99,False,A,200898,41.55,3.816,190.1714927,8.424,1394666.6400000001,137405.22,3220.23,825985.2,474483.32999999996,2012,9,3,NoHoliday,1875040.16,2020550.99,2041215.6099999999,1962564.4374999998,102352.92846863445
14,2012-03-09,2020839.31,False,A,200898,45.52,3.848,190.3359973,8.424,1099760.9000000001,73533.6,104.3,161159.6,189207.2,2012,10,3,NoHoliday,1926004.99,1875040.16,1931104.67,1974713.0949999997,91147.10210923906
14,2012-03-16,1941040.5,False,A,200898,50.56,3.862,190.4618964,8.424,421502.9,19630.100000000002,385.0,127015.0,110728.79999999999,2012,11,3,NoHoliday,2020839.31,1926004.99,1932491.42,1960608.8624999996,72434.32955630742
14,2012-03-23,1893447.71,False,A,200898,59.45,3.9,190.5363213,8.424,339746.39999999997,25114.32,493.2,25423.920000000002,268300.08,2012,12,3,NoHoliday,1941040.5,2020839.31,1879451.23,1940731.2399999998,60414.0683161091
14,2012-03-30,1905033.01,False,A,200898,50.04,3.953,190.6107463,8.424,777478.2,12820.2,609.96,79519.74,173133.41999999998,2012,13,3,NoHoliday,1893447.71,1941040.5,1869110.55,1945333.1274999997,54114.95078366153
14,2012-04-06,2376022.2600000002,False,A,200898,49.73,3.996,190.6851712,8.567,586379.5,0.0,5683.3,250488.0,340003.3,2012,14,4,NoHoliday,1905033.01,1893447.71,2037798.8800000001,1940090.1324999998,57520.576839855465
14,2012-04-13,1912909.69,False,A,200898,51.83,4.044,190.7595962,8.567,371810.67000000004,975522.96,3674.25,69865.42,187327.82,2012,15,4,NoHoliday,2376022.2600000002,1905033.01,1974960.8599999999,2028885.8699999999,232309.78484704648
14,2012-04-20,1875686.44,False,A,200898,63.13,4.027,190.8138013,8.567,2280838.79,487776.39,7110.650000000001,157125.84,263128.84,2012,16,4,NoHoliday,1912909.69,2376022.2600000002,2256461.39,2021853.1675,236247.98982297155
14,2012-04-27,1784029.95,False,A,200898,53.2,4.004,190.8680064,8.567,248366.30000000002,24.5,3211.6000000000004,5474.7,293528.2,2012,17,4,NoHoliday,1875686.44,1912909.69,1930617.64,2017412.8499999999,239608.8639988487
14,2012-05-04,1949354.29,False,A,200898,55.21,3.951,190.9222115,8.567,1495831.55,0.0,9097.23,389856.03,196283.05000000002,2012,18,5,NoHoliday,1784029.95,1875686.44,2095599.93,1987162.0849999997,264836.51407494146
14,2012-05-11,1987531.05,False,A,200898,61.24,3.889,190.9764167,8.567,775717.7100000001,0.0,9571.03,121474.92,770670.49,2012,19,5,NoHoliday,1949354.29,1784029.95,2004330.3,1880495.0924999998,70995.16900900425
14,2012-05-18,1932233.17,False,A,200898,66.3,3.848,190.9964479,8.567,626146.87,0.0,630.48,92114.69,236446.33,2012,20,5,NoHoliday,1987531.05,1949354.29,1959967.8,1899150.4324999999,89693.63651274933
14,2012-05-25,2030869.61,False,A,200898,67.21,3.798,191.0028096,8.567,799525.3,0.0,44416.4,74987.5,224330.4,2012,21,5,NoHoliday,1932233.17,1987531.05,2080694.24,1913287.1149999998,89217.65651236339
14,2012-06-01,2049485.49,False,A,200898,74.48,3.742,191.0091712,8.567,535822.26,759.0,12809.16,170657.7,179670.48,2012,22,6,NoHoliday,2030869.61,1932233.17,2079899.47,1974997.0299999998,43837.36872438409
14,2012-06-08,2099615.88,False,A,200898,64.3,3.689,191.0155329,8.567,329163.10000000003,40484.200000000004,12261.699999999999,78315.84,569741.63,2012,23,6,NoHoliday,2049485.49,2030869.61,2132446.0,2000029.8299999996,52120.24860882359
14,2012-06-15,1905733.68,False,A,200898,71.93,3.62,191.0299731,8.567,773111.52,30484.8,364.32,137125.44,275261.04000000004,2012,24,6,NoHoliday,2099615.88,2049485.49,2082083.3399999999,2028051.0374999996,70166.39869913628
14,2012-06-22,1660228.8800000001,False,A,200898,74.22,3.564,191.0646096,8.567,710103.15,21873.0,296.7,227152.83000000002,421970.19,2012,25,6,NoHoliday,1905733.68,2099615.88,2069523.52,2021426.1649999998,82411.34021922936
14,2012-06-29,1591835.02,False,A,200898,75.22,3.506,191.0992462,8.567,315695.7,14607.3,0.0,21040.86,185341.59,2012,26,6,NoHoliday,1660228.8800000001,1905733.68,2074668.19,1928765.9824999997,196981.85140122165
14,2012-07-06,1862128.95,False,A,200898,82.99,3.475,191.1338827,8.684,491745.10000000003,29141.0,5842.9,484906.8,420170.10000000003,2012,27,7,NoHoliday,1591835.02,1660228.8800000001,2063401.06,1814353.3649999998,233090.7085032834
14,2012-07-13,1544422.35,False,A,200898,79.97,3.523,191.1685192,8.684,641092.8999999999,-175.0,375.90000000000003,316167.60000000003,180218.5,2012,28,7,NoHoliday,1862128.95,1591835.02,1953544.76,1754981.6324999996,152535.9288271116
14,2012-07-20,1553250.16,False,A,200898,78.89,3.567,191.1670428,8.684,319540.89999999997,4093.6,1378.3000000000002,99283.79999999999,263490.5,2012,29,7,NoHoliday,1544422.35,1862128.95,1882070.88,1664653.7999999998,139969.2717162467
14,2012-07-27,1479514.66,False,A,200898,77.2,3.647,191.1655664,8.684,351131.92000000004,8069.86,291.09999999999997,763345.85,234180.01,2012,30,7,NoHoliday,1553250.16,1544422.35,1871021.01,1637909.1199999996,150890.987724431
14,2012-08-03,1656886.46,False,A,200898,76.58,3.654,191.16409,8.684,1240035.59,2685.22,7866.8,933603.14,361386.45,2012,31,8,NoHoliday,1479514.66,1553250.16,2066020.69,1609829.0299999998,171382.8919696211
14,2012-08-10,1648570.03,False,A,200898,78.65,3.722,191.1626135,8.684,2302678.39,1681.28,2303.24,305996.51,253527.51,2012,32,8,NoHoliday,1656886.46,1479514.66,1928773.82,1558518.4074999997,73358.29682787777
14,2012-08-17,1660433.3,False,A,200898,75.71,3.807,191.2284919,8.684,328414.05,4437.5,414.64,149151.83,189089.33,2012,33,8,NoHoliday,1648570.03,1656886.46,1896873.99,1584555.3274999997,84346.96241508373
14,2012-08-24,1621841.33,False,A,200898,72.62,3.834,191.3448865,8.684,471999.48,2453.76,18127.01,492157.8,668401.1,2012,34,8,NoHoliday,1660433.3,1648570.03,2273470.62,1611351.1124999996,88031.48495358048
14,2012-08-31,1613342.19,False,A,200898,75.09,3.867,191.461281,8.684,1730311.0999999999,695.8,8468.6,987722.4,233309.3,2012,35,8,NoHoliday,1621841.33,1660433.3,1750891.47,1646932.7799999998,17450.89526344903
14,2012-09-07,1904512.34,True,A,200898,75.7,3.911,191.5776756,8.684,470292.64,494.87,2438.85,193132.07,390385.69,2012,36,9,LaborDay,1613342.19,1621841.33,2202742.9,1636046.7125,22127.112818403722
14,2012-09-14,1554794.22,False,A,200898,67.87,3.948,191.69985,8.684,803721.42,0.0,2002.2,60736.950000000004,123794.18,2012,37,9,NoHoliday,1904512.34,1613342.19,1864637.89,1700032.2899999998,137851.57539997387
14,2012-09-21,1565352.46,False,A,200898,65.32,4.038,191.8567038,8.684,1481724.6300000001,6781.32,2061.72,132819.48,1054493.19,2012,38,9,NoHoliday,1554794.22,1904512.34,1871555.64,1673622.5199999998,156785.71755026802
14,2012-09-28,1522512.2,False,A,200898,64.88,3.997,192.0135577,8.684,263348.16,2635.1099999999997,563.04,175614.66,243986.76,2012,39,9,NoHoliday,1565352.46,1554794.22,1809989.29,1659500.3024999998,165316.51442951846
14,2012-10-05,1687592.16,False,A,200898,64.89,3.985,192.1704115,8.667,645333.5,0.0,842.8,251440.0,231046.19999999998,2012,40,10,NoHoliday,1522512.2,1565352.46,2078796.76,1636792.8049999997,179407.63355694895
14,2012-10-12,1639585.6099999999,False,A,200898,54.47,4.0,192.3272654,8.667,231448.32,0.0,1460.16,59236.56,518954.39999999997,2012,41,10,NoHoliday,1687592.16,1522512.2,1890870.75,1582562.7599999998,72352.21917929238
14,2012-10-19,1590274.72,False,A,200898,56.47,3.969,192.3308542,8.667,285106.32,0.0,1187.28,73185.0,261119.31999999998,2012,42,10,NoHoliday,1639585.6099999999,1687592.16,2009004.5899999999,1603760.6074999997,73909.06465462114
14,2012-10-26,1704357.62,False,A,200898,58.85,3.882,192.3088989,8.667,629571.88,6744.92,8013.12,101271.04,97465.08,2012,43,10,NoHoliday,1590274.72,1639585.6099999999,2056846.12,1609991.1724999999,70566.87872925201
15,2011-02-04,556550.85,False,B,123737,20.69,3.4,133.1834194,7.771,0.0,0.0,0.0,0.0,0.0,2011,5,2,NoHoliday,481119.6,487311.03,652122.44,489373.89999999973,13929.961124941643
15,2011-02-11,582864.35,True,B,123737,21.64,3.416,133.260871,7.771,0.0,0.0,0.0,0.0,0.0,2011,6,2,SuperBowl,556550.85,481119.6,682447.1,501101.4199999998,37121.37363268029
15,2011-02-18,649993.5,False,B,123737,33.06,3.42,133.3701429,7.771,0.0,0.0,0.0,0.0,0.0,2011,7,2,NoHoliday,582864.35,556550.85,660838.75,526961.4574999998,50577.65593086216
15,2011-02-25,547564.09,False,B,123737,20.87,3.452,133.4921429,7.771,0.0,0.0,0.0,0.0,0.0,2011,8,2,NoHoliday,649993.5,582864.35,564883.2000000001,567632.0749999997,69815.53888126875
15,2011-03-04,573374.49,False,B,123737,28.16,3.605,133.6141429,7.771,0.0,0.0,0.0,0.0,0.0,2011,9,3,NoHoliday,547564.09,649993.5,605325.43,584243.1974999998,46322.15645649643
15,2011-03-11,537035.28,False,B,123737,34.27,3.752,133.7361429,7.771,0.0,0.0,0.0,0.0,0.0,2011,10,3,NoHoliday,573374.49,547564.09,604173.59,588449.1074999997,43656.73110868395
15,2011-03-18,551553.99,False,B,123737,40.23,3.796,133.8492258,7.771,0.0,0.0,0.0,0.0,0.0,2011,11,3,NoHoliday,537035.28,573374.49,593710.67,576991.8399999997,51006.034743899065
15,2011-03-25,527389.28,False,B,123737,32.63,3.789,133.9587419,7.771,0.0,0.0,0.0,0.0,0.0,2011,12,3,NoHoliday,551553.99,537035.28,592111.49,552381.9624999997,15276.390373103879
15,2011-04-01,542556.05,False,B,123737,30.34,3.811,134.0682581,7.658,0.0,0.0,0.0,0.0,0.0,2011,13,4,NoHoliday,527389.28,551553.99,718470.71,547338.2599999998,19998.090341996038
15,2011-04-08,587370.8099999999,False,B,123737,40.94,3.895,134.1777742,7.658,0.0,0.0,0.0,0.0,0.0,2011,14,4,NoHoliday,542556.05,527389.28,634605.77,539633.6499999998,10121.117376434744
15,2011-04-15,607691.36,False,B,123737,48.63,3.981,134.2784667,7.658,0.0,0.0,0.0,0.0,0.0,2011,15,4,NoHoliday,587370.8099999999,542556.05,641208.65,552217.5324999997,25468.801659783552
15,2011-04-22,655318.26,False,B,123737,41.37,4.061,134.3571,7.658,0.0,0.0,0.0,0.0,0.0,2011,16,4,NoHoliday,607691.36,587370.8099999999,643097.6,566251.8749999998,37572.30249877076
15,2011-04-29,560764.41,False,B,123737,55.46,4.117,134.4357333,7.658,0.0,0.0,0.0,0.0,0.0,2011,17,4,NoHoliday,655318.26,607691.36,570791.11,598234.1199999998,46783.53489227989
15,2011-05-06,630522.67,False,B,123737,49.87,4.192,134.5143667,7.658,0.0,0.0,0.0,0.0,0.0,2011,18,5,NoHoliday,560764.41,655318.26,661348.88,602786.2099999997,39946.39327122583
15,2011-05-13,630482.91,False,B,123737,57.07,4.211,134.593,7.658,0.0,0.0,0.0,0.0,0.0,2011,19,5,NoHoliday,630522.67,560764.41,594385.2,613574.1749999998,40221.4656907851
15,2011-05-20,593941.9,False,B,123737,57.19,4.202,134.6803871,7.658,0.0,0.0,0.0,0.0,0.0,2011,20,5,NoHoliday,630482.91,630522.67,616598.1,619272.0624999998,40721.54641002059
15,2011-05-27,636193.24,False,B,123737,65.87,4.134,134.7677742,7.658,0.0,0.0,0.0,0.0,0.0,2011,21,5,NoHoliday,593941.9,630482.91,744772.88,603927.9724999998,33542.29873073391
15,2011-06-03,695396.19,False,B,123737,69.8,4.069,134.8551613,7.658,0.0,0.0,0.0,0.0,0.0,2011,22,6,NoHoliday,636193.24,593941.9,693192.5,622785.1799999997,19415.068656315296
15,2011-06-10,642679.81,False,B,123737,69.86,4.025,134.9425484,7.658,0.0,0.0,0.0,0.0,0.0,2011,23,6,NoHoliday,695396.19,636193.24,619337.29,639003.5599999998,41996.75104580793
15,2011-06-17,639928.85,False,B,123737,63.9,3.989,135.0837333,7.658,0.0,0.0,0.0,0.0,0.0,2011,24,6,NoHoliday,642679.81,695396.19,652329.53,642052.7849999997,41612.91282141562
15,2011-06-24,656594.95,False,B,123737,69.96,3.964,135.2652667,7.658,0.0,0.0,0.0,0.0,0.0,2011,25,6,NoHoliday,639928.85,642679.81,672194.03,653549.5224999997,28024.141332510655
15,2011-07-01,674669.16,False,B,123737,67.43,3.916,135.4468,7.806,0.0,0.0,0.0,0.0,0.0,2011,26,7,NoHoliday,656594.95,639928.85,709337.11,658649.9499999997,25560.60859982617
15,2011-07-08,635118.48,False,B,123737,73.47,3.886,135.6283333,7.806,0.0,0.0,0.0,0.0,0.0,2011,27,7,NoHoliday,674669.16,656594.95,691497.62,653468.1924999998,15905.561162811407
15,2011-07-15,624114.56,False,B,123737,73.34,3.915,135.7837419,7.806,0.0,0.0,0.0,0.0,0.0,2011,28,7,NoHoliday,635118.48,674669.16,633203.69,651577.8599999998,17934.974693188433
15,2011-07-22,607475.4400000001,False,B,123737,79.97,3.972,135.8738387,7.806,0.0,0.0,0.0,0.0,0.0,2011,29,7,NoHoliday,624114.56,635118.48,598553.43,647624.2874999997,22516.663626410817
15,2011-07-29,577511.02,False,B,123737,74.67,4.004,135.9639355,7.806,0.0,0.0,0.0,0.0,0.0,2011,30,7,NoHoliday,607475.4400000001,624114.56,619224.0599999999,635344.4099999998,28573.15772319718
15,2011-08-05,607961.21,False,B,123737,73.63,4.02,136.0540323,7.806,0.0,0.0,0.0,0.0,0.0,2011,31,8,NoHoliday,577511.02,607475.4400000001,639651.24,611054.8749999998,25083.959157788424
15,2011-08-12,590836.37,False,B,123737,70.63,3.995,136.144129,7.806,0.0,0.0,0.0,0.0,0.0,2011,32,8,NoHoliday,607961.21,577511.02,622437.08,604265.5574999998,19440.073475184956
15,2011-08-19,599488.98,False,B,123737,70.41,3.942,136.183129,7.806,0.0,0.0,0.0,0.0,0.0,2011,33,8,NoHoliday,590836.37,607961.21,637090.44,595946.0099999998,14642.974019507215
15,2011-08-26,605413.17,False,B,123737,69.19,3.906,136.2136129,7.806,0.0,0.0,0.0,0.0,0.0,2011,34,8,NoHoliday,599488.98,590836.37,649791.15,593949.3949999998,12999.090466528653
15,2011-09-02,649159.6799999999,False,B,123737,67.63,3.879,136.2440968,7.806,0.0,0.0,0.0,0.0,0.0,2011,35,9,NoHoliday,605413.17,599488.98,638647.21,600924.9324999998,7604.70314619758
15,2011-09-09,607593.51,True,B,123737,67.59,3.93,136.2745806,7.806,0.0,0.0,0.0,0.0,0.0,2011,36,9,LaborDay,649159.6799999999,605413.17,641965.2,611224.5499999998,25988.764960856166
15,2011-09-16,545052.34,False,B,123737,62.1,3.937,136.3145,7.806,0.0,0.0,0.0,0.0,0.0,2011,37,9,NoHoliday,607593.51,649159.6799999999,583210.87,615413.8349999997,22756.3459654384
15,2011-09-23,545570.86,False,B,123737,59.0,3.899,136.367,7.806,0.0,0.0,0.0,0.0,0.0,2011,38,9,NoHoliday,545052.34,607593.51,548542.47,601804.6749999998,42855.788692380025
15,2011-09-30,521297.31,False,B,123737,64.87,3.858,136.4195,7.806,0.0,0.0,0.0,0.0,0.0,2011,39,9,NoHoliday,545570.86,545052.34,566945.95,586844.0974999998,50871.73763526254
15,2011-10-07,579068.88,False,B,123737,51.24,3.775,136.472,7.866,0.0,0.0,0.0,0.0,0.0,2011,40,10,NoHoliday,521297.31,545570.86,591603.79,554878.5049999998,36922.23442066945
15,2011-10-14,537300.94,False,B,123737,61.3,3.744,136.5150968,7.866,0.0,0.0,0.0,0.0,0.0,2011,41,10,NoHoliday,579068.88,521297.31,577011.26,547747.3474999998,23753.196593132303
15,2011-10-21,603318.89,False,B,123737,51.67,3.757,136.5017742,7.866,0.0,0.0,0.0,0.0,0.0,2011,42,10,NoHoliday,537300.94,579068.88,600395.73,545809.4974999998,24354.919824113415
15,2011-10-28,589842.69,False,B,123737,45.54,3.757,136.4884516,7.866,0.0,0.0,0.0,0.0,0.0,2011,43,10,NoHoliday,603318.89,537300.94,598301.5,560246.5049999998,37652.13980001399
15,2011-11-04,615121.78,False,B,123737,43.39,3.738,136.475129,7.866,0.0,0.0,0.0,0.0,0.0,2011,44,11,NoHoliday,589842.69,603318.89,612987.64,577382.8499999997,28503.37985882536
15,2011-11-11,618949.82,False,B,123737,47.13,3.719,136.4618065,7.866,700385.04,307275.84,44494.56,89038.08,148877.27999999997,2011,45,11,NoHoliday,615121.78,589842.69,619639.74,586396.0749999997,34320.835415779
15,2011-11-18,597856.51,False,B,123737,46.53,3.717,136.4666667,7.866,260456.4,43684.17,3519.47,67180.2,311971.87,2011,46,11,NoHoliday,618949.82,615121.78,608200.81,606808.2949999997,13121.716890383803
15,2011-11-25,1066478.1,True,B,123737,41.1,3.689,136.4788,7.866,21280.120000000003,3900.74,4762247.61,2429.62,12194.96,2011,47,11,Thanksgiving,597856.51,618949.82,1120018.92,605442.6999999997,13868.879684029414
15,2011-12-02,699028.66,False,B,123737,45.67,3.666,136.4909333,7.866,262593.8,13427.4,453954.2,126221.90000000001,1129550.1,2011,48,12,NoHoliday,1066478.1,597856.51,754134.95,724601.5524999998,228102.30796418458
15,2011-12-09,764565.55,False,B,123737,38.53,3.627,136.5030667,7.866,250738.6,13575.8,5293.400000000001,119941.5,365955.8,2011,49,12,NoHoliday,699028.66,1066478.1,847294.04,745578.2724999998,218327.00994310825
15,2011-12-16,870415.49,False,B,123737,35.49,3.611,136.5335161,7.866,154505.23,1349.0,11255.63,65706.95,90384.42,2011,50,12,NoHoliday,764565.55,699028.66,983825.15,781982.2049999998,201680.2885183653
15,2011-12-23,1182691.8699999999,False,B,123737,34.93,3.587,136.5883871,7.866,18515.379999999997,516.17,79549.82,5689.23,44196.08,2011,51,12,NoHoliday,870415.49,764565.55,1368318.17,850121.9499999998,160593.5773648822
15,2011-12-30,603460.79,True,B,123737,31.44,3.566,136.6432581,7.866,230636.4,2209676.2,7905.849999999999,43017.48,246713.64,2011,52,12,Christmas,1182691.8699999999,870415.49,543754.17,879175.3924999997,214310.7161997363
15,2012-01-06,516087.65,False,B,123737,30.24,3.585,136.698129,7.943,386261.31,1201553.58,1297.2,44587.8,213815.13,2012,1,1,NoHoliday,603460.79,1182691.8699999999,509640.77,855283.4249999997,244315.12546392073
15,2012-01-13,454183.42,False,B,123737,36.26,3.666,136.753,7.943,116241.54000000001,618189.63,69.0,33655.44,37460.1,2012,2,1,NoHoliday,516087.65,603460.79,479424.2,793163.9499999997,300254.5396978961
15,2012-01-20,492721.85,False,B,123737,21.39,3.705,136.8564194,7.943,181982.66999999998,217441.08000000002,0.0,18317.43,155769.57,2012,3,1,NoHoliday,454183.42,516087.65,487311.03,689105.9324999996,334706.8772773049
15,2012-01-27,466045.63,False,B,123737,30.87,3.737,136.9598387,7.943,61306.7,145041.4,0.0,4100.599999999999,99269.8,2012,4,1,NoHoliday,492721.85,454183.42,481119.6,516613.42749999976,63274.67668055807
15,2012-02-03,523831.64,False,B,123737,35.3,3.796,137.0632581,7.943,1789587.0999999999,239817.2,3970.4,1351275.7999999998,226169.3,2012,5,2,NoHoliday,466045.63,492721.85,556550.85,482259.6374999998,27718.58791753095
15,2012-02-10,628218.22,True,B,123737,31.91,3.826,137.1666774,7.943,359830.8,386904.7,727.3000000000001,660756.6,446027.39999999997,2012,6,2,SuperBowl,523831.64,466045.63,582864.35,484195.6349999997,30950.847943718236
15,2012-02-17,598502.83,False,B,123737,30.26,3.874,137.2583103,7.943,1247579.2000000002,554046.5,123.2,776645.8,344553.3,2012,7,2,NoHoliday,628218.22,523831.64,649993.5,527704.3349999997,71048.36147165652
15,2012-02-24,561137.06,False,B,123737,33.18,3.917,137.3411034,7.943,488553.13,415997.52,71.0,256137.47,294446.23,2012,8,2,NoHoliday,598502.83,628218.22,547564.09,554149.5799999997,73336.7977404504
15,2012-03-02,541292.64,False,B,123737,33.24,3.983,137.4238966,7.943,824451.29,124194.62,1945.3999999999999,566402.5,165219.84,2012,9,3,NoHoliday,561137.06,598502.83,573374.49,577922.4374999998,45316.59580020651
15,2012-03-09,545120.67,False,B,123737,36.97,4.021,137.5066897,7.943,554864.1,43097.6,104.3,148888.6,153645.80000000002,2012,10,3,NoHoliday,541292.64,561137.06,537035.28,582287.6874999998,38731.93181004051
15,2012-03-16,570611.23,False,B,123737,47.42,4.021,137.5843871,7.943,246313.2,7341.599999999999,208.6,55808.2,95533.9,2012,11,3,NoHoliday,545120.67,541292.64,551553.99,561513.2999999998,26114.876318068284
15,2012-03-23,565481.88,False,B,123737,58.92,4.054,137.6552903,7.943,505001.33999999997,8192.37,34.5,258338.76,84520.17,2012,12,3,NoHoliday,570611.23,545120.67,527389.28,554540.3999999998,13735.864956965948
15,2012-03-30,557547.25,False,B,123737,42.65,4.098,137.7261935,7.943,296196.3,5014.2300000000005,207.0,80726.55,204600.87,2012,13,3,NoHoliday,565481.88,570611.23,542556.05,555626.6049999997,14577.410087468812
15,2012-04-06,659950.36,False,B,123737,40.01,4.143,137.7970968,8.15,608324.4500000001,0.0,3288.72,81279.38,249829.83,2012,14,4,NoHoliday,557547.25,565481.88,587370.8099999999,559690.2574999998,11100.689056788035
15,2012-04-13,558585.13,False,B,123737,43.52,4.187,137.868,8.15,238604.1,228839.8,950.6,108303.3,126682.5,2012,15,4,NoHoliday,659950.36,557547.25,607691.36,588397.6799999998,48003.56493575163
15,2012-04-20,534780.57,False,B,123737,54.47,4.17,137.9230667,8.15,315859.23,115806.15,407.1,75540.51,126327.95999999999,2012,16,4,NoHoliday,558585.13,659950.36,655318.26,585391.1549999998,49830.71443470809
15,2012-04-27,527402.62,False,B,123737,41.57,4.163,137.9781333,8.15,128583.56999999999,0.0,677.58,13270.08,87747.3,2012,17,4,NoHoliday,534780.57,558585.13,560764.41,577715.8274999998,55912.758762521786
15,2012-05-04,577868.38,False,B,123737,51.04,4.124,138.0332,8.15,581025.9,0.0,7767.9,213957.8,112765.8,2012,18,5,NoHoliday,527402.62,534780.57,630522.67,570179.6699999997,61308.46170095721
15,2012-05-11,579539.95,False,B,123737,54.23,4.055,138.0882667,8.15,760173.0,0.0,770.73,88828.53,185176.68,2012,19,5,NoHoliday,577868.38,527402.62,630482.91,549659.1749999998,23037.354062631704
15,2012-05-18,600050.98,False,B,123737,58.84,4.029,138.1065806,8.15,365881.60000000003,0.0,625.1,38227.700000000004,89681.20000000001,2012,20,5,NoHoliday,579539.95,577868.38,593941.9,554897.8799999998,27662.07372469658
15,2012-05-25,693780.42,False,B,123737,67.97,3.979,138.1101935,8.15,431804.76,0.0,33265.590000000004,64076.159999999996,90803.31,2012,21,5,NoHoliday,600050.98,579539.95,636193.24,571215.4824999998,30900.974314917017
15,2012-06-01,663971.26,False,B,123737,67.61,3.915,138.1138065,8.15,259578.0,1573.2,2896.62,80783.13,149104.86000000002,2012,22,6,NoHoliday,693780.42,600050.98,695396.19,612809.9324999998,54914.52309895926
15,2012-06-08,611390.67,False,B,123737,59.35,3.871,138.1174194,8.15,316758.28,18292.0,12.92,27134.72,271925.2,2012,23,6,NoHoliday,663971.26,693780.42,642679.81,634335.6524999999,53509.99095476386
15,2012-06-15,636737.65,False,B,123737,67.7,3.786,138.1295333,8.15,234832.56,32544.800000000003,0.68,27479.48,262677.2,2012,24,6,NoHoliday,611390.67,663971.26,639928.85,642298.3324999998,44197.449075197015
15,2012-06-22,687085.6,False,B,123737,74.28,3.722,138.1629,8.15,263310.21,90666.0,0.0,46044.39,177123.0,2012,25,6,NoHoliday,636737.65,611390.67,656594.95,651469.9999999998,35448.779818907744
15,2012-06-29,624099.48,False,B,123737,68.91,3.667,138.1962667,8.15,212277.12,40668.6,0.0,122130.69,145817.7,2012,26,6,NoHoliday,687085.6,636737.65,674669.16,649796.2949999998,32847.84184196228
15,2012-07-06,678024.75,False,B,123737,74.64,3.646,138.2296333,8.193,334328.12,18366.800000000003,1646.96,118823.88,188523.88,2012,27,7,NoHoliday,624099.48,687085.6,635118.48,639828.3499999997,33160.715208032
15,2012-07-13,591335.5,False,B,123737,72.62,3.689,138.263,8.193,226194.01,12703.199999999999,3351.34,63166.259999999995,50472.44,2012,28,7,NoHoliday,678024.75,624099.48,624114.56,656486.8699999998,30763.275043145226
15,2012-07-20,592369.22,False,B,123737,75.31,3.732,138.2331935,8.193,78096.26999999999,12398.61,2160.39,18972.239999999998,91205.58,2012,29,7,NoHoliday,591335.5,678024.75,607475.4400000001,645136.3324999998,45381.59608715664
15,2012-07-27,571190.83,False,B,123737,73.9,3.82,138.2033871,8.193,163413.52,8319.12,59.16,144980.08,73637.20000000001,2012,30,7,NoHoliday,592369.22,591335.5,577511.02,621457.2374999997,40662.41814410666
15,2012-08-03,590739.62,False,B,123737,73.13,3.819,138.1735806,8.193,500347.29,14946.78,33.12,338534.01,98005.53,2012,31,8,NoHoliday,571190.83,592369.22,607961.21,608230.0749999997,47540.14343794155
15,2012-08-10,590453.63,False,B,123737,73.99,3.863,138.1437742,8.193,1030766.19,1293.77,6722.780000000001,110549.33,103987.34999999999,2012,32,8,NoHoliday,590739.62,571190.83,590836.37,586408.7924999997,10167.621686385632
15,2012-08-17,579738.2,False,B,123737,70.29,3.963,138.1857097,8.193,250984.59999999998,724.88,20.4,53596.24,79970.72,2012,33,8,NoHoliday,590453.63,590739.62,599488.98,586188.3249999997,10033.866523080784
15,2012-08-24,606210.77,False,B,123737,66.98,3.997,138.2814516,8.193,253165.83000000002,-461.61,0.0,194137.71000000002,111102.42,2012,34,8,NoHoliday,579738.2,590453.63,605413.17,583030.5699999998,9408.336997286142
15,2012-08-31,610185.32,False,B,123737,71.42,4.026,138.3771935,8.193,379614.54,9368.130000000001,1910.6100000000001,104430.81,197500.08000000002,2012,35,8,NoHoliday,606210.77,579738.2,649159.6799999999,591785.5549999997,10894.85497126964
15,2012-09-07,587259.8200000001,True,B,123737,71.61,4.076,138.4729355,8.193,554783.6,924.0,1098.3,117901.0,135892.4,2012,36,9,LaborDay,610185.32,606210.77,607593.51,596646.9799999997,14130.54793044122
15,2012-09-14,527509.76,False,B,123737,65.44,4.088,138.5673,8.193,351127.52,0.0,101.32,62745.64,214524.36,2012,37,9,NoHoliday,587259.8200000001,610185.32,545052.34,595848.5274999997,14676.83250917995
15,2012-09-21,533161.64,False,B,123737,60.34,4.203,138.6534,8.193,235437.66,6279.0,1966.5,8153.7300000000005,129741.39,2012,38,9,NoHoliday,527509.76,587259.8200000001,545570.86,582791.4174999997,38187.78269971071
15,2012-09-28,553901.97,False,B,123737,57.13,4.158,138.7395,8.193,355229.96,1341.64,44.88,85732.36,373371.68,2012,39,9,NoHoliday,533161.64,527509.76,521297.31,564529.1349999998,40642.855613674634
15,2012-10-05,573498.64,False,B,123737,59.57,4.151,138.8256,7.992,163615.9,0.0,435.4,101072.3,132505.80000000002,2012,40,10,NoHoliday,553901.97,533161.64,579068.88,550458.2974999999,27030.97404015997
15,2012-10-12,551799.63,False,B,123737,49.12,4.186,138.9117,7.992,94627.4,0.0,406.0,35014.0,254213.4,2012,41,10,NoHoliday,573498.64,553901.97,537300.94,547018.0024999997,20985.578207669234
15,2012-10-19,555652.77,False,B,123737,52.89,4.153,138.8336129,7.992,49763.0,0.0,117.6,12320.699999999999,76907.6,2012,42,10,NoHoliday,551799.63,573498.64,603318.89,553090.4699999997,16492.184695448203
15,2012-10-26,558473.6,False,B,123737,55.75,4.071,138.7281613,7.992,321386.13,-483.69,6900.0,74348.19,85190.85,2012,43,10,NoHoliday,555652.77,551799.63,589842.69,558713.2524999997,9981.997997031107
16,2011-02-04,479263.15,False,B,57197,13.64,3.011,191.7625895,6.614,0.0,0.0,0.0,0.0,0.0,2011,5,2,NoHoliday,448391.99,462888.13,477409.3,488797.91749999975,57230.345884249204
16,2011-02-11,466806.89,True,B,57197,15.02,3.037,191.8572881,6.614,0.0,0.0,0.0,0.0,0.0,2011,6,2,SuperBowl,479263.15,448391.99,472044.27999999997,465227.2149999998,13067.854815228788
16,2011-02-18,491179.79,False,B,57197,27.18,3.051,191.9178331,6.614,0.0,0.0,0.0,0.0,0.0,2011,7,2,NoHoliday,466806.89,479263.15,469868.7,464337.53999999975,12717.872954471028
16,2011-02-25,475201.64,False,B,57197,26.15,3.101,191.9647167,6.614,0.0,0.0,0.0,0.0,0.0,2011,8,2,NoHoliday,491179.79,466806.89,443242.17,471410.4549999998,18289.650687239082
16,2011-03-04,484829.07,False,B,57197,31.77,3.232,192.0116004,6.614,0.0,0.0,0.0,0.0,0.0,2011,9,3,NoHoliday,475201.64,491179.79,444181.85,478112.8674999998,10138.507224949015
16,2011-03-11,457504.35,False,B,57197,29.36,3.372,192.058484,6.614,0.0,0.0,0.0,0.0,0.0,2011,10,3,NoHoliday,484829.07,475201.64,445393.74,479504.34749999974,10714.590458507597
16,2011-03-18,497373.49,False,B,57197,36.5,3.406,192.1237981,6.614,0.0,0.0,0.0,0.0,0.0,2011,11,3,NoHoliday,457504.35,484829.07,504307.35,477178.7124999998,14669.10013717536
16,2011-03-25,465279.68,False,B,57197,32.61,3.414,192.1964844,6.614,0.0,0.0,0.0,0.0,0.0,2011,12,3,NoHoliday,497373.49,457504.35,483177.2,478727.1374999998,16810.27348274888
16,2011-04-01,459756.11,False,B,57197,35.75,3.461,192.2691707,6.339,0.0,0.0,0.0,0.0,0.0,2011,13,4,NoHoliday,465279.68,497373.49,490503.69,476246.6474999998,18180.113143449154
16,2011-04-08,439276.5,False,B,57197,38.04,3.532,192.3418571,6.339,0.0,0.0,0.0,0.0,0.0,2011,14,4,NoHoliday,459756.11,465279.68,424083.99,469978.40749999974,18553.221301666697
16,2011-04-15,427855.24,False,B,57197,34.59,3.611,192.4225954,6.339,0.0,0.0,0.0,0.0,0.0,2011,15,4,NoHoliday,439276.5,459756.11,436312.41000000003,465421.4449999997,24059.699684503503
16,2011-04-22,368600.0,False,B,57197,40.74,3.636,192.5234638,6.339,0.0,0.0,0.0,0.0,0.0,2011,16,4,NoHoliday,427855.24,439276.5,370230.94,448041.8824999997,17499.497653551094
16,2011-04-29,378100.31,False,B,57197,37.77,3.663,192.6243322,6.339,0.0,0.0,0.0,0.0,0.0,2011,17,4,NoHoliday,368600.0,427855.24,383550.93,423871.9624999998,39140.03983836838
16,2011-05-06,423805.22,False,B,57197,38.64,3.735,192.7252006,6.339,0.0,0.0,0.0,0.0,0.0,2011,18,5,NoHoliday,378100.31,368600.0,403217.22000000003,403458.0124999998,35290.61663774216
16,2011-05-13,410406.95,False,B,57197,43.29,3.767,192.826069,6.339,0.0,0.0,0.0,0.0,0.0,2011,19,5,NoHoliday,423805.22,378100.31,401770.9,399590.1924999997,30591.325284940183
16,2011-05-20,435397.19,False,B,57197,43.95,3.828,192.831317,6.339,0.0,0.0,0.0,0.0,0.0,2011,20,5,NoHoliday,410406.95,423805.22,435300.51,395228.11999999976,26137.24146833786
16,2011-05-27,444718.68,False,B,57197,45.17,3.795,192.8365651,6.339,0.0,0.0,0.0,0.0,0.0,2011,21,5,NoHoliday,435397.19,410406.95,479430.0,411927.41749999975,24755.45351822524
16,2011-06-03,531080.31,False,B,57197,54.08,3.763,192.8418131,6.339,0.0,0.0,0.0,0.0,0.0,2011,22,6,NoHoliday,444718.68,435397.19,516295.81,428582.0099999998,14832.277031776679
16,2011-06-10,600952.06,False,B,57197,55.78,3.735,192.8470612,6.339,0.0,0.0,0.0,0.0,0.0,2011,23,6,NoHoliday,531080.31,444718.68,535587.31,455400.7824999998,52491.54494583203
16,2011-06-17,581546.23,False,B,57197,58.34,3.697,192.9034759,6.339,0.0,0.0,0.0,0.0,0.0,2011,24,6,NoHoliday,600952.06,531080.31,540149.85,503037.0599999998,78209.0287946703
16,2011-06-24,569105.03,False,B,57197,54.36,3.661,192.9982655,6.339,0.0,0.0,0.0,0.0,0.0,2011,25,6,NoHoliday,581546.23,600952.06,546554.96,539574.3199999998,69758.1747712725
16,2011-07-01,608737.56,False,B,57197,63.59,3.597,193.0930552,6.338,0.0,0.0,0.0,0.0,0.0,2011,26,7,NoHoliday,569105.03,581546.23,610641.42,570670.9074999997,29467.995175398923
16,2011-07-08,634634.66,False,B,57197,65.0,3.54,193.1878448,6.338,0.0,0.0,0.0,0.0,0.0,2011,27,7,NoHoliday,608737.56,569105.03,614253.33,590085.2199999997,18065.443270971646
16,2011-07-15,586841.77,False,B,57197,65.16,3.532,193.3125484,6.338,0.0,0.0,0.0,0.0,0.0,2011,28,7,NoHoliday,634634.66,608737.56,586583.69,598505.8699999998,29223.36809682771
16,2011-07-22,581758.22,False,B,57197,65.36,3.545,193.5120367,6.338,0.0,0.0,0.0,0.0,0.0,2011,29,7,NoHoliday,586841.77,634634.66,588344.18,599829.7549999998,28304.45714415286
16,2011-07-29,582381.95,False,B,57197,66.84,3.547,193.711525,6.338,0.0,0.0,0.0,0.0,0.0,2011,30,7,NoHoliday,581758.22,586841.77,562633.67,602993.0524999998,24124.487761830493
16,2011-08-05,592981.33,False,B,57197,63.96,3.554,193.9110133,6.338,0.0,0.0,0.0,0.0,0.0,2011,31,8,NoHoliday,582381.95,581758.22,586936.45,596404.1499999998,25587.34299441863
16,2011-08-12,563884.47,False,B,57197,67.09,3.542,194.1105017,6.338,0.0,0.0,0.0,0.0,0.0,2011,32,8,NoHoliday,592981.33,582381.95,543757.97,585990.8174999997,5181.061391007824
16,2011-08-19,554630.42,False,B,57197,68.83,3.499,194.2500634,6.338,0.0,0.0,0.0,0.0,0.0,2011,33,8,NoHoliday,563884.47,592981.33,521516.96,580251.4924999997,12065.615956416408
16,2011-08-26,557312.01,False,B,57197,67.51,3.485,194.3796374,6.338,0.0,0.0,0.0,0.0,0.0,2011,34,8,NoHoliday,554630.42,563884.47,581010.52,573469.5424999997,17387.035498748315
16,2011-09-02,580805.3300000001,False,B,57197,63.44,3.511,194.5092113,6.338,0.0,0.0,0.0,0.0,0.0,2011,35,9,NoHoliday,557312.01,554630.42,542087.89,567202.0574999998,17620.408493617233
16,2011-09-09,574622.56,True,B,57197,56.99,3.566,194.6387853,6.338,0.0,0.0,0.0,0.0,0.0,2011,36,9,LaborDay,580805.3300000001,557312.01,537518.57,564158.0574999998,11759.40438579301
16,2011-09-16,539081.09,False,B,57197,53.68,3.596,194.7419707,6.338,0.0,0.0,0.0,0.0,0.0,2011,37,9,NoHoliday,574622.56,580805.3300000001,522049.51999999996,566842.5799999998,12851.136042728453
16,2011-09-23,504856.97,False,B,57197,50.39,3.581,194.8099713,6.338,0.0,0.0,0.0,0.0,0.0,2011,38,9,NoHoliday,539081.09,574622.56,511330.32,562955.2474999998,18766.753866509338
16,2011-09-30,450075.31,False,B,57197,57.61,3.538,194.8779718,6.338,0.0,0.0,0.0,0.0,0.0,2011,39,9,NoHoliday,504856.97,539081.09,463977.54,549841.4874999998,35176.95299337177
16,2011-10-07,482926.93,False,B,57197,48.91,3.498,194.9459724,6.232,0.0,0.0,0.0,0.0,0.0,2011,40,10,NoHoliday,450075.31,504856.97,442894.2,517158.98249999975,53022.63719076449
16,2011-10-14,498241.06,False,B,57197,39.97,3.491,195.0261012,6.232,0.0,0.0,0.0,0.0,0.0,2011,41,10,NoHoliday,482926.93,450075.31,452169.27999999997,494235.0749999998,37425.253074095985
16,2011-10-21,560104.16,False,B,57197,46.99,3.548,195.1789994,6.232,0.0,0.0,0.0,0.0,0.0,2011,42,10,NoHoliday,498241.06,482926.93,541216.92,484025.0674999998,24425.768802777333
16,2011-10-28,505918.21,False,B,57197,41.97,3.55,195.3318977,6.232,0.0,0.0,0.0,0.0,0.0,2011,43,10,NoHoliday,560104.16,498241.06,495022.51,497836.86499999976,46118.8742922396
16,2011-11-04,511059.95,False,B,57197,33.43,3.527,195.4847959,6.232,0.0,0.0,0.0,0.0,0.0,2011,44,11,NoHoliday,505918.21,560104.16,446905.02,511797.58999999973,33592.59009979567
16,2011-11-11,513181.31,False,B,57197,29.56,3.505,195.6376941,6.232,337840.8,146933.68,13407.37,221768.66,183793.06,2011,45,11,NoHoliday,511059.95,505918.21,453632.76,518830.84499999974,28015.166899333628
16,2011-11-18,480353.64,False,B,57197,31.73,3.479,195.7184713,6.232,139993.82,10332.07,237.85,55650.200000000004,296479.69,2011,46,11,NoHoliday,513181.31,511059.95,458634.68,522565.90749999974,25210.605976102746
16,2011-11-25,712422.4,True,B,57197,31.39,3.424,195.7704,6.232,6409.88,8979.37,2467582.99,1749.44,110782.72,2011,47,11,Thanksgiving,480353.64,513181.31,651837.77,502628.2774999998,15159.625410028675
16,2011-12-02,530492.84,False,B,57197,27.83,3.378,195.8223287,6.232,35119.96,4148.0,64227.36,612.0,484483.0,2011,48,12,NoHoliday,712422.4,480353.64,512260.58999999997,554254.3249999997,106506.96031327172
16,2011-12-09,574798.86,False,B,57197,14.44,3.331,195.8742575,6.232,151607.36,1904.0,5011.6,115377.64,439666.92,2011,49,12,NoHoliday,530492.84,712422.4,570103.64,559112.5474999998,104300.27583831386
16,2011-12-16,679481.9,False,B,57197,22.5,3.266,195.9841685,6.232,196105.0,0.0,6969.9,29582.0,187893.30000000002,2011,50,12,NoHoliday,574798.86,530492.84,648652.01,574516.9349999998,99704.30252235972
16,2011-12-23,950691.96,False,B,57197,20.79,3.173,196.1713893,6.232,33465.0,12.42,32816.4,1117.8,66298.65000000001,2011,51,12,NoHoliday,679481.9,574798.86,1004730.6900000001,624298.9999999998,85753.0283118288
16,2011-12-30,665861.06,True,B,57197,23.91,3.119,196.3586101,6.232,63595.229999999996,812728.92,7029.030000000001,18803.19,115454.25,2011,52,12,Christmas,950691.96,679481.9,575317.38,683866.3899999998,188533.18054416933
16,2012-01-06,564538.0700000001,False,B,57197,26.49,3.095,196.5458309,6.162,29720.53,370140.82999999996,1051.8999999999999,2361.75,220896.32,2012,1,1,NoHoliday,665861.06,950691.96,573545.96,717708.4449999998,162125.3504962701
16,2012-01-13,508520.09,False,B,57197,19.55,3.077,196.7330517,6.162,90689.86,170965.91,16.08,19407.89,127265.83,2012,2,1,NoHoliday,564538.0700000001,665861.06,470365.59,715143.2474999997,165192.39405465743
16,2012-01-20,474389.75,False,B,57197,29.3,3.055,196.7796652,6.162,137754.54,92365.02,368.28000000000003,5004.78,313020.83999999997,2012,3,1,NoHoliday,508520.09,564538.0700000001,462888.13,672402.7949999998,196621.458264913
16,2012-01-27,453979.19,False,B,57197,28.17,3.038,196.8262786,6.162,41004.67,67758.44,0.0,563.47,166354.97,2012,4,1,NoHoliday,474389.75,508520.09,448391.99,553327.2424999998,83722.46088857485
16,2012-02-03,475905.1,False,B,57197,25.53,3.031,196.8728921,6.162,2223767.28,50851.76,162.52,548288.76,199966.24,2012,5,2,NoHoliday,453979.19,474389.75,479263.15,500356.7749999998,48342.68340870265
16,2012-02-10,473766.97000000003,True,B,57197,23.69,3.103,196.9195056,6.162,492805.52,66988.84,30.6,644747.44,428270.80000000005,2012,6,2,SuperBowl,475905.1,453979.19,466806.89,478198.5324999998,22551.71876033378
16,2012-02-17,494069.49,False,B,57197,31.19,3.113,196.9432711,6.162,379007.61,181730.13,0.0,193205.89,300480.93,2012,7,2,NoHoliday,473766.97000000003,475905.1,491179.79,469510.25249999977,10392.900087200298
16,2012-02-24,495720.3,False,B,57197,26.21,3.129,196.9499007,6.162,812064.79,186180.94,0.0,109539.64,282116.89999999997,2012,8,2,NoHoliday,494069.49,473766.97000000003,475201.64,474430.18749999977,16396.755022255435
16,2012-03-02,464189.08999999997,False,B,57197,23.4,3.191,196.9565303,6.162,578105.3999999999,59263.36,0.0,140498.88,218118.84,2012,9,3,NoHoliday,495720.3,494069.49,484829.07,484865.4649999998,11633.375137783354
16,2012-03-09,495951.66,False,B,57197,28.16,3.286,196.9631599,6.162,360574.76,37877.36,215.56,406256.48,206518.72,2012,10,3,NoHoliday,464189.08999999997,495720.3,457504.35,481936.4624999998,15480.249469529088
16,2012-03-16,520850.71,False,B,57197,38.02,3.486,197.0457208,6.162,238078.2,20.4,90.44,94965.4,103051.28,2012,11,3,NoHoliday,495951.66,464189.08999999997,497373.49,487482.6349999998,15551.628066690064
16,2012-03-23,493503.89,False,B,57197,38.7,3.664,197.2295234,6.162,102354.7,175.0,310.09999999999997,25721.5,87965.5,2012,12,3,NoHoliday,520850.71,495951.66,465279.68,494177.93999999977,23211.295675571993
16,2012-03-30,485095.41,False,B,57197,48.29,3.75,197.4133259,6.162,231524.36,0.0,340.0,12838.400000000001,77092.96,2012,13,3,NoHoliday,493503.89,520850.71,459756.11,493623.8374999998,23188.647305145943
16,2012-04-06,502662.07,False,B,57197,48.93,3.854,197.5971285,6.169,525278.37,0.0,3023.58,61900.590000000004,365298.42000000004,2012,14,4,NoHoliday,485095.41,493503.89,439276.5,498850.4174999998,15386.154520387796
16,2012-04-13,450756.71,False,B,57197,45.83,3.901,197.780931,6.169,247291.1,95789.40000000001,1540.0,15046.5,138845.0,2012,15,4,NoHoliday,502662.07,485095.41,427855.24,500528.0199999998,15330.468050265918
16,2012-04-20,436221.26,False,B,57197,43.61,3.936,197.7227385,6.169,171063.41999999998,40163.520000000004,1581.48,38519.25,114486.18000000001,2012,16,4,NoHoliday,450756.71,502662.07,368600.0,483004.5199999998,22663.841342548905
16,2012-04-27,398445.14999999997,False,B,57197,59.69,3.927,197.664546,6.169,234633.69999999998,14401.800000000001,1148.7,25675.300000000003,143495.80000000002,2012,17,4,NoHoliday,436221.26,450756.71,378100.31,468683.86249999976,30545.380633314395
16,2012-05-04,426959.62,False,B,57197,51.34,3.903,197.6063534,6.169,229969.41,0.0,2438.46,52896.090000000004,157504.91999999998,2012,18,5,NoHoliday,398445.14999999997,436221.26,423805.22,447021.29749999975,43151.40703344522
16,2012-05-11,479855.0,False,B,57197,53.57,3.87,197.5481609,6.169,327414.56,0.0,4155.48,23367.52,56948.64,2012,19,5,NoHoliday,426959.62,398445.14999999997,410406.95,428095.6849999998,22060.4615592001
16,2012-05-18,493506.47,False,B,57197,56.74,3.837,197.5553137,6.169,360636.63999999996,0.0,6589.200000000001,52064.2,159253.96,2012,20,5,NoHoliday,479855.0,426959.62,435397.19,435370.2574999997,33733.3608741772
16,2012-05-25,518045.09,False,B,57197,57.36,3.804,197.5886046,6.169,68326.56,0.0,8554.62,22180.739999999998,96979.5,2012,21,5,NoHoliday,493506.47,479855.0,444718.68,449691.5599999997,44618.81174649142
16,2012-06-01,532311.9299999999,False,B,57197,58.97,3.764,197.6218954,6.169,289555.75,1590.3999999999999,4289.11,6990.66,68796.16,2012,22,6,NoHoliday,518045.09,493506.47,531080.31,479591.54499999975,38481.55055165355
16,2012-06-08,603618.89,False,B,57197,65.43,3.741,197.6551863,6.169,247838.24,2529.6000000000004,4345.2,41601.04,375424.6,2012,23,6,NoHoliday,532311.9299999999,518045.09,600952.06,505929.62249999976,23643.401886762913
16,2012-06-15,570045.79,False,B,57197,65.36,3.723,197.692292,6.169,470831.11,9500.6,8435.97,43064.92,132724.32,2012,24,6,NoHoliday,603618.89,532311.9299999999,581546.23,536870.5949999997,47296.80499259601
16,2012-06-22,581745.72,False,B,57197,70.41,3.735,197.7389345,6.169,89101.76999999999,13869.0,18.630000000000003,48056.43,116066.97,2012,25,6,NoHoliday,570045.79,603618.89,569105.03,556005.4249999998,38585.587280225714
16,2012-06-29,570162.28,False,B,57197,77.31,3.693,197.785577,6.169,48294.840000000004,7088.400000000001,0.0,30051.12,90773.09999999999,2012,26,6,NoHoliday,581745.72,570045.79,608737.56,571930.5824999998,29853.39637325106
16,2012-07-06,641763.53,False,B,57197,70.49,3.646,197.8322195,6.061,112273.92,4953.599999999999,943.1999999999999,30284.64,432990.0,2012,27,7,NoHoliday,570162.28,581745.72,634634.66,581393.1699999998,15800.873858645027
16,2012-07-13,569005.0599999999,False,B,57197,70.29,3.613,197.8788621,6.061,161536.04,1217.1999999999998,140.76,66864.4,124727.64,2012,28,7,NoHoliday,641763.53,570162.28,586841.77,590929.3299999997,34330.97333759139
16,2012-07-20,565297.54,False,B,57197,68.43,3.585,197.9290378,6.061,76963.98000000001,7269.15,323.61,13561.26,65459.61,2012,29,7,NoHoliday,569005.0599999999,641763.53,581758.22,590669.1474999997,34545.273595130755
16,2012-07-27,539337.87,False,B,57197,69.0,3.57,197.9792136,6.061,38875.979999999996,2096.82,0.0,56450.46,96196.31999999999,2012,30,7,NoHoliday,565297.54,569005.0599999999,582381.95,586557.1024999998,36862.732019143274
16,2012-08-03,584000.71,False,B,57197,68.59,3.528,198.0293893,6.061,331300.74,0.0,0.0,209094.15,203266.41,2012,31,8,NoHoliday,539337.87,565297.54,592981.33,578850.9999999998,43969.35556296013
16,2012-08-10,554036.84,False,B,57197,70.24,3.509,198.0795651,6.061,471456.89,750.4,737.0,203143.33,153872.87,2012,32,8,NoHoliday,584000.71,539337.87,563884.47,564410.2949999998,18567.982517953966
16,2012-08-17,521896.60000000003,False,B,57197,62.07,3.545,198.1001057,6.061,26526.5,0.0,71.5,56574.7,39312.0,2012,33,8,NoHoliday,554036.84,584000.71,554630.42,560668.2399999998,18839.62778383931
16,2012-08-24,551152.15,False,B,57197,61.44,3.558,198.0984199,6.061,105839.96,1088.0,227.12,59095.399999999994,114996.15999999999,2012,34,8,NoHoliday,521896.60000000003,554036.84,557312.01,549818.0049999998,26303.953927622846
16,2012-08-31,551837.3099999999,False,B,57197,64.19,3.556,198.0967341,6.061,583060.7999999999,0.0,2397.26,239597.36,301075.89,2012,35,8,NoHoliday,551152.15,521896.60000000003,580805.3300000001,552771.5749999997,25382.056568651788
16,2012-09-07,537138.58,True,B,57197,60.09,3.596,198.0950484,6.061,155802.96,-678.64,2545.24,27984.039999999997,107218.32,2012,36,9,LaborDay,551837.3099999999,551152.15,574622.56,544730.7249999997,15272.407475735634
16,2012-09-14,526525.16,False,B,57197,56.69,3.659,198.1267184,6.061,367344.96,0.0,641.7,90185.06999999999,308763.96,2012,37,9,NoHoliday,537138.58,551837.3099999999,539081.09,540506.1599999997,14134.925797065192
16,2012-09-21,509942.56,False,B,57197,56.48,3.765,198.358523,6.061,266126.16,129.88,0.0,9747.8,384948.0,2012,38,9,NoHoliday,526525.16,537138.58,504856.97,541663.2999999997,12154.356249970879
16,2012-09-28,469607.73,False,B,57197,51.4,3.789,198.5903276,6.061,147009.33000000002,263.58,0.0,40289.1,97250.67,2012,39,9,NoHoliday,509942.56,526525.16,450075.31,531360.9024999997,17652.144557028416
16,2012-10-05,471281.68,False,B,57197,50.46,3.779,198.8221322,5.847,149331.61,0.0,1562.44,102798.76999999999,298236.43,2012,40,10,NoHoliday,469607.73,509942.56,482926.93,510803.5074999997,29656.588449287632
16,2012-10-12,491817.19,False,B,57197,43.26,3.76,199.0539368,5.847,36562.4,0.0,776.3,2814.0,367332.0,2012,41,10,NoHoliday,471281.68,469607.73,498241.06,494339.28249999974,28417.69226678012
16,2012-10-19,577198.97,False,B,57197,40.59,3.75,199.1481963,5.847,88184.06999999999,0.0,80.03999999999999,1130.22,96288.12,2012,42,10,NoHoliday,491817.19,471281.68,560104.16,485662.28999999975,19078.47955211627
16,2012-10-26,475770.14,False,B,57197,40.99,3.686,199.2195317,5.847,159986.4,1433.6000000000001,0.0,14137.9,86618.70000000001,2012,43,10,NoHoliday,577198.97,491817.19,505918.21,502476.3924999998,50828.277066638984
17,2011-02-04,816603.05,False,B,93188,11.29,2.974,127.7195806,6.866,0.0,0.0,0.0,0.0,0.0,2011,5,2,NoHoliday,736335.6900000001,755804.37,789036.02,833430.3899999998,166720.01949866652
17,2011-02-11,813211.46,True,B,93188,14.19,3.034,127.859129,6.866,0.0,0.0,0.0,0.0,0.0,2011,6,2,SuperBowl,816603.05,736335.6900000001,841951.91,766813.3674999998,34631.58129395052
17,2011-02-18,860962.91,False,B,93188,26.86,3.062,127.99525,6.866,0.0,0.0,0.0,0.0,0.0,2011,7,2,NoHoliday,813211.46,816603.05,800714.0,780488.6424999998,40553.79035942868
17,2011-02-25,767256.53,False,B,93188,24.36,3.12,128.13,6.866,0.0,0.0,0.0,0.0,0.0,2011,8,2,NoHoliday,860962.91,813211.46,749549.55,806778.2774999999,51755.98041007374
17,2011-03-04,816138.33,False,B,93188,24.21,3.23,128.26475,6.866,0.0,0.0,0.0,0.0,0.0,2011,9,3,NoHoliday,767256.53,860962.91,783300.05,814508.4874999998,38283.28760615175
17,2011-03-11,779602.36,False,B,93188,32.42,3.346,128.3995,6.866,0.0,0.0,0.0,0.0,0.0,2011,10,3,NoHoliday,816138.33,767256.53,763961.82,814392.3074999998,38275.51668775919
17,2011-03-18,778436.81,False,B,93188,34.48,3.407,128.5121935,6.866,0.0,0.0,0.0,0.0,0.0,2011,11,3,NoHoliday,779602.36,816138.33,752034.52,805990.0324999997,42117.2912973473
17,2011-03-25,781267.76,False,B,93188,36.71,3.435,128.6160645,6.866,0.0,0.0,0.0,0.0,0.0,2011,12,3,NoHoliday,778436.81,779602.36,793097.64,785358.5074999997,21261.249515482927
17,2011-04-01,795859.23,False,B,93188,39.38,3.487,128.7199355,6.774,0.0,0.0,0.0,0.0,0.0,2011,13,4,NoHoliday,781267.76,778436.81,848521.17,788861.3149999997,18221.74687060205
17,2011-04-08,811855.72,False,B,93188,39.16,3.547,128.8238065,6.774,0.0,0.0,0.0,0.0,0.0,2011,14,4,NoHoliday,795859.23,781267.76,770228.02,783791.5399999998,8128.570392621349
17,2011-04-15,825283.4299999999,False,B,93188,39.98,3.616,128.9107333,6.774,0.0,0.0,0.0,0.0,0.0,2011,15,4,NoHoliday,811855.72,795859.23,757738.76,791854.8799999998,15364.462590243576
17,2011-04-22,1060770.11,False,B,93188,42.24,3.655,128.9553,6.774,0.0,0.0,0.0,0.0,0.0,2011,16,4,NoHoliday,825283.4299999999,811855.72,977790.83,803566.5349999997,19122.16892581716
17,2011-04-29,806979.15,False,B,93188,40.14,3.683,128.9998667,6.774,0.0,0.0,0.0,0.0,0.0,2011,17,4,NoHoliday,1060770.11,825283.4299999999,807798.73,873442.1224999998,125463.17487040011
17,2011-05-06,882132.28,False,B,93188,45.66,3.744,129.0444333,6.774,0.0,0.0,0.0,0.0,0.0,2011,18,5,NoHoliday,806979.15,1060770.11,843848.65,876222.1024999997,123275.21120829521
17,2011-05-13,870625.49,False,B,93188,49.26,3.77,129.089,6.774,0.0,0.0,0.0,0.0,0.0,2011,19,5,NoHoliday,882132.28,806979.15,813756.09,893791.2424999998,115826.7864470278
17,2011-05-20,844443.35,False,B,93188,51.93,3.802,129.0756774,6.774,0.0,0.0,0.0,0.0,0.0,2011,20,5,NoHoliday,870625.49,882132.28,826626.5,905126.7574999997,108898.8666761219
17,2011-05-27,892056.64,False,B,93188,51.04,3.778,129.0623548,6.774,0.0,0.0,0.0,0.0,0.0,2011,21,5,NoHoliday,844443.35,870625.49,872817.62,851045.0674999998,33342.64279356976
17,2011-06-03,895020.48,False,B,93188,49.61,3.752,129.0490323,6.774,0.0,0.0,0.0,0.0,0.0,2011,22,6,NoHoliday,892056.64,844443.35,876902.87,872314.4399999998,20540.972494096448
17,2011-06-10,881190.46,False,B,93188,54.57,3.732,129.0357097,6.774,0.0,0.0,0.0,0.0,0.0,2011,23,6,NoHoliday,895020.48,892056.64,845252.21,875536.4899999998,23405.43027031459
17,2011-06-17,894686.67,False,B,93188,56.61,3.704,129.0432,6.774,0.0,0.0,0.0,0.0,0.0,2011,24,6,NoHoliday,881190.46,895020.48,877996.27,878177.7324999998,23262.18180080671
17,2011-06-24,920719.98,False,B,93188,60.99,3.668,129.0663,6.774,0.0,0.0,0.0,0.0,0.0,2011,25,6,NoHoliday,894686.67,881190.46,893995.44,890738.5624999998,6501.947399775518
17,2011-07-01,940554.34,False,B,93188,67.39,3.613,129.0894,6.745,0.0,0.0,0.0,0.0,0.0,2011,26,7,NoHoliday,920719.98,894686.67,958875.37,897904.3974999997,16518.44688010692
17,2011-07-08,915064.22,False,B,93188,70.6,3.563,129.1125,6.745,0.0,0.0,0.0,0.0,0.0,2011,27,7,NoHoliday,940554.34,920719.98,836915.92,909287.8624999997,26526.369116248243
17,2011-07-15,902727.76,False,B,93188,67.93,3.553,129.1338387,6.745,0.0,0.0,0.0,0.0,0.0,2011,28,7,NoHoliday,915064.22,940554.34,876591.41,917756.3024999998,18867.86642293142
17,2011-07-22,899044.34,False,B,93188,69.82,3.563,129.1507742,6.745,0.0,0.0,0.0,0.0,0.0,2011,29,7,NoHoliday,902727.76,915064.22,893504.87,919766.5749999997,15763.60273914751
17,2011-07-29,861894.77,False,B,93188,68.59,3.574,129.1677097,6.745,0.0,0.0,0.0,0.0,0.0,2011,30,7,NoHoliday,899044.34,902727.76,833517.19,914347.6649999998,18766.25707577095
17,2011-08-05,866184.92,False,B,93188,65.71,3.595,129.1846452,6.745,0.0,0.0,0.0,0.0,0.0,2011,31,8,NoHoliday,861894.77,899044.34,795301.17,894682.7724999997,22907.070270121985
17,2011-08-12,800819.79,False,B,93188,64.79,3.606,129.2015806,6.745,0.0,0.0,0.0,0.0,0.0,2011,32,8,NoHoliday,866184.92,861894.77,759995.1799999999,882462.9474999998,21398.04748004594
17,2011-08-19,797523.04,False,B,93188,67.59,3.578,129.2405806,6.745,0.0,0.0,0.0,0.0,0.0,2011,33,8,NoHoliday,800819.79,866184.92,783929.7,856985.9549999998,40956.33146577897
17,2011-08-26,837390.79,False,B,93188,72.04,3.57,129.2832581,6.745,0.0,0.0,0.0,0.0,0.0,2011,34,8,NoHoliday,797523.04,800819.79,802583.89,831605.6299999999,37516.88590697398
17,2011-09-02,847380.07,False,B,93188,69.31,3.58,129.3259355,6.745,0.0,0.0,0.0,0.0,0.0,2011,35,9,NoHoliday,837390.79,797523.04,834373.73,825479.6349999998,32600.996916232434
17,2011-09-09,1161900.18,True,B,93188,61.94,3.619,129.3686129,6.745,0.0,0.0,0.0,0.0,0.0,2011,36,9,LaborDay,847380.07,837390.79,1200888.28,820778.4224999998,25316.517863336743
17,2011-09-16,1051116.95,False,B,93188,61.48,3.641,129.4306,6.745,0.0,0.0,0.0,0.0,0.0,2011,37,9,NoHoliday,1161900.18,847380.07,871264.25,911048.5199999998,168615.6602534839
17,2011-09-23,895535.31,False,B,93188,56.96,3.648,129.5183333,6.745,0.0,0.0,0.0,0.0,0.0,2011,38,9,NoHoliday,1051116.95,1161900.18,852876.2899999999,974446.9974999997,159109.3809556994
17,2011-09-30,868191.05,False,B,93188,61.4,3.623,129.6060667,6.745,0.0,0.0,0.0,0.0,0.0,2011,39,9,NoHoliday,895535.31,1051116.95,829207.27,988983.1274999997,144389.33413128165
17,2011-10-07,918006.9,False,B,93188,54.4,3.592,129.6938,6.617,0.0,0.0,0.0,0.0,0.0,2011,40,10,NoHoliday,868191.05,895535.31,827738.06,994185.8724999998,137811.30251652352
17,2011-10-14,884042.63,False,B,93188,47.69,3.567,129.7706452,6.617,0.0,0.0,0.0,0.0,0.0,2011,41,10,NoHoliday,918006.9,868191.05,838297.32,933212.5524999999,81199.40313319983
17,2011-10-21,877380.22,False,B,93188,47.27,3.579,129.7821613,6.617,0.0,0.0,0.0,0.0,0.0,2011,42,10,NoHoliday,884042.63,918006.9,815093.76,891443.9724999998,20958.7407025963
17,2011-10-28,936508.43,False,B,93188,41.89,3.567,129.7936774,6.617,0.0,0.0,0.0,0.0,0.0,2011,43,10,NoHoliday,877380.22,884042.63,861941.25,886905.1999999997,21729.048944759903
17,2011-11-04,927657.63,False,B,93188,37.52,3.538,129.8051935,6.617,0.0,0.0,0.0,0.0,0.0,2011,44,11,NoHoliday,936508.43,877380.22,818434.49,903984.5449999998,28046.98211825804
17,2011-11-11,914759.2,False,B,93188,27.61,3.513,129.8167097,6.617,271515.0,287936.31,15571.23,173577.09,207675.51,2011,45,11,NoHoliday,927657.63,936508.43,855459.96,906397.2274999998,30002.24427224092
17,2011-11-18,877724.31,False,B,93188,32.93,3.489,129.8268333,6.617,408331.84,16815.72,2202.52,44437.32,298588.68,2011,46,11,NoHoliday,914759.2,927657.63,782252.57,914076.3699999998,26043.051668830878
17,2011-11-25,1225700.28,True,B,93188,32.81,3.445,129.8364,6.617,21711.2,12681.9,4346709.5,7436.799999999999,90461.0,2011,47,11,Thanksgiving,877724.31,914759.2,1005448.76,914162.3924999997,25881.504738682
17,2011-12-02,945267.68,False,B,93188,26.47,3.389,129.8459667,6.617,383802.83999999997,15382.86,1130280.72,158929.08000000002,1221786.45,2011,48,12,NoHoliday,1225700.28,877724.31,926573.81,986460.3549999997,160891.3559849431
17,2011-12-09,976522.93,False,B,93188,17.56,3.341,129.8555333,6.617,605640.65,0.0,2101.6,59642.84,475770.29,2011,49,12,NoHoliday,945267.68,1225700.28,962475.55,990862.8674999998,158975.50422732893
17,2011-12-16,1067754.06,False,B,93188,21.07,3.282,129.8980645,6.617,234980.2,2.1,2714.6,90034.7,183321.6,2011,50,12,NoHoliday,976522.93,945267.68,1049372.38,1006303.7999999998,151964.69858454584
17,2011-12-23,1289156.9,False,B,93188,18.76,3.186,129.9845484,6.617,67130.5,2529.73,76525.22,4092.44,170742.22,2011,51,12,NoHoliday,1067754.06,976522.93,1309226.79,1053811.2374999998,125824.52275797645
17,2011-12-30,777207.3,True,B,93188,26.73,3.119,130.0710323,6.617,310744.7,2967429.5,8405.6,95683.0,166856.9,2011,52,12,Christmas,1289156.9,1067754.06,635862.55,1069675.3924999996,155274.47080611647
17,2012-01-06,1198104.22,False,B,93188,27.64,3.08,130.1575161,6.403,368166.95,858425.5,2406.9,105794.26,343120.28,2012,1,1,NoHoliday,777207.3,1289156.9,1083071.14,1027660.2974999999,212390.92669103382
17,2012-01-13,873576.96,False,B,93188,20.28,3.056,130.244,6.403,111805.92,281644.56,37.44,39041.28,123117.84,2012,2,1,NoHoliday,1198104.22,777207.3,758510.36,1083055.6199999996,223227.27623423643
17,2012-01-20,809272.65,False,B,93188,27.26,3.047,130.2792258,6.403,103772.89,40990.43,0.0,31409.69,99949.54,2012,3,1,NoHoliday,873576.96,1198104.22,755804.37,1034511.3449999997,247461.94002359756
17,2012-01-27,769522.33,False,B,93188,29.99,3.058,130.3144516,6.403,128429.0,47895.4,0.0,8260.0,77637.0,2012,4,1,NoHoliday,809272.65,873576.96,736335.6900000001,914540.2824999997,193242.6134640573
17,2012-02-03,864852.85,False,B,93188,26.26,3.077,130.3496774,6.403,2295564.6,385662.9,2727.2000000000003,2504968.2,316300.6,2012,5,2,NoHoliday,769522.33,809272.65,816603.05,912619.0399999998,195092.47102269984
17,2012-02-10,880165.7,True,B,93188,23.63,3.116,130.3849032,6.403,396093.6,944910.3999999999,1138.8999999999999,300481.3,420609.7,2012,6,2,SuperBowl,864852.85,769522.33,813211.46,829306.1974999998,48986.116247338796
17,2012-02-17,927084.65,False,B,93188,30.76,3.119,130.4546207,6.403,771244.6,1012751.81,187.44,600657.1599999999,336545.68,2012,7,2,NoHoliday,880165.7,864852.85,860962.91,830953.3824999997,51038.725374342226
17,2012-02-24,843864.4299999999,False,B,93188,30.01,3.145,130.5502069,6.403,604025.1,235783.80000000002,0.0,271359.2,306517.39999999997,2012,8,2,NoHoliday,927084.65,880165.7,767256.53,860406.3824999998,66121.3633075136
17,2012-03-02,856178.47,False,B,93188,26.28,3.242,130.6457931,6.403,1012835.6,81472.3,2616.6000000000004,613991.0,156645.3,2012,9,3,NoHoliday,843864.4299999999,927084.65,816138.33,878991.9074999997,35346.580657444254
17,2012-03-09,860224.98,False,B,93188,32.02,3.38,130.7413793,6.403,276140.2,7343.7,151.20000000000002,38559.5,260233.4,2012,10,3,NoHoliday,856178.47,843864.4299999999,779602.36,876823.3124999998,36741.76124884613
17,2012-03-16,853136.46,False,B,93188,43.69,3.529,130.8261935,6.403,439781.85,3182.9700000000003,70.38,133742.69999999998,88236.51,2012,11,3,NoHoliday,860224.98,856178.47,778436.81,871838.1324999998,37482.42284970572
17,2012-03-23,851762.28,False,B,93188,40.69,3.671,130.8966452,6.403,349168.29,2966.31,0.0,21741.9,96557.91,2012,12,3,NoHoliday,853136.46,860224.98,781267.76,853351.0849999997,6959.100166994817
17,2012-03-30,872469.03,False,B,93188,45.29,3.734,130.9670968,6.403,591957.53,5283.11,426.0,29687.23,244562.34,2012,13,3,NoHoliday,851762.28,853136.46,795859.23,855325.5474999998,3751.483928002333
17,2012-04-06,986922.62,False,B,93188,43.92,3.793,131.0375484,6.235,786124.07,0.0,3105.54,163282.25,297635.55,2012,14,4,NoHoliday,872469.03,851762.28,811855.72,859398.1874999998,9470.072582343962
17,2012-04-13,877055.32,False,B,93188,46.94,3.833,131.108,6.235,162962.1,489241.9,252.0,62702.5,108195.5,2012,15,4,NoHoliday,986922.62,872469.03,825283.4299999999,891072.5974999998,64595.59099340356
17,2012-04-20,1119979.98,False,B,93188,47.69,3.845,131.1173333,6.235,179920.3,90184.5,147.0,23906.399999999998,151049.5,2012,16,4,NoHoliday,877055.32,986922.62,1060770.11,897052.3124999998,60915.45151965262
17,2012-04-27,925916.65,False,B,93188,59.11,3.842,131.1266667,6.235,128300.2,0.0,113.4,625.8,154797.3,2012,17,4,NoHoliday,1119979.98,877055.32,806979.15,964106.7374999998,116608.24863097034
17,2012-05-04,930121.14,False,B,93188,48.86,3.831,131.136,6.235,699699.33,0.0,12533.85,186978.96000000002,128293.76999999999,2012,18,5,NoHoliday,925916.65,1119979.98,882132.28,977468.6424999997,105102.017539837
17,2012-05-11,944100.2999999999,False,B,93188,49.96,3.809,131.1453333,6.235,440204.10000000003,0.0,1581.3,69828.5,88671.1,2012,19,5,NoHoliday,930121.14,925916.65,870625.49,963268.2724999997,107214.90652376962
17,2012-05-18,968816.33,False,B,93188,59.67,3.808,131.0983226,6.235,269329.9,0.0,6505.1,85133.3,168210.0,2012,20,5,NoHoliday,944100.2999999999,930121.14,844443.35,980029.5174999997,93623.51769702493
17,2012-05-25,984881.59,False,B,93188,55.69,3.801,131.0287742,6.235,387024.4,0.0,5026.7,41709.5,192801.0,2012,21,5,NoHoliday,968816.33,944100.2999999999,892056.64,942238.6049999997,19348.389661768808
17,2012-06-01,938914.28,False,B,93188,54.13,3.788,130.9592258,6.235,275739.18,1725.0,2194.2000000000003,115068.54000000001,60809.7,2012,22,6,NoHoliday,984881.59,968816.33,895020.48,956979.8399999997,24534.889884259865
17,2012-06-08,987990.24,False,B,93188,60.51,3.776,130.8896774,6.235,430117.02,9673.8,22655.46,52707.72,310619.37,2012,23,6,NoHoliday,938914.28,984881.59,881190.46,959178.1249999997,21537.00172228389
17,2012-06-15,964169.67,False,B,93188,56.67,3.756,130.8295333,6.235,430941.60000000003,10437.0,12.78,138412.37,97531.28,2012,24,6,NoHoliday,987990.24,938914.28,894686.67,970150.6099999998,22455.45802471125
17,2012-06-22,981210.57,False,B,93188,62.9,3.737,130.7929,6.235,238022.44,31754.64,0.0,121688.04,202679.44,2012,25,6,NoHoliday,964169.67,987990.24,920719.98,968988.9449999998,22666.688209609878
17,2012-06-29,982322.24,False,B,93188,71.14,3.681,130.7562667,6.235,199770.87,19409.7,0.0,24684.75,82458.45,2012,26,6,NoHoliday,981210.57,964169.67,940554.34,968071.1899999997,21868.997224072704
17,2012-07-06,1046782.52,False,B,93188,68.91,3.63,130.7196333,5.936,668056.48,8704.0,1725.84,271343.8,246039.64,2012,27,7,NoHoliday,982322.24,981210.57,915064.22,978923.1799999998,10273.970285362526
17,2012-07-13,960746.04,False,B,93188,72.94,3.595,130.683,5.936,407019.89999999997,4543.0,12.6,126520.1,119363.3,2012,28,7,NoHoliday,1046782.52,982322.24,902727.76,993621.2499999998,36401.50545222909
17,2012-07-20,944698.7,False,B,93188,70.59,3.556,130.7012903,5.936,195717.12,2359.8,1397.25,50973.75,82075.5,2012,29,7,NoHoliday,960746.04,1046782.52,899044.34,992765.3424999998,37352.65432344117
17,2012-07-27,907493.24,False,B,93188,74.2,3.537,130.7195806,5.936,299805.69,3974.4,537.51,273642.27,421909.47000000003,2012,30,7,NoHoliday,944698.7,960746.04,861894.77,983637.3749999998,44830.319152671895
17,2012-08-03,877813.33,False,B,93188,72.94,3.512,130.737871,5.936,933084.44,3848.8,567.12,839377.7200000001,122253.12,2012,31,8,NoHoliday,907493.24,944698.7,866184.92,964930.1249999998,58950.90457482733
17,2012-08-10,849074.04,False,B,93188,73.29,3.509,130.7561613,5.936,256125.24,634.8,304.98,159839.19,111321.84,2012,32,8,NoHoliday,877813.33,907493.24,800819.79,922687.8274999997,37316.22552408452
17,2012-08-17,844928.17,False,B,93188,70.98,3.545,130.7909677,5.936,126490.11,386.4,55.89,92782.23000000001,117786.45,2012,33,8,NoHoliday,849074.04,877813.33,797523.04,894769.8274999997,40948.77017889914
17,2012-08-24,924299.78,False,B,93188,68.89,3.582,130.8381613,5.936,227901.8,420.0,3511.9,211555.4,264765.2,2012,34,8,NoHoliday,844928.17,849074.04,837390.79,869827.1949999998,29058.35615102042
17,2012-08-31,865924.2,False,B,93188,68.07,3.624,130.8853548,5.936,775283.3099999999,0.0,188.37,251734.77,135540.15,2012,35,8,NoHoliday,924299.78,844928.17,847380.07,874028.8299999997,36565.37893757772
17,2012-09-07,1255633.29,True,B,93188,61.99,3.689,130.9325484,5.936,910958.6000000001,0.0,1229.4399999999998,88376.20000000001,90652.15999999999,2012,36,9,LaborDay,865924.2,924299.78,1161900.18,871056.5474999999,36638.347600538356
17,2012-09-14,1071040.22,False,B,93188,59.64,3.749,130.9776667,5.936,387841.41000000003,0.0,962.55,17971.739999999998,316382.25,2012,37,9,NoHoliday,1255633.29,865924.2,1051116.95,972696.3599999999,191590.30928909834
17,2012-09-21,938303.28,False,B,93188,58.43,3.821,131.0103333,5.936,416423.97000000003,131.79,1000.5,59315.159999999996,423170.79,2012,38,9,NoHoliday,1071040.22,1255633.29,895535.31,1029224.3724999998,173863.62421497694
17,2012-09-28,972716.24,False,B,93188,57.77,3.821,131.043,5.936,334884.99,0.0,639.0,136739.61000000002,116676.43,2012,39,9,NoHoliday,938303.28,1071040.22,868191.05,1032725.2474999998,171166.7120310295
17,2012-10-05,952609.17,False,B,93188,52.81,3.815,131.0756667,5.527,218131.19999999998,0.0,0.0,161714.88,218409.84,2012,40,10,NoHoliday,972716.24,938303.28,918006.9,1059423.2574999998,142386.1960827402
17,2012-10-12,919878.3400000001,False,B,93188,44.82,3.797,131.1083333,5.527,81984.7,0.0,250.6,26028.8,264332.6,2012,41,10,NoHoliday,952609.17,972716.24,884042.63,983667.2274999998,59934.56046417167
17,2012-10-19,957356.84,False,B,93188,48.16,3.781,131.1499677,5.527,50287.17,0.0,99.39999999999999,994.71,94328.47,2012,42,10,NoHoliday,919878.3400000001,952609.17,877380.22,945876.7574999998,22352.91534229355
17,2012-10-26,943465.29,False,B,93188,39.94,3.755,131.1930968,5.527,397151.99,7966.2,0.0,9523.23,53124.33,2012,43,10,NoHoliday,957356.84,919878.3400000001,936508.43,950640.1474999997,22230.8619453126
18,2011-02-04,1055841.24,False,B,120653,20.79,3.24,133.1834194,9.131,0.0,0.0,0.0,0.0,0.0,2011,5,2,NoHoliday,849540.85,891148.55,1205307.5,862956.2449999998,66770.07480153238
18,2011-02-11,1122053.58,True,B,120653,24.3,3.255,133.260871,9.131,0.0,0.0,0.0,0.0,0.0,2011,6,2,SuperBowl,1055841.24,849540.85,1187880.7,893426.4799999997,118073.47042257623
18,2011-02-18,1095058.57,False,B,120653,31.59,3.263,133.3701429,9.131,0.0,0.0,0.0,0.0,0.0,2011,7,2,NoHoliday,1122053.58,1055841.24,1150663.42,979646.0549999998,130185.48581817273
18,2011-02-25,1005983.3099999999,False,B,120653,26.15,3.281,133.4921429,9.131,0.0,0.0,0.0,0.0,0.0,2011,8,2,NoHoliday,1095058.57,1122053.58,1068157.45,1030623.5599999998,123744.62724557829
18,2011-03-04,1063310.62,False,B,120653,28.49,3.437,133.6141429,9.131,0.0,0.0,0.0,0.0,0.0,2011,9,3,NoHoliday,1005983.3099999999,1095058.57,1179738.5,1069734.1749999998,50450.74017576302
18,2011-03-11,1002714.25,False,B,120653,38.4,3.6,133.7361429,9.131,0.0,0.0,0.0,0.0,0.0,2011,10,3,NoHoliday,1063310.62,1005983.3099999999,1138800.32,1071601.5199999998,49900.34087851089
18,2011-03-18,945889.59,False,B,120653,41.12,3.634,133.8492258,9.131,0.0,0.0,0.0,0.0,0.0,2011,11,3,NoHoliday,1002714.25,1063310.62,1087507.47,1041766.6874999998,45128.36782620462
18,2011-03-25,944523.3,False,B,120653,36.65,3.624,133.9587419,9.131,0.0,0.0,0.0,0.0,0.0,2011,12,3,NoHoliday,945889.59,1002714.25,1092704.09,1004474.4424999997,47955.72848660194
18,2011-04-01,938083.17,False,B,120653,35.06,3.638,134.0682581,8.975,0.0,0.0,0.0,0.0,0.0,2011,13,4,NoHoliday,944523.3,945889.59,1254107.84,989109.4399999998,56411.53925295986
18,2011-04-08,1018541.3,False,B,120653,43.32,3.72,134.1777742,8.975,0.0,0.0,0.0,0.0,0.0,2011,14,4,NoHoliday,938083.17,944523.3,1174447.55,957802.5774999998,30133.988789014657
18,2011-04-15,988157.72,False,B,120653,49.91,3.823,134.2784667,8.975,0.0,0.0,0.0,0.0,0.0,2011,15,4,NoHoliday,1018541.3,938083.17,1135577.6199999999,961759.3399999999,38007.37668430752
18,2011-04-22,1105860.06,False,B,120653,45.99,3.919,134.3571,8.975,0.0,0.0,0.0,0.0,0.0,2011,16,4,NoHoliday,988157.72,1018541.3,1132433.55,972326.3724999998,38000.258093010605
18,2011-04-29,974114.39,False,B,120653,58.82,3.988,134.4357333,8.975,0.0,0.0,0.0,0.0,0.0,2011,17,4,NoHoliday,1105860.06,988157.72,1060446.16,1012660.5624999998,70434.14458553818
18,2011-05-06,1065427.37,False,B,120653,54.17,4.078,134.5143667,8.975,0.0,0.0,0.0,0.0,0.0,2011,18,5,NoHoliday,974114.39,1105860.06,1222255.47,1021668.3674999998,59111.09289329189
18,2011-05-13,993172.98,False,B,120653,58.48,4.095,134.593,8.975,0.0,0.0,0.0,0.0,0.0,2011,19,5,NoHoliday,1065427.37,974114.39,1092616.49,1033389.8849999998,62816.82303266763
18,2011-05-20,994610.43,False,B,120653,57.55,4.101,134.6803871,8.975,0.0,0.0,0.0,0.0,0.0,2011,20,5,NoHoliday,993172.98,1065427.37,1101621.3599999999,1034643.6999999998,61652.310734546816
18,2011-05-27,1065214.14,False,B,120653,64.6,4.034,134.7677742,8.975,0.0,0.0,0.0,0.0,0.0,2011,21,5,NoHoliday,994610.43,993172.98,1256282.79,1006831.2924999999,40165.47019595414
18,2011-06-03,1178039.0,False,B,120653,70.9,3.973,134.8551613,8.975,0.0,0.0,0.0,0.0,0.0,2011,22,6,NoHoliday,1065214.14,994610.43,1271311.76,1029606.2299999997,41243.848222833956
18,2011-06-10,1044079.2,False,B,120653,69.49,3.924,134.9425484,8.975,0.0,0.0,0.0,0.0,0.0,2011,23,6,NoHoliday,1178039.0,1065214.14,1173521.82,1057759.1374999997,86952.00473986348
18,2011-06-17,1045859.39,False,B,120653,63.23,3.873,135.0837333,8.975,0.0,0.0,0.0,0.0,0.0,2011,24,6,NoHoliday,1044079.2,1178039.0,1183225.92,1070485.6924999997,77566.87765096818
18,2011-06-24,1056478.65,False,B,120653,67.41,3.851,135.2652667,8.975,0.0,0.0,0.0,0.0,0.0,2011,25,6,NoHoliday,1045859.39,1044079.2,1220983.17,1083297.9324999996,63881.78369892331
18,2011-07-01,1087051.26,False,B,120653,69.75,3.815,135.4468,8.89,0.0,0.0,0.0,0.0,0.0,2011,26,7,NoHoliday,1056478.65,1045859.39,1257928.35,1081114.0599999996,64848.07895359426
18,2011-07-08,1048802.62,False,B,120653,73.12,3.784,135.6283333,8.89,0.0,0.0,0.0,0.0,0.0,2011,27,7,NoHoliday,1087051.26,1056478.65,1171391.41,1058367.1249999998,19890.82011191903
18,2011-07-15,974916.13,False,B,120653,74.36,3.827,135.7837419,8.89,0.0,0.0,0.0,0.0,0.0,2011,28,7,NoHoliday,1048802.62,1087051.26,1115514.61,1059547.9799999997,18874.069117349576
18,2011-07-22,991262.46,False,B,120653,78.68,3.882,135.8738387,8.89,0.0,0.0,0.0,0.0,0.0,2011,29,7,NoHoliday,974916.13,1048802.62,1032908.23,1041812.1649999998,47559.18228382019
18,2011-07-29,954148.64,False,B,120653,73.85,3.898,135.9639355,8.89,0.0,0.0,0.0,0.0,0.0,2011,30,7,NoHoliday,991262.46,974916.13,1078557.6199999999,1025508.1174999998,51841.12425581206
18,2011-08-05,1002806.39,False,B,120653,74.58,3.903,136.0540323,8.89,0.0,0.0,0.0,0.0,0.0,2011,31,8,NoHoliday,954148.64,991262.46,1166117.85,992282.4624999997,40625.71653481376
18,2011-08-12,928470.83,False,B,120653,73.57,3.88,136.144129,8.89,0.0,0.0,0.0,0.0,0.0,2011,32,8,NoHoliday,1002806.39,954148.64,1084722.78,980783.4049999997,21123.904977917693
18,2011-08-19,932679.79,False,B,120653,69.24,3.82,136.183129,8.89,0.0,0.0,0.0,0.0,0.0,2011,33,8,NoHoliday,928470.83,1002806.39,1141860.67,969172.0799999997,34164.05127582087
18,2011-08-26,1147906.46,False,B,120653,70.32,3.796,136.2136129,8.89,0.0,0.0,0.0,0.0,0.0,2011,34,8,NoHoliday,932679.79,928470.83,1214302.76,954526.4124999997,34094.31640585757
18,2011-09-02,540922.94,False,B,120653,68.23,3.784,136.2440968,8.89,0.0,0.0,0.0,0.0,0.0,2011,35,9,NoHoliday,1147906.46,932679.79,1187359.77,1002965.8674999997,102465.35038701407
18,2011-09-09,951549.61,True,B,120653,68.11,3.809,136.2745806,8.89,0.0,0.0,0.0,0.0,0.0,2011,36,9,LaborDay,540922.94,1147906.46,1011201.12,887495.0049999998,252749.5500579721
18,2011-09-16,845715.37,False,B,120653,66.23,3.809,136.3145,8.89,0.0,0.0,0.0,0.0,0.0,2011,37,9,NoHoliday,951549.61,540922.94,997998.21,893264.6999999997,254255.65993649344
18,2011-09-23,853073.17,False,B,120653,60.44,3.758,136.367,8.89,0.0,0.0,0.0,0.0,0.0,2011,38,9,NoHoliday,845715.37,951549.61,950862.92,871523.5949999997,253478.8016820355
18,2011-09-30,847348.08,False,B,120653,69.01,3.684,136.4195,8.89,0.0,0.0,0.0,0.0,0.0,2011,39,9,NoHoliday,853073.17,845715.37,948977.5,797815.2724999997,177928.61077831028
18,2011-10-07,1019741.1,False,B,120653,54.65,3.633,136.472,8.471,0.0,0.0,0.0,0.0,0.0,2011,40,10,NoHoliday,847348.08,853073.17,1107432.71,874421.5574999998,51515.39742651387
18,2011-10-14,953533.9500000001,False,B,120653,60.26,3.583,136.5150968,8.471,0.0,0.0,0.0,0.0,0.0,2011,41,10,NoHoliday,1019741.1,847348.08,1029618.1,891469.4299999998,85572.62342380415
18,2011-10-21,1048212.62,False,B,120653,55.83,3.618,136.5017742,8.471,0.0,0.0,0.0,0.0,0.0,2011,42,10,NoHoliday,953533.9500000001,1019741.1,1052120.43,918424.0749999997,83307.4240928129
18,2011-10-28,1106642.63,False,B,120653,45.61,3.604,136.4884516,8.471,0.0,0.0,0.0,0.0,0.0,2011,43,10,NoHoliday,1048212.62,953533.9500000001,1038576.54,967208.9374999998,89209.22059828762
18,2011-11-04,1100625.06,False,B,120653,38.29,3.586,136.475129,8.471,0.0,0.0,0.0,0.0,0.0,2011,44,11,NoHoliday,1106642.63,1048212.62,1089530.94,1032032.5749999997,63617.52548861973
18,2011-11-11,1079931.63,False,B,120653,45.69,3.57,136.4618065,8.471,1087492.04,1005941.0,14537.72,198668.8,219769.2,2011,45,11,NoHoliday,1100625.06,1106642.63,1081322.12,1052253.5649999997,70851.63734255968
18,2011-11-18,1056992.18,False,B,120653,47.88,3.571,136.4666667,8.471,360411.15,122937.99,12599.4,80781.06,299920.92000000004,2011,46,11,NoHoliday,1079931.63,1100625.06,1045722.37,1083852.9849999996,26370.96295432584
18,2011-11-25,1624170.99,True,B,120653,41.97,3.536,136.4788,8.471,53166.22,3266.0,5067047.06,1349.0,40995.4,2011,47,11,Thanksgiving,1056992.18,1079931.63,1653759.36,1086047.8749999998,22496.519144686066
18,2011-12-02,1188047.61,False,B,120653,46.25,3.501,136.4909333,8.471,323005.19999999995,490.0,97241.90000000001,169370.6,1626450.7,2011,48,12,NoHoliday,1624170.99,1056992.18,1211026.13,1215429.9649999999,273076.1323841166
18,2011-12-09,1368471.23,False,B,120653,42.36,3.47,136.5030667,8.471,359006.9,735.0,46153.8,194142.2,446226.9,2011,49,12,NoHoliday,1188047.61,1624170.99,1416168.98,1237285.6024999998,264178.39542296925
18,2011-12-16,1516924.23,False,B,120653,35.52,3.445,136.5335161,8.471,236601.11,188.15,62629.81,95864.2,208225.25,2011,50,12,NoHoliday,1368471.23,1188047.61,1588430.71,1309420.5024999997,245632.71689914202
18,2011-12-23,1882393.4,False,B,120653,35.78,3.413,136.5883871,8.471,11196.5,895.3,145829.6,5005.700000000001,149215.5,2011,51,12,NoHoliday,1516924.23,1368471.23,2027507.1500000001,1424403.515,189261.4251114859
18,2011-12-30,1010562.49,True,B,120653,32.36,3.402,136.6432581,8.471,228209.62,3784062.15,21352.54,44117.27,90601.68,2011,52,12,Christmas,1882393.4,1516924.23,887907.01,1488959.1174999997,294752.8052134406
18,2012-01-06,977286.07,False,B,120653,31.27,3.439,136.698129,8.075,439970.67000000004,3104931.53,9119.949999999999,117375.07,605431.2000000001,2012,1,1,NoHoliday,1010562.49,1882393.4,933960.3,1444587.8374999997,361053.0914079327
18,2012-01-13,890130.25,False,B,120653,35.25,3.523,136.753,8.075,267087.09,1591209.4000000001,748.3399999999999,57318.299999999996,211425.93,2012,2,1,NoHoliday,977286.07,1010562.49,777175.28,1346791.5474999999,434126.9979571774
18,2012-01-20,937522.77,False,B,120653,24.2,3.542,136.8564194,8.075,294654.5,358033.9,256.2,29001.7,67557.7,2012,3,1,NoHoliday,890130.25,977286.07,891148.55,1190093.0524999998,464318.67243112624
18,2012-01-27,825584.22,False,B,120653,30.44,3.568,136.9598387,8.075,233104.32,220386.96,0.0,1620.0,47017.44,2012,4,1,NoHoliday,937522.77,890130.25,849540.85,953875.3949999998,51936.9434955187
18,2012-02-03,1049772.04,False,B,120653,37.62,3.633,137.0632581,8.075,1364990.9,225890.0,29710.8,3049963.7,221118.1,2012,5,2,NoHoliday,825584.22,937522.77,1055841.24,907630.8274999998,65277.094117470784
18,2012-02-10,1161615.51,True,B,120653,32.83,3.655,137.1666774,8.075,2574505.5,287399.0,15579.2,1121680.7,618847.6,2012,6,2,SuperBowl,1049772.04,825584.22,1122053.58,925752.3199999998,94555.12425879693
18,2012-02-17,1115985.81,False,B,120653,32.87,3.703,137.2583103,8.075,1233400.53,666793.23,138.0,719930.8200000001,375296.52,2012,7,2,NoHoliday,1161615.51,1049772.04,1095058.57,993623.6349999998,144635.70962636205
18,2012-02-24,1037861.11,False,B,120653,36.34,3.751,137.3411034,8.075,589817.8999999999,719889.7999999999,0.0,99198.4,249683.69999999998,2012,8,2,NoHoliday,1115985.81,1161615.51,1005983.3099999999,1038239.3949999998,149020.57593146435
18,2012-03-02,1047178.91,False,B,120653,33.59,3.827,137.4238966,8.075,1860974.85,167723.82,10528.02,1957376.8199999998,250171.23,2012,9,3,NoHoliday,1037861.11,1115985.81,1063310.62,1091308.6174999997,58120.410330848536
18,2012-03-09,1084894.47,False,B,120653,38.1,3.876,137.5066897,8.075,518712.60000000003,25773.3,1782.2,129667.3,163244.90000000002,2012,10,3,NoHoliday,1047178.91,1037861.11,1002714.25,1090660.3349999997,58749.20999157192
18,2012-03-16,1022018.43,False,B,120653,45.84,3.867,137.5843871,8.075,649896.1,11735.5,345.09999999999997,178845.80000000002,144909.8,2012,11,3,NoHoliday,1084894.47,1047178.91,945889.59,1071480.0749999997,35969.838611206054
18,2012-03-23,1031139.3,False,B,120653,58.06,3.889,137.6552903,8.075,307006.52999999997,16395.09,450.57,32815.71,196555.47,2012,12,3,NoHoliday,1022018.43,1084894.47,944523.3,1047988.2299999997,26706.51993645186
18,2012-03-30,1009121.2,False,B,120653,45.35,3.921,137.7261935,8.075,918562.4,18734.8,485.09999999999997,46029.2,179672.5,2012,13,3,NoHoliday,1031139.3,1022018.43,938083.17,1046307.7774999997,27747.353156531124
18,2012-04-06,1200815.3,False,B,120653,43.8,3.957,137.7970968,8.304,559462.25,0.0,3116.19,226218.07,378991.61,2012,14,4,NoHoliday,1009121.2,1031139.3,1018541.3,1036793.3499999999,33315.3226674038
18,2012-04-13,998443.5,False,B,120653,47.75,4.025,137.868,8.304,405884.5,671459.6000000001,820.4000000000001,104454.0,158279.8,2012,15,4,NoHoliday,1200815.3,1009121.2,988157.72,1065773.5574999996,90479.84085396335
18,2012-04-20,1025813.8,False,B,120653,60.88,4.046,137.9230667,8.304,707123.08,806654.43,750.47,14453.47,181931.82,2012,16,4,NoHoliday,998443.5,1200815.3,1105860.06,1059879.8249999997,94938.02527993624
18,2012-04-27,961186.23,False,B,120653,50.43,4.023,137.9781333,8.304,160108.55000000002,413.93,1699.03,1272.3200000000002,102657.48000000001,2012,17,4,NoHoliday,1025813.8,998443.5,974114.39,1058548.4499999997,95511.03248076272
18,2012-05-04,1050027.89,False,B,120653,49.66,3.991,138.0332,8.304,961641.7999999999,0.0,2767.7999999999997,289226.0,246490.3,2012,18,5,NoHoliday,961186.23,1025813.8,1065427.37,1046564.7074999998,106190.0505071993
18,2012-05-11,1060433.1,False,B,120653,57.44,3.947,138.0882667,8.304,809055.1,0.0,6260.8,109944.1,273810.6,2012,19,5,NoHoliday,1050027.89,961186.23,993172.98,1008867.8549999997,38137.986631724634
18,2012-05-18,1047444.59,False,B,120653,62.31,3.899,138.1065806,8.304,657238.8,0.0,4845.87,59959.62,165375.06,2012,20,5,NoHoliday,1060433.1,1050027.89,994610.43,1024365.2549999998,44546.40936023474
18,2012-05-25,1088446.58,False,B,120653,65.48,3.85,138.1101935,8.304,852555.9,0.0,17596.6,181671.69999999998,112375.2,2012,21,5,NoHoliday,1047444.59,1060433.1,1065214.14,1029772.9524999997,46067.82106520778
18,2012-06-01,1118313.7,False,B,120653,71.42,3.798,138.1138065,8.304,946768.2000000001,84.0,2538.2,132294.4,114073.4,2012,22,6,NoHoliday,1088446.58,1047444.59,1178039.0,1061588.0399999998,18765.12104298973
18,2012-06-08,1110479.94,False,B,120653,59.1,3.746,138.1174194,8.304,659582.0,15260.0,2269.4,29938.3,427952.69999999995,2012,23,6,NoHoliday,1118313.7,1088446.58,1044079.2,1078659.4924999997,31489.759054060025
18,2012-06-15,1057425.83,False,B,120653,66.58,3.683,138.1295333,8.304,446265.53,21044.399999999998,31.24,228914.65,203834.61,2012,24,6,NoHoliday,1110479.94,1118313.7,1045859.39,1091171.2024999997,31775.161803354607
18,2012-06-22,1080357.89,False,B,120653,70.92,3.629,138.1629,8.304,566270.58,32988.21,94.53,257123.66999999998,298324.95,2012,25,6,NoHoliday,1057425.83,1110479.94,1056478.65,1093666.5124999997,27269.090923255317
18,2012-06-29,1097006.3,False,B,120653,70.17,3.577,138.1962667,8.304,295431.08999999997,18138.72,0.0,57269.31,145042.13999999998,2012,26,6,NoHoliday,1080357.89,1057425.83,1087051.26,1091644.3399999999,28073.26706083101
18,2012-07-06,1158247.31,False,B,120653,76.08,3.538,138.2296333,8.535,508484.89999999997,15156.400000000001,7310.1,385563.5,338317.0,2012,27,7,NoHoliday,1097006.3,1080357.89,1048802.62,1086317.4899999998,22864.233341970354
18,2012-07-13,1024784.92,False,B,120653,75.09,3.561,138.263,8.535,457724.4,7914.2,19.6,267254.4,67197.90000000001,2012,28,7,NoHoliday,1158247.31,1097006.3,974916.13,1098259.3324999998,43158.483542245915
18,2012-07-20,1033543.56,False,B,120653,77.43,3.61,138.2331935,8.535,159864.03,11144.880000000001,1868.52,36227.759999999995,61215.42,2012,29,7,NoHoliday,1024784.92,1158247.31,991262.46,1090099.1049999997,54932.44705816568
18,2012-07-27,924506.26,False,B,120653,72.97,3.701,138.2033871,8.535,288582.83999999997,8108.88,407.1,272154.63,321126.0,2012,30,7,NoHoliday,1033543.56,1024784.92,954148.64,1078395.5224999997,62205.20944590854
18,2012-08-03,1052066.58,False,B,120653,72.67,3.698,138.1735806,8.535,1440331.56,4744.93,3310.02,1210306.47,112423.53,2012,31,8,NoHoliday,924506.26,1033543.56,1002806.39,1035270.5124999998,95751.31395141418
18,2012-08-10,967304.07,False,B,120653,75.7,3.772,138.1437742,8.535,1407395.0699999998,9285.33,2878.68,262226.22000000003,149684.46000000002,2012,32,8,NoHoliday,1052066.58,924506.26,928470.83,1008725.3299999998,57286.329592501286
18,2012-08-17,1048134.24,False,B,120653,73.25,3.84,138.1857097,8.535,129684.8,4925.2,623.0,164185.7,53720.8,2012,33,8,NoHoliday,967304.07,1052066.58,932679.79,994355.1174999997,59095.87970516185
18,2012-08-24,1145840.91,False,B,120653,68.52,3.874,138.2814516,8.535,58996.0,4438.0,2287.6,32256.7,228202.1,2012,34,8,NoHoliday,1048134.24,967304.07,1147906.46,998002.7874999997,62663.671027583136
18,2012-08-31,1117097.23,False,B,120653,70.09,3.884,138.3771935,8.535,1463912.8,558.6,6928.6,686035.0,316946.0,2012,35,8,NoHoliday,1145840.91,1048134.24,540922.94,1053336.4499999997,73000.73307182337
18,2012-09-07,1083521.24,True,B,120653,71.85,3.921,138.4729355,8.535,407192.1,210.0,6969.2,24281.6,326537.39999999997,2012,36,9,LaborDay,1117097.23,1145840.91,951549.61,1069594.1124999998,79569.46487945145
18,2012-09-14,960476.1,False,B,120653,64.45,3.988,138.5673,8.535,721409.2799999999,0.0,843.88,99181.4,375381.08,2012,37,9,NoHoliday,1083521.24,1117097.23,845715.37,1098648.4049999998,42221.65186510405
18,2012-09-21,971386.65,False,B,120653,60.23,4.056,138.6534,8.535,539627.61,2873.16,20477.82,91319.43000000001,493914.42000000004,2012,38,9,NoHoliday,960476.1,1083521.24,853073.17,1076733.8699999996,81582.10850620556
18,2012-09-28,1002856.2,False,B,120653,58.24,4.018,138.7395,8.535,157355.80000000002,1591.1000000000001,3189.2000000000003,172545.09999999998,114821.0,2012,39,9,NoHoliday,971386.65,960476.1,847348.08,1033120.3049999997,78910.50386584483
18,2012-10-05,1092204.79,False,B,120653,59.68,4.027,138.8256,8.243,432912.48,0.0,1858.4399999999998,249377.08,242993.92,2012,40,10,NoHoliday,1002856.2,971386.65,1019741.1,1004560.0474999998,55622.662486359935
18,2012-10-12,1074079.0,False,B,120653,50.97,4.029,138.9117,8.243,156883.30000000002,0.0,2105.6,63092.4,251479.19999999998,2012,41,10,NoHoliday,1092204.79,1002856.2,953533.9500000001,1006730.9349999998,59748.1427966125
18,2012-10-19,1048706.75,False,B,120653,51.96,4.0,138.8336129,8.243,132638.1,0.0,156.8,35129.5,101727.5,2012,42,10,NoHoliday,1074079.0,1092204.79,1048212.62,1035131.6599999998,57385.738876477786
18,2012-10-26,1127516.25,False,B,120653,56.09,3.917,138.7281613,8.243,374712.08999999997,8853.39,3450.0,56762.159999999996,66905.16,2012,43,10,NoHoliday,1048706.75,1074079.0,1106642.63,1054461.6849999998,38754.037990913515
19,2011-02-04,1370562.1099999999,False,A,203819,21.02,3.4,133.1834194,7.771,0.0,0.0,0.0,0.0,0.0,2011,5,2,NoHoliday,1284185.49,1212967.84,1507637.17,1225633.4625,43068.98414894314
19,2011-02-11,1430851.11,True,A,203819,21.79,3.416,133.260871,7.771,0.0,0.0,0.0,0.0,0.0,2011,6,2,SuperBowl,1370562.1099999999,1284185.49,1536549.95,1262229.9924999997,84082.84960837426
19,2011-02-18,1457270.16,False,A,203819,34.74,3.42,133.3701429,7.771,0.0,0.0,0.0,0.0,0.0,2011,7,2,NoHoliday,1430851.11,1370562.1099999999,1515976.11,1324641.6374999997,95737.27724347136
19,2011-02-25,1296658.47,False,A,203819,23.24,3.452,133.4921429,7.771,0.0,0.0,0.0,0.0,0.0,2011,8,2,NoHoliday,1457270.16,1430851.11,1373270.06,1385717.2174999998,76801.17361320491
19,2011-03-04,1433569.44,False,A,203819,29.28,3.605,133.6141429,7.771,0.0,0.0,0.0,0.0,0.0,2011,9,3,NoHoliday,1296658.47,1457270.16,1495844.57,1388835.4624999997,71365.57483528352
19,2011-03-11,1351450.43,False,A,203819,35.59,3.752,133.7361429,7.771,0.0,0.0,0.0,0.0,0.0,2011,10,3,NoHoliday,1433569.44,1296658.47,1467889.2,1404587.2949999997,72924.3174751755
19,2011-03-18,1257972.3699999999,False,A,203819,40.32,3.796,133.8492258,7.771,0.0,0.0,0.0,0.0,0.0,2011,11,3,NoHoliday,1351450.43,1433569.44,1332940.35,1384737.1249999995,74187.80152473121
19,2011-03-25,1266564.94,False,A,203819,33.26,3.789,133.9587419,7.771,0.0,0.0,0.0,0.0,0.0,2011,12,3,NoHoliday,1257972.3699999999,1351450.43,1427023.45,1334912.6774999998,76135.51373350897
19,2011-04-01,1305950.22,False,A,203819,30.68,3.811,134.0682581,7.658,0.0,0.0,0.0,0.0,0.0,2011,13,4,NoHoliday,1266564.94,1257972.3699999999,1642970.27,1327389.2949999997,82404.4356559899
19,2011-04-08,1419911.91,False,A,203819,41.26,3.895,134.1777742,7.658,0.0,0.0,0.0,0.0,0.0,2011,14,4,NoHoliday,1305950.22,1266564.94,1489613.32,1295484.4899999998,42759.862268365214
19,2011-04-15,1392093.04,False,A,203819,48.67,3.981,134.2784667,7.658,0.0,0.0,0.0,0.0,0.0,2011,15,4,NoHoliday,1419911.91,1305950.22,1460354.67,1312599.8599999996,74528.45163751011
19,2011-04-22,1514288.82,False,A,203819,41.66,4.061,134.3571,7.658,0.0,0.0,0.0,0.0,0.0,2011,16,4,NoHoliday,1392093.04,1419911.91,1456793.33,1346130.0274999996,71882.73965970427
19,2011-04-29,1297237.7,False,A,203819,54.23,4.117,134.4357333,7.658,0.0,0.0,0.0,0.0,0.0,2011,17,4,NoHoliday,1514288.82,1392093.04,1405065.57,1408060.9974999998,85841.67781166857
19,2011-05-06,1451953.95,False,A,203819,50.43,4.192,134.5143667,7.658,0.0,0.0,0.0,0.0,0.0,2011,18,5,NoHoliday,1297237.7,1514288.82,1566219.77,1405882.8675,89335.68964771452
19,2011-05-13,1429143.06,False,A,203819,54.2,4.211,134.593,7.658,0.0,0.0,0.0,0.0,0.0,2011,19,5,NoHoliday,1451953.95,1297237.7,1437319.45,1413893.3775,92397.06680393592
19,2011-05-20,1355234.3,False,A,203819,52.8,4.202,134.6803871,7.658,0.0,0.0,0.0,0.0,0.0,2011,20,5,NoHoliday,1429143.06,1451953.95,1377716.17,1423155.8824999998,91334.14105661676
19,2011-05-27,1388553.11,False,A,203819,63.2,4.134,134.7677742,7.658,0.0,0.0,0.0,0.0,0.0,2011,21,5,NoHoliday,1355234.3,1429143.06,1648882.62,1383392.2524999997,70732.64205552994
19,2011-06-03,1457345.75,False,A,203819,66.01,4.069,134.8551613,7.658,0.0,0.0,0.0,0.0,0.0,2011,22,6,NoHoliday,1388553.11,1355234.3,1519013.49,1406221.1049999997,42929.09450190507
19,2011-06-10,1467473.6300000001,False,A,203819,68.26,4.025,134.9425484,7.658,0.0,0.0,0.0,0.0,0.0,2011,23,6,NoHoliday,1457345.75,1388553.11,1410683.94,1407569.0549999997,44883.886499992084
19,2011-06-17,1418973.6199999999,False,A,203819,64.02,3.989,135.0837333,7.658,0.0,0.0,0.0,0.0,0.0,2011,24,6,NoHoliday,1467473.6300000001,1457345.75,1457314.3900000001,1417151.6974999998,54158.72372662915
19,2011-06-24,1440785.7,False,A,203819,68.4,3.964,135.2652667,7.658,0.0,0.0,0.0,0.0,0.0,2011,25,6,NoHoliday,1418973.6199999999,1467473.6300000001,1450407.32,1433086.5274999999,36301.4330617018
19,2011-07-01,1462731.93,False,A,203819,67.64,3.916,135.4468,7.806,0.0,0.0,0.0,0.0,0.0,2011,26,7,NoHoliday,1440785.7,1418973.6199999999,1549018.68,1446144.6749999998,21192.55565387894
19,2011-07-08,1465489.75,False,A,203819,73.2,3.886,135.6283333,7.806,0.0,0.0,0.0,0.0,0.0,2011,27,7,NoHoliday,1462731.93,1440785.7,1577541.24,1447491.2199999997,22284.474857020883
19,2011-07-15,1391580.41,False,A,203819,73.7,3.915,135.7837419,7.806,0.0,0.0,0.0,0.0,0.0,2011,28,7,NoHoliday,1465489.75,1462731.93,1412157.02,1446995.2499999995,21706.06587069441
19,2011-07-22,1377119.45,False,A,203819,79.37,3.972,135.8738387,7.806,0.0,0.0,0.0,0.0,0.0,2011,29,7,NoHoliday,1391580.41,1465489.75,1372043.71,1440146.9474999998,34212.35470114731
19,2011-07-29,1298775.8,False,A,203819,74.86,4.004,135.9639355,7.806,0.0,0.0,0.0,0.0,0.0,2011,30,7,NoHoliday,1377119.45,1391580.41,1366395.96,1424230.3849999998,46440.518342218296
19,2011-08-05,1408968.55,False,A,203819,73.84,4.02,136.0540323,7.806,0.0,0.0,0.0,0.0,0.0,2011,31,8,NoHoliday,1298775.8,1377119.45,1492060.89,1383241.3524999998,68328.242137182
19,2011-08-12,1360969.45,False,A,203819,70.92,3.995,136.144129,7.806,0.0,0.0,0.0,0.0,0.0,2011,32,8,NoHoliday,1408968.55,1298775.8,1418027.08,1369111.0524999998,48664.40967893583
19,2011-08-19,1391792.69,False,A,203819,71.14,3.942,136.183129,7.806,0.0,0.0,0.0,0.0,0.0,2011,33,8,NoHoliday,1360969.45,1408968.55,1419383.19,1361458.3124999998,46302.73661808992
19,2011-08-26,1547729.24,False,A,203819,69.34,3.906,136.2136129,7.806,0.0,0.0,0.0,0.0,0.0,2011,34,8,NoHoliday,1391792.69,1360969.45,1557888.16,1365126.6224999998,48486.79370875764
19,2011-09-02,1609951.02,False,A,203819,69.27,3.879,136.2440968,7.806,0.0,0.0,0.0,0.0,0.0,2011,35,9,NoHoliday,1547729.24,1391792.69,1623519.6400000001,1427364.9825,82663.45008916997
19,2011-09-09,1566712.79,True,A,203819,68.28,3.93,136.2745806,7.806,0.0,0.0,0.0,0.0,0.0,2011,36,9,LaborDay,1609951.02,1547729.24,1591453.39,1477610.5999999996,120278.12490409317
19,2011-09-16,1365633.53,False,A,203819,62.76,3.937,136.3145,7.806,0.0,0.0,0.0,0.0,0.0,2011,37,9,NoHoliday,1566712.79,1609951.02,1386789.31,1529046.4349999998,95134.89351480406
19,2011-09-23,1300375.76,False,A,203819,61.32,3.899,136.367,7.806,0.0,0.0,0.0,0.0,0.0,2011,38,9,NoHoliday,1365633.53,1566712.79,1318343.58,1522506.6449999998,107774.541649465
19,2011-09-30,1330757.22,False,A,203819,64.99,3.858,136.4195,7.806,0.0,0.0,0.0,0.0,0.0,2011,39,9,NoHoliday,1300375.76,1365633.53,1379456.3,1460668.275,150837.73868915954
19,2011-10-07,1461718.87,False,A,203819,53.1,3.775,136.472,7.866,0.0,0.0,0.0,0.0,0.0,2011,40,10,NoHoliday,1330757.22,1300375.76,1428960.72,1390869.8249999997,120222.46047147286
19,2011-10-14,1318905.53,False,A,203819,61.86,3.744,136.5150968,7.866,0.0,0.0,0.0,0.0,0.0,2011,41,10,NoHoliday,1461718.87,1330757.22,1369317.63,1364621.3449999997,70007.68537244898
19,2011-10-21,1374863.1,False,A,203819,52.05,3.757,136.5017742,7.866,0.0,0.0,0.0,0.0,0.0,2011,42,10,NoHoliday,1318905.53,1461718.87,1357154.71,1352939.3449999997,73589.54355129371
19,2011-10-28,1396612.36,False,A,203819,46.49,3.757,136.4884516,7.866,0.0,0.0,0.0,0.0,0.0,2011,43,10,NoHoliday,1374863.1,1318905.53,1404576.48,1371561.1799999997,64747.95330212484
19,2011-11-04,1480289.64,False,A,203819,44.97,3.738,136.475129,7.866,0.0,0.0,0.0,0.0,0.0,2011,44,11,NoHoliday,1396612.36,1374863.1,1435379.25,1388024.9649999999,59034.63946997148
19,2011-11-11,1502078.93,False,A,203819,48.22,3.719,136.4618065,7.866,1921585.1800000002,1177943.25,35710.159999999996,608372.02,450842.19,2011,45,11,NoHoliday,1480289.64,1396612.36,1490235.86,1392667.6574999997,66960.2524292259
19,2011-11-18,1411835.57,False,A,203819,48.21,3.717,136.4666667,7.866,717109.94,126755.59,6557.56,69506.16,552162.74,2011,46,11,NoHoliday,1502078.93,1480289.64,1377593.1,1438461.0074999998,62163.434310990866
19,2011-11-25,1974646.78,True,A,203819,42.75,3.689,136.4788,7.866,95641.2,103429.44,6394001.76,1712.8799999999999,134638.56,2011,47,11,Thanksgiving,1411835.57,1502078.93,1993367.83,1447704.125,51365.86705593315
19,2011-12-02,1484708.38,False,A,203819,45.67,3.666,136.4909333,7.866,511029.60000000003,17022.96,652608.57,334870.07999999996,2007867.9300000002,2011,48,12,NoHoliday,1974646.78,1411835.57,1615987.96,1592212.7299999997,257838.84012219423
19,2011-12-09,1713769.06,False,A,203819,40.18,3.627,136.5030667,7.866,511966.8,674.5,34215.61,330199.7,848773.76,2011,49,12,NoHoliday,1484708.38,1974646.78,1799070.98,1593317.4149999998,257208.17010394053
19,2011-12-16,1852179.1500000001,False,A,203819,37.07,3.611,136.5335161,7.866,387470.13,21345.199999999997,60225.0,35767.08,350340.14,2011,50,12,NoHoliday,1713769.06,1484708.38,1911967.44,1646239.9474999998,253935.08892228748
19,2011-12-23,2480159.47,False,A,203819,36.09,3.587,136.5883871,7.866,231209.3,35213.64,140788.69999999998,10795.119999999999,240413.41999999998,2011,51,12,NoHoliday,1852179.1500000001,1713769.06,2678206.42,1756325.8424999998,210110.2995899069
19,2011-12-30,1405168.06,True,A,203819,31.65,3.566,136.6432581,7.866,442629.62,3581110.07,14934.14,103515.16,168549.74,2011,52,12,Christmas,2480159.47,1852179.1500000001,1275146.94,1882704.015,426155.03148989263
19,2012-01-06,1266570.4,False,A,203819,31.84,3.585,136.698129,7.943,707918.28,1851252.58,16605.48,110258.03,733788.5499999999,2012,1,1,NoHoliday,1405168.06,2480159.47,1224175.99,1862818.935,451989.20702628035
19,2012-01-13,1182198.7,False,A,203819,37.08,3.666,136.753,7.943,248790.39,816884.82,20687.27,120620.48000000001,387043.72,2012,2,1,NoHoliday,1266570.4,1405168.06,1181204.53,1751019.2699999998,546559.7008197176
19,2012-01-20,1237104.73,False,A,203819,23.44,3.705,136.8564194,7.943,401183.27999999997,410585.04,16204.32,80789.76,206202.96,2012,3,1,NoHoliday,1182198.7,1266570.4,1212967.84,1583524.1575,604783.0432941428
19,2012-01-27,1279623.26,False,A,203819,32.41,3.737,136.9598387,7.943,217865.9,282224.60000000003,20281.8,1467.8999999999999,164766.69999999998,2012,4,1,NoHoliday,1237104.73,1182198.7,1284185.49,1272760.4724999997,94943.5847169406
19,2012-02-03,1345311.65,False,A,203819,36.22,3.796,137.0632581,7.943,3735335.5200000005,463235.76,28380.96,3797209.44,466099.92,2012,5,2,NoHoliday,1279623.26,1237104.73,1370562.1099999999,1241374.2724999997,43273.57646281077
19,2012-02-10,1499496.67,True,A,203819,32.61,3.826,137.1666774,7.943,930000.2899999999,614361.4299999999,20382.329999999998,1178999.6400000001,575826.92,2012,6,2,SuperBowl,1345311.65,1279623.26,1430851.11,1261059.5849999997,68886.12522934514
19,2012-02-17,1424720.27,False,A,203819,30.95,3.874,137.2583103,7.943,1073577.5999999999,1069933.68,5971.68,806449.68,545116.3200000001,2012,7,2,NoHoliday,1499496.67,1345311.65,1457270.16,1340384.0774999997,115035.64465869387
19,2012-02-24,1352470.09,False,A,203819,33.91,3.917,137.3411034,7.943,988778.6599999999,840309.85,198.79999999999998,349983.14,446389.78,2012,8,2,NoHoliday,1424720.27,1499496.67,1296658.47,1387287.9625,95473.67989682272
19,2012-03-02,1308977.05,False,A,203819,34.83,3.983,137.4238966,7.943,2000587.59,247502.44999999998,1617.38,2224060.8,202460.05000000002,2012,9,3,NoHoliday,1352470.09,1424720.27,1433569.44,1405499.67,72202.49667860911
19,2012-03-09,1358816.46,False,A,203819,38.15,4.021,137.5066897,7.943,477404.71,52948.25,190.28,108816.73000000001,280655.19,2012,10,3,NoHoliday,1308977.05,1352470.09,1351450.43,1396416.0199999998,83673.1123892806
19,2012-03-16,1312849.1,False,A,203819,48.2,4.021,137.5843871,7.943,593102.76,6004.469999999999,215.84,225439.19999999998,185572.69999999998,2012,11,3,NoHoliday,1358816.46,1308977.05,1257972.3699999999,1361245.9674999998,47763.11459375034
19,2012-03-23,1342254.55,False,A,203819,56.72,4.054,137.6552903,7.943,417349.95,11783.82,70.38,68085.06,185253.27,2012,12,3,NoHoliday,1312849.1,1358816.46,1266564.94,1333278.1749999998,26002.72667590617
19,2012-03-30,1327139.35,False,A,203819,43.47,4.098,137.7261935,7.943,654945.2000000001,9408.0,472.5,143932.59999999998,239465.80000000002,2012,13,3,NoHoliday,1342254.55,1312849.1,1305950.22,1330724.2899999998,23906.636290272425
19,2012-04-06,1631737.68,False,A,203819,40.23,4.143,137.7970968,8.15,662945.46,0.0,3733.8900000000003,209395.33,425764.99,2012,14,4,NoHoliday,1327139.35,1342254.55,1419911.91,1335264.8649999998,19765.490448503682
19,2012-04-13,1365098.46,False,A,203819,44.42,4.187,137.868,8.15,367840.19999999995,881353.2000000001,1578.5,127325.8,228545.09999999998,2012,15,4,NoHoliday,1631737.68,1327139.35,1392093.04,1403495.17,152634.61617363503
19,2012-04-20,1255087.26,False,A,203819,55.2,4.17,137.9230667,8.15,447618.07999999996,405600.28,2425.3599999999997,93859.87,266386.32,2012,16,4,NoHoliday,1365098.46,1631737.68,1514288.82,1416557.5099999998,144299.54561108368
19,2012-04-27,1285897.24,False,A,203819,42.45,4.163,137.9781333,8.15,265206.3,-18868.96,3750.22,4808.12,210108.17,2012,17,4,NoHoliday,1255087.26,1365098.46,1297237.7,1394765.6874999998,164437.6824712128
19,2012-05-04,1405007.44,False,A,203819,50.76,4.124,138.0332,8.15,1514076.48,38304.0,8796.24,523401.84,187863.84,2012,18,5,NoHoliday,1285897.24,1255087.26,1451953.95,1384455.1599999997,171243.5338707162
19,2012-05-11,1442873.22,False,A,203819,55.33,4.055,138.0882667,8.15,783511.2000000001,0.0,2175.84,126123.84,233028.72000000003,2012,19,5,NoHoliday,1405007.44,1285897.24,1429143.06,1327772.5999999996,69270.35142739915
19,2012-05-18,1366937.1,False,A,203819,58.81,4.029,138.1065806,8.15,895592.58,0.0,816.5,121074.88,255656.09,2012,20,5,NoHoliday,1442873.22,1405007.44,1355234.3,1347216.2899999998,90807.21215301286
19,2012-05-25,1485540.28,False,A,203819,67.79,3.979,138.1101935,8.15,746569.6000000001,0.0,76709.5,73777.2,185321.5,2012,21,5,NoHoliday,1366937.1,1442873.22,1388553.11,1375178.7499999998,67110.36889164028
19,2012-06-01,1450733.29,False,A,203819,68.18,3.915,138.1138065,8.15,577345.3,2534.0,7042.0,152003.6,320519.5,2012,22,6,NoHoliday,1485540.28,1366937.1,1457345.75,1425089.5099999998,50844.69247708247
19,2012-06-08,1390122.11,False,A,203819,60.19,3.871,138.1174194,8.15,765018.0,21052.8,3741.12,198728.63999999998,447808.32,2012,23,6,NoHoliday,1450733.29,1485540.28,1467473.6300000001,1436520.9725,49957.14442371348
19,2012-06-15,1440263.15,False,A,203819,68.19,3.786,138.1295333,8.15,709135.93,49487.0,3.5500000000000003,201486.64,334456.86,2012,24,6,NoHoliday,1390122.11,1450733.29,1418973.6199999999,1423333.1949999998,54479.299825253904
19,2012-06-22,1468350.36,False,A,203819,75.83,3.722,138.1629,8.15,739734.0900000001,87528.8,36.21,210945.97,865301.85,2012,25,6,NoHoliday,1440263.15,1390122.11,1440785.7,1441664.7074999998,39437.32906461583
19,2012-06-29,1379652.65,False,A,203819,69.92,3.667,138.1962667,8.15,839532.4,37478.0,0.0,261534.7,240296.0,2012,26,6,NoHoliday,1468350.36,1440263.15,1462731.93,1437367.2274999998,33561.35486438094
19,2012-07-06,1557120.44,False,A,203819,76.07,3.646,138.2296333,8.193,766205.3,42021.0,7102.2,466504.5,549859.8,2012,27,7,NoHoliday,1379652.65,1468350.36,1465489.75,1419597.0675,41905.84726322281
19,2012-07-13,1321741.35,False,A,203819,73.17,3.689,138.263,8.193,572840.7999999999,22974.0,2511.6000000000004,187409.6,131446.69999999998,2012,28,7,NoHoliday,1557120.44,1379652.65,1391580.41,1461346.6499999997,73801.74887944959
19,2012-07-20,1317672.92,False,A,203819,76.17,3.732,138.2331935,8.193,422059.4,29690.5,1247.4,214922.40000000002,182765.80000000002,2012,29,7,NoHoliday,1321741.35,1557120.44,1377119.45,1431716.1999999997,103074.99852053607
19,2012-07-27,1248915.43,False,A,203819,74.43,3.82,138.2033871,8.193,462645.0,19475.94,374.66999999999996,304631.55,313954.82999999996,2012,30,7,NoHoliday,1317672.92,1321741.35,1298775.8,1394046.8399999999,112340.62972798302
19,2012-08-03,1342123.78,False,A,203819,73.41,3.819,138.1735806,8.193,2516209.2,15188.97,2882.13,1123660.86,154759.41,2012,31,8,NoHoliday,1248915.43,1317672.92,1408968.55,1361362.5349999997,134714.6732326497
19,2012-08-10,1408907.89,False,A,203819,74.45,3.863,138.1437742,8.193,433758.5,16270.1,5344.5,216057.1,239215.2,2012,32,8,NoHoliday,1342123.78,1248915.43,1360969.45,1307613.3699999996,40567.683869923
19,2012-08-17,1375101.26,False,A,203819,69.83,3.963,138.1857097,8.193,320394.60000000003,26294.850000000002,788.81,162043.30000000002,267297.25,2012,33,8,NoHoliday,1408907.89,1342123.78,1391792.69,1329405.0049999997,66077.45319690485
19,2012-08-24,1544653.3699999999,False,A,203819,66.66,3.997,138.2814516,8.193,645238.06,16829.13,7286.73,397679.52,478450.54,2012,34,8,NoHoliday,1375101.26,1408907.89,1547729.24,1343762.0899999999,68859.01491878553
19,2012-08-31,1542719.87,False,A,203819,71.85,4.026,138.3771935,8.193,1417925.38,16824.16,1703.29,501135.75,184307.48,2012,35,8,NoHoliday,1544653.3699999999,1375101.26,1609951.02,1417696.5749999997,88921.08296082841
19,2012-09-07,1497073.82,True,A,203819,72.2,4.076,138.4729355,8.193,651849.84,1973.52,1651.68,120752.63999999998,348780.96,2012,36,9,LaborDay,1542719.87,1544653.3699999999,1566712.79,1467845.5974999997,88658.06243183858
19,2012-09-14,1370653.41,False,A,203819,65.08,4.088,138.5673,8.193,984093.84,0.0,977.04,84018.96,513822.96,2012,37,9,NoHoliday,1497073.82,1542719.87,1365633.53,1489887.0799999998,79620.10618025745
19,2012-09-21,1338572.29,False,A,203819,60.62,4.203,138.6534,8.193,794229.84,10623.6,972.0,109152.72,659000.16,2012,38,9,NoHoliday,1370653.41,1497073.82,1300375.76,1488775.1174999997,81759.85500365753
19,2012-09-28,1338299.02,False,A,203819,56.81,4.158,138.7395,8.193,209442.8,3392.2000000000003,0.0,172471.6,261265.2,2012,39,9,NoHoliday,1338572.29,1370653.41,1330757.22,1437254.8475,98107.3885659757
19,2012-10-05,1408016.1,False,A,203819,59.86,4.151,138.8256,7.992,501954.48,0.0,789.1200000000001,262146.95999999996,275567.76,2012,40,10,NoHoliday,1338299.02,1338572.29,1461718.87,1386149.6349999998,75493.03040746858
19,2012-10-12,1352809.5,False,A,203819,48.29,4.186,138.9117,7.992,168589.5,0.0,514.75,65271.72,433171.0,2012,41,10,NoHoliday,1408016.1,1338299.02,1318905.53,1363885.2049999998,33109.62106443301
19,2012-10-19,1321102.35,False,A,203819,53.44,4.153,138.8336129,7.992,206377.5,0.0,1218.0,56798.7,141224.3,2012,42,10,NoHoliday,1352809.5,1408016.1,1374863.1,1359424.2274999998,33095.83247879785
19,2012-10-26,1322117.96,False,A,203819,56.49,4.071,138.7281613,7.992,391014.0,6485.039999999999,0.0,65112.48,119935.44,2012,43,10,NoHoliday,1321102.35,1352809.5,1396612.36,1355056.7424999997,37609.68704608823
20,2011-02-04,2351143.07,False,A,203742,28.58,3.231,205.7329407,7.343,0.0,0.0,0.0,0.0,0.0,2011,5,2,NoHoliday,1761506.68,1781805.66,2401395.47,1817672.0749999997,56359.86788267997
20,2011-02-11,2211388.14,True,A,203742,25.38,3.239,206.0763862,7.343,0.0,0.0,0.0,0.0,0.0,2011,6,2,SuperBowl,2351143.07,1761506.68,2109107.9,1944700.1049999997,276244.488612028
20,2011-02-18,2258616.24,False,A,203742,42.95,3.245,206.3694701,7.343,0.0,0.0,0.0,0.0,0.0,2011,7,2,NoHoliday,2211388.14,2351143.07,2161549.7600000002,2026460.8874999997,299818.567784595
20,2011-02-25,1938608.52,False,A,203742,33.2,3.274,206.6424093,7.343,0.0,0.0,0.0,0.0,0.0,2011,8,2,NoHoliday,2258616.24,2211388.14,1898193.95,2145663.5324999997,262600.05446594907
20,2011-03-04,2143424.61,False,A,203742,37.33,3.433,206.9153485,7.343,0.0,0.0,0.0,0.0,0.0,2011,9,3,NoHoliday,1938608.52,2258616.24,2119213.72,2189938.9924999997,177323.04913385352
20,2011-03-11,1990932.77,False,A,203742,39.53,3.582,207.1882876,7.343,0.0,0.0,0.0,0.0,0.0,2011,10,3,NoHoliday,2143424.61,1938608.52,2010974.84,2138009.3775,141091.55985023518
20,2011-03-18,1931668.64,False,A,203742,44.8,3.631,207.4283845,7.343,0.0,0.0,0.0,0.0,0.0,2011,11,3,NoHoliday,1990932.77,2143424.61,1951848.43,2082895.5349999997,145850.8689611125
20,2011-03-25,1824711.21,False,A,203742,44.83,3.625,207.6553444,7.343,0.0,0.0,0.0,0.0,0.0,2011,12,3,NoHoliday,1931668.64,1990932.77,1894742.95,2001158.6349999995,98464.12586882783
20,2011-04-01,1927993.09,False,A,203742,32.43,3.638,207.8823043,7.287,0.0,0.0,0.0,0.0,0.0,2011,13,4,NoHoliday,1824711.21,1931668.64,2405395.22,1972684.3074999996,132995.7140232282
20,2011-04-08,2027056.3900000001,False,A,203742,47.09,3.72,208.1092642,7.287,0.0,0.0,0.0,0.0,0.0,2011,14,4,NoHoliday,1927993.09,1824711.21,2007796.26,1918826.4274999998,69055.40991867085
20,2011-04-15,2057406.33,False,A,203742,55.0,3.821,208.3172811,7.287,0.0,0.0,0.0,0.0,0.0,2011,15,4,NoHoliday,2027056.3900000001,1927993.09,1985784.59,1927857.3324999998,82652.12255926484
20,2011-04-22,2313861.81,False,A,203742,52.56,3.892,208.4779405,7.287,0.0,0.0,0.0,0.0,0.0,2011,16,4,NoHoliday,2057406.33,2027056.3900000001,1878862.42,1959291.755,105372.42698704007
20,2011-04-29,1881788.19,False,A,203742,62.97,3.962,208.6386,7.287,0.0,0.0,0.0,0.0,0.0,2011,17,4,NoHoliday,2313861.81,2057406.33,1919053.21,2081579.4049999998,164419.1478584896
20,2011-05-06,2090838.44,False,A,203742,53.41,4.046,208.7992595,7.287,0.0,0.0,0.0,0.0,0.0,2011,18,5,NoHoliday,1881788.19,2313861.81,2137202.38,2070028.18,179717.38812872267
20,2011-05-13,2036748.53,False,A,203742,62.26,4.066,208.9599189,7.287,0.0,0.0,0.0,0.0,0.0,2011,19,5,NoHoliday,2090838.44,1881788.19,2033211.6199999999,2085973.6925,177449.0288292604
20,2011-05-20,1953416.06,False,A,203742,59.01,4.062,208.7583165,7.287,0.0,0.0,0.0,0.0,0.0,2011,20,5,NoHoliday,2036748.53,2090838.44,1893736.9,2080809.2424999997,178852.64861059785
20,2011-05-27,1944433.17,False,A,203742,69.12,3.985,208.556714,7.287,0.0,0.0,0.0,0.0,0.0,2011,21,5,NoHoliday,1953416.06,2036748.53,2065984.95,1990697.8049999997,92014.58000582778
20,2011-06-03,2182246.69,False,A,203742,73.51,3.922,208.3551116,7.287,0.0,0.0,0.0,0.0,0.0,2011,22,6,NoHoliday,1944433.17,1953416.06,2203619.35,2006359.0499999998,69995.38707034409
20,2011-06-10,2135062.04,False,A,203742,73.64,3.881,208.1535092,7.287,0.0,0.0,0.0,0.0,0.0,2011,23,6,NoHoliday,2182246.69,1944433.17,2100489.79,2029211.1124999998,110164.86155056309
20,2011-06-17,2065191.27,False,A,203742,66.41,3.842,208.1265604,7.287,0.0,0.0,0.0,0.0,0.0,2011,24,6,NoHoliday,2135062.04,2182246.69,2091903.63,2053789.4899999998,122665.00423141019
20,2011-06-24,1950826.32,False,A,203742,72.4,3.804,208.2306018,7.287,0.0,0.0,0.0,0.0,0.0,2011,25,6,NoHoliday,2065191.27,2135062.04,1973135.87,2081733.2924999995,103395.45530606217
20,2011-07-01,2053165.4100000001,False,A,203742,69.66,3.748,208.3346432,7.274,0.0,0.0,0.0,0.0,0.0,2011,26,7,NoHoliday,1950826.32,2065191.27,2143676.77,2083331.5799999996,100576.59478015387
20,2011-07-08,2123787.79,False,A,203742,74.69,3.711,208.4386847,7.274,0.0,0.0,0.0,0.0,0.0,2011,27,7,NoHoliday,2053165.4100000001,1950826.32,2107285.85,2051061.2599999998,75954.50144057826
20,2011-07-15,2039875.75,False,A,203742,74.88,3.76,208.5309337,7.274,0.0,0.0,0.0,0.0,0.0,2011,28,7,NoHoliday,2123787.79,2053165.4100000001,2031852.16,2048242.6974999998,71899.23229591823
20,2011-07-22,1950904.84,False,A,203742,78.89,3.811,208.5937018,7.274,0.0,0.0,0.0,0.0,0.0,2011,29,7,NoHoliday,2039875.75,2123787.79,1900535.9,2041913.8175,71018.85108122001
20,2011-07-29,1858440.92,False,A,203742,77.47,3.829,208.6564699,7.274,0.0,0.0,0.0,0.0,0.0,2011,30,7,NoHoliday,1950904.84,2039875.75,1955896.59,2041933.4474999998,70985.28455514542
20,2011-08-05,2189353.63,False,A,203742,77.8,3.842,208.719238,7.274,0.0,0.0,0.0,0.0,0.0,2011,31,8,NoHoliday,1858440.92,1950904.84,1910177.38,1993252.3249999997,114281.34257964835
20,2011-08-12,2052246.4,False,A,203742,73.52,3.812,208.7820061,7.274,0.0,0.0,0.0,0.0,0.0,2011,32,8,NoHoliday,2189353.63,1858440.92,2071022.45,2009643.7849999997,140857.10269824462
20,2011-08-19,1990017.93,False,A,203742,71.25,3.747,208.8424359,7.274,0.0,0.0,0.0,0.0,0.0,2011,33,8,NoHoliday,2052246.4,2189353.63,1975374.56,2012736.4474999998,141874.2670974937
20,2011-08-26,1933577.2,False,A,203742,70.15,3.704,208.902476,7.274,0.0,0.0,0.0,0.0,0.0,2011,34,8,NoHoliday,1990017.93,2052246.4,1946369.57,2022514.7199999997,137471.75211945648
20,2011-09-02,2141765.98,False,A,203742,70.82,3.703,208.9625161,7.274,0.0,0.0,0.0,0.0,0.0,2011,35,9,NoHoliday,1933577.2,1990017.93,2121561.41,2041298.7899999996,109960.22518261023
20,2011-09-09,2050542.56,True,A,203742,68.74,3.738,209.0225562,7.274,0.0,0.0,0.0,0.0,0.0,2011,36,9,LaborDay,2141765.98,1933577.2,2014954.79,2029401.8774999997,89220.75221526048
20,2011-09-16,1979009.46,False,A,203742,64.02,3.742,209.1893892,7.274,0.0,0.0,0.0,0.0,0.0,2011,37,9,NoHoliday,2050542.56,2141765.98,1948359.78,2028975.9175,89079.28745074454
20,2011-09-23,1888119.7,False,A,203742,62.15,3.711,209.4986126,7.274,0.0,0.0,0.0,0.0,0.0,2011,38,9,NoHoliday,1979009.46,2050542.56,1789687.65,2026223.7999999998,90836.82043516455
20,2011-09-30,1945808.26,False,A,203742,63.44,3.645,209.807836,7.274,0.0,0.0,0.0,0.0,0.0,2011,39,9,NoHoliday,1888119.7,1979009.46,1933719.21,2014859.4249999998,107589.8658626023
20,2011-10-07,2135982.79,False,A,203742,52.42,3.583,210.1170595,7.082,0.0,0.0,0.0,0.0,0.0,2011,40,10,NoHoliday,1945808.26,1888119.7,2060389.27,1965869.9949999996,67797.91144272538
20,2011-10-14,2010107.68,False,A,203742,62.54,3.541,210.4027602,7.082,0.0,0.0,0.0,0.0,0.0,2011,41,10,NoHoliday,2135982.79,1945808.26,1950676.39,1987230.0524999998,106040.21551814972
20,2011-10-21,2104241.9,False,A,203742,53.69,3.57,210.5473252,7.082,0.0,0.0,0.0,0.0,0.0,2011,42,10,NoHoliday,2010107.68,2135982.79,1893955.27,1995004.6075,106376.08565617976
20,2011-10-28,2065421.52,False,A,203742,49.36,3.569,210.6918901,7.082,0.0,0.0,0.0,0.0,0.0,2011,43,10,NoHoliday,2104241.9,2010107.68,1891816.0,2049035.1574999997,87137.47010104361
20,2011-11-04,2284106.6,False,A,203742,43.88,3.551,210.8364551,7.082,0.0,0.0,0.0,0.0,0.0,2011,44,11,NoHoliday,2065421.52,2104241.9,2184316.64,2078938.4724999997,54205.4843577672
20,2011-11-11,2269975.85,False,A,203742,47.27,3.53,210.9810201,7.082,2473066.08,839004.48,39546.0,691639.92,394010.64,2011,45,11,NoHoliday,2284106.6,2065421.52,2187765.28,2115969.425,118560.0329143674
20,2011-11-18,2169933.82,False,A,203742,49.3,3.53,211.1847207,7.082,342075.16,118851.16,46757.049999999996,74079.26999999999,464706.36,2011,46,11,NoHoliday,2269975.85,2284106.6,2105058.91,2180936.4675,112246.52579035918
20,2011-11-25,2906233.25,True,A,203742,46.38,3.492,211.4120757,7.082,24503.18,5840.0,7400651.67,4705.58,164394.54,2011,47,11,Thanksgiving,2169933.82,2269975.85,2811634.04,2197359.4475,101584.10659103001
20,2011-12-02,2298776.83,False,A,203742,46.32,3.452,211.6394306,7.082,710521.14,4260.0,1843158.58,435986.14999999997,2532969.02,2011,48,12,NoHoliday,2906233.25,2169933.82,2416051.17,2407562.38,336309.0602244278
20,2011-12-09,2546123.78,False,A,203742,41.64,3.415,211.8667856,7.082,690447.87,5949.5,57745.92,383558.79,835641.22,2011,49,12,NoHoliday,2298776.83,2906233.25,2752122.08,2411229.9375,334589.5566852241
20,2011-12-16,2762816.65,False,A,203742,37.16,3.413,212.0685039,7.082,406153.44,16060.22,131476.54,34498.06,335609.98000000004,2011,50,12,NoHoliday,2546123.78,2298776.83,2819193.17,2480266.92,324052.3239779763
20,2011-12-23,3555371.03,False,A,203742,40.19,3.389,212.2360401,7.082,111237.75,6011.25,160909.5,2922.75,313521.75,2011,51,12,NoHoliday,2762816.65,2546123.78,3766687.43,2628487.6274999995,265003.10090440186
20,2011-12-30,2043245.0,True,A,203742,36.35,3.389,212.4035763,7.082,505061.44999999995,7135092.2700000005,19737.739999999998,120306.19,208209.87,2011,52,12,Christmas,3555371.03,2762816.65,1799737.79,2790772.0725,543845.9270550442
20,2012-01-06,1964701.94,False,A,203742,33.42,3.422,212.5711125,6.961,667689.1199999999,3309942.96,14947.199999999999,98307.36000000002,393181.92,2012,1,1,NoHoliday,2043245.0,3555371.03,1843030.95,2726889.1149999998,629210.7367077899
20,2012-01-13,1911510.64,False,A,203742,37.79,3.513,212.7386486,6.961,257574.51,1322881.94,7702.08,60186.700000000004,256596.84,2012,2,1,NoHoliday,1964701.94,2043245.0,1884345.01,2581533.655,741947.6167391352
20,2012-01-20,1892775.94,False,A,203742,27.65,3.533,212.8336399,6.961,172618.6,352128.0,7457.8,69967.8,236664.4,2012,3,1,NoHoliday,1911510.64,1964701.94,1781805.66,2368707.1525,792957.6772318166
20,2012-01-27,1761016.51,False,A,203742,37.19,3.567,212.9286312,6.961,70628.40000000001,210046.35,7319.5199999999995,3648.0299999999997,168893.37,2012,4,1,NoHoliday,1892775.94,1911510.64,1761506.68,1953058.38,67402.73532526307
20,2012-02-03,2203523.2,False,A,203742,39.93,3.617,213.0236225,6.961,4242853.4399999995,631207.4400000001,16291.44,3859487.28,597690.0,2012,5,2,NoHoliday,1761016.51,1892775.94,2351143.07,1882501.2574999998,86530.55231560933
20,2012-02-10,2462978.2800000003,True,A,203742,33.47,3.64,213.1186138,6.961,715692.0,961523.1499999999,9666.66,1231096.09,550100.99,2012,6,2,SuperBowl,2203523.2,1761016.51,2211388.14,1942206.5724999998,186638.55108930502
20,2012-02-17,2309025.16,False,A,203742,31.11,3.695,213.2732106,6.961,1972868.4000000001,1380950.64,756.0,798292.7999999999,734714.64,2012,7,2,NoHoliday,2462978.2800000003,2203523.2,2258616.24,2080073.4825,315559.628716337
20,2012-02-24,2045837.55,False,A,203742,39.79,3.739,213.4725116,6.961,797390.35,749897.74,866.1999999999999,103469.01,1492731.69,2012,8,2,NoHoliday,2309025.16,2462978.2800000003,1938608.52,2184135.7874999996,301527.38169893867
20,2012-03-02,2148822.7600000002,False,A,203742,39.98,3.816,213.6718127,6.961,2456424.72,230422.32,432.0,1603802.16,359229.60000000003,2012,9,3,NoHoliday,2045837.55,2309025.16,2143424.61,2255341.0475,175662.5638731523
20,2012-03-09,2139265.4,False,A,203742,41.14,3.848,213.8711137,6.961,769422.24,54010.08,264.24,278435.52,253340.63999999998,2012,10,3,NoHoliday,2148822.7600000002,2045837.55,1990932.77,2241665.9375,183016.4207184869
20,2012-03-16,2064991.71,False,A,203742,53.73,3.862,214.0167132,6.961,472152.8,21722.399999999998,485.8,229768.0,202712.3,2012,11,3,NoHoliday,2139265.4,2148822.7600000002,1931668.64,2160737.7175,109231.01013569771
20,2012-03-23,1992436.96,False,A,203742,66.11,3.9,214.0907105,6.961,254241.77,43459.81,497.71,23579.81,286329.51,2012,12,3,NoHoliday,2064991.71,2139265.4,1824711.21,2099729.355,51911.11600632702
20,2012-03-30,2074721.74,False,A,203742,51.52,3.953,214.1647079,6.961,679433.79,8269.37,550.25,91264.82,277511.31,2012,13,3,NoHoliday,1992436.96,2064991.71,1927993.09,2086379.2075,72981.08778000358
20,2012-04-06,2565259.92,False,A,203742,50.06,3.996,214.2387053,7.139,596990.01,892.47,3606.09,304551.66,524139.75,2012,14,4,NoHoliday,2074721.74,1992436.96,2027056.3900000001,2067853.9524999997,60118.42903550343
20,2012-04-13,2045396.06,False,A,203742,45.68,4.044,214.3127027,7.139,706044.3200000001,579225.0700000001,4965.46,183665.81,194701.95,2012,15,4,NoHoliday,2565259.92,2074721.74,2057406.33,2174352.5824999996,263177.9787090545
20,2012-04-20,1884427.84,False,A,203742,60.11,4.027,214.3675045,7.139,526551.2,395561.60000000003,4708.200000000001,74631.90000000001,280420.0,2012,16,4,NoHoliday,2045396.06,2565259.92,2313861.81,2169453.67,266058.8483266761
20,2012-04-27,1886503.93,False,A,203742,47.64,4.004,214.4223063,7.139,167928.48,203.04,2980.08,2018.8799999999999,238908.24,2012,17,4,NoHoliday,1884427.84,2045396.06,1881788.19,2142451.3899999997,294023.94911861775
20,2012-05-04,2163510.89,False,A,203742,62.74,3.951,214.4771081,7.139,1795405.7999999998,36208.0,2811.96,684822.49,339366.05000000005,2012,18,5,NoHoliday,1886503.93,1884427.84,2090838.44,2095396.9374999998,322188.1224569231
20,2012-05-11,2168097.11,False,A,203742,63.19,3.889,214.5319099,7.139,1302297.88,0.0,1443.74,213821.52,239940.56,2012,19,5,NoHoliday,2163510.89,1886503.93,2036748.53,1994959.6799999997,135318.48380991447
20,2012-05-18,2039222.26,False,A,203742,60.99,3.848,214.5485571,7.139,581554.0800000001,36864.0,369.36,197729.27999999997,264800.16000000003,2012,20,5,NoHoliday,2168097.11,2163510.89,1953416.06,2025634.9424999997,161866.33426335405
20,2012-05-25,2114989.0,False,A,203742,70.04,3.798,214.5499425,7.139,796832.7,0.0,71939.4,107239.11,238085.88,2012,21,5,NoHoliday,2039222.26,2168097.11,1944433.17,2064333.5474999996,132736.54581938416
20,2012-06-01,2143126.59,False,A,203742,73.67,3.742,214.5513278,7.139,856842.7000000001,1218.0,5808.6,249214.7,236135.2,2012,22,6,NoHoliday,2114989.0,2039222.26,2182246.69,2121454.8149999995,59855.98547831987
20,2012-06-08,2231962.13,False,A,203742,62.01,3.689,214.5527132,7.139,601439.04,37195.200000000004,3366.72,149311.44,559750.3200000001,2012,23,6,NoHoliday,2143126.59,2114989.0,2135062.04,2116358.7399999993,55813.04942503716
20,2012-06-15,2165160.29,False,A,203742,71.51,3.62,214.5653243,7.139,680504.47,46675.4,283.29,260406.69999999998,371345.62,2012,24,6,NoHoliday,2231962.13,2143126.59,2065191.27,2132324.9949999996,79609.23127523235
20,2012-06-22,2060588.69,False,A,203742,76.51,3.564,214.606,7.139,864335.54,62174.700000000004,167.56,297845.71,533680.02,2012,25,6,NoHoliday,2165160.29,2231962.13,1950826.32,2163809.5024999995,49859.23383515982
20,2012-06-29,2055952.6099999999,False,A,203742,74.15,3.506,214.6466757,7.139,459858.0,42399.0,0.0,39291.7,319692.1,2012,26,6,NoHoliday,2060588.69,2165160.29,2053165.4100000001,2150209.425,70684.9249196055
20,2012-07-06,2358055.3,False,A,203742,79.2,3.475,214.6873514,7.28,967882.2999999999,23982.0,12791.800000000001,542636.5,257272.40000000002,2012,27,7,NoHoliday,2055952.6099999999,2060588.69,2123787.79,2128415.9299999997,85485.73128056191
20,2012-07-13,2134680.12,False,A,203742,78.27,3.523,214.728027,7.28,616222.49,7078.7,1586.14,352194.79,559305.34,2012,28,7,NoHoliday,2358055.3,2055952.6099999999,2039875.75,2159939.2224999997,141375.36748801338
20,2012-07-20,1970170.29,False,A,203742,76.04,3.567,214.7331351,7.28,224124.28,10128.86,2421.1,195386.32,439778.97,2012,29,7,NoHoliday,2134680.12,2358055.3,1950904.84,2152319.1799999997,141820.88012650685
20,2012-07-27,1911559.1,False,A,203742,74.6,3.647,214.7382432,7.28,838131.98,9502.41,517.5699999999999,860994.8500000001,236376.91999999998,2012,30,7,NoHoliday,1970170.29,2134680.12,1858440.92,2129714.58,166392.45744877044
20,2012-08-03,2094515.71,False,A,203742,74.73,3.654,214.7433514,7.28,2240023.73,5938.44,2893.96,1821600.14,226394.15,2012,31,8,NoHoliday,1911559.1,1970170.29,2189353.63,2093616.2024999997,199998.30290175084
20,2012-08-10,2144245.39,False,A,203742,75.4,3.722,214.7484595,7.28,1196004.94,11088.78,885.37,491410.88,450597.24,2012,32,8,NoHoliday,2094515.71,1911559.1,2052246.4,2027731.3049999997,104414.96930281984
20,2012-08-17,2045061.22,False,A,203742,69.57,3.807,214.825578,7.28,213638.28999999998,7077.280000000001,79.52000000000001,180031.86,201060.64,2012,33,8,NoHoliday,2144245.39,2094515.71,1990017.93,2030122.6224999998,107737.43827699238
20,2012-08-24,2005341.4300000002,False,A,203742,68.27,3.834,214.9567044,7.28,441001.44000000006,3844.7999999999997,6092.64,693997.2000000001,627142.32,2012,34,8,NoHoliday,2045061.22,2144245.39,1933577.2,2048845.3549999997,100081.27279612434
20,2012-08-31,2062481.56,False,A,203742,72.66,3.867,215.0878309,7.28,1372245.1199999999,2306.88,9035.279999999999,649139.76,320333.76,2012,35,8,NoHoliday,2005341.4300000002,2045061.22,2141765.98,2072290.9374999998,60263.526329227665
20,2012-09-07,2080529.06,True,A,203742,76.36,3.911,215.2189573,7.28,848416.32,-71.28,6037.2,139564.80000000002,267024.24,2012,36,9,LaborDay,2062481.56,2005341.4300000002,2050542.56,2064282.3999999997,58426.06296167702
20,2012-09-14,2047949.98,False,A,203742,64.84,3.948,215.3583757,7.28,759562.8099999999,0.0,2928.0299999999997,108135.62999999999,631858.0700000001,2012,37,9,NoHoliday,2080529.06,2062481.56,1979009.46,2048353.3175,32123.439074158472
20,2012-09-21,2028587.24,False,A,203742,60.94,4.038,215.5475459,7.28,610210.7999999999,12136.32,3584.16,124410.24,653239.4400000001,2012,38,9,NoHoliday,2047949.98,2080529.06,1888119.7,2049075.5074999998,32057.160175008885
20,2012-09-28,2008350.58,False,A,203742,58.65,3.997,215.7367162,7.28,449683.2,3790.08,1548.0,237730.32,518080.32,2012,39,9,NoHoliday,2028587.24,2047949.98,1945808.26,2054886.9599999997,22022.65655482382
20,2012-10-05,2246411.89,False,A,203742,60.77,3.985,215.9258865,7.293,417647.52,0.0,2424.96,308602.8,232146.0,2012,40,10,NoHoliday,2008350.58,2028587.24,2135982.79,2041354.2149999999,30715.946838730775
20,2012-10-12,2162951.36,False,A,203742,47.2,4.0,216.1150568,7.293,181248.94,0.0,2595.92,75472.59999999999,721023.44,2012,41,10,NoHoliday,2246411.89,2008350.58,2010107.68,2082824.9224999999,110249.88502492786
20,2012-10-19,1999363.49,False,A,203742,56.26,3.969,216.1464699,7.293,288027.39,0.0,1092.96,57825.45,264860.64,2012,42,10,NoHoliday,2162951.36,2246411.89,2104241.9,2111575.2675,113082.22151104183
20,2012-10-26,2031650.55,False,A,203742,60.04,3.882,216.1515902,7.293,767736.49,1585.4299999999998,7306.61,61584.69,118694.96,2012,43,10,NoHoliday,1999363.49,2162951.36,2065421.52,2104269.3299999996,120904.548957666
21,2011-02-04,596218.24,False,B,140167,36.33,2.989,212.2240646,8.028,0.0,0.0,0.0,0.0,0.0,2011,5,2,NoHoliday,649878.29,663941.73,798593.88,648440.3024999998,14374.924370206063
21,2011-02-11,771908.51,True,B,140167,34.61,3.022,212.5928624,8.028,0.0,0.0,0.0,0.0,0.0,2011,6,2,SuperBowl,596218.24,649878.29,809321.44,640206.8474999997,30021.457548528455
21,2011-02-18,884701.92,False,B,140167,59.87,3.045,212.9033115,8.028,0.0,0.0,0.0,0.0,0.0,2011,7,2,NoHoliday,771908.51,596218.24,867283.25,670486.6924999998,73642.6753304378
21,2011-02-25,768313.85,False,B,140167,61.27,3.065,213.190421,8.028,0.0,0.0,0.0,0.0,0.0,2011,8,2,NoHoliday,884701.92,771908.51,749597.24,725676.7399999998,129010.71360681007
21,2011-03-04,796277.72,False,B,140167,59.52,3.288,213.4775305,8.028,0.0,0.0,0.0,0.0,0.0,2011,9,3,NoHoliday,768313.85,884701.92,747444.32,755285.6299999998,119019.69771797833
21,2011-03-11,763479.9,False,B,140167,54.69,3.459,213.7646401,8.028,0.0,0.0,0.0,0.0,0.0,2011,10,3,NoHoliday,796277.72,768313.85,712312.89,805300.4999999998,54372.27642627579
21,2011-03-18,793569.0,False,B,140167,63.26,3.488,214.0156238,8.028,0.0,0.0,0.0,0.0,0.0,2011,11,3,NoHoliday,763479.9,796277.72,727070.0,803193.3474999998,56229.3237640672
21,2011-03-25,753711.32,False,B,140167,70.33,3.473,214.2521573,8.028,0.0,0.0,0.0,0.0,0.0,2011,12,3,NoHoliday,793569.0,763479.9,686497.53,780410.1174999998,16910.44006695166
21,2011-04-01,732056.37,False,B,140167,56.36,3.524,214.4886908,7.931,0.0,0.0,0.0,0.0,0.0,2011,13,4,NoHoliday,753711.32,793569.0,753664.12,776759.4849999998,21378.233320272764
21,2011-04-08,744782.89,False,B,140167,68.62,3.622,214.7252242,7.931,0.0,0.0,0.0,0.0,0.0,2011,14,4,NoHoliday,732056.37,753711.32,751181.4,760704.1474999997,25543.41483253031
21,2011-04-15,768390.05,False,B,140167,71.01,3.743,214.9420631,7.931,0.0,0.0,0.0,0.0,0.0,2011,15,4,NoHoliday,744782.89,732056.37,716026.51,756029.8949999998,26556.76446548125
21,2011-04-22,801302.01,False,B,140167,70.79,3.807,215.1096657,7.931,0.0,0.0,0.0,0.0,0.0,2011,16,4,NoHoliday,768390.05,744782.89,718780.59,749735.1574999997,15284.84394503728
21,2011-04-29,783250.75,False,B,140167,70.19,3.81,215.2772683,7.931,0.0,0.0,0.0,0.0,0.0,2011,17,4,NoHoliday,801302.01,768390.05,680532.69,761632.8299999998,30430.20061350202
21,2011-05-06,718898.33,False,B,140167,61.87,3.906,215.4448709,7.931,0.0,0.0,0.0,0.0,0.0,2011,18,5,NoHoliday,783250.75,801302.01,744969.42,774431.4249999998,23911.94033136884
21,2011-05-13,754236.7000000001,False,B,140167,75.04,3.899,215.6124735,7.931,0.0,0.0,0.0,0.0,0.0,2011,19,5,NoHoliday,718898.33,783250.75,723559.88,767960.2849999998,35368.20168959276
21,2011-05-20,744836.56,False,B,140167,68.36,3.907,215.3834778,7.931,0.0,0.0,0.0,0.0,0.0,2011,20,5,NoHoliday,754236.7000000001,718898.33,753361.72,764421.9474999998,36012.969101461465
21,2011-05-27,744389.8099999999,False,B,140167,76.86,3.786,215.1544822,7.931,0.0,0.0,0.0,0.0,0.0,2011,21,5,NoHoliday,744836.56,754236.7000000001,755214.26,750305.5849999998,26565.412746049173
21,2011-06-03,773878.58,False,B,140167,83.82,3.699,214.9254865,7.931,0.0,0.0,0.0,0.0,0.0,2011,22,6,NoHoliday,744389.8099999999,744836.56,806012.48,740590.3499999997,15157.317217065036
21,2011-06-10,794397.89,False,B,140167,84.71,3.648,214.6964908,7.931,0.0,0.0,0.0,0.0,0.0,2011,23,6,NoHoliday,773878.58,744389.8099999999,784305.55,754335.4124999999,13797.201986795302
21,2011-06-17,823220.43,False,B,140167,87.54,3.637,214.6513538,7.931,0.0,0.0,0.0,0.0,0.0,2011,24,6,NoHoliday,794397.89,773878.58,785104.29,764375.7099999997,24309.466000715063
21,2011-06-24,771298.98,False,B,140167,85.72,3.594,214.7441108,7.931,0.0,0.0,0.0,0.0,0.0,2011,25,6,NoHoliday,823220.43,794397.89,769848.75,783971.6774999998,33255.40222696529
21,2011-07-01,784639.12,False,B,140167,87.57,3.524,214.8368678,7.852,0.0,0.0,0.0,0.0,0.0,2011,26,7,NoHoliday,771298.98,823220.43,711470.8,790698.9699999997,24018.135519148615
21,2011-07-08,734099.4,False,B,140167,89.16,3.48,214.9296249,7.852,0.0,0.0,0.0,0.0,0.0,2011,27,7,NoHoliday,784639.12,771298.98,714677.47,793389.1049999997,22026.20756013242
21,2011-07-15,728311.15,False,B,140167,91.05,3.575,215.0134426,7.852,0.0,0.0,0.0,0.0,0.0,2011,28,7,NoHoliday,734099.4,784639.12,755098.41,778314.4824999998,36791.01319700526
21,2011-07-22,784490.67,False,B,140167,90.27,3.651,215.0749122,7.852,0.0,0.0,0.0,0.0,0.0,2011,29,7,NoHoliday,728311.15,734099.4,765823.48,754587.1624999997,27644.06047652591
21,2011-07-29,751167.12,False,B,140167,91.56,3.682,215.1363819,7.852,0.0,0.0,0.0,0.0,0.0,2011,30,7,NoHoliday,784490.67,728311.15,715876.27,757885.0849999997,30897.745248236413
21,2011-08-05,783614.89,False,B,140167,94.22,3.684,215.1978515,7.852,0.0,0.0,0.0,0.0,0.0,2011,31,8,NoHoliday,751167.12,784490.67,739279.1900000001,749517.0849999997,25253.850882816623
21,2011-08-12,776933.37,False,B,140167,92.32,3.638,215.2593211,7.852,0.0,0.0,0.0,0.0,0.0,2011,32,8,NoHoliday,783614.89,751167.12,793589.18,761895.9574999998,27235.27315087665
21,2011-08-19,855546.5,False,B,140167,90.11,3.554,215.3229307,7.852,0.0,0.0,0.0,0.0,0.0,2011,33,8,NoHoliday,776933.37,783614.89,848873.28,774051.5124999998,15625.137026170136
21,2011-08-26,821127.53,False,B,140167,92.07,3.523,215.386897,7.852,0.0,0.0,0.0,0.0,0.0,2011,34,8,NoHoliday,855546.5,776933.37,855882.57,791815.4699999997,44731.267793823194
21,2011-09-02,705557.8,False,B,140167,91.94,3.533,215.4508632,7.852,0.0,0.0,0.0,0.0,0.0,2011,35,9,NoHoliday,821127.53,855546.5,727772.8,809305.5724999998,36450.663995815456
21,2011-09-09,653989.65,True,B,140167,78.87,3.546,215.5148295,7.852,0.0,0.0,0.0,0.0,0.0,2011,36,9,LaborDay,705557.8,821127.53,674055.81,789791.2999999998,64720.719309419874
21,2011-09-16,653525.84,False,B,140167,80.62,3.526,215.6944378,7.852,0.0,0.0,0.0,0.0,0.0,2011,37,9,NoHoliday,653989.65,705557.8,684340.86,759055.3699999998,94981.20293118301
21,2011-09-23,681913.29,False,B,140167,75.68,3.467,216.0282356,7.852,0.0,0.0,0.0,0.0,0.0,2011,38,9,NoHoliday,653525.84,653989.65,671688.06,708550.2049999997,78924.31711751476
21,2011-09-30,651970.48,False,B,140167,78.91,3.355,216.3620333,7.852,0.0,0.0,0.0,0.0,0.0,2011,39,9,NoHoliday,681913.29,653525.84,677158.39,673746.6449999998,25019.082578868987
21,2011-10-07,663452.46,False,B,140167,71.64,3.285,216.6958311,7.441,0.0,0.0,0.0,0.0,0.0,2011,40,10,NoHoliday,651970.48,681913.29,680579.49,660349.8149999997,14401.562909885797
21,2011-10-14,671379.44,False,B,140167,69.79,3.274,217.0048261,7.441,0.0,0.0,0.0,0.0,0.0,2011,41,10,NoHoliday,663452.46,651970.48,693412.05,662715.5174999997,13771.995215375857
21,2011-10-21,729036.0599999999,False,B,140167,65.16,3.353,217.1650042,7.441,0.0,0.0,0.0,0.0,0.0,2011,42,10,NoHoliday,671379.44,663452.46,710668.45,667178.9174999997,12648.177456707248
21,2011-10-28,738812.0,False,B,140167,65.46,3.372,217.3251824,7.441,0.0,0.0,0.0,0.0,0.0,2011,43,10,NoHoliday,729036.0599999999,671379.44,731756.65,678959.6099999998,34321.97867794321
21,2011-11-04,767358.37,False,B,140167,56.01,3.332,217.4853605,7.441,0.0,0.0,0.0,0.0,0.0,2011,44,11,NoHoliday,738812.0,729036.0599999999,719888.76,700669.9899999998,38740.70947846933
21,2011-11-11,757369.87,False,B,140167,59.8,3.297,217.6455387,7.441,369996.11,529188.11,743.6999999999999,166829.33,506688.84,2011,45,11,NoHoliday,767358.37,738812.0,735796.38,726646.4674999998,40272.462333366835
21,2011-11-18,737014.09,False,B,140167,61.9,3.308,217.8670218,7.441,602775.12,37071.56,3992.28,50825.24,337377.92,2011,46,11,NoHoliday,757369.87,767358.37,756288.89,748144.0749999997,17383.021282971124
21,2011-11-25,1219263.4,True,B,140167,56.43,3.236,218.1130269,7.441,16135.65,14238.84,2798764.2,22024.11,11774.16,2011,47,11,Thanksgiving,737014.09,757369.87,1245628.61,750138.5824999998,14712.312020464171
21,2011-12-02,793184.25,False,B,140167,48.72,3.172,218.3590319,7.441,230458.8,2924.0,85565.76,22123.800000000003,586409.56,2011,48,12,NoHoliday,1219263.4,737014.09,829210.73,870251.4324999998,233017.00392729073
21,2011-12-09,897747.13,False,B,140167,41.44,3.158,218.605037,7.441,466636.4,1292.0,22501.199999999997,322767.44,1211920.48,2011,49,12,NoHoliday,793184.25,1219263.4,943891.64,876707.9024999997,229547.668721313
21,2011-12-16,1027584.51,False,B,140167,50.56,3.159,218.8217928,7.441,129278.09999999999,4554.2,11422.6,27550.6,191198.69999999998,2011,50,12,NoHoliday,897747.13,793184.25,1147556.83,911802.2174999998,215523.42174167387
21,2011-12-23,1384552.17,False,B,140167,46.54,3.112,218.9995495,7.441,52426.2,477.48,39844.740000000005,2056.89,195333.48,2011,51,12,NoHoliday,1027584.51,897747.13,1587257.78,984444.8224999998,183573.68498287414
21,2011-12-30,804362.36,True,B,140167,45.16,3.129,219.1773063,7.441,195880.12,2219721.28,8453.76,28533.48,204737.12,2011,52,12,Christmas,1384552.17,1027584.51,672903.23,1025767.0149999998,257690.98048302555
21,2012-01-06,640181.86,False,B,140167,48.1,3.157,219.355063,7.057,150390.16,1929115.12,526.32,51246.16,229285.8,2012,1,1,NoHoliday,804362.36,1384552.17,629152.0599999999,1028561.5424999997,254367.16599680603
21,2012-01-13,631181.25,False,B,140167,45.0,3.261,219.5328198,7.057,331372.16,909022.64,31.28,26972.88,126558.88,2012,2,1,NoHoliday,640181.86,804362.36,650789.13,964170.2249999999,322102.13990558777
21,2012-01-20,651178.2,False,B,140167,52.21,3.268,219.6258417,7.057,301648.0,74317.88,235.28,26378.56,268145.08,2012,3,1,NoHoliday,631181.25,640181.86,663941.73,865069.4099999997,355352.29720663955
21,2012-01-27,611258.71,False,B,140167,50.79,3.29,219.7188636,7.057,47843.36,40392.96,0.0,1234.14,171710.94999999998,2012,4,1,NoHoliday,651178.2,631181.25,649878.29,681725.9174999997,82165.54874106616
21,2012-02-03,680725.43,False,B,140167,55.83,3.36,219.8118854,7.057,1698633.72,110273.73000000001,2860.05,1734306.03,214605.18,2012,5,2,NoHoliday,611258.71,651178.2,596218.24,633450.0049999998,16903.72338394276
21,2012-02-10,770652.7899999999,True,B,140167,46.52,3.409,219.9049073,7.057,1749717.73,267058.64999999997,877.6999999999999,1115307.46,511131.61,2012,6,2,SuperBowl,680725.43,611258.71,771908.51,643585.8974999997,29641.8075406234
21,2012-02-17,834663.52,False,B,140167,45.03,3.51,220.0651993,7.057,840881.88,538704.84,93.83999999999999,534664.28,363727.92,2012,7,2,NoHoliday,770652.7899999999,680725.43,884701.92,678453.7824999997,67737.12063396485
21,2012-02-24,747099.0700000001,False,B,140167,54.81,3.555,220.275944,7.057,469859.61,375262.98,33.5,149359.75,308618.07999999996,2012,8,2,NoHoliday,834663.52,770652.7899999999,768313.85,724325.1124999998,98328.9742998311
21,2012-03-02,764385.4,False,B,140167,59.3,3.63,220.4866886,7.057,967215.78,74311.62,487.83000000000004,613536.27,219601.47,2012,9,3,NoHoliday,747099.0700000001,834663.52,796277.72,758285.2024999998,63580.00858566153
21,2012-03-09,755084.4,False,B,140167,57.16,3.669,220.6974332,7.057,501803.28,12953.32,325.72,32631.16,509284.63999999996,2012,10,3,NoHoliday,764385.4,747099.0700000001,763479.9,779200.1949999997,38293.59793945409
21,2012-03-16,767338.32,False,B,140167,63.39,3.734,220.8498468,7.057,442733.72,10752.16,398.48,202133.40000000002,447233.28,2012,11,3,NoHoliday,755084.4,764385.4,793569.0,775308.0974999999,40195.84835069253
21,2012-03-23,729759.97,False,B,140167,62.96,3.787,220.9244858,7.057,320535.68,10546.12,161.84,36327.64,331718.96,2012,12,3,NoHoliday,767338.32,755084.4,753711.32,758476.7974999998,9208.677219185027
21,2012-03-30,724798.76,False,B,140167,67.87,3.845,220.9991248,7.057,856300.2,12241.36,0.0,74908.79999999999,788333.52,2012,13,3,NoHoliday,729759.97,767338.32,732056.37,754142.0224999997,17072.801076364725
21,2012-04-06,761956.5800000001,False,B,140167,69.02,3.891,221.0737638,6.891,966133.8,0.0,475.32,249033.68000000002,109838.36,2012,14,4,NoHoliday,724798.76,729759.97,744782.89,744245.3624999998,20320.48526892043
21,2012-04-13,769319.04,False,B,140167,69.03,3.891,221.1484028,6.891,471388.92,280032.84,189.72,66910.64,87416.72,2012,15,4,NoHoliday,761956.5800000001,724798.76,768390.05,745963.4074999997,21780.43572881452
21,2012-04-20,734858.91,False,B,140167,66.97,3.877,221.2021074,6.891,250492.23,220253.78999999998,51.59,59923.46,193134.19999999998,2012,16,4,NoHoliday,769319.04,761956.5800000001,801302.01,746458.5874999998,22440.885408660306
21,2012-04-27,674829.58,False,B,140167,69.21,3.814,221.255812,6.891,151586.83,283.41,185.59,938.0,153405.21000000002,2012,17,4,NoHoliday,734858.91,769319.04,783250.75,747733.3224999998,21291.539072173575
21,2012-05-04,697645.32,False,B,140167,77.53,3.749,221.3095166,6.891,995535.58,0.0,544.04,280035.21,219867.87,2012,18,5,NoHoliday,674829.58,734858.91,718898.33,735241.0274999997,42913.5591787232
21,2012-05-11,649945.54,False,B,140167,74.14,3.688,221.3632212,6.891,619915.49,0.0,345.72,194889.6,175479.03,2012,19,5,NoHoliday,697645.32,674829.58,754236.7000000001,719163.2124999997,41595.0823235373
21,2012-05-18,700554.16,False,B,140167,72.42,3.63,221.380331,6.891,278026.84,0.0,1946.16,95027.28,188499.40000000002,2012,20,5,NoHoliday,649945.54,697645.32,744836.56,689319.8374999997,36071.335106287035
21,2012-05-25,722891.24,False,B,140167,79.49,3.561,221.3828029,6.891,521948.09,0.0,34069.5,105591.33,300869.53,2012,21,5,NoHoliday,700554.16,649945.54,744389.8099999999,680743.6499999998,23534.53178334046
21,2012-06-01,695439.83,False,B,140167,79.24,3.501,221.3852748,6.891,782484.96,0.0,4067.57,245229.38,243215.36,2012,22,6,NoHoliday,722891.24,700554.16,773878.58,692759.0649999997,30689.764239007687
21,2012-06-08,707895.72,False,B,140167,79.47,3.452,221.3877467,6.891,472745.97,723.6,6234.349999999999,50376.63,306242.26,2012,23,6,NoHoliday,695439.83,722891.24,794397.89,692207.6924999998,30592.372980111642
21,2012-06-15,727049.04,False,B,140167,81.51,3.393,221.4009901,6.891,420091.08,4188.8,51.0,202025.96,223118.88,2012,24,6,NoHoliday,707895.72,695439.83,823220.43,706695.2374999998,11946.389776307204
21,2012-06-22,735870.0,False,B,140167,81.78,3.346,221.4411622,6.891,505560.56,5356.650000000001,34.17,234396.82,483996.61,2012,25,6,NoHoliday,727049.04,707895.72,771298.98,713318.9574999998,14482.38542571461
21,2012-06-29,716341.39,False,B,140167,88.05,3.286,221.4813343,6.891,343764.27,2566.1,0.0,123904.44,259934.53999999998,2012,26,6,NoHoliday,735870.0,727049.04,784639.12,716563.6474999997,18294.14601859923
21,2012-07-06,693013.59,False,B,140167,85.26,3.227,221.5215064,6.565,449282.12,4297.6,2542.52,249398.16,233805.76,2012,27,7,NoHoliday,716341.39,735870.0,734099.4,721789.0374999997,12228.95833209229
21,2012-07-13,668132.36,False,B,140167,82.51,3.256,221.5616784,6.565,345993.52,1210.4,146.88,197751.48,104262.36,2012,28,7,NoHoliday,693013.59,716341.39,728311.15,718068.5049999997,18513.732965912386
21,2012-07-20,691200.33,False,B,140167,84.25,3.311,221.5701123,6.565,319839.91,3872.6,678.04,238148.15,290906.63,2012,29,7,NoHoliday,668132.36,693013.59,784490.67,703339.3349999997,29288.505697732715
21,2012-07-27,677789.14,False,B,140167,88.09,3.407,221.5785461,6.565,521656.74000000005,852.72,226.38000000000002,663679.5,276132.12,2012,30,7,NoHoliday,691200.33,668132.36,751167.12,692171.9174999997,19695.31349152899
21,2012-08-03,693785.85,False,B,140167,91.57,3.417,221.5869799,6.565,2807123.12,1795.6000000000001,353.09,1219268.6800000002,384302.62,2012,31,8,NoHoliday,677789.14,691200.33,783614.89,682533.8549999997,11759.36525015028
21,2012-08-10,700272.01,False,B,140167,89.57,3.494,221.5954138,6.565,584229.21,1904.4,494.73,279167.79,289543.32,2012,32,8,NoHoliday,693785.85,677789.14,776933.37,682726.9199999997,11992.79593050524
21,2012-08-17,751963.8099999999,False,B,140167,85.55,3.571,221.6751459,6.565,203425.4,1045.2,3350.0,209580.69,123594.90000000001,2012,33,8,NoHoliday,700272.01,693785.85,855546.5,690761.8324999998,9452.886484670516
21,2012-08-24,802003.61,False,B,140167,77.72,3.62,221.8083518,6.565,421529.82999999996,201.0,0.0,389764.46,436486.91,2012,34,8,NoHoliday,751963.8099999999,700272.01,821127.53,705952.7024999998,32096.26579059614
21,2012-08-31,763867.59,False,B,140167,83.58,3.638,221.9415576,6.565,1359459.42,2890.7999999999997,1920.6000000000001,655717.26,198269.28,2012,35,8,NoHoliday,802003.61,751963.8099999999,705557.8,737006.3199999997,50549.62173494832
21,2012-09-07,642827.29,True,B,140167,88.4,3.73,222.0747635,6.565,687392.53,1340.0,544.04,188653.91,152758.66,2012,36,9,LaborDay,763867.59,802003.61,653989.65,754526.7549999997,41997.813440203434
21,2012-09-14,628494.63,False,B,140167,76.1,3.717,222.2174395,6.565,459750.04,0.0,661.64,90591.64,228442.59999999998,2012,37,9,NoHoliday,642827.29,763867.59,653525.84,740165.5749999997,68312.1955036234
21,2012-09-21,667151.46,False,B,140167,71.54,3.721,222.4169362,6.565,609968.0,2259.91,822.76,112241.08,561990.64,2012,38,9,NoHoliday,628494.63,642827.29,681913.29,709298.2799999998,86640.46431313158
21,2012-09-28,647097.65,False,B,140167,80.38,3.666,222.6164329,6.565,399015.82,328.97,0.0,97737.59,482812.72,2012,39,9,NoHoliday,667151.46,628494.63,651970.48,675585.2424999997,60979.53428537178
21,2012-10-05,651768.91,False,B,140167,70.28,3.617,222.8159296,6.17,531655.28,0.0,1430.04,285500.72,308215.44,2012,40,10,NoHoliday,647097.65,667151.46,663452.46,646392.7574999998,15963.25081154121
21,2012-10-12,653043.44,False,B,140167,61.53,3.601,223.0154263,6.17,268523.27,0.0,1057.9299999999998,40904.84,248888.25,2012,41,10,NoHoliday,651768.91,647097.65,671379.44,648628.1624999999,15923.551159316869
21,2012-10-19,641368.14,False,B,140167,68.52,3.594,223.0598077,6.17,77844.36,0.0,382.16,49274.84,531235.72,2012,42,10,NoHoliday,653043.44,651768.91,729036.0599999999,654765.3649999998,8643.937585376567
21,2012-10-26,675202.87,False,B,140167,70.5,3.506,223.0783366,6.17,501012.60000000003,1671.6499999999999,13835.5,50564.23,178697.71000000002,2012,43,10,NoHoliday,641368.14,653043.44,738812.0,648319.5349999998,5292.395857440724
22,2011-02-04,946060.98,False,B,119557,26.39,3.24,137.0542431,8.458,0.0,0.0,0.0,0.0,0.0,2011,5,2,NoHoliday,799369.15,855001.02,1033017.37,833965.0974999998,36226.511902127764
22,2011-02-11,1009206.33,True,B,119557,28.89,3.255,137.1378318,8.458,0.0,0.0,0.0,0.0,0.0,2011,6,2,SuperBowl,946060.98,799369.15,1022571.25,851991.6674999997,67338.86979368202
22,2011-02-18,975964.86,False,B,119557,35.34,3.263,137.2511849,8.458,0.0,0.0,0.0,0.0,0.0,2011,7,2,NoHoliday,1009206.33,946060.98,988467.61,902409.3699999998,93409.30058654932
22,2011-02-25,911245.43,False,B,119557,30.23,3.281,137.3764439,8.458,0.0,0.0,0.0,0.0,0.0,2011,8,2,NoHoliday,975964.86,1009206.33,899761.48,932650.3299999997,92521.50762703133
22,2011-03-04,997353.15,False,B,119557,33.52,3.437,137.5017028,8.458,0.0,0.0,0.0,0.0,0.0,2011,9,3,NoHoliday,911245.43,975964.86,1009201.24,960619.3999999998,41816.700873752554
22,2011-03-11,944587.23,False,B,119557,41.42,3.6,137.6269617,8.458,0.0,0.0,0.0,0.0,0.0,2011,10,3,NoHoliday,997353.15,911245.43,967187.37,973442.4424999998,43686.79638912153
22,2011-03-18,926427.12,False,B,119557,43.38,3.634,137.7398929,8.458,0.0,0.0,0.0,0.0,0.0,2011,11,3,NoHoliday,944587.23,997353.15,966145.09,957287.6674999997,37573.34673381535
22,2011-03-25,933528.39,False,B,119557,38.77,3.624,137.8478929,8.458,0.0,0.0,0.0,0.0,0.0,2011,12,3,NoHoliday,926427.12,944587.23,1012075.12,944903.2324999998,37529.13581729634
22,2011-04-01,951588.37,False,B,119557,36.04,3.638,137.9558929,8.252,0.0,0.0,0.0,0.0,0.0,2011,13,4,NoHoliday,933528.39,926427.12,1177340.99,950473.9724999998,32133.65267005749
22,2011-04-08,969046.6900000001,False,B,119557,44.42,3.72,138.0638929,8.252,0.0,0.0,0.0,0.0,0.0,2011,14,4,NoHoliday,951588.37,933528.39,1033171.07,939032.7774999999,11220.453472104296
22,2011-04-15,1008557.04,False,B,119557,48.88,3.823,138.1646952,8.252,0.0,0.0,0.0,0.0,0.0,2011,15,4,NoHoliday,969046.6900000001,951588.37,1000968.67,945147.6424999998,19132.105943230916
22,2011-04-22,1152781.9,False,B,119557,47.76,3.919,138.2475036,8.252,0.0,0.0,0.0,0.0,0.0,2011,16,4,NoHoliday,1008557.04,969046.6900000001,969594.47,965680.1224999998,32052.432161005818
22,2011-04-29,926133.8,False,B,119557,57.2,3.988,138.3303119,8.252,0.0,0.0,0.0,0.0,0.0,2011,17,4,NoHoliday,1152781.9,1008557.04,977683.06,1020493.4999999998,91355.33381871409
22,2011-05-06,1032076.06,False,B,119557,53.63,4.078,138.4131202,8.252,0.0,0.0,0.0,0.0,0.0,2011,18,5,NoHoliday,926133.8,1152781.9,1052973.28,1014129.8574999997,98372.15614133886
22,2011-05-13,1001558.74,False,B,119557,57.71,4.095,138.4959286,8.252,0.0,0.0,0.0,0.0,0.0,2011,19,5,NoHoliday,1032076.06,926133.8,973585.33,1029887.1999999997,93679.6707462488
22,2011-05-20,970307.83,False,B,119557,58.56,4.101,138.587106,8.252,0.0,0.0,0.0,0.0,0.0,2011,20,5,NoHoliday,1001558.74,1032076.06,979977.89,1028137.6249999998,94274.28776890022
22,2011-05-27,1021568.34,False,B,119557,62.59,4.034,138.6782834,8.252,0.0,0.0,0.0,0.0,0.0,2011,21,5,NoHoliday,970307.83,1001558.74,1103740.4,982519.1074999998,45265.208666535385
22,2011-06-03,1125169.92,False,B,119557,70.09,3.973,138.7694608,8.252,0.0,0.0,0.0,0.0,0.0,2011,22,6,NoHoliday,1021568.34,970307.83,1095539.1300000001,1006377.7424999997,27174.86061044787
22,2011-06-10,1060868.49,False,B,119557,69.53,3.924,138.8606382,8.252,0.0,0.0,0.0,0.0,0.0,2011,23,6,NoHoliday,1125169.92,1021568.34,1061196.47,1029651.2074999998,67081.99054894895
22,2011-06-17,1042454.61,False,B,119557,63.97,3.873,139.0028333,8.252,0.0,0.0,0.0,0.0,0.0,2011,24,6,NoHoliday,1060868.49,1125169.92,1052895.25,1044478.6449999998,65334.78081698038
22,2011-06-24,1012584.2,False,B,119557,68.53,3.851,139.1832917,8.252,0.0,0.0,0.0,0.0,0.0,2011,25,6,NoHoliday,1042454.61,1060868.49,1095020.33,1062515.3399999996,44748.922545813606
22,2011-07-01,1077491.68,False,B,119557,70.8,3.815,139.36375,8.023,0.0,0.0,0.0,0.0,0.0,2011,26,7,NoHoliday,1012584.2,1042454.61,1120259.71,1060269.3049999997,47622.40875487211
22,2011-07-08,1017050.65,False,B,119557,74.22,3.784,139.5442083,8.023,0.0,0.0,0.0,0.0,0.0,2011,27,7,NoHoliday,1077491.68,1012584.2,1092654.26,1048349.7449999998,27808.261228972046
22,2011-07-15,961953.57,False,B,119557,75.2,3.827,139.7006325,8.023,0.0,0.0,0.0,0.0,0.0,2011,28,7,NoHoliday,1017050.65,1077491.68,988392.99,1037395.2849999998,29792.68239917171
22,2011-07-22,964683.8,False,B,119557,77.79,3.882,139.7969712,8.023,0.0,0.0,0.0,0.0,0.0,2011,29,7,NoHoliday,961953.57,1017050.65,974123.2,1017270.0249999997,47288.34601332825
22,2011-07-29,944958.69,False,B,119557,75.32,3.898,139.8933099,8.023,0.0,0.0,0.0,0.0,0.0,2011,30,7,NoHoliday,964683.8,961953.57,970773.64,1005294.9249999998,54400.68942519221
22,2011-08-05,983232.96,False,B,119557,75.33,3.903,139.9896486,8.023,0.0,0.0,0.0,0.0,0.0,2011,31,8,NoHoliday,944958.69,964683.8,1010326.14,972161.6774999998,31172.35148690028
22,2011-08-12,991779.2,False,B,119557,74.69,3.88,140.0859873,8.023,0.0,0.0,0.0,0.0,0.0,2011,32,8,NoHoliday,983232.96,944958.69,993097.4299999999,963707.2549999998,15671.53360420852
22,2011-08-19,973004.91,False,B,119557,71.3,3.82,140.1289205,8.023,0.0,0.0,0.0,0.0,0.0,2011,33,8,NoHoliday,991779.2,983232.96,1017045.4400000001,971163.6624999999,20811.51548464733
22,2011-08-26,1181815.31,False,B,119557,72.22,3.796,140.1629528,8.023,0.0,0.0,0.0,0.0,0.0,2011,34,8,NoHoliday,973004.91,991779.2,1081420.96,973243.9399999997,20358.85463979159
22,2011-09-02,912762.76,False,B,119557,69.16,3.784,140.196985,8.023,0.0,0.0,0.0,0.0,0.0,2011,35,9,NoHoliday,1181815.31,973004.91,1074535.88,1032458.0949999997,99866.8201379406
22,2011-09-09,1004434.54,True,B,119557,69.14,3.809,140.2310173,8.023,0.0,0.0,0.0,0.0,0.0,2011,36,9,LaborDay,912762.76,1181815.31,924174.4,1014840.5449999997,116307.77034284968
22,2011-09-16,937420.65,False,B,119557,68.08,3.809,140.2735,8.023,0.0,0.0,0.0,0.0,0.0,2011,37,9,NoHoliday,1004434.54,912762.76,918285.97,1018004.3799999997,115641.56148144044
22,2011-09-23,899834.75,False,B,119557,62.36,3.758,140.32725,8.023,0.0,0.0,0.0,0.0,0.0,2011,38,9,NoHoliday,937420.65,1004434.54,902779.25,1009108.3149999998,121478.58189284828
22,2011-09-30,953314.16,False,B,119557,69.78,3.684,140.381,8.023,0.0,0.0,0.0,0.0,0.0,2011,39,9,NoHoliday,899834.75,937420.65,905987.17,938613.1749999998,46568.53160483862
22,2011-10-07,993436.67,False,B,119557,56.44,3.633,140.43475,7.706,0.0,0.0,0.0,0.0,0.0,2011,40,10,NoHoliday,953314.16,899834.75,1015051.62,948751.0249999999,43369.1726202712
22,2011-10-14,944337.32,False,B,119557,62.63,3.583,140.4784194,7.706,0.0,0.0,0.0,0.0,0.0,2011,41,10,NoHoliday,993436.67,953314.16,954401.46,946001.5574999999,38766.695936405675
22,2011-10-21,981567.22,False,B,119557,59.3,3.618,140.4616048,7.706,0.0,0.0,0.0,0.0,0.0,2011,42,10,NoHoliday,944337.32,993436.67,960998.52,947730.7249999997,38408.97366257803
22,2011-10-28,1099351.68,False,B,119557,49.31,3.604,140.4447903,7.706,0.0,0.0,0.0,0.0,0.0,2011,43,10,NoHoliday,981567.22,944337.32,1025766.27,968163.8424999998,23141.467708042994
22,2011-11-04,1106575.59,False,B,119557,42.81,3.586,140.4279758,7.706,0.0,0.0,0.0,0.0,0.0,2011,44,11,NoHoliday,1099351.68,981567.22,1006888.16,1004673.2224999997,66494.5584457493
22,2011-11-11,1051740.29,False,B,119557,47.8,3.57,140.4111613,7.706,863006.36,1139466.48,29642.56,214875.92,426727.88,2011,45,11,NoHoliday,1106575.59,1099351.68,1043698.64,1032957.9524999997,82304.93604884618
22,2011-11-18,1007579.4400000001,False,B,119557,50.62,3.571,140.4127857,7.706,1125034.84,44869.12,6042.48,50856.52,465583.08,2011,46,11,NoHoliday,1051740.29,1106575.59,985896.4400000001,1059808.6949999998,57554.66300272826
22,2011-11-25,1535857.49,True,B,119557,46.28,3.536,140.4217857,7.706,113802.39,0.0,4836067.86,517.5,363416.1,2011,47,11,Thanksgiving,1007579.4400000001,1051740.29,1564502.26,1066311.7499999998,46096.36815202181
22,2011-12-02,1167621.14,False,B,119557,49.11,3.501,140.4307857,7.706,730295.52,0.0,63021.72,231001.44,2036240.28,2011,48,12,NoHoliday,1535857.49,1007579.4400000001,1230514.58,1175438.2024999997,243667.71083261783
22,2011-12-09,1308967.44,False,B,119557,45.35,3.47,140.4397857,7.706,228489.36000000002,0.0,8689.17,172486.88999999998,1161797.16,2011,49,12,NoHoliday,1167621.14,1535857.49,1367202.84,1190699.5899999999,239798.01721402124
22,2011-12-16,1453153.33,False,B,119557,39.11,3.445,140.4700795,7.706,350762.19,0.0,32001.510000000002,29202.18,316715.52,2011,50,12,NoHoliday,1308967.44,1167621.14,1527682.99,1255006.3774999997,224087.34367963197
22,2011-12-23,1863195.68,False,B,119557,39.83,3.413,140.528765,7.706,67426.8,377.29999999999995,65563.4,350.0,297505.6,2011,51,12,NoHoliday,1453153.33,1308967.44,1962445.04,1366399.8499999996,162330.4400640421
22,2011-12-30,982661.14,True,B,119557,36.28,3.402,140.5874505,7.706,465164.19999999995,3744932.04,2431.0,26413.92,396195.19999999995,2011,52,12,Christmas,1863195.68,1453153.33,774262.28,1448234.3974999997,300197.79457720736
22,2012-01-06,895358.2,False,B,119557,34.61,3.439,140.6461359,7.503,400424.25,2377312.2,1582.8600000000001,122657.16,568491.6900000001,2012,1,1,NoHoliday,982661.14,1863195.68,873954.7,1401994.3974999997,365065.40739135916
22,2012-01-13,855437.5700000001,False,B,119557,39.0,3.523,140.7048214,7.503,155783.03999999998,1303538.5999999999,406.02,34854.07,390238.14999999997,2012,2,1,NoHoliday,895358.2,982661.14,807535.52,1298592.0874999997,449101.4458388602
22,2012-01-20,897027.44,False,B,119557,29.16,3.542,140.8086118,7.503,115427.96,503327.84,185.64,131525.6,486016.4,2012,3,1,NoHoliday,855437.5700000001,895358.2,855001.02,1149163.1474999997,478977.0496321936
22,2012-01-27,786459.23,False,B,119557,35.68,3.568,140.9124021,7.503,71322.48,273500.08,0.0,671.84,170542.64,2012,4,1,NoHoliday,897027.44,855437.5700000001,799369.15,907621.0874999998,53593.32282747
22,2012-02-03,958487.75,False,B,119557,40.58,3.633,141.0161924,7.503,6027979.68,353380.36000000004,1884.28,3931449.24,600027.92,2012,5,2,NoHoliday,786459.23,897027.44,946060.98,858570.6099999998,51775.54640562592
22,2012-02-10,1034448.0700000001,True,B,119557,35.68,3.655,141.1199827,7.503,680435.25,428282.76,223.78,657379.21,365081.66,2012,6,2,SuperBowl,958487.75,786459.23,1009206.33,874352.9974999998,72286.22433026085
22,2012-02-17,1004749.41,False,B,119557,36.25,3.703,141.2140357,7.503,998999.48,708332.04,134.0,697425.78,368486.60000000003,2012,7,2,NoHoliday,1034448.0700000001,958487.75,975964.86,919105.6224999997,104781.27018935654
22,2012-02-24,912958.95,False,B,119557,39.0,3.751,141.3007857,7.503,683062.04,538109.84,0.0,591316.44,228572.48,2012,8,2,NoHoliday,1004749.41,1034448.0700000001,911245.43,946036.1149999998,110880.94251216283
22,2012-03-02,974866.65,False,B,119557,37.47,3.827,141.3875357,7.503,1980872.6,233363.2,6270.599999999999,1793083.5999999999,219923.2,2012,9,3,NoHoliday,912958.95,1004749.41,997353.15,977661.0449999997,53268.25841991125
22,2012-03-09,991127.01,False,B,119557,41.72,3.876,141.4742857,7.503,534422.7,24409.699999999997,35.0,94622.5,389466.0,2012,10,3,NoHoliday,974866.65,912958.95,944587.23,981755.7699999998,51915.47096395534
22,2012-03-16,966780.01,False,B,119557,46.06,3.867,141.55478,7.503,575484.68,3489.08,772.48,252907.64,332872.24,2012,11,3,NoHoliday,991127.01,974866.65,926427.12,970925.5049999998,40529.04915487361
22,2012-03-23,992774.4,False,B,119557,54.68,3.889,141.6269332,7.503,391048.52999999997,6686.1,602.37,35268.659999999996,179329.62,2012,12,3,NoHoliday,966780.01,991127.01,933528.39,961433.1549999998,33865.032218353736
22,2012-03-30,965769.93,False,B,119557,46.4,3.921,141.6990864,7.503,790718.2799999999,2012.8000000000002,244.12,112435.28,226301.96,2012,13,3,NoHoliday,992774.4,966780.01,951588.37,981387.0174999997,12654.640710597367
22,2012-04-06,1197489.66,False,B,119557,46.38,3.957,141.7712396,7.671,601516.3,0.0,1236.9,136289.3,401072.0,2012,14,4,NoHoliday,965769.93,992774.4,969046.6900000001,979112.8374999998,14844.869433588934
22,2012-04-13,939118.24,False,B,119557,49.89,4.025,141.8433929,7.671,412723.5,750571.65,655.5,112743.24,133367.34,2012,15,4,NoHoliday,1197489.66,965769.93,1008557.04,1030703.4999999998,111891.04950960456
22,2012-04-20,1000342.87,False,B,119557,58.81,4.046,141.9015262,7.671,496811.04,449829.63,1003.95,3743.25,268939.23,2012,16,4,NoHoliday,939118.24,1197489.66,1152781.9,1023788.0574999996,117854.67714758795
22,2012-04-27,922539.94,False,B,119557,51.42,4.023,141.9596595,7.671,174997.31999999998,12.24,429.08,16847.68,145525.44,2012,17,4,NoHoliday,1000342.87,939118.24,926133.8,1025680.1749999997,117249.99531987794
22,2012-05-04,1005083.3099999999,False,B,119557,50.75,3.991,142.0177929,7.671,1484000.04,0.0,2575.16,447881.32,106427.48,2012,18,5,NoHoliday,922539.94,1000342.87,1032076.06,1014872.6774999996,126259.18688499372
22,2012-05-11,997868.63,False,B,119557,56.72,3.947,142.0759262,7.671,1124307.39,0.0,6906.21,232543.11000000002,240291.12,2012,19,5,NoHoliday,1005083.3099999999,922539.94,1001558.74,966771.0899999997,42094.99319849137
22,2012-05-18,986612.02,False,B,119557,61.9,3.899,142.0970115,7.671,721565.0,0.0,3529.2,100818.84000000001,167553.36,2012,20,5,NoHoliday,997868.63,1005083.3099999999,970307.83,981458.6874999998,39393.062658223986
22,2012-05-25,1047297.38,False,B,119557,62.39,3.85,142.1032776,7.671,653053.8,0.0,21638.4,95851.0,184662.1,2012,21,5,NoHoliday,986612.02,997868.63,1021568.34,978025.9749999997,37763.52112606328
22,2012-06-01,1102857.37,False,B,119557,70.01,3.798,142.1095438,7.671,1084530.48,501.59999999999997,4841.76,245770.80000000002,219883.62000000002,2012,22,6,NoHoliday,1047297.38,986612.02,1125169.92,1009215.3349999997,26501.404650385884
22,2012-06-08,1061134.3699999999,False,B,119557,61.71,3.746,142.1158099,7.671,1223508.44,9540.800000000001,1325.9299999999998,203755.71000000002,289201.48,2012,23,6,NoHoliday,1102857.37,1047297.38,1060868.49,1033658.8499999999,53131.24859393125
22,2012-06-15,1061219.19,False,B,119557,66.56,3.683,142.1292548,7.671,640834.9,12991.300000000001,607.02,205708.09,173431.51,2012,24,6,NoHoliday,1061134.3699999999,1102857.37,1042454.61,1049475.2849999997,48104.45100208353
22,2012-06-22,1112449.3,False,B,119557,70.61,3.629,142.1606464,7.671,562662.57,26730.6,0.0,165390.24,271779.27,2012,25,6,NoHoliday,1061219.19,1061134.3699999999,1012584.2,1068127.0774999997,24060.24648649207
22,2012-06-29,1053881.78,False,B,119557,70.99,3.577,142.1920381,7.671,224232.04,23494.0,0.0,23077.84,153509.31999999998,2012,26,6,NoHoliday,1112449.3,1061219.19,1077491.68,1084415.0574999999,27117.49940812373
22,2012-07-06,1097786.1400000001,False,B,119557,77.41,3.538,142.2234298,7.753,715391.1599999999,19845.399999999998,856.93,434520.46,232170.41,2012,27,7,NoHoliday,1053881.78,1112449.3,1017050.65,1072171.1599999997,27071.426283266603
22,2012-07-13,971361.38,False,B,119557,75.81,3.561,142.2548214,7.753,319844.60000000003,12294.5,948.72,137142.97,97619.67,2012,28,7,NoHoliday,1097786.1400000001,1053881.78,961953.57,1081334.1024999998,28266.96994075212
22,2012-07-20,991969.37,False,B,119557,76.57,3.61,142.2337569,7.753,214558.74,6685.8,1022.34,131093.82,184809.9,2012,29,7,NoHoliday,971361.38,1097786.1400000001,964683.8,1058869.65,63424.09703357837
22,2012-07-27,925731.21,False,B,119557,73.52,3.701,142.2126924,7.753,357546.84,2878.99,154.77,572623.54,244187.53,2012,30,7,NoHoliday,991969.37,971361.38,944958.69,1028749.6674999999,57861.5112152247
22,2012-08-03,1007257.83,False,B,119557,72.99,3.698,142.1916279,7.753,2406103.84,6046.56,1857.76,1250494.84,220143.88,2012,31,8,NoHoliday,925731.21,991969.37,983232.96,996712.0249999998,72845.50043176745
22,2012-08-10,973812.79,False,B,119557,76.74,3.772,142.1705634,7.753,476042.82,1509.42,1018.38,173129.22,125815.8,2012,32,8,NoHoliday,1007257.83,925731.21,991779.2,974079.9474999998,35429.71611356983
22,2012-08-17,981273.26,False,B,119557,74.92,3.84,142.2157385,7.753,345722.68,6125.81,0.0,152347.28,157742.12,2012,33,8,NoHoliday,973812.79,1007257.83,973004.91,974692.7999999998,35388.19371294697
22,2012-08-24,1060906.75,False,B,119557,70.42,3.874,142.3105933,7.753,721475.04,6937.26,7185.66,459335.76,320729.25,2012,34,8,NoHoliday,981273.26,973812.79,1181815.31,972018.7724999997,34025.449560384615
22,2012-08-31,1022270.86,False,B,119557,71.93,3.884,142.4054482,7.753,2526397.81,2724.22,8008.51,452989.01,154609.87,2012,35,8,NoHoliday,1060906.75,981273.26,912762.76,1005812.6574999997,39427.65992563804
22,2012-09-07,996628.8,True,B,119557,73.3,3.921,142.500303,7.753,880026.08,272.0,2539.1200000000003,170686.8,227565.40000000002,2012,36,9,LaborDay,1022270.86,1060906.75,1004434.54,1009565.9149999997,40315.65965464018
22,2012-09-14,918049.28,False,B,119557,66.42,3.988,142.5938833,7.753,480730.08,233.92,573.24,33993.880000000005,408809.19999999995,2012,37,9,NoHoliday,996628.8,1022270.86,937420.65,1015269.9174999997,34808.991459793644
22,2012-09-21,921612.53,False,B,119557,63.38,4.056,142.6798167,7.753,493369.32,7314.6900000000005,1311.0,83993.7,521387.46,2012,38,9,NoHoliday,918049.28,996628.8,899834.75,999463.9224999998,60364.88875253516
22,2012-09-28,976479.51,False,B,119557,62.17,4.018,142.76575,7.753,294616.2,1637.3700000000001,118.67999999999999,190690.47,146996.91,2012,39,9,NoHoliday,921612.53,918049.28,953314.16,964640.3674999998,52809.90347134953
22,2012-10-05,1009887.36,False,B,119557,62.09,4.027,142.8516833,7.543,360017.16,0.0,289.0,98408.92,248393.12,2012,40,10,NoHoliday,976479.51,921612.53,993436.67,953192.5299999998,39418.00523279009
22,2012-10-12,1004039.84,False,B,119557,54.18,4.029,142.9376167,7.543,109065.59999999999,0.0,724.5,33964.0,300388.2,2012,41,10,NoHoliday,1009887.36,976479.51,944337.32,956507.1699999997,44515.85580252809
22,2012-10-19,978027.95,False,B,119557,55.28,4.0,142.8633629,7.543,189925.57,0.0,245.22,30775.78,212480.44999999998,2012,42,10,NoHoliday,1004039.84,1009887.36,981567.22,978004.8099999998,40318.46378229624
22,2012-10-26,1094422.69,False,B,119557,57.58,3.917,142.7624113,7.543,505837.62,7718.34,10550.789999999999,36989.520000000004,48916.17,2012,43,10,NoHoliday,978027.95,1004039.84,1099351.68,992108.6649999997,17329.858180899148
23,2011-02-04,1159438.53,False,B,114533,14.5,3.24,133.1834194,5.114,0.0,0.0,0.0,0.0,0.0,2011,5,2,NoHoliday,1083657.6099999999,1110706.06,1364721.58,1083288.5624999998,47186.40360123949
23,2011-02-11,1249786.4,True,B,114533,21.52,3.255,133.260871,5.114,0.0,0.0,0.0,0.0,0.0,2011,6,2,SuperBowl,1159438.53,1083657.6099999999,1380892.08,1092639.5749999997,59518.83663371006
23,2011-02-18,1369971.57,False,B,114533,26.6,3.263,133.3701429,5.114,0.0,0.0,0.0,0.0,0.0,2011,7,2,NoHoliday,1249786.4,1159438.53,1319588.04,1150897.1499999997,73003.46656762966
23,2011-02-25,1206917.2,False,B,114533,17.0,3.281,133.4921429,5.114,0.0,0.0,0.0,0.0,0.0,2011,8,2,NoHoliday,1369971.57,1249786.4,1198709.65,1215713.5274999999,123237.09534434184
23,2011-03-04,1301185.28,False,B,114533,20.67,3.437,133.6141429,5.114,0.0,0.0,0.0,0.0,0.0,2011,9,3,NoHoliday,1206917.2,1369971.57,1311175.93,1246528.4249999998,90189.65832383353
23,2011-03-11,1042043.55,False,B,114533,29.36,3.6,133.7361429,5.114,0.0,0.0,0.0,0.0,0.0,2011,10,3,NoHoliday,1301185.28,1206917.2,1408082.96,1281965.1124999998,70195.46544993442
23,2011-03-18,1203682.6199999999,False,B,114533,37.28,3.634,133.8492258,5.114,0.0,0.0,0.0,0.0,0.0,2011,11,3,NoHoliday,1042043.55,1301185.28,1229008.32,1230029.4,142032.65327845336
23,2011-03-25,1148624.83,False,B,114533,29.11,3.624,133.9587419,5.114,0.0,0.0,0.0,0.0,0.0,2011,12,3,NoHoliday,1203682.6199999999,1042043.55,1310701.8,1188457.1624999996,107575.03108836178
23,2011-04-01,1182694.95,False,B,114533,29.44,3.638,134.0682581,4.781,0.0,0.0,0.0,0.0,0.0,2011,13,4,NoHoliday,1148624.83,1203682.6199999999,1556627.6199999999,1173884.0699999998,108187.34301944471
23,2011-04-08,1248901.98,False,B,114533,36.74,3.72,134.1777742,4.781,0.0,0.0,0.0,0.0,0.0,2011,14,4,NoHoliday,1182694.95,1148624.83,1264434.7,1144261.4874999998,71822.80866097739
23,2011-04-15,1263680.51,False,B,114533,45.51,3.823,134.2784667,4.781,0.0,0.0,0.0,0.0,0.0,2011,15,4,NoHoliday,1248901.98,1182694.95,1288823.72,1195976.0949999997,41948.66283219058
23,2011-04-22,1447301.24,False,B,114533,39.62,3.919,134.3571,4.781,0.0,0.0,0.0,0.0,0.0,2011,16,4,NoHoliday,1263680.51,1248901.98,1315023.08,1210975.5675,54478.226604855525
23,2011-04-29,1173307.4,False,B,114533,54.2,3.988,134.4357333,4.781,0.0,0.0,0.0,0.0,0.0,2011,17,4,NoHoliday,1447301.24,1263680.51,1259414.52,1285644.6699999997,113378.33576892172
23,2011-05-06,1359921.1300000001,False,B,114533,50.07,4.078,134.5143667,4.781,0.0,0.0,0.0,0.0,0.0,2011,18,5,NoHoliday,1173307.4,1447301.24,1365552.28,1283297.7824999997,116279.73014017385
23,2011-05-13,1254914.8699999999,False,B,114533,55.12,4.095,134.593,4.781,0.0,0.0,0.0,0.0,0.0,2011,19,5,NoHoliday,1359921.1300000001,1173307.4,1303055.09,1311052.5699999998,118560.364597141
23,2011-05-20,1337617.55,False,B,114533,56.67,4.101,134.6803871,4.781,0.0,0.0,0.0,0.0,0.0,2011,20,5,NoHoliday,1254914.8699999999,1359921.1300000001,1327424.28,1308861.1599999997,119802.33768130324
23,2011-05-27,1361945.18,False,B,114533,63.27,4.034,134.7677742,4.781,0.0,0.0,0.0,0.0,0.0,2011,21,5,NoHoliday,1337617.55,1254914.8699999999,1571158.56,1281440.2374999998,85071.43389359467
23,2011-06-03,1562161.97,False,B,114533,67.21,3.973,134.8551613,4.781,0.0,0.0,0.0,0.0,0.0,2011,22,6,NoHoliday,1361945.18,1337617.55,1514435.51,1328599.6824999999,50344.57535965346
23,2011-06-10,1447028.06,False,B,114533,65.23,3.924,134.9425484,4.781,0.0,0.0,0.0,0.0,0.0,2011,23,6,NoHoliday,1562161.97,1361945.18,1439432.06,1379159.8924999996,130318.45422169036
23,2011-06-17,1470520.83,False,B,114533,61.06,3.873,135.0837333,4.781,0.0,0.0,0.0,0.0,0.0,2011,24,6,NoHoliday,1447028.06,1562161.97,1507708.93,1427188.1899999997,101474.28513828988
23,2011-06-24,1434036.18,False,B,114533,63.8,3.851,135.2652667,4.781,0.0,0.0,0.0,0.0,0.0,2011,25,6,NoHoliday,1470520.83,1447028.06,1415204.88,1460414.0099999998,82320.69264701157
23,2011-07-01,1492507.44,False,B,114533,65.65,3.815,135.4468,4.584,0.0,0.0,0.0,0.0,0.0,2011,26,7,NoHoliday,1434036.18,1470520.83,1549113.18,1478436.7599999998,57822.97893093252
23,2011-07-08,1379488.05,False,B,114533,69.92,3.784,135.6283333,4.584,0.0,0.0,0.0,0.0,0.0,2011,27,7,NoHoliday,1492507.44,1434036.18,1417535.78,1461023.1274999997,25856.176155026656
23,2011-07-15,1360520.56,False,B,114533,69.8,3.827,135.7837419,4.584,0.0,0.0,0.0,0.0,0.0,2011,28,7,NoHoliday,1379488.05,1492507.44,1413124.11,1444138.1249999998,49387.310269544374
23,2011-07-22,1362144.0,False,B,114533,76.74,3.882,135.8738387,4.584,0.0,0.0,0.0,0.0,0.0,2011,29,7,NoHoliday,1360520.56,1379488.05,1333634.45,1416638.0574999996,59408.625777672714
23,2011-07-29,1319767.55,False,B,114533,69.55,3.898,135.9639355,4.584,0.0,0.0,0.0,0.0,0.0,2011,30,7,NoHoliday,1362144.0,1360520.56,1319773.55,1398665.0124999997,63147.81785719084
23,2011-08-05,1416344.68,False,B,114533,69.53,3.903,136.0540323,4.584,0.0,0.0,0.0,0.0,0.0,2011,31,8,NoHoliday,1319767.55,1362144.0,1417013.07,1355480.0399999998,25308.639440040202
23,2011-08-12,1380952.05,False,B,114533,69.86,3.88,136.144129,4.584,0.0,0.0,0.0,0.0,0.0,2011,32,8,NoHoliday,1416344.68,1319767.55,1346345.97,1364694.1974999998,39623.640903498395
23,2011-08-19,1453416.53,False,B,114533,67.09,3.82,136.183129,4.584,0.0,0.0,0.0,0.0,0.0,2011,33,8,NoHoliday,1380952.05,1416344.68,1439901.05,1369802.0699999998,40218.71797796609
23,2011-08-26,1637266.29,False,B,114533,67.04,3.796,136.2136129,4.584,0.0,0.0,0.0,0.0,0.0,2011,34,8,NoHoliday,1453416.53,1380952.05,1584623.3599999999,1392620.2024999997,56870.31747519984
23,2011-09-02,1464295.69,False,B,114533,65.33,3.784,136.2440968,4.584,0.0,0.0,0.0,0.0,0.0,2011,35,9,NoHoliday,1637266.29,1453416.53,1405119.23,1471994.8874999997,114084.08551965126
23,2011-09-09,1423289.9,True,B,114533,66.04,3.809,136.2745806,4.584,0.0,0.0,0.0,0.0,0.0,2011,36,9,LaborDay,1464295.69,1637266.29,1272842.85,1483982.64,108678.49053348636
23,2011-09-16,1253329.17,False,B,114533,60.52,3.809,136.3145,4.584,0.0,0.0,0.0,0.0,0.0,2011,37,9,NoHoliday,1423289.9,1464295.69,1159132.58,1494567.1024999996,96700.957839474
23,2011-09-23,1289082.81,False,B,114533,57.14,3.758,136.367,4.584,0.0,0.0,0.0,0.0,0.0,2011,38,9,NoHoliday,1253329.17,1423289.9,1099055.65,1444545.2624999997,157635.50603958644
23,2011-09-30,1275597.85,False,B,114533,64.76,3.684,136.4195,4.584,0.0,0.0,0.0,0.0,0.0,2011,39,9,NoHoliday,1289082.81,1253329.17,1129909.44,1357499.3924999996,102088.36703807263
23,2011-10-07,1463501.99,False,B,114533,49.0,3.633,136.472,4.42,0.0,0.0,0.0,0.0,0.0,2011,40,10,NoHoliday,1275597.85,1289082.81,1179851.68,1310324.9324999996,76739.38331023397
23,2011-10-14,1257778.34,False,B,114533,56.79,3.583,136.5150968,4.42,0.0,0.0,0.0,0.0,0.0,2011,41,10,NoHoliday,1463501.99,1275597.85,1119809.71,1320377.9549999998,96548.21398148753
23,2011-10-21,1441032.59,False,B,114533,52.12,3.618,136.5017742,4.42,0.0,0.0,0.0,0.0,0.0,2011,42,10,NoHoliday,1257778.34,1463501.99,1147503.92,1321490.2474999998,95538.64195321713
23,2011-10-28,1407191.96,False,B,114533,42.57,3.604,136.4884516,4.42,0.0,0.0,0.0,0.0,0.0,2011,43,10,NoHoliday,1441032.59,1257778.34,1112871.23,1359477.6925,107781.94353006435
23,2011-11-04,1428436.33,False,B,114533,39.18,3.586,136.475129,4.42,0.0,0.0,0.0,0.0,0.0,2011,44,11,NoHoliday,1407191.96,1441032.59,1203119.96,1392376.2199999997,92668.60840636687
23,2011-11-11,1436940.78,False,B,114533,44.04,3.57,136.4618065,4.42,650198.12,682971.01,20368.48,272245.24,251579.27,2011,45,11,NoHoliday,1428436.33,1407191.96,1387953.75,1383609.8049999997,85042.08605004154
23,2011-11-18,1345631.96,False,B,114533,45.48,3.571,136.4666667,4.42,267054.43,14660.08,10002.48,37607.28,375208.73,2011,46,11,NoHoliday,1436940.78,1428436.33,1314994.32,1428400.4149999998,15080.998341666866
23,2011-11-25,2057059.53,True,B,114533,35.23,3.536,136.4788,4.42,5057.28,3417.84,7487419.68,504.0,48766.31999999999,2011,47,11,Thanksgiving,1345631.96,1436940.78,2072685.05,1404550.2574999998,41223.111558530756
23,2011-12-02,1552886.59,False,B,114533,43.6,3.501,136.4909333,4.42,441696.96,3633.84,628896.96,365781.60000000003,1471810.32,2011,48,12,NoHoliday,2057059.53,1345631.96,1617025.41,1567017.15,329280.75267753704
23,2011-12-09,1841173.6,False,B,114533,36.4,3.47,136.5030667,4.42,395382.24,0.0,44016.48,310953.60000000003,951024.24,2011,49,12,NoHoliday,1552886.59,2057059.53,1872365.99,1598129.7149999999,317490.4221663914
23,2011-12-16,2173621.2,False,B,114533,32.99,3.445,136.5335161,4.42,446200.08999999997,1400.1399999999999,53901.74,43159.060000000005,309662.35,2011,50,12,NoHoliday,1841173.6,1552886.59,2238573.48,1699187.92,313388.9588463253
23,2011-12-23,2587953.32,False,B,114533,27.8,3.413,136.5883871,4.42,74264.92,1050.8,124554.58,148.0,42234.76,2011,51,12,NoHoliday,2173621.2,1841173.6,2734277.1,1906185.23,272843.96854334406
23,2011-12-30,1213486.95,True,B,114533,22.3,3.402,136.6432581,4.42,276613.87,3576028.6,16888.77,78037.51999999999,182692.94,2011,52,12,Christmas,2587953.32,2173621.2,1169773.85,2038908.6774999998,445314.16385441145
23,2012-01-06,1150662.55,False,B,114533,24.29,3.439,136.698129,4.261,300334.97,2474701.4499999997,2710.78,170992.14,279144.31,2012,1,1,NoHoliday,1213486.95,2587953.32,1122034.48,1954058.7674999998,580580.0672233633
23,2012-01-13,1031451.35,False,B,114533,28.49,3.523,136.753,4.261,193636.8,1065159.2,338.8,56505.4,159126.1,2012,2,1,NoHoliday,1150662.55,1213486.95,1016756.1,1781431.0049999997,712909.6920555071
23,2012-01-20,1146992.13,False,B,114533,15.33,3.542,136.8564194,4.261,170618.69999999998,320375.3,0.0,157592.40000000002,129427.2,2012,3,1,NoHoliday,1031451.35,1150662.55,1110706.06,1495888.5424999995,731946.9537649932
23,2012-01-27,1037476.38,False,B,114533,25.71,3.568,136.9598387,4.261,66046.8,229057.91999999998,0.0,621.0,117962.4,2012,4,1,NoHoliday,1146992.13,1031451.35,1083657.6099999999,1135648.2449999996,75872.63451612431
23,2012-02-03,1261872.67,False,B,114533,29.71,3.633,137.0632581,4.261,2498201.3,423857.69999999995,9296.0,3025302.7,373495.5,2012,5,2,NoHoliday,1037476.38,1146992.13,1159438.53,1091645.6024999998,66090.57143754126
23,2012-02-10,1358444.07,True,B,114533,26.6,3.655,137.1666774,4.261,622728.93,596660.57,4014.34,695847.57,435506.89999999997,2012,6,2,SuperBowl,1261872.67,1037476.38,1249786.4,1119448.1324999998,108790.65924770432
23,2012-02-17,1365546.69,False,B,114533,27.01,3.703,137.2583103,4.261,633638.08,719962.72,133.48,475675.14999999997,158813.51,2012,7,2,NoHoliday,1358444.07,1261872.67,1369971.57,1201196.3124999998,139224.98254809505
23,2012-02-24,1272948.27,False,B,114533,31.12,3.751,137.3411034,4.261,1295046.9,733483.1,0.0,527913.4,512432.9,2012,8,2,NoHoliday,1365546.69,1358444.07,1206917.2,1255834.9524999997,153060.13693562045
23,2012-03-02,1322852.2,False,B,114533,25.91,3.827,137.4238966,4.261,2124107.71,306105.14,2338.03,1662942.83,193333.0,2012,9,3,NoHoliday,1272948.27,1365546.69,1301185.28,1314702.9249999998,54872.16435445637
23,2012-03-09,1292724.9,False,B,114533,33.11,3.876,137.5066897,4.261,608865.47,79918.31,360.68,309959.73,194743.77,2012,10,3,NoHoliday,1322852.2,1272948.27,1042043.55,1329947.8074999996,42342.30482127269
23,2012-03-16,1258364.31,False,B,114533,41.19,3.867,137.5843871,4.261,401773.39999999997,7733.6,422.1,236619.6,58709.0,2012,11,3,NoHoliday,1292724.9,1322852.2,1203682.6199999999,1313518.0149999997,40300.40476490372
23,2012-03-23,1288154.1,False,B,114533,57.82,3.889,137.6552903,4.261,248646.26,5147.5,494.87,19623.69,109477.03,2012,12,3,NoHoliday,1258364.31,1292724.9,1148624.83,1286722.42,27900.42042694376
23,2012-03-30,1261964.96,False,B,114533,36.71,3.921,137.7261935,4.261,624400.7000000001,8148.7,496.3,70721.0,211778.0,2012,13,3,NoHoliday,1288154.1,1258364.31,1182694.95,1290523.8774999997,26393.29815757098
23,2012-04-06,1604605.69,False,B,114533,37.43,3.957,137.7970968,4.125,578298.7,0.0,4200.0,255327.8,244637.40000000002,2012,14,4,NoHoliday,1261964.96,1288154.1,1248901.98,1275302.0675,17639.878092046718
23,2012-04-13,1231752.54,False,B,114533,41.81,4.025,137.868,4.125,316723.89999999997,344538.86,1787.0700000000002,146578.08,133470.06,2012,15,4,NoHoliday,1604605.69,1261964.96,1263680.51,1353272.2649999997,168080.74429060347
23,2012-04-20,1287899.41,False,B,114533,56.55,4.046,137.9230667,4.125,170697.1,458572.1,2158.8,35161.7,341191.2,2012,16,4,NoHoliday,1231752.54,1604605.69,1447301.24,1346619.3224999998,173527.98705109034
23,2012-04-27,1277758.76,False,B,114533,44.62,4.023,137.9781333,4.125,180967.68,91458.12,1865.76,138.0,147155.61000000002,2012,17,4,NoHoliday,1287899.41,1231752.54,1173307.4,1346555.6499999997,173556.63488257877
23,2012-05-04,1317379.68,False,B,114533,45.88,3.991,138.0332,4.125,695935.1,0.0,6995.1,342985.3,198898.69999999998,2012,18,5,NoHoliday,1277758.76,1287899.41,1359921.1300000001,1350504.0999999996,171153.71526270398
23,2012-05-11,1321914.34,False,B,114533,52.9,3.947,138.0882667,4.125,627632.9,0.0,4176.22,100778.82,158867.47,2012,19,5,NoHoliday,1317379.68,1277758.76,1254914.8699999999,1278697.5974999997,35523.216349119204
23,2012-05-18,1332952.47,False,B,114533,58.42,3.899,138.1065806,4.125,664858.2000000001,0.0,7384.71,36693.509999999995,97563.23000000001,2012,20,5,NoHoliday,1321914.34,1317379.68,1337617.55,1301238.0474999999,21735.20618092436
23,2012-05-25,1552934.64,False,B,114533,66.43,3.85,138.1101935,4.125,504180.94,0.0,17497.95,72213.39,195459.44999999998,2012,21,5,NoHoliday,1332952.47,1321914.34,1361945.18,1312501.3124999998,24067.255441733792
23,2012-06-01,1476144.34,False,B,114533,66.22,3.798,138.1138065,4.125,300958.35000000003,6546.2,4376.44,99487.33,164178.98,2012,22,6,NoHoliday,1552934.64,1332952.47,1562161.97,1381295.2824999997,114612.96776333218
23,2012-06-08,1568048.54,False,B,114533,56.82,3.746,138.1174194,4.125,529578.0,35238.0,15401.400000000001,180699.4,434590.10000000003,2012,23,6,NoHoliday,1476144.34,1552934.64,1447028.06,1420986.4474999998,112572.91309491666
23,2012-06-15,1543667.68,False,B,114533,64.73,3.683,138.1295333,4.125,331932.77999999997,30518.7,2831.07,93950.4,152723.22,2012,24,6,NoHoliday,1568048.54,1476144.34,1470520.83,1482519.9974999998,107524.33484503796
23,2012-06-22,1522042.57,False,B,114533,71.82,3.629,138.1629,4.125,406758.1,46067.0,579.5999999999999,144505.9,381845.10000000003,2012,25,6,NoHoliday,1543667.68,1568048.54,1434036.18,1535198.7999999998,40631.747082483176
23,2012-06-29,1451782.16,False,B,114533,64.23,3.577,138.1962667,4.125,183474.19999999998,13986.0,0.0,24071.6,132227.9,2012,26,6,NoHoliday,1522042.57,1543667.68,1492507.44,1527475.7824999997,39041.69985631082
23,2012-07-06,1545370.16,False,B,114533,70.86,3.538,138.2296333,4.156,477345.45,7162.2,1848.51,421789.41000000003,357707.73,2012,27,7,NoHoliday,1451782.16,1522042.57,1379488.05,1521385.2374999998,50063.26506686137
23,2012-07-13,1384921.63,False,B,114533,69.19,3.561,138.263,4.156,291169.89999999997,6951.0,32.9,220411.1,77464.1,2012,28,7,NoHoliday,1545370.16,1451782.16,1360520.56,1515715.6424999998,43925.03843569906
23,2012-07-20,1381339.23,False,B,114533,71.13,3.61,138.2331935,4.156,175153.05,393.3,2632.35,30208.2,95028.18000000001,2012,29,7,NoHoliday,1384921.63,1545370.16,1362144.0,1476029.1299999997,72603.7354698581
23,2012-07-27,1322932.3599999999,False,B,114533,69.31,3.701,138.2033871,4.156,207414.96,13945.44,479.4,258225.92,222764.59999999998,2012,30,7,NoHoliday,1381339.23,1384921.63,1319767.55,1440853.2949999997,76840.72323561943
23,2012-08-03,1416926.31,False,B,114533,71.51,3.698,138.1735806,4.156,140088.63,5370.96,1742.94,124906.56,128596.68000000001,2012,31,8,NoHoliday,1322932.3599999999,1381339.23,1416344.68,1408640.8449999997,95479.19376002904
23,2012-08-10,1436311.76,False,B,114533,71.12,3.772,138.1437742,4.156,1654890.48,9998.1,7373.34,904627.26,335395.2,2012,32,8,NoHoliday,1416926.31,1322932.3599999999,1380952.05,1376529.8824999996,39149.785109615426
23,2012-08-17,1510131.45,False,B,114533,69.97,3.84,138.1857097,4.156,186603.2,2365.2999999999997,3528.0,79515.1,245943.6,2012,33,8,NoHoliday,1436311.76,1416926.31,1453416.53,1389377.4149999996,49804.056422324014
23,2012-08-24,1702220.96,False,B,114533,64.63,3.874,138.2814516,4.156,215800.9,9387.7,3850.0,372753.5,413468.3,2012,34,8,NoHoliday,1510131.45,1436311.76,1637266.29,1421575.4699999997,77052.7907258149
23,2012-08-31,1577468.78,False,B,114533,68.34,3.884,138.3771935,4.156,1194966.15,1607.01,8166.84,332068.02,209124.51,2012,35,8,NoHoliday,1702220.96,1510131.45,1464295.69,1516397.6199999996,130227.83248379969
23,2012-09-07,1427162.26,True,B,114533,66.74,3.921,138.4729355,4.156,950490.1,6385.4,5966.1,90178.9,337897.69999999995,2012,36,9,LaborDay,1577468.78,1702220.96,1423289.9,1556533.2374999998,112944.73421765432
23,2012-09-14,1279041.64,False,B,114533,61.37,3.988,138.5673,4.156,363028.39999999997,0.0,1505.0,69362.3,555431.1,2012,37,9,NoHoliday,1427162.26,1577468.78,1253329.17,1554245.8624999998,116235.76155376299
23,2012-09-21,1338627.55,False,B,114533,56.8,4.056,138.6534,4.156,525257.6,14057.4,735.0,139512.8,448888.3,2012,38,9,NoHoliday,1279041.64,1427162.26,1289082.81,1496473.4099999997,183460.18134016686
23,2012-09-28,1319035.06,False,B,114533,53.71,4.018,138.7395,4.156,303109.10000000003,4238.5,330.4,185282.3,235861.5,2012,39,9,NoHoliday,1338627.55,1279041.64,1275597.85,1405575.0574999999,129751.2153461151
23,2012-10-05,1464616.59,False,B,114533,56.65,4.027,138.8256,4.145,374321.5,0.0,471.1,175454.3,218907.5,2012,40,10,NoHoliday,1319035.06,1338627.55,1463501.99,1340966.6274999997,62585.55764049715
23,2012-10-12,1412925.25,False,B,114533,48.1,4.029,138.9117,4.145,108997.0,0.0,78.4,69892.2,386300.6,2012,41,10,NoHoliday,1464616.59,1319035.06,1257778.34,1350330.21,80124.43557940569
23,2012-10-19,1363155.77,False,B,114533,47.89,4.0,138.8336129,4.145,79403.09999999999,0.0,150.5,43768.2,132648.6,2012,42,10,NoHoliday,1412925.25,1464616.59,1441032.59,1383801.1124999998,67366.2850740963
23,2012-10-26,1347454.59,False,B,114533,50.56,3.917,138.7281613,4.145,330009.75,8605.68,8204.789999999999,90870.24,50928.21,2012,43,10,NoHoliday,1363155.77,1412925.25,1407191.96,1389933.1675,62848.54842652016
24,2011-02-04,1225182.04,False,A,203819,23.83,3.4,133.1834194,8.252,0.0,0.0,0.0,0.0,0.0,2011,5,2,NoHoliday,1126921.34,1107170.39,1388725.63,1145118.4099999997,33698.38079300428
24,2011-02-11,1341240.6199999999,True,A,203819,26.51,3.416,133.260871,8.252,0.0,0.0,0.0,0.0,0.0,2011,6,2,SuperBowl,1225182.04,1126921.34,1414107.1,1156753.4924999997,52126.81725359943
24,2011-02-18,1360150.12,False,A,203819,34.04,3.42,133.3701429,8.252,0.0,0.0,0.0,0.0,0.0,2011,7,2,NoHoliday,1341240.6199999999,1225182.04,1385362.49,1200128.5974999997,107301.45815634925
24,2011-02-25,1235121.33,False,A,203819,26.09,3.452,133.4921429,8.252,0.0,0.0,0.0,0.0,0.0,2011,8,2,NoHoliday,1360150.12,1341240.6199999999,1158722.74,1263373.5299999998,108791.51642985467
24,2011-03-04,1346994.53,False,A,203819,31.36,3.605,133.6141429,8.252,0.0,0.0,0.0,0.0,0.0,2011,9,3,NoHoliday,1235121.33,1360150.12,1412387.3699999999,1290423.5274999999,70140.2388822219
24,2011-03-11,1253218.7,False,A,203819,39.51,3.752,133.7361429,8.252,0.0,0.0,0.0,0.0,0.0,2011,10,3,NoHoliday,1346994.53,1235121.33,1309340.16,1320876.65,57715.43780771096
24,2011-03-18,1168397.26,False,A,203819,43.39,3.796,133.8492258,8.252,0.0,0.0,0.0,0.0,0.0,2011,11,3,NoHoliday,1253218.7,1346994.53,1222511.29,1298871.1699999997,63820.47113564648
24,2011-03-25,1158693.1199999999,False,A,203819,36.88,3.789,133.9587419,8.252,0.0,0.0,0.0,0.0,0.0,2011,12,3,NoHoliday,1168397.26,1253218.7,1258311.56,1250932.9549999996,73700.29230147641
24,2011-04-01,1163803.3,False,A,203819,35.73,3.811,134.0682581,8.212,0.0,0.0,0.0,0.0,0.0,2011,13,4,NoHoliday,1158693.1199999999,1168397.26,1478321.26,1231825.9024999996,87736.46355365429
24,2011-04-08,1273670.32,False,A,203819,44.7,3.895,134.1777742,8.212,0.0,0.0,0.0,0.0,0.0,2011,14,4,NoHoliday,1163803.3,1158693.1199999999,1379579.63,1186028.0949999997,44968.752536685344
24,2011-04-15,1245576.65,False,A,203819,52.36,3.981,134.2784667,8.212,0.0,0.0,0.0,0.0,0.0,2011,15,4,NoHoliday,1273670.32,1163803.3,1268266.72,1191140.9999999998,55162.1280911864
24,2011-04-22,1372484.9000000001,False,A,203819,46.0,4.061,134.3571,8.212,0.0,0.0,0.0,0.0,0.0,2011,16,4,NoHoliday,1245576.65,1273670.32,1264117.01,1210435.8474999997,57980.97057997253
24,2011-04-29,1197761.17,False,A,203819,60.48,4.117,134.4357333,8.212,0.0,0.0,0.0,0.0,0.0,2011,17,4,NoHoliday,1372484.9000000001,1245576.65,1259877.19,1263883.7924999997,86103.1031502397
24,2011-05-06,1339630.35,False,A,203819,55.75,4.192,134.5143667,8.212,0.0,0.0,0.0,0.0,0.0,2011,18,5,NoHoliday,1197761.17,1372484.9000000001,1409705.03,1272373.2599999998,73731.59682208406
24,2011-05-13,1311950.16,False,A,203819,58.49,4.211,134.593,8.212,0.0,0.0,0.0,0.0,0.0,2011,19,5,NoHoliday,1339630.35,1197761.17,1346783.35,1288863.2674999996,81123.76863169648
24,2011-05-20,1234281.7,False,A,203819,59.84,4.202,134.6803871,8.212,0.0,0.0,0.0,0.0,0.0,2011,20,5,NoHoliday,1311950.16,1339630.35,1283482.85,1305456.6449999998,75941.00814516487
24,2011-05-27,1311153.72,False,A,203819,65.74,4.134,134.7677742,8.212,0.0,0.0,0.0,0.0,0.0,2011,21,5,NoHoliday,1234281.7,1311950.16,1473868.15,1270905.8449999997,66078.65227429241
24,2011-06-03,1554837.62,False,A,203819,73.12,4.069,134.8551613,8.212,0.0,0.0,0.0,0.0,0.0,2011,22,6,NoHoliday,1311153.72,1234281.7,1566668.91,1299253.9824999997,45293.28582120622
24,2011-06-10,1373841.91,False,A,203819,70.02,4.025,134.9425484,8.212,0.0,0.0,0.0,0.0,0.0,2011,23,6,NoHoliday,1554837.62,1311153.72,1375458.21,1353055.7999999998,139366.00214479232
24,2011-06-17,1320359.23,False,A,203819,64.34,3.989,135.0837333,8.212,0.0,0.0,0.0,0.0,0.0,2011,24,6,NoHoliday,1373841.91,1554837.62,1354168.18,1368528.7374999998,136691.12286596306
24,2011-06-24,1304850.67,False,A,203819,68.88,3.964,135.2652667,8.212,0.0,0.0,0.0,0.0,0.0,2011,25,6,NoHoliday,1320359.23,1373841.91,1399073.75,1390048.1199999999,113282.96178686655
24,2011-07-01,1445596.61,False,A,203819,70.27,3.916,135.4468,8.358,0.0,0.0,0.0,0.0,0.0,2011,26,7,NoHoliday,1304850.67,1320359.23,1563387.94,1388472.3574999997,114780.13085740773
24,2011-07-08,1567340.07,False,A,203819,72.56,3.886,135.6283333,8.358,0.0,0.0,0.0,0.0,0.0,2011,27,7,NoHoliday,1445596.61,1304850.67,1665502.55,1361162.1049999997,63576.24139426661
24,2011-07-15,1356938.95,False,A,203819,74.43,3.915,135.7837419,8.358,0.0,0.0,0.0,0.0,0.0,2011,28,7,NoHoliday,1567340.07,1445596.61,1418697.05,1409536.6449999998,122629.53250246898
24,2011-07-22,1357672.24,False,A,203819,79.29,3.972,135.8738387,8.358,0.0,0.0,0.0,0.0,0.0,2011,29,7,NoHoliday,1356938.95,1567340.07,1333740.35,1418681.575,114881.66943966497
24,2011-07-29,1310973.06,False,A,203819,74.84,4.004,135.9639355,8.358,0.0,0.0,0.0,0.0,0.0,2011,30,7,NoHoliday,1357672.24,1356938.95,1387517.63,1431886.9674999998,99432.60427619658
24,2011-08-05,1417616.81,False,A,203819,74.64,4.02,136.0540323,8.358,0.0,0.0,0.0,0.0,0.0,2011,31,8,NoHoliday,1310973.06,1357672.24,1442819.28,1398231.0799999998,114835.92941704665
24,2011-08-12,1402818.01,False,A,203819,72.52,3.995,136.144129,8.358,0.0,0.0,0.0,0.0,0.0,2011,32,8,NoHoliday,1417616.81,1310973.06,1384243.75,1360800.2649999997,43724.76200730815
24,2011-08-19,1352039.88,False,A,203819,69.93,3.942,136.183129,8.358,0.0,0.0,0.0,0.0,0.0,2011,33,8,NoHoliday,1402818.01,1417616.81,1375307.54,1372270.0299999998,48166.11375411115
24,2011-08-26,1402372.09,False,A,203819,69.94,3.906,136.2136129,8.358,0.0,0.0,0.0,0.0,0.0,2011,34,8,NoHoliday,1352039.88,1402818.01,1350059.35,1370861.9399999997,48813.0999113556
24,2011-09-02,1196105.44,False,A,203819,68.14,3.879,136.2440968,8.358,0.0,0.0,0.0,0.0,0.0,2011,35,9,NoHoliday,1402372.09,1352039.88,1366381.6,1393711.6974999998,28670.0895417766
24,2011-09-09,1527455.19,True,A,203819,68.32,3.93,136.2745806,8.358,0.0,0.0,0.0,0.0,0.0,2011,36,9,LaborDay,1196105.44,1402372.09,1474498.59,1338333.8549999997,97768.22752936462
24,2011-09-16,1227535.97,False,A,203819,65.56,3.937,136.3145,8.358,0.0,0.0,0.0,0.0,0.0,2011,37,9,NoHoliday,1527455.19,1196105.44,1273295.46,1369493.15,137114.24116313903
24,2011-09-23,1232376.49,False,A,203819,60.61,3.899,136.367,8.358,0.0,0.0,0.0,0.0,0.0,2011,38,9,NoHoliday,1227535.97,1527455.19,1169413.27,1338367.1724999999,155319.95343780782
24,2011-09-30,1246242.61,False,A,203819,68.0,3.858,136.4195,8.358,0.0,0.0,0.0,0.0,0.0,2011,39,9,NoHoliday,1232376.49,1227535.97,1215273.2,1295868.2724999997,155226.32198992878
24,2011-10-07,1405914.39,False,A,203819,53.87,3.775,136.472,8.454,0.0,0.0,0.0,0.0,0.0,2011,40,10,NoHoliday,1246242.61,1232376.49,1361944.94,1308402.5649999997,146250.10859460526
24,2011-10-14,1333315.03,False,A,203819,60.21,3.744,136.5150968,8.454,0.0,0.0,0.0,0.0,0.0,2011,41,10,NoHoliday,1405914.39,1246242.61,1300806.74,1278017.3649999998,85632.44083695162
24,2011-10-21,1283563.43,False,A,203819,56.6,3.757,136.5017742,8.454,0.0,0.0,0.0,0.0,0.0,2011,42,10,NoHoliday,1333315.03,1405914.39,1234875.33,1304462.13,81057.39304296854
24,2011-10-28,1307142.75,False,A,203819,48.0,3.757,136.4884516,8.454,0.0,0.0,0.0,0.0,0.0,2011,43,10,NoHoliday,1283563.43,1333315.03,1244925.94,1317258.8649999998,69032.10210138012
24,2011-11-04,1385860.38,False,A,203819,39.87,3.738,136.475129,8.454,0.0,0.0,0.0,0.0,0.0,2011,44,11,NoHoliday,1307142.75,1283563.43,1285358.01,1332483.8999999997,53003.50273667178
24,2011-11-11,1425078.59,False,A,203819,46.78,3.719,136.4618065,8.454,685555.41,1503470.77,50086.03,434361.68,440529.44999999995,2011,45,11,NoHoliday,1385860.38,1307142.75,1312877.01,1327470.3974999997,43911.21661318247
24,2011-11-18,1297535.69,False,A,203819,48.17,3.717,136.4666667,8.454,640811.92,56375.42,14127.58,186712.25,380883.05,2011,46,11,NoHoliday,1425078.59,1385860.38,1277150.6,1350411.2874999996,66263.73219048668
24,2011-11-25,1761235.67,True,A,203819,41.83,3.689,136.4788,8.454,187754.54,4886.62,4694229.23,16200.890000000001,267298.26,2011,47,11,Thanksgiving,1297535.69,1425078.59,1779276.51,1353904.3524999998,61781.96435234245
24,2011-12-02,1335647.1,False,A,203819,47.21,3.666,136.4909333,8.454,352282.67,9262.24,116889.79000000001,438172.27999999997,1457571.29,2011,48,12,NoHoliday,1761235.67,1297535.69,1413302.7,1467427.5824999998,203005.00248933618
24,2011-12-09,1529615.54,False,A,203819,42.3,3.627,136.5030667,8.454,641898.0,0.0,15099.12,172782.72000000003,1682537.7600000002,2011,49,12,NoHoliday,1335647.1,1761235.67,1593012.75,1454874.2624999997,211120.53175003576
24,2011-12-16,1624994.43,False,A,203819,36.0,3.611,136.5335161,8.454,449594.64,654.48,10326.24,127175.76,397162.08,2011,50,12,NoHoliday,1529615.54,1335647.1,1663525.77,1481008.4999999998,212667.282989989
24,2011-12-23,2168344.23,False,A,203819,36.93,3.587,136.5883871,8.454,132353.38,46203.89,119257.91,3771.18,95596.42,2011,51,12,NoHoliday,1624994.43,1529615.54,2386015.75,1562873.1849999996,178833.71157875736
24,2011-12-30,1363973.16,True,A,203819,33.45,3.566,136.6432581,8.454,413520.48,3203933.7600000002,16432.559999999998,89459.28,310376.88,2011,52,12,Christmas,2168344.23,1624994.43,1208600.05,1664650.3249999997,356724.7562490343
24,2012-01-06,1251581.8900000001,False,A,203819,32.86,3.585,136.698129,8.659,527448.96,1826488.8,14652.72,125654.40000000001,234817.19999999998,2012,1,1,NoHoliday,1363973.16,2168344.23,1178641.71,1671731.8399999999,348195.6821654812
24,2012-01-13,1155594.2,False,A,203819,36.5,3.666,136.753,8.659,251719.14,620797.02,9047.53,58201.54,314819.68,2012,2,1,NoHoliday,1251581.8900000001,1363973.16,1167740.2,1602223.4274999998,408543.7387282981
24,2012-01-20,1151993.85,False,A,203819,25.73,3.705,136.8564194,8.659,199442.55000000002,509046.57,12172.949999999999,51875.44,260090.75,2012,3,1,NoHoliday,1155594.2,1251581.8900000001,1107170.39,1484873.3699999999,463536.7528340008
24,2012-01-27,1057290.41,False,A,203819,31.92,3.737,136.9598387,8.659,53660.38,294135.25,13511.300000000001,6425.5,184220.86,2012,4,1,NoHoliday,1151993.85,1155594.2,1126921.34,1230785.775,100055.48180622632
24,2012-02-03,1249696.97,False,A,203819,38.61,3.796,137.0632581,8.659,4746549.79,305803.57,18542.73,3464027.39,521676.25,2012,5,2,NoHoliday,1057290.41,1151993.85,1225182.04,1154115.0874999997,79333.64814689115
24,2012-02-10,1403460.87,True,A,203819,33.82,3.826,137.1666774,8.659,848740.32,487946.88,5276.88,833161.68,320533.2,2012,6,2,SuperBowl,1249696.97,1057290.41,1341240.6199999999,1153643.8575,78563.59128481495
24,2012-02-17,1326370.08,False,A,203819,33.92,3.874,137.2583103,8.659,893853.61,797587.78,1862.96,1147962.23,403917.76,2012,7,2,NoHoliday,1403460.87,1249696.97,1360150.12,1215610.525,147830.9597716671
24,2012-02-24,1303233.15,False,A,203819,37.35,3.917,137.3411034,8.659,714669.67,749527.83,156.20000000000002,482168.10000000003,670248.52,2012,8,2,NoHoliday,1326370.08,1403460.87,1235121.33,1259204.5824999998,148526.99899291617
24,2012-03-02,1213994.39,False,A,203819,35.36,3.983,137.4238966,8.659,425054.16,251674.56,1306.8,7946.64,265582.08,2012,9,3,NoHoliday,1303233.15,1326370.08,1346994.53,1320690.2674999996,63843.64272603643
24,2012-03-09,1325835.7,False,A,203819,41.5,4.021,137.5066897,8.659,1576683.96,88077.02,184.26000000000002,2578154.82,291037.56,2012,10,3,NoHoliday,1213994.39,1303233.15,1253218.7,1311764.6224999998,78002.83238553358
24,2012-03-16,1239299.1199999999,False,A,203819,48.68,4.021,137.5843871,8.659,742338.72,66304.8,73.44,234047.52,132770.16,2012,11,3,NoHoliday,1325835.7,1213994.39,1168397.26,1292358.3299999996,53343.860135741976
24,2012-03-23,1221723.94,False,A,203819,59.51,4.054,137.6552903,8.659,364584.27,44990.759999999995,234.6,38099.04,234803.55,2012,12,3,NoHoliday,1239299.1199999999,1325835.7,1158693.1199999999,1270590.5899999996,52598.62118432514
24,2012-03-30,1230106.1300000001,False,A,203819,47.28,4.098,137.7261935,8.659,814669.92,34271.28,288.0,392868.72000000003,125954.63999999998,2012,13,3,NoHoliday,1221723.94,1239299.1199999999,1163803.3,1250213.2874999996,51514.78681453075
24,2012-04-06,1524734.29,False,A,203819,45.25,4.143,137.7970968,8.983,1766235.73,0.0,4356.64,225010.82,377438.47000000003,2012,14,4,NoHoliday,1230106.1300000001,1221723.94,1273670.32,1254241.2224999997,48266.31671188846
24,2012-04-13,1285783.87,False,A,203819,48.65,4.187,137.868,8.983,343102.32,424551.60000000003,4132.8,86738.40000000001,286586.64,2012,15,4,NoHoliday,1524734.29,1230106.1300000001,1245576.65,1303965.8699999996,147353.85988368336
24,2012-04-20,1208654.4,False,A,203819,61.05,4.17,137.9230667,8.983,778157.1599999999,243223.99,5643.08,119483.76999999999,319984.22,2012,16,4,NoHoliday,1285783.87,1524734.29,1372484.9000000001,1315587.0574999996,142300.23265459685
24,2012-04-27,1194334.65,False,A,203819,49.26,4.163,137.9781333,8.983,907778.2000000001,51068.5,2747.5,78501.5,1057133.0,2012,17,4,NoHoliday,1208654.4,1285783.87,1197761.17,1312319.6724999999,145292.43365812028
24,2012-05-04,1306551.71,False,A,203819,52.14,4.124,138.0332,8.983,1377337.68,13824.0,14042.88,421983.36,356626.8,2012,18,5,NoHoliday,1194334.65,1208654.4,1339630.35,1303376.8024999998,152939.17429649024
24,2012-05-11,1355391.79,False,A,203819,58.7,4.055,138.0882667,8.983,468226.8,-13824.0,7004.16,129460.31999999999,92636.63999999998,2012,19,5,NoHoliday,1306551.71,1194334.65,1311950.16,1248831.1574999997,55621.357753218144
24,2012-05-18,1298809.8,False,A,203819,63.1,4.029,138.1065806,8.983,428798.16,0.0,13464.0,110091.59999999999,318595.68,2012,20,5,NoHoliday,1355391.79,1306551.71,1234281.7,1266233.1374999997,77587.70547138879
24,2012-05-25,1407897.57,False,A,203819,65.79,3.979,138.1101935,8.983,1088584.02,0.0,43064.97,275456.27999999997,259674.6,2012,21,5,NoHoliday,1298809.8,1355391.79,1311153.72,1288771.9874999998,67758.11147309105
24,2012-06-01,1467722.19,False,A,203819,71.79,3.915,138.1138065,8.983,377770.41,2996.2000000000003,14514.53,62731.34,168606.53999999998,2012,22,6,NoHoliday,1407897.57,1298809.8,1554837.62,1342162.7174999998,50476.72236897017
24,2012-06-08,1406313.13,False,A,203819,59.93,3.871,138.1174194,8.983,1149176.22,18293.8,2610.48,222719.34999999998,555126.31,2012,23,6,NoHoliday,1467722.19,1407897.57,1373841.91,1382455.3375,72219.00690907051
24,2012-06-15,1364445.98,False,A,203819,68.28,3.786,138.1295333,8.983,824948.29,15470.9,662.43,173940.06,399949.39,2012,24,6,NoHoliday,1406313.13,1467722.19,1320359.23,1395185.6724999999,70321.32872188989
24,2012-06-22,1434709.6300000001,False,A,203819,72.29,3.722,138.1629,8.983,632891.52,53935.200000000004,2201.04,319276.08,526193.28,2012,25,6,NoHoliday,1364445.98,1406313.13,1304850.67,1411594.7174999998,42484.74503962653
24,2012-06-29,1428869.9000000001,False,A,203819,70.4,3.667,138.1962667,8.983,405299.24,23380.3,0.0,93039.11,304747.62,2012,26,6,NoHoliday,1434709.6300000001,1364445.98,1445596.61,1418297.7324999997,43801.70971979328
24,2012-07-06,1645097.75,False,A,203819,77.18,3.646,138.2296333,8.953,207350.53,39710.299999999996,12885.79,86517.05,276128.94,2012,27,7,NoHoliday,1428869.9000000001,1434709.6300000001,1567340.07,1408584.6599999997,31871.554402261874
24,2012-07-13,1405475.78,False,A,203819,75.36,3.689,138.263,8.953,575382.96,9856.800000000001,8041.68,421407.36,289590.48,2012,28,7,NoHoliday,1645097.75,1428869.9000000001,1356938.95,1468280.815,122101.2505337531
24,2012-07-20,1394299.0,False,A,203819,76.42,3.732,138.2331935,8.953,41173.200000000004,9135.36,10491.84,44247.6,134470.80000000002,2012,29,7,NoHoliday,1405475.78,1645097.75,1357672.24,1478538.265,111755.81190790162
24,2012-07-27,1307339.14,False,A,203819,73.62,3.82,138.2033871,8.953,329324.27,35630.64,1126.06,292862.22,299495.04,2012,30,7,NoHoliday,1394299.0,1405475.78,1310973.06,1468435.6075,118652.34125111178
24,2012-08-03,1440374.13,False,A,203819,73.26,3.819,138.1735806,8.953,844015.3400000001,39554.1,9825.689999999999,663548.96,197498.57,2012,31,8,NoHoliday,1307339.14,1394299.0,1417616.81,1438052.9174999997,144832.46583273393
24,2012-08-10,1497054.81,False,A,203819,75.53,3.863,138.1437742,8.953,2731543.92,57493.44,12874.32,923306.4,409156.55999999994,2012,32,8,NoHoliday,1440374.13,1307339.14,1402818.01,1386872.0124999997,56536.75705123798
24,2012-08-17,1397970.54,False,A,203819,72.87,3.963,138.1857097,8.953,338617.44000000006,18867.600000000002,669.6,341568.72000000003,133843.68,2012,33,8,NoHoliday,1497054.81,1440374.13,1352039.88,1409766.7699999996,80180.38768803002
24,2012-08-24,1303726.54,False,A,203819,68.13,3.997,138.2814516,8.953,632029.68,20224.079999999998,6552.72,638554.32,273492.72000000003,2012,34,8,NoHoliday,1397970.54,1497054.81,1402372.09,1410684.6549999998,79965.01900071779
24,2012-08-31,1344558.92,False,A,203819,71.18,4.026,138.3771935,8.953,2448070.56,5724.0,4985.28,631592.64,355512.96,2012,35,8,NoHoliday,1303726.54,1397970.54,1196105.44,1409781.505,81526.46393534528
24,2012-09-07,1477134.75,True,A,203819,72.81,4.076,138.4729355,8.953,1086686.6400000001,4386.24,6408.72,198457.92,328579.92,2012,36,9,LaborDay,1344558.92,1303726.54,1527455.19,1385827.7024999997,83591.52915269897
24,2012-09-14,1242909.53,False,A,203819,64.28,4.088,138.5673,8.953,588927.6,72.0,2215.44,132402.24,241440.48,2012,37,9,NoHoliday,1477134.75,1344558.92,1227535.97,1380847.6874999998,74897.56676290063
24,2012-09-21,1261158.47,False,A,203819,61.25,4.203,138.6534,8.953,835532.97,135.60999999999999,4045.58,61991.52,439523.37,2012,38,9,NoHoliday,1242909.53,1477134.75,1232376.49,1342082.4349999998,99250.02188448668
24,2012-09-28,1259278.3599999999,False,A,203819,58.86,4.158,138.7395,8.953,847820.23,1084.8799999999999,1544.96,69871.81,497932.23,2012,39,9,NoHoliday,1261158.47,1242909.53,1246242.61,1331440.4174999997,106733.6307768119
24,2012-10-05,1416720.54,False,A,203819,60.35,4.151,138.8256,8.693,745128.0,0.0,1155.6000000000001,419389.92,199494.72000000003,2012,40,10,NoHoliday,1259278.3599999999,1261158.47,1405914.39,1310120.2774999999,111644.19341926574
24,2012-10-12,1416301.17,False,A,203819,51.64,4.186,138.9117,8.693,375111.23000000004,0.0,10357.24,29770.13,239782.37,2012,41,10,NoHoliday,1416720.54,1259278.3599999999,1333315.03,1295016.7249999996,81548.73904778292
24,2012-10-19,1255414.84,False,A,203819,52.59,4.153,138.8336129,8.693,244715.69999999998,0.0,7171.0,7913.66,423373.71,2012,42,10,NoHoliday,1416301.17,1416720.54,1283563.43,1338364.6349999998,90238.909094261
24,2012-10-26,1307182.29,False,A,203819,55.16,4.071,138.7281613,8.693,759106.6,7291.2,7356.3,125697.6,214186.0,2012,43,10,NoHoliday,1255414.84,1416301.17,1307142.75,1336928.7274999998,91907.22024358313
25,2011-02-04,639830.45,False,B,128107,23.94,3.231,205.7329407,7.343,0.0,0.0,0.0,0.0,0.0,2011,5,2,NoHoliday,600448.6900000001,568093.57,677231.63,574924.4299999997,17934.055034229114
25,2011-02-11,615666.78,True,B,128107,21.18,3.239,206.0763862,7.343,0.0,0.0,0.0,0.0,0.0,2011,6,2,SuperBowl,639830.45,600448.6900000001,583364.02,595183.3849999998,33044.46975084803
25,2011-02-18,634637.03,False,B,128107,38.42,3.245,206.3694701,7.343,0.0,0.0,0.0,0.0,0.0,2011,7,2,NoHoliday,615666.78,639830.45,676260.67,606009.8724999998,30031.428376459615
25,2011-02-25,570816.34,False,B,128107,28.36,3.274,206.6424093,7.343,0.0,0.0,0.0,0.0,0.0,2011,8,2,NoHoliday,634637.03,615666.78,628516.5700000001,622645.7374999998,18078.71865902287
25,2011-03-04,640912.1799999999,False,B,128107,31.59,3.433,206.9153485,7.343,0.0,0.0,0.0,0.0,0.0,2011,9,3,NoHoliday,570816.34,634637.03,665750.0599999999,615237.6499999998,31382.472235955724
25,2011-03-11,599828.39,False,B,128107,36.73,3.582,207.1882876,7.343,0.0,0.0,0.0,0.0,0.0,2011,10,3,NoHoliday,640912.1799999999,570816.34,660619.99,615508.0824999998,31668.3955748433
25,2011-03-18,603393.64,False,B,128107,40.94,3.631,207.4283845,7.343,0.0,0.0,0.0,0.0,0.0,2011,11,3,NoHoliday,599828.39,640912.1799999999,659795.84,611548.4849999998,32617.867074168484
25,2011-03-25,616324.24,False,B,128107,38.51,3.625,207.6553444,7.343,0.0,0.0,0.0,0.0,0.0,2011,12,3,NoHoliday,603393.64,599828.39,696687.6,603737.6374999997,28758.529108703922
25,2011-04-01,618377.79,False,B,128107,28.5,3.638,207.8823043,7.287,0.0,0.0,0.0,0.0,0.0,2011,13,4,NoHoliday,616324.24,603393.64,822486.37,615114.6124999998,18601.321478999565
25,2011-04-08,648606.13,False,B,128107,42.11,3.72,208.1092642,7.287,0.0,0.0,0.0,0.0,0.0,2011,14,4,NoHoliday,618377.79,616324.24,712647.97,609481.0149999998,9241.421925346374
25,2011-04-15,674562.45,False,B,128107,51.43,3.821,208.3172811,7.287,0.0,0.0,0.0,0.0,0.0,2011,15,4,NoHoliday,648606.13,618377.79,715311.6,621675.4499999997,19139.802438045648
25,2011-04-22,756588.42,False,B,128107,45.87,3.892,208.4779405,7.287,0.0,0.0,0.0,0.0,0.0,2011,16,4,NoHoliday,674562.45,648606.13,694531.72,639467.6524999997,27661.986100192535
25,2011-04-29,649245.0,False,B,128107,58.43,3.962,208.6386,7.287,0.0,0.0,0.0,0.0,0.0,2011,17,4,NoHoliday,756588.42,674562.45,706924.02,674533.6974999998,59325.94433830998
25,2011-05-06,659446.55,False,B,128107,49.5,4.046,208.7992595,7.287,0.0,0.0,0.0,0.0,0.0,2011,18,5,NoHoliday,649245.0,756588.42,724468.97,682250.4999999998,51011.56445911234
25,2011-05-13,684783.15,False,B,128107,60.1,4.066,208.9599189,7.287,0.0,0.0,0.0,0.0,0.0,2011,19,5,NoHoliday,659446.55,649245.0,698073.95,684960.6049999997,48871.38546620764
25,2011-05-20,677971.33,False,B,128107,56.56,4.062,208.7583165,7.287,0.0,0.0,0.0,0.0,0.0,2011,20,5,NoHoliday,684783.15,659446.55,704113.22,687515.7799999998,48411.53835574875
25,2011-05-27,718373.9400000001,False,B,128107,67.18,3.985,208.556714,7.287,0.0,0.0,0.0,0.0,0.0,2011,21,5,NoHoliday,677971.33,684783.15,792442.54,667861.5074999998,16390.407327933266
25,2011-06-03,737551.74,False,B,128107,70.69,3.922,208.3551116,7.287,0.0,0.0,0.0,0.0,0.0,2011,22,6,NoHoliday,718373.9400000001,677971.33,764155.44,685143.7424999998,24604.642219947935
25,2011-06-10,740259.63,False,B,128107,71.45,3.881,208.1535092,7.287,0.0,0.0,0.0,0.0,0.0,2011,23,6,NoHoliday,737551.74,718373.9400000001,737163.2,704670.0399999998,28150.266900205603
25,2011-06-17,717373.43,False,B,128107,63.58,3.842,208.1265604,7.287,0.0,0.0,0.0,0.0,0.0,2011,24,6,NoHoliday,740259.63,737551.74,780444.94,718539.1599999998,28746.20638076461
25,2011-06-24,699270.1,False,B,128107,70.71,3.804,208.2306018,7.287,0.0,0.0,0.0,0.0,0.0,2011,25,6,NoHoliday,717373.43,740259.63,737569.14,728389.6849999998,12199.888910393365
25,2011-07-01,706206.86,False,B,128107,66.61,3.748,208.3346432,7.274,0.0,0.0,0.0,0.0,0.0,2011,26,7,NoHoliday,699270.1,717373.43,759407.87,723613.7249999997,19173.834386638522
25,2011-07-08,698529.64,False,B,128107,71.64,3.711,208.4386847,7.274,0.0,0.0,0.0,0.0,0.0,2011,27,7,NoHoliday,706206.86,699270.1,719591.13,715777.5049999999,17944.479993332214
25,2011-07-15,680510.23,False,B,128107,72.67,3.76,208.5309337,7.274,0.0,0.0,0.0,0.0,0.0,2011,28,7,NoHoliday,698529.64,706206.86,726997.84,705345.0074999997,8732.687117684276
25,2011-07-22,670854.96,False,B,128107,78.1,3.811,208.5937018,7.274,0.0,0.0,0.0,0.0,0.0,2011,29,7,NoHoliday,680510.23,698529.64,665290.93,696129.2074999997,10971.764062998342
25,2011-07-29,668390.82,False,B,128107,74.72,3.829,208.6564699,7.274,0.0,0.0,0.0,0.0,0.0,2011,30,7,NoHoliday,670854.96,680510.23,682124.34,689025.4224999998,16209.114263815272
25,2011-08-05,679706.01,False,B,128107,74.0,3.842,208.719238,7.274,0.0,0.0,0.0,0.0,0.0,2011,31,8,NoHoliday,668390.82,670854.96,699464.4299999999,679571.4124999997,13678.181666418755
25,2011-08-12,667130.48,False,B,128107,70.93,3.812,208.7820061,7.274,0.0,0.0,0.0,0.0,0.0,2011,32,8,NoHoliday,679706.01,668390.82,686072.39,674865.5049999997,6145.443462430443
25,2011-08-19,688958.75,False,B,128107,68.09,3.747,208.8424359,7.274,0.0,0.0,0.0,0.0,0.0,2011,33,8,NoHoliday,667130.48,679706.01,724499.8099999999,671520.5674999997,5671.9394084455835
25,2011-08-26,726422.55,False,B,128107,66.8,3.704,208.902476,7.274,0.0,0.0,0.0,0.0,0.0,2011,34,8,NoHoliday,688958.75,667130.48,711461.95,676046.5149999997,10299.240464347546
25,2011-09-02,699779.0,False,B,128107,67.2,3.703,208.9625161,7.274,0.0,0.0,0.0,0.0,0.0,2011,35,9,NoHoliday,726422.55,688958.75,685700.08,690554.4474999998,25530.62133410927
25,2011-09-09,673248.48,True,B,128107,67.51,3.738,209.0225562,7.274,0.0,0.0,0.0,0.0,0.0,2011,36,9,LaborDay,699779.0,726422.55,655811.9500000001,695572.6949999998,24644.880589862507
25,2011-09-16,628720.46,False,B,128107,62.05,3.742,209.1893892,7.274,0.0,0.0,0.0,0.0,0.0,2011,37,9,NoHoliday,673248.48,699779.0,628989.88,697102.1949999998,22376.80285567856
25,2011-09-23,620885.93,False,B,128107,60.28,3.711,209.4986126,7.274,0.0,0.0,0.0,0.0,0.0,2011,38,9,NoHoliday,628720.46,673248.48,607819.33,682042.6224999998,41652.31889397919
25,2011-09-30,639160.24,False,B,128107,60.7,3.645,209.807836,7.274,0.0,0.0,0.0,0.0,0.0,2011,39,9,NoHoliday,620885.93,628720.46,658640.14,655658.4674999998,37375.64064162625
25,2011-10-07,671522.87,False,B,128107,50.82,3.583,210.1170595,7.082,0.0,0.0,0.0,0.0,0.0,2011,40,10,NoHoliday,639160.24,620885.93,674283.86,640503.7774999997,23077.602032346316
25,2011-10-14,646915.47,False,B,128107,58.95,3.541,210.4027602,7.082,0.0,0.0,0.0,0.0,0.0,2011,41,10,NoHoliday,671522.87,639160.24,616094.72,640072.3749999998,22263.207854605458
25,2011-10-21,690675.5,False,B,128107,50.22,3.57,210.5473252,7.082,0.0,0.0,0.0,0.0,0.0,2011,42,10,NoHoliday,646915.47,671522.87,661644.19,644621.1274999997,20993.242164394826
25,2011-10-28,724443.97,False,B,128107,46.28,3.569,210.6918901,7.082,0.0,0.0,0.0,0.0,0.0,2011,43,10,NoHoliday,690675.5,646915.47,674458.03,662068.5199999998,23538.25436409792
25,2011-11-04,718393.61,False,B,128107,40.88,3.551,210.8364551,7.082,0.0,0.0,0.0,0.0,0.0,2011,44,11,NoHoliday,724443.97,690675.5,696314.53,683389.4524999998,32709.4638445427
25,2011-11-11,719235.07,False,B,128107,44.81,3.53,210.9810201,7.082,534985.5,619615.5,13726.300000000001,230080.2,230115.2,2011,45,11,NoHoliday,718393.61,724443.97,713250.08,695107.1374999997,35331.69384566159
25,2011-11-18,728525.6,False,B,128107,46.41,3.53,211.1847207,7.082,437734.17000000004,11986.22,6734.349999999999,18957.71,261842.32,2011,46,11,NoHoliday,719235.07,718393.61,718056.73,713187.0374999999,15244.397268770386
25,2011-11-25,1116211.3900000001,True,B,128107,43.49,3.492,211.4120757,7.082,14592.9,4550.0,4097783.9,452.9,64870.4,2011,47,11,Thanksgiving,728525.6,719235.07,1115240.61,722649.5624999998,4744.105314811626
25,2011-12-02,878314.5700000001,False,B,128107,42.85,3.452,211.6394306,7.082,239816.5,2380.0,84008.4,287484.4,1061515.0,2011,48,12,NoHoliday,1116211.3900000001,728525.6,885572.96,820591.4174999997,197133.4437457798
25,2011-12-09,916446.02,False,B,128107,38.69,3.415,211.8667856,7.082,377398.63999999996,4352.0,17473.960000000003,187792.2,595250.92,2011,49,12,NoHoliday,878314.5700000001,1116211.3900000001,964729.18,860571.6574999997,185363.31536032286
25,2011-12-16,997502.47,False,B,128107,33.09,3.413,212.0685039,7.082,313856.16000000003,4209.0,41552.490000000005,19465.59,133321.80000000002,2011,50,12,NoHoliday,916446.02,878314.5700000001,1047707.59,909874.3949999998,159688.81171700894
25,2011-12-23,1290532.97,False,B,128107,36.56,3.389,212.2360401,7.082,188369.31,5528.280000000001,116556.18000000001,1860.9299999999998,244769.22,2011,51,12,NoHoliday,997502.47,916446.02,1295391.19,977118.6124999998,105207.2632066086
25,2011-12-30,683665.37,True,B,128107,32.42,3.389,212.4035763,7.082,314449.68,3394120.04,12039.400000000001,27687.56,171026.12,2011,52,12,Christmas,1290532.97,997502.47,623092.54,1020699.0074999998,186628.38308192565
25,2012-01-06,636419.12,False,B,128107,30.23,3.422,212.5711125,6.961,587669.6000000001,1824709.96,1763.92,74322.64,252574.44,2012,1,1,NoHoliday,683665.37,1290532.97,558794.63,972036.7074999997,250557.1971389987
25,2012-01-13,614764.31,False,B,128107,34.6,3.513,212.7386486,6.961,174625.21000000002,760996.46,65.32000000000001,35957.95,232675.52,2012,2,1,NoHoliday,636419.12,683665.37,572360.83,902029.9824999997,304566.24973676354
25,2012-01-20,594744.89,False,B,128107,23.87,3.533,212.8336399,6.961,40404.0,239209.6,280.0,409.5,117901.7,2012,3,1,NoHoliday,614764.31,636419.12,568093.57,806345.4424999998,324071.10710642155
25,2012-01-27,589554.29,False,B,128107,32.24,3.567,212.9286312,6.961,185195.31,151383.93,0.0,62174.520000000004,192082.2,2012,4,1,NoHoliday,594744.89,614764.31,600448.6900000001,632398.4224999998,38180.34550118599
25,2012-02-03,642776.4,False,B,128107,34.98,3.617,213.0236225,6.961,2637427.71,315069.87,1512.48,2928976.8600000003,387855.21,2012,5,2,NoHoliday,589554.29,594744.89,639830.45,608870.6524999997,21340.98003676296
25,2012-02-10,658984.38,True,B,128107,32.47,3.64,213.1186138,6.961,1218222.6,387797.25,884.58,1166745.15,458508.45,2012,6,2,SuperBowl,642776.4,589554.29,615666.78,610459.9724999998,24130.825282710586
25,2012-02-17,654088.02,False,B,128107,32.23,3.695,213.2732106,6.961,1814868.2999999998,670833.1,70.0,613789.4,438459.0,2012,7,2,NoHoliday,658984.38,642776.4,634637.03,621514.9899999998,34612.74977367344
25,2012-02-24,613501.05,False,B,128107,35.51,3.739,213.4725116,6.961,714275.3999999999,492517.19999999995,0.0,377861.04,244574.92,2012,8,2,NoHoliday,654088.02,658984.38,570816.34,636350.7724999997,31927.46780076228
25,2012-03-02,643155.89,False,B,128107,36.01,3.816,213.6718127,6.961,1025346.21,210458.28,1475.22,833865.6900000001,91629.93000000001,2012,9,3,NoHoliday,613501.05,654088.02,640912.1799999999,642337.4624999998,20387.306637838876
25,2012-03-09,643711.53,False,B,128107,37.44,3.848,213.8711137,6.961,776077.2,64235.52,47.599999999999994,902008.44,268668.68,2012,10,3,NoHoliday,643155.89,613501.05,599828.39,642432.3349999997,20390.912764551354
25,2012-03-16,638204.27,False,B,128107,50.64,3.862,214.0167132,6.961,364892.08,12589.519999999999,284.24,57463.399999999994,83064.04,2012,11,3,NoHoliday,643711.53,643155.89,603393.64,638614.1224999998,17480.647675835593
25,2012-03-23,672831.78,False,B,128107,62.7,3.9,214.0907105,6.961,235074.72,17085.09,64.17,185558.25,89822.81999999999,2012,12,3,NoHoliday,638204.27,643711.53,616324.24,634643.1849999998,14310.511593647992
25,2012-03-30,684348.92,False,B,128107,47.92,3.953,214.1647079,6.961,735546.9,15532.59,103.5,176642.76,327618.9,2012,13,3,NoHoliday,672831.78,638204.27,618377.79,649475.8674999997,15766.179640272783
25,2012-04-06,791356.9,False,B,128107,44.73,3.996,214.2387053,7.139,733214.08,0.0,1753.72,134231.32,298471.04,2012,14,4,NoHoliday,684348.92,672831.78,648606.13,659774.1249999998,22343.444275445807
25,2012-04-13,658691.56,False,B,128107,42.46,4.044,214.3127027,7.139,369380.08,288290.76,567.8,53664.24,71042.32,2012,15,4,NoHoliday,791356.9,684348.92,674562.45,696685.4674999998,66090.64332219906
25,2012-04-20,661566.48,False,B,128107,57.1,4.027,214.3675045,7.139,335507.67000000004,151156.91999999998,632.04,54318.18,198033.45,2012,16,4,NoHoliday,658691.56,791356.9,756588.42,701807.2899999998,60614.8323086707
25,2012-04-27,655157.32,False,B,128107,44.2,4.004,214.4223063,7.139,297977.19,361.56,402.27,4318.0199999999995,126151.31999999999,2012,17,4,NoHoliday,661566.48,658691.56,649245.0,698990.9649999997,62637.820181043906
25,2012-05-04,696421.72,False,B,128107,58.76,3.951,214.4771081,7.139,483813.7,0.0,7567.650000000001,168325.44,119065.03,2012,18,5,NoHoliday,655157.32,661566.48,659446.55,691693.0649999997,66494.23816056682
25,2012-05-11,739866.16,False,B,128107,59.21,3.889,214.5319099,7.139,1116865.74,0.0,1590.45,319152.6,140560.59,2012,19,5,NoHoliday,696421.72,655157.32,684783.15,667959.2699999998,19155.1489723325
25,2012-05-18,717207.19,False,B,128107,58.21,3.848,214.5485571,7.139,517801.68,0.0,122.39999999999999,46116.72,129126.24,2012,20,5,NoHoliday,739866.16,696421.72,677971.33,688252.9199999997,38893.61839682828
25,2012-05-25,783371.02,False,B,128107,67.69,3.798,214.5499425,7.139,355682.57999999996,0.0,27010.05,109151.79000000001,149382.24,2012,21,5,NoHoliday,717207.19,739866.16,718373.9400000001,702163.0974999997,36010.888052676775
25,2012-06-01,694765.95,False,B,128107,69.54,3.742,214.5513278,7.139,466757.9,2688.0,2859.5,38145.8,193571.69999999998,2012,22,6,NoHoliday,783371.02,717207.19,737551.74,734216.5224999997,37264.136093973444
25,2012-06-08,730254.19,False,B,128107,58.48,3.689,214.5527132,7.139,613681.64,14103.2,4354.72,197042.92,322902.08,2012,23,6,NoHoliday,694765.95,783371.02,740259.63,733802.5799999997,37828.83687295121
25,2012-06-15,753860.89,False,B,128107,68.34,3.62,214.5653243,7.139,419142.5,10304.0,7002.8,121513.0,245012.59999999998,2012,24,6,NoHoliday,730254.19,694765.95,717373.43,731399.5874999998,37619.982610471736
25,2012-06-22,721601.9,False,B,128107,73.52,3.564,214.606,7.139,629806.47,32264.4,2090.0099999999998,244476.66,373833.72000000003,2012,25,6,NoHoliday,753860.89,730254.19,699270.1,740563.0124999998,37474.44376777494
25,2012-06-29,718890.8099999999,False,B,128107,69.84,3.506,214.6466757,7.139,229498.64,36570.399999999994,0.0,48469.04,135520.6,2012,26,6,NoHoliday,721601.9,753860.89,706206.86,725120.7324999998,24400.437440318772
25,2012-07-06,753385.5499999999,False,B,128107,75.52,3.475,214.6873514,7.28,546908.49,27579.3,2782.08,313388.33999999997,318778.62,2012,27,7,NoHoliday,718890.8099999999,721601.9,698529.64,731151.9474999998,15895.921259507535
25,2012-07-13,714093.95,False,B,128107,73.87,3.523,214.728027,7.28,479340.18,3009.6,1188.66,119006.58,89389.74,2012,28,7,NoHoliday,753385.5499999999,718890.8099999999,680510.23,736934.7874999997,19302.876260651377
25,2012-07-20,685676.58,False,B,128107,74.32,3.567,214.7331351,7.28,279395.36,15269.97,944.6999999999999,231590.86,176190.57,2012,29,7,NoHoliday,714093.95,753385.5499999999,670854.96,726993.0524999998,17866.7440460602
25,2012-07-27,659109.53,False,B,128107,72.98,3.647,214.7382432,7.28,421263.84,39026.16,138.69,167861.13,101951.89,2012,30,7,NoHoliday,685676.58,714093.95,668390.82,718011.7224999997,27766.831824510107
25,2012-08-03,709724.6,False,B,128107,72.08,3.654,214.7433514,7.28,1025773.7,80851.4,914.9,768518.1,141537.2,2012,31,8,NoHoliday,659109.53,685676.58,679706.01,703066.4024999997,40365.97567084193
25,2012-08-10,710496.97,False,B,128107,71.93,3.722,214.7484595,7.28,1503930.21,4691.3099999999995,351.9,1014041.25,245310.87,2012,32,8,NoHoliday,709724.6,659109.53,667130.48,692151.1649999998,25324.436984027114
25,2012-08-17,728467.72,False,B,128107,66.99,3.807,214.825578,7.28,493554.88,149.60000000000002,40.8,273032.92,53054.96,2012,33,8,NoHoliday,710496.97,709724.6,688958.75,691251.9199999997,24329.882222866057
25,2012-08-24,756527.64,False,B,128107,64.53,3.834,214.9567044,7.28,530825.97,4802.4,3450.0,162867.6,245751.09,2012,34,8,NoHoliday,728467.72,710496.97,726422.55,701949.7049999997,29843.98568575621
25,2012-08-31,714828.73,False,B,128107,68.55,3.867,215.0878309,7.28,764283.74,1031.8,4598.88,256454.56,170202.11,2012,35,8,NoHoliday,756527.64,728467.72,699779.0,726304.2324999998,21930.867141048075
25,2012-09-07,671482.9,True,B,128107,72.79,3.911,215.2189573,7.28,1056256.83,0.0,1522.1399999999999,389383.56,131313.21,2012,36,9,LaborDay,714828.73,756527.64,673248.48,727580.2649999998,20761.9741250128
25,2012-09-14,657241.63,False,B,128107,60.9,3.948,215.3583757,7.28,472426.5,0.0,220.5,67788.0,428714.3,2012,37,9,NoHoliday,671482.9,714828.73,628720.46,717826.7474999997,35438.81904587251
25,2012-09-21,664745.2,False,B,128107,57.6,4.038,215.5475459,7.28,531939.63,1229.58,4269.72,55391.13,572312.22,2012,38,9,NoHoliday,657241.63,671482.9,620885.93,700020.2249999997,44932.41917468835
25,2012-09-28,683300.84,False,B,128107,54.52,3.997,215.7367162,7.28,347533.04,748.0,724.88,10132.68,210670.12,2012,39,9,NoHoliday,664745.2,657241.63,639160.24,677074.6149999998,25832.810173306152
25,2012-10-05,699536.73,False,B,128107,57.58,3.985,215.9258865,7.293,394240.06,0.0,219.09,224956.52,90037.95,2012,40,10,NoHoliday,683300.84,664745.2,671522.87,669192.6424999997,11058.826952631705
25,2012-10-12,697317.41,False,B,128107,43.74,4.0,216.1150568,7.293,295613.94,0.0,799.71,84720.95999999999,135189.63,2012,41,10,NoHoliday,699536.73,683300.84,646915.47,676206.0999999997,19023.29259161624
25,2012-10-19,685531.85,False,B,128107,51.93,3.969,216.1464699,7.293,212283.76,0.0,1460.64,9278.599999999999,232070.40000000002,2012,42,10,NoHoliday,697317.41,699536.73,690675.5,686225.0449999998,16022.65307787275
25,2012-10-26,688940.9400000001,False,B,128107,56.69,3.882,216.1515902,7.293,326784.88,5724.92,0.0,72997.32,49691.68,2012,43,10,NoHoliday,685531.85,697317.41,724443.97,691421.7074999998,8190.478384275446
26,2011-02-04,911807.02,False,A,152513,11.17,3.24,133.1834194,7.907,0.0,0.0,0.0,0.0,0.0,2011,5,2,NoHoliday,817485.14,809833.21,1034119.21,844447.7124999998,62548.89621691031
26,2011-02-11,1010711.08,True,A,152513,15.12,3.255,133.260871,7.907,0.0,0.0,0.0,0.0,0.0,2011,6,2,SuperBowl,911807.02,817485.14,1015684.0900000001,837862.1649999997,49399.46417894173
26,2011-02-18,981978.02,False,A,152513,19.63,3.263,133.3701429,7.907,0.0,0.0,0.0,0.0,0.0,2011,7,2,NoHoliday,1010711.08,911807.02,999348.55,887459.1124999998,94350.42069971396
26,2011-02-25,910298.44,False,A,152513,16.3,3.281,133.4921429,7.907,0.0,0.0,0.0,0.0,0.0,2011,8,2,NoHoliday,981978.02,1010711.08,855385.01,930495.3149999998,86034.08218492646
26,2011-03-04,945643.17,False,A,152513,14.31,3.437,133.6141429,7.907,0.0,0.0,0.0,0.0,0.0,2011,9,3,NoHoliday,910298.44,981978.02,1005669.58,953698.6399999998,50624.85171737953
26,2011-03-11,946614.55,False,A,152513,28.13,3.6,133.7361429,7.907,0.0,0.0,0.0,0.0,0.0,2011,10,3,NoHoliday,945643.17,910298.44,963382.09,962157.6774999998,43636.33174015538
26,2011-03-18,887426.12,False,A,152513,31.76,3.634,133.8492258,7.907,0.0,0.0,0.0,0.0,0.0,2011,11,3,NoHoliday,946614.55,945643.17,903366.55,946133.5449999998,29265.753432155092
26,2011-03-25,866566.5399999999,False,A,152513,22.99,3.624,133.9587419,7.907,0.0,0.0,0.0,0.0,0.0,2011,12,3,NoHoliday,887426.12,946614.55,893613.0,922495.5699999998,28845.40914113356
26,2011-04-01,849231.61,False,A,152513,22.99,3.638,134.0682581,7.818,0.0,0.0,0.0,0.0,0.0,2011,13,4,NoHoliday,866566.5399999999,887426.12,1029849.2,911562.5949999997,40813.966288759315
26,2011-04-08,985229.8099999999,False,A,152513,29.09,3.72,134.1777742,7.818,0.0,0.0,0.0,0.0,0.0,2011,14,4,NoHoliday,849231.61,866566.5399999999,1022293.81,887459.7049999998,42415.43903655726
26,2011-04-15,863266.12,False,A,152513,39.46,3.823,134.2784667,7.818,0.0,0.0,0.0,0.0,0.0,2011,15,4,NoHoliday,985229.8099999999,849231.61,905548.38,897113.5199999997,60784.10311507326
26,2011-04-22,921700.61,False,A,152513,33.81,3.919,134.3571,7.818,0.0,0.0,0.0,0.0,0.0,2011,16,4,NoHoliday,863266.12,985229.8099999999,881930.87,891073.5199999998,63219.184700299425
26,2011-04-29,873450.29,False,A,152513,47.17,3.988,134.4357333,7.818,0.0,0.0,0.0,0.0,0.0,2011,17,4,NoHoliday,921700.61,863266.12,904503.85,904857.0374999997,62095.306040977215
26,2011-05-06,1024778.23,False,A,152513,45.0,4.078,134.5143667,7.818,0.0,0.0,0.0,0.0,0.0,2011,18,5,NoHoliday,873450.29,921700.61,1074479.73,910911.7074999998,55716.665925924186
26,2011-05-13,941008.85,False,A,152513,48.2,4.095,134.593,7.818,0.0,0.0,0.0,0.0,0.0,2011,19,5,NoHoliday,1024778.23,873450.29,972663.59,920798.8124999998,73856.67605035512
26,2011-05-20,938334.62,False,A,152513,48.86,4.101,134.6803871,7.818,0.0,0.0,0.0,0.0,0.0,2011,20,5,NoHoliday,941008.85,1024778.23,986765.01,940234.4949999998,63118.61237413645
26,2011-05-27,996723.58,False,A,152513,56.74,4.034,134.7677742,7.818,0.0,0.0,0.0,0.0,0.0,2011,21,5,NoHoliday,938334.62,941008.85,1069851.59,944392.9974999998,62029.05164453656
26,2011-06-03,1054454.4,False,A,152513,60.49,3.973,134.8551613,7.818,0.0,0.0,0.0,0.0,0.0,2011,22,6,NoHoliday,996723.58,938334.62,1003202.66,975211.3199999998,42619.85395823475
26,2011-06-10,1094058.68,False,A,152513,59.85,3.924,134.9425484,7.818,0.0,0.0,0.0,0.0,0.0,2011,23,6,NoHoliday,1054454.4,996723.58,1073862.59,982630.3624999998,54929.57384607636
26,2011-06-17,981646.46,False,A,152513,54.5,3.873,135.0837333,7.818,0.0,0.0,0.0,0.0,0.0,2011,24,6,NoHoliday,1094058.68,1054454.4,1001286.67,1020892.8199999997,68018.70152408995
26,2011-06-24,997474.93,False,A,152513,56.94,3.851,135.2652667,7.818,0.0,0.0,0.0,0.0,0.0,2011,25,6,NoHoliday,981646.46,1094058.68,976242.09,1031720.7799999997,52073.898727458014
26,2011-07-01,1070119.09,False,A,152513,59.89,3.815,135.4468,7.767,0.0,0.0,0.0,0.0,0.0,2011,26,7,NoHoliday,997474.93,981646.46,1078455.48,1031908.6174999998,51906.665881206194
26,2011-07-08,1133807.03,False,A,152513,63.34,3.784,135.6283333,7.767,0.0,0.0,0.0,0.0,0.0,2011,27,7,NoHoliday,1070119.09,997474.93,1122356.53,1035824.7899999998,54690.9138116085
26,2011-07-15,1021534.7,False,A,152513,64.43,3.827,135.7837419,7.767,0.0,0.0,0.0,0.0,0.0,2011,28,7,NoHoliday,1133807.03,1070119.09,1028151.72,1045761.8774999997,70208.35358559791
26,2011-07-22,1017867.8,False,A,152513,69.52,3.882,135.8738387,7.767,0.0,0.0,0.0,0.0,0.0,2011,29,7,NoHoliday,1021534.7,1133807.03,971615.62,1055733.9374999998,60183.16537992881
26,2011-07-29,1005360.5,False,A,152513,63.32,3.898,135.9639355,7.767,0.0,0.0,0.0,0.0,0.0,2011,30,7,NoHoliday,1017867.8,1021534.7,1005324.28,1060832.1549999998,54165.811212787754
26,2011-08-05,1107552.43,False,A,152513,63.16,3.903,136.0540323,7.767,0.0,0.0,0.0,0.0,0.0,2011,31,8,NoHoliday,1005360.5,1017867.8,1125329.77,1044642.5074999998,59844.92157531345
26,2011-08-12,1087644.5,False,A,152513,62.99,3.88,136.144129,7.767,0.0,0.0,0.0,0.0,0.0,2011,32,8,NoHoliday,1107552.43,1005360.5,1011938.29,1038078.8574999997,46830.41812782013
26,2011-08-19,1021766.75,False,A,152513,60.58,3.82,136.183129,7.767,0.0,0.0,0.0,0.0,0.0,2011,33,8,NoHoliday,1087644.5,1107552.43,1007385.36,1054606.3074999996,50562.441730076025
26,2011-08-26,1064617.6199999999,False,A,152513,61.1,3.796,136.2136129,7.767,0.0,0.0,0.0,0.0,0.0,2011,34,8,NoHoliday,1021766.75,1087644.5,977322.52,1055581.045,49647.42253066319
26,2011-09-02,1040143.14,False,A,152513,59.67,3.784,136.2440968,7.767,0.0,0.0,0.0,0.0,0.0,2011,35,9,NoHoliday,1064617.6199999999,1021766.75,1037549.7100000001,1070395.3249999997,36861.473436702916
26,2011-09-09,1069710.97,True,A,152513,60.98,3.809,136.2745806,7.767,0.0,0.0,0.0,0.0,0.0,2011,36,9,LaborDay,1040143.14,1064617.6199999999,1042226.2999999999,1053543.0024999997,28721.918590116526
26,2011-09-16,951569.84,False,A,152513,55.19,3.809,136.3145,7.767,0.0,0.0,0.0,0.0,0.0,2011,37,9,NoHoliday,1069710.97,1040143.14,923473.7,1049059.6199999996,22307.950669849197
26,2011-09-23,923644.6,False,A,152513,50.72,3.758,136.367,7.767,0.0,0.0,0.0,0.0,0.0,2011,38,9,NoHoliday,951569.84,1069710.97,868636.3,1031510.3924999997,54834.26209190186
26,2011-09-30,959339.51,False,A,152513,59.42,3.684,136.4195,7.767,0.0,0.0,0.0,0.0,0.0,2011,39,9,NoHoliday,923644.6,951569.84,923221.52,996267.1374999998,69739.94905940972
26,2011-10-07,1130022.99,False,A,152513,46.84,3.633,136.472,7.598,0.0,0.0,0.0,0.0,0.0,2011,40,10,NoHoliday,959339.51,923644.6,1001069.52,976066.2299999997,64283.800205371
26,2011-10-14,987886.08,False,A,152513,53.91,3.583,136.5150968,7.598,0.0,0.0,0.0,0.0,0.0,2011,41,10,NoHoliday,1130022.99,959339.51,937956.89,991144.2349999998,93845.94217375931
26,2011-10-21,974907.28,False,A,152513,45.23,3.618,136.5017742,7.598,0.0,0.0,0.0,0.0,0.0,2011,42,10,NoHoliday,987886.08,1130022.99,916522.66,1000223.2949999998,90435.88539198201
26,2011-10-28,972256.98,False,A,152513,35.06,3.604,136.4884516,7.598,0.0,0.0,0.0,0.0,0.0,2011,43,10,NoHoliday,974907.28,987886.08,895069.88,1013038.9649999997,78857.64938012545
26,2011-11-04,988950.75,False,A,152513,31.7,3.586,136.475129,7.598,0.0,0.0,0.0,0.0,0.0,2011,44,11,NoHoliday,972256.98,974907.28,970224.51,1016268.3324999997,76143.3082477143
26,2011-11-11,1077640.13,False,A,152513,40.08,3.57,136.4618065,7.598,487838.12,468483.28,19885.92,107537.92,163154.44,2011,45,11,NoHoliday,988950.75,972256.98,971193.01,981000.2724999997,8644.73170525854
26,2011-11-18,946091.79,False,A,152513,37.78,3.571,136.4666667,7.598,396917.69,16058.78,4336.68,24526.95,307609.63,2011,46,11,NoHoliday,1077640.13,988950.75,901972.7000000001,1003438.7849999997,50006.98117466468
26,2011-11-25,1282320.05,True,A,152513,31.07,3.536,136.4788,7.598,26087.04,648.0,3239995.68,0.0,47561.04,2011,47,11,Thanksgiving,946091.79,1077640.13,1286833.6199999999,996234.9124999997,57064.707250015585
26,2011-12-02,1012498.49,False,A,152513,36.74,3.501,136.4909333,7.598,237353.0,639.0,67857.54,84295.46,1049010.09,2011,48,12,NoHoliday,1282320.05,946091.79,1016143.64,1073750.6799999997,149448.0179946094
26,2011-12-09,1148987.46,False,A,152513,34.24,3.47,136.5030667,7.598,343624.82999999996,1311.0,9944.97,115208.61,417817.77,2011,49,12,NoHoliday,1012498.49,1282320.05,1149612.04,1079637.6149999998,145403.24261006634
26,2011-12-16,1204807.83,False,A,152513,28.24,3.445,136.5335161,7.598,191560.13,0.0,35125.12,37902.64,189577.1,2011,50,12,NoHoliday,1148987.46,1012498.49,1196813.33,1097474.4474999998,149397.80181920528
26,2011-12-23,1515175.01,False,A,152513,22.53,3.413,136.5883871,7.598,49662.37,6.39,72344.74,639.0,199953.75,2011,51,12,NoHoliday,1204807.83,1148987.46,1573982.47,1162153.4574999998,113767.8311797593
26,2011-12-30,972834.42,True,A,152513,18.8,3.402,136.6432581,7.598,296944.55999999994,2482001.28,11450.88,57589.200000000004,158016.96,2011,52,12,Christmas,1515175.01,1204807.83,877268.29,1220367.1974999998,212491.73059308765
26,2012-01-06,971557.62,False,A,152513,22.94,3.439,136.698129,7.467,231341.13,1203516.6300000001,8079.9,32313.39,437758.07999999996,2012,1,1,NoHoliday,972834.42,1515175.01,938149.21,1210451.1799999997,225926.2220860599
26,2012-01-13,836305.65,False,A,152513,25.55,3.523,136.753,7.467,148613.58000000002,417489.32999999996,4294.56,18977.07,173286.6,2012,2,1,NoHoliday,971557.62,972834.42,812323.29,1166093.7199999997,257261.20356612196
26,2012-01-20,838751.5,False,A,152513,15.22,3.542,136.8564194,7.467,117131.7,210332.5,1947.4,10731.0,146443.5,2012,3,1,NoHoliday,836305.65,971557.62,809833.21,1073968.1749999998,301033.1682810141
26,2012-01-27,820059.89,False,A,152513,24.16,3.568,136.9598387,7.467,56041.8,87467.16,2242.5,949.4399999999999,132092.22,2012,4,1,NoHoliday,838751.5,836305.65,817485.14,904862.2974999999,77758.44422114521
26,2012-02-03,939158.25,False,A,152513,25.24,3.633,137.0632581,7.467,2479493.8,111784.40000000001,5189.8,1416434.5999999999,457928.8,2012,5,2,NoHoliday,820059.89,838751.5,911807.02,866668.6649999998,70416.26604116573
26,2012-02-10,1081005.6400000001,True,A,152513,23.89,3.655,137.1666774,7.467,427702.62,187551.59999999998,979.66,433382.01999999996,428802.73000000004,2012,6,2,SuperBowl,939158.25,820059.89,1010711.08,858568.8224999998,54362.88203030288
26,2012-02-17,965788.76,False,A,152513,23.9,3.703,137.2583103,7.467,795220.17,414349.14,71.76,235833.03,488949.18,2012,7,2,NoHoliday,1081005.6400000001,939158.25,981978.02,919743.8199999998,119553.24682776828
26,2012-02-24,917924.47,False,A,152513,28.06,3.751,137.3411034,7.467,508800.48,359614.89,220.8,187435.05,283885.32,2012,8,2,NoHoliday,965788.76,1081005.6400000001,910298.44,951503.1349999998,107089.83880326417
26,2012-03-02,955641.74,False,A,152513,22.49,3.827,137.4238966,7.467,1415075.2,98056.0,514.5,1084008.8,180677.7,2012,9,3,NoHoliday,917924.47,965788.76,945643.17,975969.2799999998,72710.6865303278
26,2012-03-09,1028569.01,False,A,152513,29.03,3.876,137.5066897,7.467,317810.5,33629.4,138.6,27129.899999999998,273023.1,2012,10,3,NoHoliday,955641.74,917924.47,946614.55,980090.1524999999,70358.04241942389
26,2012-03-16,919503.4,False,A,152513,35.06,3.867,137.5843871,7.467,481421.27999999997,11109.0,275.31,105926.73000000001,143831.88,2012,11,3,NoHoliday,1028569.01,955641.74,887426.12,966980.9949999996,45933.380617963456
26,2012-03-23,874790.6799999999,False,A,152513,49.97,3.889,137.6552903,7.467,303569.0,10560.2,321.3,13984.6,156774.8,2012,12,3,NoHoliday,919503.4,1028569.01,866566.5399999999,955409.6549999998,51790.42166942586
26,2012-03-30,922018.43,False,A,152513,33.33,3.921,137.7261935,7.467,609072.6599999999,11711.369999999999,879.75,67730.40000000001,220552.28999999998,2012,13,3,NoHoliday,874790.6799999999,919503.4,849231.61,944626.2074999998,65002.28817951071
26,2012-04-06,1116829.23,False,A,152513,33.35,3.957,137.7970968,7.489,607185.6,0.0,2369.5,78971.20000000001,269682.0,2012,14,4,NoHoliday,922018.43,874790.6799999999,985229.8099999999,936220.3799999998,65276.41306809225
26,2012-04-13,889670.29,False,A,152513,36.9,4.025,137.868,7.489,259907.82,202938.66,1679.46,76173.24,175032.3,2012,15,4,NoHoliday,1116829.23,922018.43,863266.12,958285.4349999997,107899.41448086659
26,2012-04-20,923600.02,False,A,152513,50.81,4.046,137.9230667,7.489,229310.9,60564.700000000004,2560.6,10828.3,221863.6,2012,16,4,NoHoliday,889670.29,1116829.23,921700.61,950827.1574999997,112410.46690218768
26,2012-04-27,911969.0,False,A,152513,43.6,4.023,137.9781333,7.489,134322.30000000002,2252.85,1491.78,1662.9,148515.6,2012,17,4,NoHoliday,923600.02,889670.29,873450.29,963029.4924999998,103718.404659813
26,2012-05-04,946573.29,False,A,152513,40.29,3.991,138.0332,7.489,792449.8200000001,0.0,5384.76,168990.66,171698.91,2012,18,5,NoHoliday,911969.0,923600.02,1024778.23,960517.1349999998,105154.71344906141
26,2012-05-11,1062548.73,False,A,152513,47.11,3.947,138.0882667,7.489,588605.2799999999,0.0,7382.759999999999,57311.079999999994,190608.76,2012,19,5,NoHoliday,946573.29,911969.0,941008.85,917953.1499999998,23711.669247003494
26,2012-05-18,978082.8400000001,False,A,152513,52.55,3.899,138.1065806,7.489,456932.49,0.0,3167.1,37982.43,182764.44,2012,20,5,NoHoliday,1062548.73,946573.29,938334.62,961172.7599999998,69096.43649032644
26,2012-05-25,1067310.74,False,A,152513,58.2,3.85,138.1101935,7.489,480151.48,0.0,16130.25,130132.76,152244.1,2012,21,5,NoHoliday,978082.8400000001,1062548.73,996723.58,974793.4649999999,64433.682192611785
26,2012-06-01,1015853.03,False,A,152513,58.51,3.798,138.1138065,7.489,331952.1,207.0,7620.36,45698.7,204524.28,2012,22,6,NoHoliday,1067310.74,978082.8400000001,1054454.4,1013628.8999999998,60648.89921239832
26,2012-06-08,1106176.83,False,A,152513,49.43,3.746,138.1174194,7.489,561537.58,3876.6,1176.47,48939.59,296271.64,2012,23,6,NoHoliday,1015853.03,1067310.74,1094058.68,1030948.8349999997,42203.62644447505
26,2012-06-15,1029248.22,False,A,152513,57.84,3.683,138.1295333,7.489,402497.01,10612.2,17528.07,58776.270000000004,261169.83000000002,2012,24,6,NoHoliday,1106176.83,1015853.03,981646.46,1041855.8599999999,56356.849171153954
26,2012-06-22,1056282.91,False,A,152513,63.04,3.629,138.1629,7.489,382527.72000000003,25668.0,7175.3099999999995,131230.41,452401.26,2012,25,6,NoHoliday,1029248.22,1106176.83,997474.93,1054647.2049999998,40684.82036465749
26,2012-06-29,1051190.44,False,A,152513,60.71,3.577,138.1962667,7.489,230550.35,18358.0,0.0,17206.94,164553.34,2012,26,6,NoHoliday,1056282.91,1029248.22,1070119.09,1051890.2474999998,39906.85395533368
26,2012-07-06,1180470.8,False,A,152513,64.94,3.538,138.2296333,7.405,342647.9,16100.0,1357.3,231653.1,380655.10000000003,2012,27,7,NoHoliday,1051190.44,1056282.91,1133807.03,1060724.5999999996,32492.545436630484
26,2012-07-13,1063149.78,False,A,152513,64.47,3.561,138.263,7.405,475714.29,4988.7,241.5,76921.2,97645.35,2012,28,7,NoHoliday,1180470.8,1051190.44,1021534.7,1079298.0924999998,68460.80444247126
26,2012-07-20,1049625.9,False,A,152513,66.75,3.61,138.2331935,7.405,208922.52,2434.3999999999996,938.4000000000001,70227.0,233737.76,2012,29,7,NoHoliday,1063149.78,1180470.8,1017867.8,1087773.4824999997,61992.189162435745
26,2012-07-27,1031745.14,False,A,152513,64.12,3.701,138.2033871,7.405,205765.96,7659.52,176.8,25603.36,78548.84000000001,2012,30,7,NoHoliday,1049625.9,1063149.78,1005360.5,1086109.2299999997,63197.03975170361
26,2012-08-03,1090915.09,False,A,152513,65.6,3.698,138.1735806,7.405,1983100.0,3444.7000000000003,2946.3,593527.8999999999,248084.19999999998,2012,31,8,NoHoliday,1031745.14,1049625.9,1107552.43,1081247.9049999998,67387.4369190995
26,2012-08-10,1121476.51,False,A,152513,67.01,3.772,138.1437742,7.405,401256.1,1232.0,451.5,106724.1,170796.5,2012,32,8,NoHoliday,1090915.09,1031745.14,1087644.5,1058858.9774999998,24942.70259895399
26,2012-08-17,1068292.56,False,A,152513,65.54,3.84,138.1857097,7.405,170166.5,1120.0,387.8,58079.0,212713.9,2012,33,8,NoHoliday,1121476.51,1090915.09,1021766.75,1073440.6599999997,40490.56586000634
26,2012-08-24,1022704.2,False,A,152513,62.08,3.874,138.2814516,7.405,310988.52,2318.4,10312.74,128785.74,323308.47000000003,2012,34,8,NoHoliday,1068292.56,1121476.51,1064617.6199999999,1078107.325,37818.45608453584
26,2012-08-31,1053495.51,False,A,152513,63.69,3.884,138.3771935,7.405,918271.9,238.0,6041.7,152326.30000000002,178876.6,2012,35,8,NoHoliday,1022704.2,1068292.56,1040143.14,1075847.0899999999,41594.57606717683
26,2012-09-07,1081874.03,True,A,152513,61.58,3.921,138.4729355,7.405,285230.13,414.0,5021.82,36322.979999999996,242499.12,2012,36,9,LaborDay,1053495.51,1022704.2,1069710.97,1066492.1949999998,41282.839603871886
26,2012-09-14,986131.94,False,A,152513,57.69,3.988,138.5673,7.405,532471.1,0.0,1586.2,25823.7,635105.1,2012,37,9,NoHoliday,1081874.03,1053495.51,951569.84,1056591.5749999997,25390.650403168253
26,2012-09-21,961084.08,False,A,152513,52.68,4.056,138.6534,7.405,477216.42000000004,263.58,0.0,15753.39,484751.91000000003,2012,38,9,NoHoliday,986131.94,1081874.03,923644.6,1036051.4199999997,41126.27152382928
26,2012-09-28,964726.37,False,A,152513,50.66,4.018,138.7395,7.405,163822.2,519.52,14.96,69095.48,167631.56,2012,39,9,NoHoliday,961084.08,986131.94,959339.51,1020646.3899999998,56470.6549637338
26,2012-10-05,1095504.26,False,A,152513,54.07,4.027,138.8256,7.138,219828.0,0.0,226.8,93340.1,229868.1,2012,40,10,NoHoliday,964726.37,961084.08,1130022.99,998454.1049999997,56700.377759003
26,2012-10-12,1044639.69,False,A,152513,45.19,4.029,138.9117,7.138,87616.2,0.0,1061.22,21923.370000000003,534526.4400000001,2012,41,10,NoHoliday,1095504.26,964726.37,987886.08,1001861.6624999997,63398.74189102915
26,2012-10-19,975578.02,False,A,152513,43.51,4.0,138.8336129,7.138,117099.20999999999,0.0,182.16,7338.15,171202.11000000002,2012,42,10,NoHoliday,1044639.69,1095504.26,974907.28,1016488.5999999997,65281.30841326562
26,2012-10-26,958619.8,False,A,152513,46.95,3.917,138.7281613,7.138,126074.04000000001,2475.0299999999997,3450.0,33046.17,144116.85,2012,43,10,NoHoliday,975578.02,1044639.69,972256.98,1020112.0849999997,61472.06365433735
27,2011-02-04,1628100.79,False,A,204184,28.7,3.4,137.0542431,7.827,0.0,0.0,0.0,0.0,0.0,2011,5,2,NoHoliday,1421111.55,1517029.9,1874289.79,1509652.3874999997,62796.74179391009
27,2011-02-11,1636224.77,True,A,204184,30.45,3.416,137.1378318,7.827,0.0,0.0,0.0,0.0,0.0,2011,6,2,SuperBowl,1628100.79,1421111.55,1745362.72,1524637.7149999999,84732.9065567445
27,2011-02-18,1709365.19,False,A,204184,39.32,3.42,137.2511849,7.827,0.0,0.0,0.0,0.0,0.0,2011,7,2,NoHoliday,1636224.77,1628100.79,1945070.33,1550616.7524999997,102032.9732047595
27,2011-02-25,1688935.71,False,A,204184,33.05,3.452,137.3764439,7.827,0.0,0.0,0.0,0.0,0.0,2011,8,2,NoHoliday,1709365.19,1636224.77,1390934.27,1598700.5749999997,123904.4748532736
27,2011-03-04,1656130.67,False,A,204184,36.99,3.605,137.5017028,7.827,0.0,0.0,0.0,0.0,0.0,2011,9,3,NoHoliday,1688935.71,1709365.19,1313729.72,1665656.6149999998,39703.187462660775
27,2011-03-11,1613259.77,False,A,204184,43.64,3.752,137.6269617,7.827,0.0,0.0,0.0,0.0,0.0,2011,10,3,NoHoliday,1656130.67,1688935.71,1925113.1199999999,1672664.085,32725.700285831095
27,2011-03-18,1624539.21,False,A,204184,46.65,3.796,137.7398929,7.827,0.0,0.0,0.0,0.0,0.0,2011,11,3,NoHoliday,1613259.77,1656130.67,1700627.97,1666922.8349999997,41960.7575968083
27,2011-03-25,1554651.0799999998,False,A,204184,40.11,3.789,137.8478929,7.827,0.0,0.0,0.0,0.0,0.0,2011,12,3,NoHoliday,1624539.21,1613259.77,1836714.84,1645716.3399999996,34050.31563118271
27,2011-04-01,1628868.28,False,A,204184,37.27,3.811,137.9558929,7.725,0.0,0.0,0.0,0.0,0.0,2011,13,4,NoHoliday,1554651.0799999998,1624539.21,2053952.97,1612145.1824999996,42407.346674297136
27,2011-04-08,1689844.18,False,A,204184,46.87,3.895,138.0638929,7.725,0.0,0.0,0.0,0.0,0.0,2011,14,4,NoHoliday,1628868.28,1554651.0799999998,1955814.13,1605329.5849999995,34420.33584048877
27,2011-04-15,1727175.6099999999,False,A,204184,52.24,3.981,138.1646952,7.725,0.0,0.0,0.0,0.0,0.0,2011,15,4,NoHoliday,1689844.18,1628868.28,1857500.96,1624475.6874999998,55280.54066376133
27,2011-04-22,1921655.48,False,A,204184,50.02,4.061,138.2475036,7.725,0.0,0.0,0.0,0.0,0.0,2011,16,4,NoHoliday,1727175.6099999999,1689844.18,1850205.47,1650134.7874999996,75457.55302020359
27,2011-04-29,1642074.64,False,A,204184,61.71,4.117,138.3303119,7.725,0.0,0.0,0.0,0.0,0.0,2011,17,4,NoHoliday,1921655.48,1727175.6099999999,1805885.04,1741885.8874999997,126510.62877123756
27,2011-05-06,1757041.96,False,A,204184,56.48,4.192,138.4131202,7.725,0.0,0.0,0.0,0.0,0.0,2011,18,5,NoHoliday,1642074.64,1921655.48,1939458.84,1745187.4774999998,122692.73424922298
27,2011-05-13,1763545.32,False,A,204184,60.07,4.211,138.4959286,7.725,0.0,0.0,0.0,0.0,0.0,2011,19,5,NoHoliday,1757041.96,1642074.64,1842465.78,1761986.9224999996,117060.21795154271
27,2011-05-20,1725268.56,False,A,204184,60.22,4.202,138.587106,7.725,0.0,0.0,0.0,0.0,0.0,2011,20,5,NoHoliday,1763545.32,1757041.96,1836595.58,1771079.3499999999,114846.55858145701
27,2011-05-27,1820723.17,False,A,204184,66.43,4.134,138.6782834,7.725,0.0,0.0,0.0,0.0,0.0,2011,21,5,NoHoliday,1725268.56,1763545.32,1962468.67,1721982.6199999996,55835.168194395235
27,2011-06-03,2053708.01,False,A,204184,74.17,4.069,138.7694608,7.725,0.0,0.0,0.0,0.0,0.0,2011,22,6,NoHoliday,1820723.17,1725268.56,2073102.59,1766644.7524999997,39742.020795457414
27,2011-06-10,1817914.71,False,A,204184,73.26,4.025,138.8606382,7.725,0.0,0.0,0.0,0.0,0.0,2011,23,6,NoHoliday,2053708.01,1820723.17,1873812.93,1840811.2649999997,147251.14433939065
27,2011-06-17,1814740.09,False,A,204184,67.03,3.989,139.0028333,7.725,0.0,0.0,0.0,0.0,0.0,2011,24,6,NoHoliday,1817914.71,2053708.01,1887182.27,1854403.6124999998,140076.07083255603
27,2011-06-24,1811455.15,False,A,204184,72.02,3.964,139.1832917,7.725,0.0,0.0,0.0,0.0,0.0,2011,25,6,NoHoliday,1814740.09,1817914.71,1962625.01,1876771.4949999999,117982.99513412398
27,2011-07-01,1949983.93,False,A,204184,73.76,3.916,139.36375,7.85,0.0,0.0,0.0,0.0,0.0,2011,26,7,NoHoliday,1811455.15,1814740.09,2024554.1,1874454.4899999998,119531.44295209463
27,2011-07-08,2000055.27,False,A,204184,76.87,3.886,139.5442083,7.85,0.0,0.0,0.0,0.0,0.0,2011,27,7,NoHoliday,1949983.93,1811455.15,2119163.01,1848523.4699999997,67691.69876233448
27,2011-07-15,1762155.79,False,A,204184,77.83,3.915,139.7006325,7.85,0.0,0.0,0.0,0.0,0.0,2011,28,7,NoHoliday,2000055.27,1949983.93,1880691.64,1894058.6099999996,95703.87064136004
27,2011-07-22,1754879.45,False,A,204184,82.28,3.972,139.7969712,7.85,0.0,0.0,0.0,0.0,0.0,2011,29,7,NoHoliday,1762155.79,2000055.27,1808250.71,1880912.5349999997,112388.22851253068
27,2011-07-29,1744879.06,False,A,204184,79.41,4.004,139.8933099,7.85,0.0,0.0,0.0,0.0,0.0,2011,30,7,NoHoliday,1754879.45,1762155.79,1816489.53,1866768.6099999999,126692.73782201226
27,2011-08-05,1747289.53,False,A,204184,78.14,4.02,139.9896486,7.85,0.0,0.0,0.0,0.0,0.0,2011,31,8,NoHoliday,1744879.06,1754879.45,1908036.68,1815492.3924999998,123245.58199327605
27,2011-08-12,1758437.96,False,A,204184,76.67,3.995,140.0859873,7.85,0.0,0.0,0.0,0.0,0.0,2011,32,8,NoHoliday,1747289.53,1744879.06,1864436.12,1752300.9574999998,7830.821907972021
27,2011-08-19,1781905.24,False,A,204184,72.97,3.942,140.1289205,7.85,0.0,0.0,0.0,0.0,0.0,2011,33,8,NoHoliday,1758437.96,1747289.53,1936878.46,1751371.4999999998,6352.291617148332
27,2011-08-26,2034400.78,False,A,204184,72.88,3.906,140.1629528,7.85,0.0,0.0,0.0,0.0,0.0,2011,34,8,NoHoliday,1781905.24,1758437.96,1870684.21,1758127.9474999998,16916.067906694774
27,2011-09-02,1511717.53,False,A,204184,71.44,3.879,140.196985,7.85,0.0,0.0,0.0,0.0,0.0,2011,35,9,NoHoliday,2034400.78,1781905.24,1908110.9,1830508.3775,136691.74375203392
27,2011-09-09,1911470.84,True,A,204184,70.93,3.93,140.2310173,7.85,0.0,0.0,0.0,0.0,0.0,2011,36,9,LaborDay,1511717.53,2034400.78,1913494.81,1771615.3774999997,213606.01154497583
27,2011-09-16,1613773.9,False,A,204184,69.65,3.937,140.2735,7.85,0.0,0.0,0.0,0.0,0.0,2011,37,9,NoHoliday,1911470.84,1511717.53,1629978.46,1809873.5974999997,223914.95779521725
27,2011-09-23,1606208.68,False,A,204184,63.61,3.899,140.32725,7.85,0.0,0.0,0.0,0.0,0.0,2011,38,9,NoHoliday,1613773.9,1911470.84,1597002.71,1767840.7624999997,245641.71092541676
27,2011-09-30,1599626.26,False,A,204184,70.92,3.858,140.381,7.85,0.0,0.0,0.0,0.0,0.0,2011,39,9,NoHoliday,1606208.68,1613773.9,1543532.83,1660792.7374999998,173448.47359488407
27,2011-10-07,1672339.27,False,A,204184,56.91,3.775,140.43475,7.906,0.0,0.0,0.0,0.0,0.0,2011,40,10,NoHoliday,1599626.26,1606208.68,1707662.87,1682769.92,152576.81481057507
27,2011-10-14,1682652.51,False,A,204184,64.78,3.744,140.4784194,7.906,0.0,0.0,0.0,0.0,0.0,2011,41,10,NoHoliday,1672339.27,1599626.26,1728388.2,1622987.0274999999,33405.408549781074
27,2011-10-21,1689591.44,False,A,204184,59.62,3.757,140.4616048,7.906,0.0,0.0,0.0,0.0,0.0,2011,42,10,NoHoliday,1682652.51,1672339.27,1693935.29,1640206.6799999997,43346.612000925445
27,2011-10-28,1710372.4,False,A,204184,51.81,3.757,140.4447903,7.906,0.0,0.0,0.0,0.0,0.0,2011,43,10,NoHoliday,1689591.44,1682652.51,1688955.49,1661052.3699999999,41559.618484889914
27,2011-11-04,1621109.3,False,A,204184,44.46,3.738,140.4279758,7.906,0.0,0.0,0.0,0.0,0.0,2011,44,11,NoHoliday,1710372.4,1689591.44,1686010.02,1688738.9049999996,16069.921738782094
27,2011-11-11,1800728.07,False,A,204184,49.69,3.719,140.4111613,7.906,760449.76,3125534.31,33746.3,300689.97,349366.14999999997,2011,45,11,NoHoliday,1621109.3,1710372.4,1828010.25,1675931.4124999996,38398.850424827295
27,2011-11-18,1723739.44,False,A,204184,51.42,3.717,140.4127857,7.906,2329669.04,389635.22,10215.48,40262.68,1043931.46,2011,46,11,NoHoliday,1800728.07,1621109.3,1704785.74,1705450.3024999998,74087.75932654268
27,2011-11-25,2504400.71,True,A,204184,47.88,3.689,140.4217857,7.906,11972.73,2005.31,5397186.38,1768.06,39460.88,2011,47,11,Thanksgiving,1723739.44,1800728.07,2627910.75,1713987.3024999998,73617.1533470808
27,2011-12-02,1806924.74,False,A,204184,50.55,3.666,140.4307857,7.906,386611.92,21201.840000000004,504577.44000000006,265831.92,2393784.0,2011,48,12,NoHoliday,2504400.71,1723739.44,1884343.67,1912494.38,401405.24152286485
27,2011-12-09,2014665.98,False,A,204184,46.28,3.627,140.4397857,7.906,293218.56,3456.0,129662.63999999998,129312.72,638436.24,2011,49,12,NoHoliday,1806924.74,2504400.71,2139733.68,1958948.2399999998,365598.29657408217
27,2011-12-16,2205919.86,False,A,204184,40.68,3.611,140.4700795,7.906,548297.16,2050.57,76598.9,84690.22,573304.0399999999,2011,50,12,NoHoliday,2014665.98,1806924.74,2350098.36,2012432.7174999998,350054.6768700077
27,2011-12-23,2739019.75,False,A,204184,41.59,3.587,140.528765,7.906,176324.2,17511.969999999998,104998.09,15281.82,217310.05,2011,51,12,NoHoliday,2205919.86,2014665.98,3078162.08,2132977.8225,296414.01613113785
27,2011-12-30,1650604.6,True,A,204184,37.85,3.566,140.5874505,7.906,270139.22000000003,3705674.32,20119.86,74723.72,131241.22,2011,52,12,Christmas,2739019.75,2205919.86,1440963.0,2191632.5824999996,399647.40289552603
27,2012-01-06,1535287.4,False,A,204184,35.8,3.585,140.6461359,8.009,655726.89,2106940.62,37371.56,170355.27,446626.92000000004,2012,1,1,NoHoliday,1650604.6,2739019.75,1568159.48,2152552.5475,453782.7296361217
27,2012-01-13,1492399.1300000001,False,A,204184,41.3,3.666,140.7048214,8.009,565673.5,1136650.9000000001,37972.200000000004,45020.5,436681.7,2012,2,1,NoHoliday,1535287.4,1650604.6,1532308.6199999999,2032707.9024999999,554469.385457422
27,2012-01-20,1542131.05,False,A,204184,30.35,3.705,140.8086118,8.009,192791.9,649656.7,32603.899999999998,179753.69999999998,108523.79999999999,2012,3,1,NoHoliday,1492399.1300000001,1535287.4,1517029.9,1854327.7199999997,593566.0950596661
27,2012-01-27,1263534.86,False,A,204184,36.96,3.737,140.9124021,8.009,195232.1,292067.30000000005,41246.8,7105.0,270010.3,2012,4,1,NoHoliday,1542131.05,1492399.1300000001,1421111.55,1555105.545,67362.84925634175
27,2012-02-03,1564246.02,False,A,204184,42.52,3.796,141.0161924,8.009,4476436.5600000005,450432.0,38218.31999999999,4858189.2,441331.2,2012,5,2,NoHoliday,1263534.86,1542131.05,1628100.79,1458338.1099999999,131720.54929453292
27,2012-02-10,1651605.35,True,A,204184,37.86,3.826,141.1199827,8.009,1122575.04,446847.84,17987.04,1008038.16,577793.52,2012,6,2,SuperBowl,1564246.02,1263534.86,1636224.77,1465577.765,138005.49635231696
27,2012-02-17,1606221.56,False,A,204184,37.24,3.874,141.2140357,8.009,1069825.95,778971.3200000001,11885.859999999999,823950.27,116493.4,2012,7,2,NoHoliday,1651605.35,1564246.02,1709365.19,1505379.3199999998,168014.65482624195
27,2012-02-24,1648602.3900000001,False,A,204184,41.74,3.917,141.3007857,8.009,1240505.06,977055.36,700.8,601325.09,660300.33,2012,8,2,NoHoliday,1606221.56,1651605.35,1688935.71,1521401.9474999998,175573.67119564826
27,2012-03-02,1509323.09,False,A,204184,40.07,3.983,141.3875357,8.009,2120269.46,228539.38,8084.5,2616941.92,330369.3,2012,9,3,NoHoliday,1648602.3900000001,1606221.56,1656130.67,1617668.8299999998,41205.21464870509
27,2012-03-09,1607343.41,False,A,204184,44.32,4.021,141.4742857,8.009,1006201.35,65128.299999999996,156.20000000000002,256634.47,325329.10000000003,2012,10,3,NoHoliday,1509323.09,1648602.3900000001,1613259.77,1603938.0974999997,66393.47314970882
27,2012-03-16,1635984.07,False,A,204184,49.6,4.021,141.55478,8.009,516559.07999999996,12471.15,210.16,368751.28,167988.84,2012,11,3,NoHoliday,1607343.41,1509323.09,1624539.21,1592872.6124999998,59087.305996654046
27,2012-03-23,1620839.34,False,A,204184,57.3,4.054,141.6269332,8.009,298228.32,36456.479999999996,372.24,66051.36,249626.16,2012,12,3,NoHoliday,1635984.07,1607343.41,1554651.0799999998,1600313.2399999998,63068.43058104418
27,2012-03-30,1615494.14,False,A,204184,49.4,4.098,141.6990864,8.009,927505.88,13148.03,554.0699999999999,214911.27,255202.88999999998,2012,13,3,NoHoliday,1620839.34,1635984.07,1628868.28,1593372.4774999998,57241.193922530016
27,2012-04-06,1899013.3399999999,False,A,204184,48.73,4.143,141.7712396,8.253,788459.86,0.0,7398.549999999999,224830.50999999998,415568.56,2012,14,4,NoHoliday,1615494.14,1620839.34,1689844.18,1619915.2399999998,12064.525037512727
27,2012-04-13,1650405.21,False,A,204184,52.22,4.187,141.8433929,8.253,380321.51999999996,353026.62,3984.1600000000003,113402.78,309090.6,2012,15,4,NoHoliday,1899013.3399999999,1615494.14,1727175.6099999999,1692832.7224999997,137727.4116877847
27,2012-04-20,1639999.47,False,A,204184,62.62,4.17,141.9015262,8.253,900549.36,193039.19999999998,7196.400000000001,103206.96,233638.56,2012,16,4,NoHoliday,1650405.21,1899013.3399999999,1921655.48,1696438.0074999998,135920.1383126583
27,2012-04-27,1565498.84,False,A,204184,52.33,4.163,141.9596595,8.253,454981.49,64017.15,4157.76,3689.87,154944.72,2012,17,4,NoHoliday,1639999.47,1650405.21,1642074.64,1701228.0399999998,132666.52973873436
27,2012-05-04,1669388.45,False,A,204184,53.68,4.124,142.0177929,8.253,1433775.5999999999,0.0,15363.36,424473.12,337469.76,2012,18,5,NoHoliday,1565498.84,1639999.47,1757041.96,1688729.2149999999,145199.23778112995
27,2012-05-11,1674306.31,False,A,204184,58.97,4.055,142.0759262,8.253,760524.1,0.0,17148.6,158301.5,198802.1,2012,19,5,NoHoliday,1669388.45,1565498.84,1763545.32,1631322.9925,45538.300339959154
27,2012-05-18,1707158.82,False,A,204184,65.15,4.029,142.0970115,8.253,960528.96,0.0,15998.4,160236.0,168934.32,2012,20,5,NoHoliday,1674306.31,1669388.45,1725268.56,1637298.2674999998,50205.674668782085
27,2012-05-25,1818906.73,False,A,204184,64.77,3.979,142.1032776,8.253,814071.7999999999,0.0,26990.649999999998,154305.01,296997.97,2012,21,5,NoHoliday,1707158.82,1674306.31,1820723.17,1654088.1049999997,61393.362926828326
27,2012-06-01,1900638.6,False,A,204184,73.4,3.915,142.1095438,8.253,730127.79,2215.2,17424.11,288955.09,197049.85,2012,22,6,NoHoliday,1818906.73,1707158.82,2053708.01,1717440.0774999997,69691.38308638745
27,2012-06-08,1764756.31,False,A,204184,64.05,3.871,142.1158099,8.253,917397.39,29436.600000000002,6815.29,118348.48000000001,555156.8099999999,2012,23,6,NoHoliday,1900638.6,1818906.73,1817914.71,1775252.6149999998,104010.01298193587
27,2012-06-15,1773500.56,False,A,204184,69.52,3.786,142.1292548,8.253,715930.5599999999,44272.799999999996,1080.0,243535.68,488129.04,2012,24,6,NoHoliday,1764756.31,1900638.6,1814740.09,1797865.1149999998,82318.41369950108
27,2012-06-22,1837884.79,False,A,204184,73.23,3.722,142.1606464,8.253,675222.07,58326.5,566.58,278897.23,429860.98,2012,25,6,NoHoliday,1773500.56,1764756.31,1811455.15,1814450.5499999998,62168.20375178442
27,2012-06-29,1842555.32,False,A,204184,73.94,3.667,142.1920381,8.253,538322.71,41598.9,0.0,72368.88,250069.81,2012,26,6,NoHoliday,1837884.79,1773500.56,1949983.93,1819195.0649999997,63334.879929399314
27,2012-07-06,2062224.92,False,A,204184,82.08,3.646,142.2234298,8.239,893109.0,21555.600000000002,15474.449999999999,587896.33,567944.62,2012,27,7,NoHoliday,1842555.32,1837884.79,2000055.27,1804674.2449999999,41243.81292385555
27,2012-07-13,1755889.53,False,A,204184,78.95,3.689,142.2548214,8.239,515762.46,15563.199999999999,2208.1,318731.78,220257.62,2012,28,7,NoHoliday,2062224.92,1842555.32,1762155.79,1879041.3975,126121.86102859651
27,2012-07-20,1730913.66,False,A,204184,78.64,3.732,142.2337569,8.239,758512.2999999999,11512.2,1505.7,232029.0,511163.1,2012,29,7,NoHoliday,1755889.53,2062224.92,1754879.45,1874638.6399999997,131237.8864023532
27,2012-07-27,1625883.71,False,A,204184,76.01,3.82,142.2126924,8.239,626291.28,20834.64,380.16,878822.64,241843.68,2012,30,7,NoHoliday,1730913.66,1755889.53,1744879.06,1847895.8574999997,150682.30066918995
27,2012-08-03,1705810.84,False,A,204184,75.22,3.819,142.1916279,8.239,2752192.1,13626.9,4502.4,1782355.4000000001,221300.09999999998,2012,31,8,NoHoliday,1625883.71,1730913.66,1747289.53,1793727.9549999996,187651.88768626616
27,2012-08-10,1720537.26,False,A,204184,78.44,3.863,142.1705634,8.239,418395.19,10554.86,994.71,294470.37,398385.97,2012,32,8,NoHoliday,1705810.84,1625883.71,1758437.96,1704624.4349999996,56334.54430693666
27,2012-08-17,1735339.59,False,A,204184,76.51,3.963,142.2157385,8.239,289242.0,2422.7999999999997,446.40000000000003,126262.08,488417.76,2012,33,8,NoHoliday,1720537.26,1705810.84,1781905.24,1695786.3675,47726.320245032846
27,2012-08-24,1780443.3599999999,False,A,204184,72.93,3.997,142.3105933,8.239,347261.73000000004,6226.9,27087.38,225632.78,599514.6900000001,2012,34,8,NoHoliday,1735339.59,1720537.26,2034400.78,1696892.8499999999,48850.24206714846
27,2012-08-31,1731935.43,False,A,204184,75.0,4.026,142.4054482,8.239,1826781.84,4306.32,19913.76,473931.36,388809.36,2012,35,8,NoHoliday,1780443.3599999999,1735339.59,1511717.53,1735532.7624999997,32276.187588507233
27,2012-09-07,1840955.23,True,A,204184,76.0,4.076,142.500303,8.239,1367431.2,4043.5199999999995,8507.52,324802.8,520932.96,2012,36,9,LaborDay,1731935.43,1780443.3599999999,1911470.84,1742063.91,26357.677117542225
27,2012-09-14,1519604.5,False,A,204184,68.72,4.088,142.5938833,8.239,1232740.8,1283.04,1332.0,171660.96,307464.48,2012,37,9,NoHoliday,1840955.23,1731935.43,1613773.9,1772168.4024999996,50908.92543057147
27,2012-09-21,1557485.75,False,A,204184,66.1,4.203,142.6798167,8.239,1298423.1500000001,4531.22,48112.44,428795.27,238496.1,2012,38,9,NoHoliday,1519604.5,1840955.23,1606208.68,1718234.6299999997,139728.20309089424
27,2012-09-28,1540687.6300000001,False,A,204184,64.92,4.158,142.76575,8.239,1841422.0999999999,2787.4,3866.8,790785.1,906788.4,2012,39,9,NoHoliday,1557485.75,1519604.5,1599626.26,1662495.2274999996,150681.41290577932
27,2012-10-05,1591816.8800000001,False,A,204184,64.5,4.151,142.8516833,8.0,1216912.9200000002,0.0,2921.46,393128.36,491536.74,2012,40,10,NoHoliday,1540687.6300000001,1557485.75,1672339.27,1614683.2774999999,151641.99442559705
27,2012-10-12,1660081.29,False,A,204184,55.4,4.186,142.9376167,8.0,156788.63999999998,0.0,519.84,62136.72,571091.04,2012,41,10,NoHoliday,1591816.8800000001,1540687.6300000001,1682652.51,1552398.69,30508.357906239282
27,2012-10-19,1620374.24,False,A,204184,56.53,4.153,142.8633629,8.0,187391.72,0.0,338.66999999999996,40859.08,223453.33,2012,42,10,NoHoliday,1660081.29,1591816.8800000001,1689591.44,1587517.8875,52848.62350535502
27,2012-10-26,1703047.74,False,A,204184,58.99,4.071,142.7624113,8.0,550729.25,14657.949999999999,7100.0,51917.33,154413.64,2012,43,10,NoHoliday,1620374.24,1660081.29,1710372.4,1603240.0099999998,50225.495160648905
28,2011-02-04,1564897.32,False,A,206302,45.14,3.348,127.7195806,14.021,0.0,0.0,0.0,0.0,0.0,2011,5,2,NoHoliday,1127859.69,1079669.11,1672352.29,1177179.4699999997,151784.5700267076
28,2011-02-11,1397301.3800000001,True,A,206302,51.3,3.381,127.859129,14.021,0.0,0.0,0.0,0.0,0.0,2011,6,2,SuperBowl,1564897.32,1127859.69,1558968.49,1217678.1824999999,232328.31849028353
28,2011-02-18,1514828.82,False,A,206302,53.35,3.43,127.99525,14.021,0.0,0.0,0.0,0.0,0.0,2011,7,2,NoHoliday,1397301.3800000001,1564897.32,1491300.42,1292431.8749999998,229192.08104711949
28,2011-02-25,1311796.91,False,A,206302,48.45,3.53,128.13,14.021,0.0,0.0,0.0,0.0,0.0,2011,8,2,NoHoliday,1514828.82,1397301.3800000001,1542173.33,1401221.8024999998,195310.38862725737
28,2011-03-04,1723736.9100000001,False,A,206302,51.72,3.674,128.26475,14.021,0.0,0.0,0.0,0.0,0.0,2011,9,3,NoHoliday,1311796.91,1514828.82,1608435.45,1447206.1075,114382.66963724732
28,2011-03-11,1380836.35,False,A,206302,57.75,3.818,128.3995,14.021,0.0,0.0,0.0,0.0,0.0,2011,10,3,NoHoliday,1723736.9100000001,1311796.91,1326877.11,1486916.005,178475.7170539468
28,2011-03-18,1286413.71,False,A,206302,64.21,3.692,128.5121935,14.021,0.0,0.0,0.0,0.0,0.0,2011,11,3,NoHoliday,1380836.35,1723736.9100000001,1279819.43,1482799.7474999996,181397.42980682384
28,2011-03-25,1201059.72,False,A,206302,54.4,3.909,128.6160645,14.021,0.0,0.0,0.0,0.0,0.0,2011,12,3,NoHoliday,1286413.71,1380836.35,1245268.77,1425695.9699999997,202660.08589279893
28,2011-04-01,1336838.41,False,A,206302,63.63,3.772,128.7199355,13.736,0.0,0.0,0.0,0.0,0.0,2011,13,4,NoHoliday,1201059.72,1286413.71,1441559.4,1398011.6724999999,229227.7607352825
28,2011-04-08,1414713.5,False,A,206302,64.47,4.003,128.8238065,13.736,0.0,0.0,0.0,0.0,0.0,2011,14,4,NoHoliday,1336838.41,1201059.72,1382359.21,1301287.0474999999,77155.09110451741
28,2011-04-15,1240126.07,False,A,206302,57.63,3.868,128.9107333,13.736,0.0,0.0,0.0,0.0,0.0,2011,15,4,NoHoliday,1414713.5,1336838.41,1268240.66,1309756.3349999997,89646.1144826449
28,2011-04-22,1297452.0,False,A,206302,72.12,4.134,128.9553,13.736,0.0,0.0,0.0,0.0,0.0,2011,16,4,NoHoliday,1240126.07,1414713.5,1244177.21,1298184.4249999998,96396.98609291692
28,2011-04-29,1222367.9000000001,False,A,206302,68.27,4.151,128.9998667,13.736,0.0,0.0,0.0,0.0,0.0,2011,17,4,NoHoliday,1297452.0,1240126.07,1186971.02,1322282.4949999999,73306.65499015567
28,2011-05-06,1515890.3800000001,False,A,206302,68.4,4.193,129.0444333,13.736,0.0,0.0,0.0,0.0,0.0,2011,18,5,NoHoliday,1222367.9000000001,1297452.0,1532893.22,1293664.8674999997,86826.98162658502
28,2011-05-13,1253316.3,False,A,206302,70.93,4.202,129.089,13.736,0.0,0.0,0.0,0.0,0.0,2011,19,5,NoHoliday,1515890.3800000001,1222367.9000000001,1245898.73,1318959.0875,135140.6562675633
28,2011-05-20,1151282.31,False,A,206302,66.59,4.169,129.0756774,13.736,0.0,0.0,0.0,0.0,0.0,2011,20,5,NoHoliday,1253316.3,1515890.3800000001,1217923.71,1322256.6449999998,132715.01584226076
28,2011-05-27,1160043.98,False,A,206302,76.67,4.087,129.0623548,13.736,0.0,0.0,0.0,0.0,0.0,2011,21,5,NoHoliday,1151282.31,1253316.3,1176588.25,1285714.2224999997,159285.2624868123
28,2011-06-03,1403779.25,False,A,206302,71.81,4.031,129.0490323,13.736,0.0,0.0,0.0,0.0,0.0,2011,22,6,NoHoliday,1160043.98,1151282.31,1543678.02,1270133.2424999997,170220.02434219452
28,2011-06-10,1339972.83,False,A,206302,78.72,3.981,129.0357097,13.736,0.0,0.0,0.0,0.0,0.0,2011,23,6,NoHoliday,1403779.25,1160043.98,1348995.17,1242105.46,117256.17024589049
28,2011-06-17,1268503.49,False,A,206302,86.84,3.935,129.0432,13.736,0.0,0.0,0.0,0.0,0.0,2011,24,6,NoHoliday,1339972.83,1403779.25,1267619.06,1263769.5924999998,127569.62675535276
28,2011-06-24,1208809.34,False,A,206302,88.95,3.898,129.0663,13.736,0.0,0.0,0.0,0.0,0.0,2011,25,6,NoHoliday,1268503.49,1339972.83,1231025.07,1293074.8874999997,104492.1828219007
28,2011-07-01,1319054.57,False,A,206302,89.85,3.842,129.0894,13.503,0.0,0.0,0.0,0.0,0.0,2011,26,7,NoHoliday,1208809.34,1268503.49,1399960.15,1305266.2274999998,84783.63417915608
28,2011-07-08,1459655.8499999999,False,A,206302,89.9,3.705,129.1125,13.503,0.0,0.0,0.0,0.0,0.0,2011,27,7,NoHoliday,1319054.57,1208809.34,1340293.87,1284085.0574999999,58468.0220588197
28,2011-07-15,1197373.13,False,A,206302,88.1,3.692,129.1338387,13.503,0.0,0.0,0.0,0.0,0.0,2011,28,7,NoHoliday,1459655.8499999999,1319054.57,1225336.41,1314005.8124999998,107045.44604263011
28,2011-07-22,1165870.54,False,A,206302,91.17,3.794,129.1507742,13.503,0.0,0.0,0.0,0.0,0.0,2011,29,7,NoHoliday,1197373.13,1459655.8499999999,1205884.98,1296223.2224999997,121989.10033443832
28,2011-07-29,1114530.29,False,A,206302,93.29,3.805,129.1677097,13.503,0.0,0.0,0.0,0.0,0.0,2011,30,7,NoHoliday,1165870.54,1197373.13,1150204.71,1285488.5224999997,133583.58387925688
28,2011-08-05,1523870.8900000001,False,A,206302,90.61,3.803,129.1846452,13.503,0.0,0.0,0.0,0.0,0.0,2011,31,8,NoHoliday,1114530.29,1165870.54,1523101.3800000001,1234357.4524999997,154030.53169577933
28,2011-08-12,1218764.94,False,A,206302,91.04,3.701,129.2015806,13.503,0.0,0.0,0.0,0.0,0.0,2011,32,8,NoHoliday,1523870.8900000001,1114530.29,1218688.09,1250411.2125,185475.9497615985
28,2011-08-19,1200019.74,False,A,206302,91.74,3.743,129.2405806,13.503,0.0,0.0,0.0,0.0,0.0,2011,33,8,NoHoliday,1218764.94,1523870.8900000001,1195897.6,1255759.1649999998,183737.15810363385
28,2011-08-26,1166479.51,False,A,206302,94.61,3.74,129.2832581,13.503,0.0,0.0,0.0,0.0,0.0,2011,34,8,NoHoliday,1200019.74,1218764.94,1191585.92,1264296.4649999999,178897.92847112464
28,2011-09-02,1468871.49,False,A,206302,93.66,3.798,129.3259355,13.503,0.0,0.0,0.0,0.0,0.0,2011,35,9,NoHoliday,1166479.51,1200019.74,1523410.71,1277283.7699999998,165808.09749071134
28,2011-09-09,1310087.0,True,A,206302,88.0,3.913,129.3686129,13.503,0.0,0.0,0.0,0.0,0.0,2011,36,9,LaborDay,1468871.49,1166479.51,1246062.17,1263533.9199999997,138589.7889279512
28,2011-09-16,1159212.1,False,A,206302,76.36,3.918,129.4306,13.503,0.0,0.0,0.0,0.0,0.0,2011,37,9,NoHoliday,1310087.0,1468871.49,1159812.35,1286364.4349999998,136258.80621311103
28,2011-09-23,1109105.92,False,A,206302,82.95,3.789,129.5183333,13.503,0.0,0.0,0.0,0.0,0.0,2011,38,9,NoHoliday,1159212.1,1310087.0,1111797.21,1276162.5249999997,146054.0777504273
28,2011-09-30,1120731.76,False,A,206302,83.26,3.877,129.6060667,13.503,0.0,0.0,0.0,0.0,0.0,2011,39,9,NoHoliday,1109105.92,1159212.1,1203080.41,1261819.1274999997,162326.82482145698
28,2011-10-07,1557314.58,False,A,206302,70.44,3.827,129.6938,12.89,0.0,0.0,0.0,0.0,0.0,2011,40,10,NoHoliday,1120731.76,1109105.92,1334571.87,1174784.1949999998,92708.57694945946
28,2011-10-14,1220984.94,False,A,206302,67.31,3.805,129.7706452,12.89,0.0,0.0,0.0,0.0,0.0,2011,41,10,NoHoliday,1557314.58,1120731.76,1158062.99,1236591.0899999999,214885.17712893046
28,2011-10-21,1203172.05,False,A,206302,73.05,3.842,129.7821613,12.89,0.0,0.0,0.0,0.0,0.0,2011,42,10,NoHoliday,1220984.94,1557314.58,1120619.32,1252034.2999999998,209625.84997496606
28,2011-10-28,1242746.06,False,A,206302,67.41,3.727,129.7936774,12.89,0.0,0.0,0.0,0.0,0.0,2011,43,10,NoHoliday,1203172.05,1220984.94,1231688.48,1275550.8324999998,192852.1708420934
28,2011-11-04,1576654.67,False,A,206302,59.77,3.828,129.8051935,12.89,0.0,0.0,0.0,0.0,0.0,2011,44,11,NoHoliday,1242746.06,1203172.05,1501663.26,1306054.4074999997,168286.6749858871
28,2011-11-11,1402654.95,False,A,206302,48.76,3.824,129.8167097,12.89,1645966.08,880115.04,24751.44,1500074.64,712463.76,2011,45,11,NoHoliday,1576654.67,1242746.06,1266460.45,1310889.4299999997,177914.3360754024
28,2011-11-18,1255081.22,False,A,206302,54.2,3.813,129.8268333,12.89,474072.2,115827.6,6020.700000000001,74784.5,688509.5,2011,46,11,NoHoliday,1402654.95,1576654.67,1179315.72,1356306.9324999996,170340.47096801197
28,2011-11-25,1929738.27,True,A,206302,53.25,3.622,129.8364,12.89,162941.84,13120.289999999999,4476339.5600000005,37504.479999999996,130734.97,2011,47,11,Thanksgiving,1255081.22,1402654.95,1937033.5,1369284.2249999999,156173.34418217637
28,2011-12-02,1368130.35,False,A,206302,52.5,3.701,129.8459667,12.89,748267.92,5400.0,161359.92,449497.44000000006,1394941.68,2011,48,12,NoHoliday,1929738.27,1255081.22,1447916.29,1541032.2774999996,290561.29330673727
28,2011-12-09,1467024.3,False,A,206302,42.17,3.644,129.8555333,12.89,483897.29,1533.0,10233.869999999999,450320.94,1027372.0700000001,2011,49,12,NoHoliday,1368130.35,1929738.27,1466164.49,1488901.1974999998,300573.40710835723
28,2011-12-16,1429954.66,False,A,206302,43.29,3.6,129.8980645,12.89,172521.48,1295.04,24692.379999999997,40705.009999999995,456697.56,2011,50,12,NoHoliday,1467024.3,1368130.35,1510443.62,1504993.535,296106.6526966913
28,2011-12-23,1796203.51,False,A,206302,45.4,3.541,129.9845484,12.89,155877.63,111.69,54920.82,36427.0,414210.02999999997,2011,51,12,NoHoliday,1429954.66,1467024.3,2026026.39,1548711.8949999998,257272.1884709936
28,2011-12-30,1270036.53,True,A,206302,44.64,3.428,130.0710323,12.89,375762.96,3587476.32,11186.64,72830.88,558862.5599999999,2011,52,12,Christmas,1796203.51,1429954.66,1090558.57,1515328.2049999998,191642.07514667165
28,2012-01-06,1466046.07,False,A,206302,50.43,3.599,130.1575161,12.187,355754.33999999997,1348916.19,15062.01,43934.37,360076.5,2012,1,1,NoHoliday,1270036.53,1796203.51,1402902.47,1490804.7499999998,220813.08296590653
28,2012-01-13,1161190.29,False,A,206302,48.07,3.657,130.244,12.187,334780.55999999994,132713.28,3261.6,62614.08,571350.24,2012,2,1,NoHoliday,1466046.07,1270036.53,1098286.61,1490560.1925,220848.738602074
28,2012-01-20,1129540.48,False,A,206302,46.2,3.66,130.2792258,12.187,362390.7,89641.29999999999,1662.5,50156.4,420632.1,2012,3,1,NoHoliday,1161190.29,1466046.07,1079669.11,1423369.0999999996,278732.50407529954
28,2012-01-27,1132948.48,False,A,206302,50.43,3.675,130.3144516,12.187,119352.24,63864.0,2229.84,16014.24,308989.44000000006,2012,4,1,NoHoliday,1129540.48,1161190.29,1127859.69,1256703.3424999998,151981.67460051161
28,2012-02-03,1531599.44,False,A,206302,50.58,3.702,130.3496774,12.187,3239863.1999999997,265116.24,13147.199999999999,2825397.36,1152632.8800000001,2012,5,2,NoHoliday,1132948.48,1129540.48,1564897.32,1222431.3299999996,163028.1131005853
28,2012-02-10,1572966.15,True,A,206302,52.27,3.722,130.3849032,12.187,1467116.04,202538.5,4848.66,1228039.5799999998,600706.78,2012,6,2,SuperBowl,1531599.44,1132948.48,1397301.3800000001,1238819.6724999999,195701.27286208974
28,2012-02-17,1501503.68,False,A,206302,51.8,3.781,130.4546207,12.187,1502525.52,495380.88,564.48,553327.9199999999,800275.68,2012,7,2,NoHoliday,1572966.15,1531599.44,1514828.82,1341763.6374999997,243676.47422909233
28,2012-02-24,1323487.91,False,A,206302,53.13,3.95,130.5502069,12.187,678127.8,233664.19999999998,0.0,59294.9,471562.69999999995,2012,8,2,NoHoliday,1501503.68,1572966.15,1311796.91,1434754.4374999995,203325.46105381005
28,2012-03-02,1451740.57,False,A,206302,52.27,4.178,130.6457931,12.187,1687320.6800000002,61940.4,248.5,897863.1599999999,336265.94,2012,9,3,NoHoliday,1323487.91,1501503.68,1723736.9100000001,1482389.2949999997,109910.28902619761
28,2012-03-09,1680764.06,False,A,206302,54.54,4.25,130.7413793,12.187,834529.4299999999,7374.46,505.89,150420.15000000002,681290.02,2012,10,3,NoHoliday,1451740.57,1323487.91,1380836.35,1462424.5774999997,105141.43029788167
28,2012-03-16,1337875.49,False,A,206302,64.44,4.273,130.8261935,12.187,585282.82,3142.46,474.28,258518.81,258841.15,2012,11,3,NoHoliday,1680764.06,1451740.57,1286413.71,1489374.0549999997,147999.72309969034
28,2012-03-23,1216059.41,False,A,206302,56.26,4.038,130.8966452,12.187,634672.5,3425.7999999999997,413.7,72851.8,265770.39999999997,2012,12,3,NoHoliday,1337875.49,1680764.06,1201059.72,1448467.0074999998,165149.3216925278
28,2012-03-30,1209524.11,False,A,206302,64.36,4.294,130.9670968,12.187,830996.07,4090.31,841.35,109153.98000000001,180103.57,2012,13,3,NoHoliday,1216059.41,1337875.49,1336838.41,1421609.8824999998,197763.48776358427
28,2012-04-06,1559592.79,False,A,206302,64.05,4.121,131.0375484,11.627,665138.65,0.0,2538.25,183186.39,590250.69,2012,14,4,NoHoliday,1209524.11,1216059.41,1414713.5,1361055.7674999996,221160.95531778084
28,2012-04-13,1290684.95,False,A,206302,64.28,4.254,131.108,11.627,601947.94,399740.64999999997,1457.63,174509.48,667001.69,2012,15,4,NoHoliday,1559592.79,1209524.11,1240126.07,1330762.9499999997,163574.08343292866
28,2012-04-20,1180797.2,False,A,206302,66.73,4.222,131.1173333,11.627,379373.59,276606.06,1229.72,46686.759999999995,331901.57,2012,16,4,NoHoliday,1290684.95,1559592.79,1297452.0,1318965.3149999997,164588.74344371597
28,2012-04-27,1170456.16,False,A,206302,77.99,4.193,131.1266667,11.627,210252.7,39505.200000000004,1127.7,2487.7999999999997,225848.69999999998,2012,17,4,NoHoliday,1180797.2,1290684.95,1222367.9000000001,1310149.7624999997,172683.05288437888
28,2012-05-04,1450628.8499999999,False,A,206302,76.03,4.171,131.136,11.627,1166182.56,0.0,3311.28,211573.44,588674.16,2012,18,5,NoHoliday,1170456.16,1180797.2,1515890.3800000001,1300382.7749999997,181167.98348446726
28,2012-05-11,1264575.18,False,A,206302,77.27,4.186,131.1453333,11.627,1069030.08,28224.0,6099.84,301743.36,400042.8,2012,19,5,NoHoliday,1450628.8499999999,1170456.16,1253316.3,1273141.7899999996,130232.20395510219
28,2012-05-18,1213310.45,False,A,206302,84.51,4.11,131.0983226,11.627,375036.91,0.0,87.33,84413.32,385025.19,2012,20,5,NoHoliday,1264575.18,1450628.8499999999,1151282.31,1266614.3474999997,129713.11314172456
28,2012-05-25,1151214.41,False,A,206302,83.84,4.293,131.0287742,11.627,529033.4,0.0,42630.0,110239.5,533465.1,2012,21,5,NoHoliday,1213310.45,1264575.18,1160043.98,1274742.6599999997,123408.42757555949
28,2012-06-01,1245480.95,False,A,206302,78.11,4.277,130.9592258,11.627,1068706.5,0.0,4968.0,267229.41,367057.92000000004,2012,22,6,NoHoliday,1151214.41,1213310.45,1403779.25,1269932.2224999997,129073.51034722215
28,2012-06-08,1440687.69,False,A,206302,84.83,4.103,130.8896774,11.627,649933.2000000001,7286.400000000001,-2095.2000000000003,60024.24,846170.64,2012,23,6,NoHoliday,1245480.95,1151214.41,1339972.83,1218645.2474999996,49682.63123218019
28,2012-06-15,1229760.97,False,A,206302,85.94,4.144,130.8295333,11.627,620622.0,7272.0,26205.12,161586.72000000003,469764.72000000003,2012,24,6,NoHoliday,1440687.69,1245480.95,1268503.49,1262673.3749999998,124959.29345956758
28,2012-06-22,1180671.55,False,A,206302,91.61,4.014,130.7929,11.627,719667.8999999999,1288.0,78.4,256438.69999999998,466170.6,2012,25,6,NoHoliday,1229760.97,1440687.69,1208809.34,1266786.0049999997,123049.24244925096
28,2012-06-29,1129031.98,False,A,206302,90.47,3.875,130.7562667,11.627,478122.39999999997,2604.0,0.0,23202.199999999997,328353.2,2012,26,6,NoHoliday,1180671.55,1229760.97,1319054.57,1274150.2899999996,114404.72486871832
28,2012-07-06,1500863.54,False,A,206302,89.13,3.765,130.7196333,10.926,404559.36,7099.2,8048.88,180961.92,462315.60000000003,2012,27,7,NoHoliday,1129031.98,1180671.55,1459655.8499999999,1245038.0474999999,136763.33012978753
28,2012-07-13,1179915.04,False,A,206302,95.61,3.723,130.683,10.926,810123.49,1405.8,215.13,216772.23,107216.39,2012,28,7,NoHoliday,1500863.54,1129031.98,1197373.13,1260082.0099999998,165705.8057484724
28,2012-07-20,1149427.48,False,A,206302,85.53,3.726,130.7012903,10.926,576504.6000000001,4284.0,858.9,66085.6,253645.7,2012,29,7,NoHoliday,1179915.04,1500863.54,1165870.54,1247620.5274999999,170549.56816534788
28,2012-07-27,1135035.09,False,A,206302,93.47,3.769,130.7195806,10.926,297468.66000000003,1766.4,368.46,414653.43,294701.07,2012,30,7,NoHoliday,1149427.48,1179915.04,1114530.29,1239809.5099999998,175287.5034675516
28,2012-08-03,1376520.0999999999,False,A,206302,88.16,3.76,130.737871,10.926,1946130.9,1995.0,5327.7,627861.5,417934.3,2012,31,8,NoHoliday,1135035.09,1149427.48,1523870.8900000001,1241310.2874999999,174044.18521042116
28,2012-08-10,1269113.41,False,A,206302,95.91,3.811,130.7561613,10.926,585508.0,4863.6,2100.7000000000003,291061.4,213549.0,2012,32,8,NoHoliday,1376520.0999999999,1135035.09,1218764.94,1210224.4274999998,112431.63102062991
28,2012-08-17,1184198.41,False,A,206302,94.87,4.002,130.7909677,10.926,379815.92000000004,140.58,798.04,180494.07,470037.04,2012,33,8,NoHoliday,1269113.41,1376520.0999999999,1200019.74,1232524.0199999998,113258.96719240729
28,2012-08-24,1199309.59,False,A,206302,85.32,4.055,130.8381613,10.926,477894.61,775.32,22005.03,197328.88,413670.85000000003,2012,34,8,NoHoliday,1184198.41,1269113.41,1166479.51,1241216.7524999997,105847.14793371674
28,2012-08-31,1227118.75,False,A,206302,89.78,4.093,130.8853548,10.926,1802164.0,224.0,8077.3,830097.8,315562.8,2012,35,8,NoHoliday,1199309.59,1184198.41,1468871.49,1257285.3774999997,87673.10145664372
28,2012-09-07,1469693.99,True,A,206302,88.52,4.124,130.9325484,10.926,493285.8,3039.4,4625.599999999999,49096.6,777038.5,2012,36,9,LaborDay,1227118.75,1199309.59,1310087.0,1219935.0399999998,37294.475358057316
28,2012-09-14,1124660.77,False,A,206302,83.64,4.133,130.9776667,10.926,1113003.1,495.58000000000004,1711.81,154831.12,744334.18,2012,37,9,NoHoliday,1469693.99,1227118.75,1159212.1,1270080.1849999996,134257.8519586571
28,2012-09-21,1135340.19,False,A,206302,82.97,4.125,131.0103333,10.926,615318.9,7280.0,210.0,123291.0,674683.1,2012,38,9,NoHoliday,1124660.77,1469693.99,1109105.92,1255195.775,149399.30474543458
28,2012-09-28,1129508.61,False,A,206302,81.22,3.966,131.043,10.926,418444.6,553.7,151.20000000000002,172095.0,467001.5,2012,39,9,NoHoliday,1135340.19,1124660.77,1120731.76,1239203.4249999998,160394.8579007509
28,2012-10-05,1462941.03,False,A,206302,81.61,3.966,131.0756667,10.199,314968.07,0.0,2052.61,466032.64,597660.96,2012,40,10,NoHoliday,1129508.61,1135340.19,1557314.58,1214800.89,169984.81258956704
28,2012-10-12,1205536.71,False,A,206302,71.74,4.468,131.1083333,10.199,109797.24,0.0,948.56,75098.83,465828.87,2012,41,10,NoHoliday,1462941.03,1129508.61,1220984.94,1213112.65,166609.4690863937
28,2012-10-19,1143724.48,False,A,206302,68.66,4.449,131.1499677,10.199,159202.32,0.0,324.3,97016.06999999999,284431.8,2012,42,10,NoHoliday,1205536.71,1462941.03,1203172.05,1233331.6349999998,156923.0978763989
28,2012-10-26,1213860.61,False,A,206302,65.95,4.301,131.1930968,10.199,454309.10000000003,6301.4,0.0,122558.79999999999,117905.2,2012,43,10,NoHoliday,1143724.48,1205536.71,1242746.06,1235427.7074999998,155224.69820197485
29,2011-02-04,504126.89,False,B,93638,26.39,3.24,133.1834194,10.256,0.0,0.0,0.0,0.0,0.0,2011,5,2,NoHoliday,410426.97,445134.15,538634.46,434604.6399999998,20086.713883793785
29,2011-02-11,550387.78,True,B,93638,28.89,3.255,133.260871,10.256,0.0,0.0,0.0,0.0,0.0,2011,6,2,SuperBowl,504126.89,410426.97,529672.95,446648.3174999998,40856.87756899139
29,2011-02-18,542529.21,False,B,93638,35.34,3.263,133.3701429,10.256,0.0,0.0,0.0,0.0,0.0,2011,7,2,NoHoliday,550387.78,504126.89,542399.07,477518.9474999998,62096.58581064025
29,2011-02-25,483660.15,False,B,93638,30.23,3.281,133.4921429,10.256,0.0,0.0,0.0,0.0,0.0,2011,8,2,NoHoliday,542529.21,550387.78,488417.61,501867.7124999998,64223.74327592511
29,2011-03-04,536031.67,False,B,93638,33.52,3.437,133.6141429,10.256,0.0,0.0,0.0,0.0,0.0,2011,9,3,NoHoliday,483660.15,542529.21,535087.91,520176.0074999997,31640.6852071147
29,2011-03-11,493430.45,False,B,93638,41.42,3.6,133.7361429,10.256,0.0,0.0,0.0,0.0,0.0,2011,10,3,NoHoliday,536031.67,483660.15,519042.49,528152.2024999998,30236.55621484206
29,2011-03-18,493653.43,False,B,93638,43.38,3.634,133.8492258,10.256,0.0,0.0,0.0,0.0,0.0,2011,11,3,NoHoliday,493430.45,536031.67,496851.6,513912.86999999976,29681.042349906966
29,2011-03-25,478773.05,False,B,93638,38.77,3.624,133.9587419,10.256,0.0,0.0,0.0,0.0,0.0,2011,12,3,NoHoliday,493653.43,493430.45,552985.34,501693.9249999998,23361.166861533453
29,2011-04-01,475615.26,False,B,93638,36.04,3.638,134.0682581,9.966,0.0,0.0,0.0,0.0,0.0,2011,13,4,NoHoliday,478773.05,493653.43,599629.25,500472.1499999998,24707.697078776677
29,2011-04-08,505304.33,False,B,93638,44.42,3.72,134.1777742,9.966,0.0,0.0,0.0,0.0,0.0,2011,14,4,NoHoliday,475615.26,478773.05,569937.23,485368.04749999975,9526.46757425416
29,2011-04-15,518245.97,False,B,93638,48.88,3.823,134.2784667,9.966,0.0,0.0,0.0,0.0,0.0,2011,15,4,NoHoliday,505304.33,475615.26,509100.84,488336.5174999998,13777.596822547948
29,2011-04-22,589252.69,False,B,93638,47.76,3.919,134.3571,9.966,0.0,0.0,0.0,0.0,0.0,2011,16,4,NoHoliday,518245.97,505304.33,505329.66,494484.6524999998,20692.785031004118
29,2011-04-29,493078.64,False,B,93638,57.2,3.988,134.4357333,9.966,0.0,0.0,0.0,0.0,0.0,2011,17,4,NoHoliday,589252.69,518245.97,501013.47000000003,522104.56249999977,48191.50278444019
29,2011-05-06,534372.53,False,B,93638,53.63,4.078,134.5143667,9.966,0.0,0.0,0.0,0.0,0.0,2011,18,5,NoHoliday,493078.64,589252.69,568497.35,526470.4074999997,43097.83189307546
29,2011-05-13,549551.02,False,B,93638,57.71,4.095,134.593,9.966,0.0,0.0,0.0,0.0,0.0,2011,19,5,NoHoliday,534372.53,493078.64,518940.88,533737.4574999998,40724.562539537634
29,2011-05-20,492932.51,False,B,93638,58.56,4.101,134.6803871,9.966,0.0,0.0,0.0,0.0,0.0,2011,20,5,NoHoliday,549551.02,534372.53,502021.82,541563.7199999997,39751.52415196594
29,2011-05-27,550735.64,False,B,93638,62.59,4.034,134.7677742,9.966,0.0,0.0,0.0,0.0,0.0,2011,21,5,NoHoliday,492932.51,549551.02,577627.66,517483.6749999998,28936.21418919512
29,2011-06-03,598251.5700000001,False,B,93638,70.09,3.973,134.8551613,9.966,0.0,0.0,0.0,0.0,0.0,2011,22,6,NoHoliday,550735.64,492932.51,588017.66,531897.9249999998,27024.17748096712
29,2011-06-10,558431.4400000001,False,B,93638,69.53,3.924,134.9425484,9.966,0.0,0.0,0.0,0.0,0.0,2011,23,6,NoHoliday,598251.5700000001,550735.64,540716.58,547867.6849999998,43079.26068159125
29,2011-06-17,536914.17,False,B,93638,63.97,3.873,135.0837333,9.966,0.0,0.0,0.0,0.0,0.0,2011,24,6,NoHoliday,558431.4400000001,598251.5700000001,558731.74,550087.7899999998,43422.39031018868
29,2011-06-24,545368.17,False,B,93638,68.53,3.851,135.2652667,9.966,0.0,0.0,0.0,0.0,0.0,2011,25,6,NoHoliday,536914.17,558431.4400000001,585548.79,561083.2049999998,26329.537080927515
29,2011-07-01,567114.6,False,B,93638,70.8,3.815,135.4468,9.863,0.0,0.0,0.0,0.0,0.0,2011,26,7,NoHoliday,545368.17,536914.17,581473.55,559741.3374999998,27156.468589513097
29,2011-07-08,547586.07,False,B,93638,74.22,3.784,135.6283333,9.863,0.0,0.0,0.0,0.0,0.0,2011,27,7,NoHoliday,567114.6,545368.17,563449.43,551957.0949999997,13433.423815921937
29,2011-07-15,505246.15,False,B,93638,75.2,3.827,135.7837419,9.863,0.0,0.0,0.0,0.0,0.0,2011,28,7,NoHoliday,547586.07,567114.6,512292.01,549245.7524999998,12769.15332636964
29,2011-07-22,507335.75,False,B,93638,77.79,3.882,135.8738387,9.863,0.0,0.0,0.0,0.0,0.0,2011,29,7,NoHoliday,505246.15,547586.07,506502.09,541328.7474999998,25963.660826501975
29,2011-07-29,474653.06,False,B,93638,75.32,3.898,135.9639355,9.863,0.0,0.0,0.0,0.0,0.0,2011,30,7,NoHoliday,507335.75,505246.15,509872.77,531820.6424999998,30550.0995780082
29,2011-08-05,503486.37,False,B,93638,75.33,3.903,136.0540323,9.863,0.0,0.0,0.0,0.0,0.0,2011,31,8,NoHoliday,474653.06,507335.75,519787.93,508705.2574999998,29917.167372425185
29,2011-08-12,471311.5,False,B,93638,74.69,3.88,136.144129,9.863,0.0,0.0,0.0,0.0,0.0,2011,32,8,NoHoliday,503486.37,474653.06,495269.0,497680.3324999997,15431.936925572203
29,2011-08-19,498056.0,False,B,93638,71.3,3.82,136.183129,9.863,0.0,0.0,0.0,0.0,0.0,2011,33,8,NoHoliday,471311.5,503486.37,531640.1900000001,489196.66999999975,18838.06118066076
29,2011-08-26,608294.98,False,B,93638,72.22,3.796,136.2136129,9.863,0.0,0.0,0.0,0.0,0.0,2011,34,8,NoHoliday,498056.0,471311.5,545766.13,486876.73249999975,16253.724823620314
29,2011-09-02,497085.91,False,B,93638,69.16,3.784,136.2440968,9.863,0.0,0.0,0.0,0.0,0.0,2011,35,9,NoHoliday,608294.98,498056.0,579272.38,520287.21249999973,60333.745872955406
29,2011-09-09,505406.72000000003,True,B,93638,69.14,3.809,136.2745806,9.863,0.0,0.0,0.0,0.0,0.0,2011,36,9,LaborDay,497085.91,608294.98,491290.37,518687.09749999974,61008.94286938856
29,2011-09-16,474129.35,False,B,93638,68.08,3.809,136.3145,9.863,0.0,0.0,0.0,0.0,0.0,2011,37,9,NoHoliday,505406.72000000003,497085.91,463752.89,527210.9024999997,54183.55688911855
29,2011-09-23,475696.37,False,B,93638,62.36,3.758,136.367,9.863,0.0,0.0,0.0,0.0,0.0,2011,38,9,NoHoliday,474129.35,505406.72000000003,465338.41,521229.23999999976,59531.77090831245
29,2011-09-30,446516.26,False,B,93638,69.78,3.684,136.4195,9.863,0.0,0.0,0.0,0.0,0.0,2011,39,9,NoHoliday,475696.37,474129.35,474698.01,488079.5874999998,15591.627749606567
29,2011-10-07,514993.0,False,B,93638,56.44,3.633,136.472,9.357,0.0,0.0,0.0,0.0,0.0,2011,40,10,NoHoliday,446516.26,475696.37,530059.06,475437.1749999998,24058.058526995377
29,2011-10-14,475776.45,False,B,93638,62.63,3.583,136.5150968,9.357,0.0,0.0,0.0,0.0,0.0,2011,41,10,NoHoliday,514993.0,446516.26,483011.69,477833.74499999976,28165.499067292192
29,2011-10-21,505068.22000000003,False,B,93638,59.3,3.618,136.5017742,9.357,0.0,0.0,0.0,0.0,0.0,2011,42,10,NoHoliday,475776.45,514993.0,505221.17,478245.5199999998,28105.264625021155
29,2011-10-28,515119.64,False,B,93638,49.31,3.604,136.4884516,9.357,0.0,0.0,0.0,0.0,0.0,2011,43,10,NoHoliday,505068.22000000003,475776.45,527058.59,485588.48249999975,30913.86083614163
29,2011-11-04,620735.72,False,B,93638,42.81,3.586,136.475129,9.357,0.0,0.0,0.0,0.0,0.0,2011,44,11,NoHoliday,515119.64,505068.22000000003,521002.97,502739.3274999998,18581.75745843706
29,2011-11-11,531600.62,False,B,93638,47.8,3.57,136.4618065,9.357,562441.5499999999,491240.64999999997,13418.76,86602.86,186690.14,2011,45,11,NoHoliday,620735.72,515119.64,524450.7,529175.0074999997,63281.014993331504
29,2011-11-18,504601.29,False,B,93638,50.62,3.571,136.4666667,9.357,456365.65,62895.3,1038.05,25496.25,376576.19999999995,2011,46,11,NoHoliday,531600.62,620735.72,508174.55,543131.0499999998,52879.907147013604
29,2011-11-25,913165.19,True,B,93638,46.28,3.536,136.4788,9.357,8196.11,0.0,3168394.49,268.0,79025.83,2011,47,11,Thanksgiving,504601.29,531600.62,975268.91,543014.3174999998,52992.334702837994
29,2011-12-02,579874.22,False,B,93638,49.11,3.501,136.4909333,9.357,145193.02,0.0,97685.33,54972.83,427978.57999999996,2011,48,12,NoHoliday,913165.19,504601.29,642678.53,642525.7049999997,187125.6734770786
29,2011-12-09,633240.53,False,B,93638,45.35,3.47,136.5030667,9.357,171417.84,0.0,40525.32,32992.08,342298.44,2011,49,12,NoHoliday,579874.22,913165.19,713834.74,632310.3299999998,189807.83493101088
29,2011-12-16,736805.66,False,B,93638,39.11,3.445,136.5335161,9.357,121020.96,0.0,37207.56,82360.24,460858.44,2011,50,12,NoHoliday,633240.53,579874.22,850538.25,657720.3074999998,178285.1595629378
29,2011-12-23,1016637.39,False,B,93638,39.83,3.413,136.5883871,9.357,25013.78,349.07,45346.94,703.5,115936.8,2011,51,12,NoHoliday,736805.66,633240.53,1130926.79,715771.3999999998,146840.20391710868
29,2011-12-30,551743.05,True,B,93638,36.28,3.402,136.6432581,9.357,145295.53,1149389.69,3163.74,22308.32,120125.64,2011,52,12,Christmas,1016637.39,736805.66,465992.01999999996,741639.4499999997,194564.08372235548
29,2012-01-06,469773.85,False,B,93638,34.61,3.439,136.698129,8.988,309939.92,913103.32,650.08,37453.04,139650.24,2012,1,1,NoHoliday,551743.05,1016637.39,455952.18,734606.6574999999,202698.75878486474
29,2012-01-13,444756.37,False,B,93638,39.0,3.523,136.753,8.988,119919.95,496031.82,4.02,167.5,168364.30000000002,2012,2,1,NoHoliday,469773.85,551743.05,426905.26,693739.9874999998,242515.52919019855
29,2012-01-20,446863.31,False,B,93638,29.16,3.542,136.8564194,8.988,135441.17,167689.61,311.55,25661.67,190435.44,2012,3,1,NoHoliday,444756.37,469773.85,445134.15,620727.6649999998,267865.8485034016
29,2012-01-27,395987.24,False,B,93638,35.68,3.568,136.9598387,8.988,63467.58,132766.91999999998,48.18,7747.08,99278.52,2012,4,1,NoHoliday,446863.31,444756.37,410426.97,478284.1449999998,50266.01374479581
29,2012-02-03,493159.35,False,B,93638,40.58,3.633,137.0632581,8.988,1537657.55,152563.45,7166.900000000001,756679.95,165682.4,2012,5,2,NoHoliday,395987.24,446863.31,504126.89,439345.1924999998,31046.29969882845
29,2012-02-10,545840.05,True,B,93638,35.68,3.655,137.1666774,8.988,1034858.22,160239.41999999998,287.76000000000005,315170.46,265737.77999999997,2012,6,2,SuperBowl,493159.35,395987.24,550387.78,445191.5674999997,39686.09379698052
29,2012-02-17,559606.91,False,B,93638,36.25,3.703,137.2583103,8.988,488248.84,385278.48,119.68,352603.80000000005,229932.48,2012,7,2,NoHoliday,545840.05,493159.35,542529.21,470462.48749999976,64032.30477576788
29,2012-02-24,488782.63,False,B,93638,39.0,3.751,137.3411034,8.988,510781.2,224932.4,0.0,250419.19999999998,336636.81,2012,8,2,NoHoliday,559606.91,545840.05,483660.15,498648.3874999997,74189.92567195682
29,2012-03-02,500801.72,False,B,93638,37.47,3.827,137.4238966,8.988,843736.08,52862.04,71.94000000000001,454393.5,112147.2,2012,9,3,NoHoliday,488782.63,559606.91,536031.67,521847.23499999975,36137.28950059575
29,2012-03-09,504750.35,False,B,93638,41.72,3.876,137.5066897,8.988,367237.86,26176.260000000002,0.0,35061.18,101810.93999999999,2012,10,3,NoHoliday,500801.72,488782.63,493430.45,523757.8274999998,34268.68628153749
29,2012-03-16,489293.72,False,B,93638,46.06,3.867,137.5843871,8.988,289297.14,6223.8,65.34,42393.780000000006,103990.26,2012,11,3,NoHoliday,504750.35,500801.72,493653.43,513485.40249999973,31488.608348833546
29,2012-03-23,517408.48,False,B,93638,54.68,3.889,137.6552903,8.988,183727.05000000002,4529.849999999999,150.15,35031.100000000006,76520.6,2012,12,3,NoHoliday,489293.72,504750.35,478773.05,495907.10499999975,8096.403385733853
29,2012-03-30,504566.27999999997,False,B,93638,46.4,3.921,137.7261935,8.988,315806.51,2816.68,100.5,17824.01,61317.73,2012,13,3,NoHoliday,517408.48,489293.72,475615.26,503063.5674999998,11595.205965723906
29,2012-04-06,633826.55,False,B,93638,46.38,3.957,137.7970968,9.14,646591.54,0.0,721.5899999999999,122735.96,317100.28,2012,14,4,NoHoliday,504566.27999999997,517408.48,505304.33,504004.7074999997,11502.834678296229
29,2012-04-13,520493.83,False,B,93638,49.89,4.025,137.868,9.14,133028.94,288464.88,181.5,27997.859999999997,105316.2,2012,15,4,NoHoliday,633826.55,504566.27999999997,518245.97,536273.7574999998,66042.74896523329
29,2012-04-20,525200.59,False,B,93638,58.81,4.046,137.9230667,9.14,139862.5,127902.33,648.56,15681.35,105944.42,2012,16,4,NoHoliday,520493.83,633826.55,589252.69,544073.7849999997,60231.37207207719
29,2012-04-27,497250.22000000003,False,B,93638,51.42,4.023,137.9781333,9.14,79259.52,0.0,423.68,3765.76,90103.04,2012,17,4,NoHoliday,525200.59,520493.83,493078.64,546021.8124999998,59198.632583466824
29,2012-05-04,504963.83999999997,False,B,93638,50.75,3.991,138.0332,9.14,324305.28,0.0,805.76,113510.4,108517.12,2012,18,5,NoHoliday,497250.22000000003,525200.59,534372.53,544192.7974999998,60992.24042423637
29,2012-05-11,529707.87,False,B,93638,56.72,3.947,138.0882667,9.14,442658.28,0.0,479.05,32023.32,191453.84,2012,19,5,NoHoliday,504963.83999999997,497250.22000000003,549551.02,511977.11999999976,13082.586238638898
29,2012-05-18,543706.04,False,B,93638,61.9,3.899,138.1065806,9.14,199200.54,0.0,5035.14,43662.96,39464.04,2012,20,5,NoHoliday,529707.87,504963.83999999997,492932.51,514280.6299999997,15642.705447291668
29,2012-05-25,549665.67,False,B,93638,62.39,3.85,138.1101935,9.14,500316.47,0.0,19452.11,20748.56,184266.08,2012,21,5,NoHoliday,543706.04,529707.87,550735.64,518906.99249999976,21564.469299234574
29,2012-06-01,576252.35,False,B,93638,70.01,3.798,138.1138065,9.14,590071.6799999999,0.0,4214.76,58448.280000000006,182709.78,2012,22,6,NoHoliday,549665.67,543706.04,598251.5700000001,532010.8549999997,19877.244990432613
29,2012-06-08,554093.15,False,B,93638,61.71,3.746,138.1174194,9.14,375524.5,7618.0,1553.5,28640.3,256528.35,2012,23,6,NoHoliday,576252.35,549665.67,558431.4400000001,549832.9824999997,19498.466180259245
29,2012-06-15,552338.76,False,B,93638,66.56,3.683,138.1295333,9.14,258689.68,20542.2,470.34,5999.18,79078.76,2012,24,6,NoHoliday,554093.15,576252.35,536914.17,555929.3024999998,14201.39610471111
29,2012-06-22,581854.5,False,B,93638,70.61,3.629,138.1629,9.14,298640.75999999995,32524.8,65.34,115204.98,170898.41999999998,2012,25,6,NoHoliday,552338.76,554093.15,545368.17,558087.4824999998,12245.976749112782
29,2012-06-29,555954.13,False,B,93638,70.99,3.577,138.1962667,9.14,329093.12,21058.56,17.28,36192.0,125274.88,2012,26,6,NoHoliday,581854.5,552338.76,567114.6,566134.6899999998,15108.560933976647
29,2012-07-06,578832.41,False,B,93638,77.41,3.538,138.2296333,9.419,387416.11,8857.4,2017.37,128566.3,271987.17000000004,2012,27,7,NoHoliday,555954.13,581854.5,547586.07,561060.1349999998,13941.283593858314
29,2012-07-13,514709.76,False,B,93638,75.81,3.561,138.263,9.419,193505.76,10269.0,1388.52,68498.64,41341.23,2012,28,7,NoHoliday,578832.41,555954.13,505246.15,567244.9499999998,15246.696878137413
29,2012-07-20,506705.36,False,B,93638,76.57,3.61,138.2331935,9.419,74290.45,13802.75,527.15,23949.25,105647.75,2012,29,7,NoHoliday,514709.76,578832.41,507335.75,557837.6999999997,30990.060636983653
29,2012-07-27,475158.24,False,B,93638,73.52,3.701,138.2033871,9.419,260436.15,12395.5,141.04999999999998,107666.65000000001,77162.79999999999,2012,30,7,NoHoliday,506705.36,514709.76,474653.06,539050.4149999998,34190.704271790884
29,2012-08-03,504754.74,False,B,93638,72.99,3.698,138.1735806,9.419,400068.89999999997,9835.320000000002,0.0,325114.68,146714.69999999998,2012,31,8,NoHoliday,475158.24,506705.36,503486.37,518851.4424999998,43479.85457278006
29,2012-08-10,518628.42,False,B,93638,76.74,3.772,138.1437742,9.419,1842844.74,22518.54,599.28,110458.92,130930.14,2012,32,8,NoHoliday,504754.74,475158.24,471311.5,500332.02499999973,17326.458784098755
29,2012-08-17,416881.66,False,B,93638,74.92,3.84,138.1857097,9.419,108804.15,10536.12,18.9,31765.86,74048.31,2012,33,8,NoHoliday,518628.42,504754.74,498056.0,501311.6899999997,18482.589593164717
29,2012-08-24,615026.15,False,B,93638,70.42,3.874,138.2814516,9.419,158360.15,4649.45,128.7,100551.75,68991.0,2012,34,8,NoHoliday,416881.66,518628.42,608294.98,478855.7649999998,45118.66714017756
29,2012-08-31,545844.91,False,B,93638,71.93,3.884,138.3771935,9.419,397781.68,4310.11,1791.58,125638.40000000001,92817.78,2012,35,8,NoHoliday,615026.15,416881.66,497085.91,513822.74249999976,81127.52589082143
29,2012-09-07,540811.85,True,B,93638,73.3,3.921,138.4729355,9.419,431133.61,3284.34,2824.72,73486.26999999999,222434.64,2012,36,9,LaborDay,545844.91,615026.15,505406.72000000003,524095.2849999998,82191.07087735292
29,2012-09-14,475127.18,False,B,93638,66.42,3.988,138.5673,9.419,372891.42,5917.5599999999995,320.76000000000005,116369.22,271223.7,2012,37,9,NoHoliday,540811.85,545844.91,474129.35,529641.1424999998,82447.25017999433
29,2012-09-21,489079.23,False,B,93638,63.38,4.056,138.6534,9.419,195122.4,1644.06,297.0,22823.46,139292.34,2012,38,9,NoHoliday,475127.18,540811.85,475696.37,544202.5224999997,57159.37733068005
29,2012-09-28,489674.23,False,B,93638,62.17,4.018,138.7395,9.419,266631.42,522.0600000000001,130.68,45378.96,252293.58000000002,2012,39,9,NoHoliday,489079.23,475127.18,446516.26,512715.79249999975,35863.24836516506
29,2012-10-05,520632.8,False,B,93638,62.09,4.027,138.8256,9.151,307312.2,0.0,592.8,43959.5,123763.25,2012,40,10,NoHoliday,489674.23,489079.23,514993.0,498673.1224999997,28885.443872315478
29,2012-10-12,513737.0,False,B,93638,54.18,4.029,138.9117,9.151,149443.13999999998,0.0,448.8,54739.74,44557.92,2012,41,10,NoHoliday,520632.8,489674.23,475776.45,493628.35999999975,19216.86038319283
29,2012-10-19,516909.24,False,B,93638,55.28,4.0,138.8336129,9.151,66418.95,0.0,148.2,12625.6,248378.65,2012,42,10,NoHoliday,513737.0,520632.8,505068.22000000003,503280.81499999977,16301.81339718702
29,2012-10-26,534970.68,False,B,93638,57.58,3.917,138.7281613,9.151,362817.0,193.7,0.0,25884.95,25747.15,2012,43,10,NoHoliday,516909.24,513737.0,515119.64,510238.3174999998,13996.058343074475
30,2011-02-04,490970.95,False,C,42988,36.33,2.989,212.2240646,8.028,0.0,0.0,0.0,0.0,0.0,2011,5,2,NoHoliday,425989.04,439132.62,465108.52,445401.89749999973,16819.086333189574
30,2011-02-11,470921.24,True,C,42988,34.61,3.022,212.5928624,8.028,0.0,0.0,0.0,0.0,0.0,2011,6,2,SuperBowl,490970.95,425989.04,497374.57,455375.3324999998,28839.190616403026
30,2011-02-18,417070.51,False,C,42988,59.87,3.045,212.9033115,8.028,0.0,0.0,0.0,0.0,0.0,2011,7,2,NoHoliday,470921.24,490970.95,463513.26,456753.4624999998,29600.14725365081
30,2011-02-25,432687.97000000003,False,C,42988,61.27,3.065,213.190421,8.028,0.0,0.0,0.0,0.0,0.0,2011,8,2,NoHoliday,417070.51,470921.24,472330.71,451237.93499999976,35454.49951044325
30,2011-03-04,443334.71,False,C,42988,59.52,3.288,213.4775305,8.028,0.0,0.0,0.0,0.0,0.0,2011,9,3,NoHoliday,432687.97000000003,417070.51,472591.07,452912.6674999998,33992.35303026242
30,2011-03-11,438529.81,False,C,42988,54.69,3.459,213.7646401,8.028,0.0,0.0,0.0,0.0,0.0,2011,10,3,NoHoliday,443334.71,432687.97000000003,468189.93,441003.60749999975,22674.815370729462
30,2011-03-18,425470.83999999997,False,C,42988,63.26,3.488,214.0156238,8.028,0.0,0.0,0.0,0.0,0.0,2011,11,3,NoHoliday,438529.81,443334.71,445736.36,432905.74999999977,11419.216429554614
30,2011-03-25,431754.01,False,C,42988,70.33,3.473,214.2521573,8.028,0.0,0.0,0.0,0.0,0.0,2011,12,3,NoHoliday,425470.83999999997,438529.81,442457.35000000003,435005.8324999998,7704.4832493431695
30,2011-04-01,437926.79,False,C,42988,56.36,3.524,214.4886908,7.931,0.0,0.0,0.0,0.0,0.0,2011,13,4,NoHoliday,431754.01,425470.83999999997,457884.06,434772.3424999998,7811.550829816853
30,2011-04-08,443889.5,False,C,42988,68.62,3.622,214.7252242,7.931,0.0,0.0,0.0,0.0,0.0,2011,14,4,NoHoliday,437926.79,431754.01,454800.96,433420.36249999976,6120.620372807693
30,2011-04-15,426666.92,False,C,42988,71.01,3.743,214.9420631,7.931,0.0,0.0,0.0,0.0,0.0,2011,15,4,NoHoliday,443889.5,437926.79,471054.16000000003,434760.28499999974,7930.968798716876
30,2011-04-22,445358.73,False,C,42988,70.79,3.807,215.1096657,7.931,0.0,0.0,0.0,0.0,0.0,2011,16,4,NoHoliday,426666.92,443889.5,462454.39,435059.3049999997,7473.328464886551
30,2011-04-29,423687.2,False,C,42988,70.19,3.81,215.2772683,7.931,0.0,0.0,0.0,0.0,0.0,2011,17,4,NoHoliday,445358.73,426666.92,456140.34,438460.48499999975,8493.781916910859
30,2011-05-06,438789.52,False,C,42988,61.87,3.906,215.4448709,7.931,0.0,0.0,0.0,0.0,0.0,2011,18,5,NoHoliday,423687.2,445358.73,457883.94,434900.5874999998,11309.385958168135
30,2011-05-13,424614.59,False,C,42988,75.04,3.899,215.6124735,7.931,0.0,0.0,0.0,0.0,0.0,2011,19,5,NoHoliday,438789.52,423687.2,461868.09,433625.5924999998,10190.312905062976
30,2011-05-20,435102.2,False,C,42988,68.36,3.907,215.3834778,7.931,0.0,0.0,0.0,0.0,0.0,2011,20,5,NoHoliday,424614.59,438789.52,455751.84,433112.5099999998,10696.564242703087
30,2011-05-27,429305.82,False,C,42988,76.86,3.786,215.1544822,7.931,0.0,0.0,0.0,0.0,0.0,2011,21,5,NoHoliday,435102.2,424614.59,462474.16,430548.3774999998,7548.494770314457
30,2011-06-03,432808.48,False,C,42988,83.82,3.699,214.9254865,7.931,0.0,0.0,0.0,0.0,0.0,2011,22,6,NoHoliday,429305.82,435102.2,458343.7,431953.03249999974,6258.734953927506
30,2011-06-10,424697.05,False,C,42988,84.71,3.648,214.6964908,7.931,0.0,0.0,0.0,0.0,0.0,2011,23,6,NoHoliday,432808.48,429305.82,445530.16,430457.77249999973,4566.775262253687
30,2011-06-17,435481.03,False,C,42988,87.54,3.637,214.6513538,7.931,0.0,0.0,0.0,0.0,0.0,2011,24,6,NoHoliday,424697.05,432808.48,447727.51999999996,430478.3874999998,4531.657201237989
30,2011-06-24,422715.74,False,C,42988,85.72,3.594,214.7441108,7.931,0.0,0.0,0.0,0.0,0.0,2011,25,6,NoHoliday,435481.03,424697.05,453210.24,430573.09499999974,4662.5694945318855
30,2011-07-01,428782.38,False,C,42988,87.57,3.524,214.8368678,7.852,0.0,0.0,0.0,0.0,0.0,2011,26,7,NoHoliday,422715.74,435481.03,450337.47,428925.5749999998,6177.740038311719
30,2011-07-08,419764.37,False,C,42988,89.16,3.48,214.9296249,7.852,0.0,0.0,0.0,0.0,0.0,2011,27,7,NoHoliday,428782.38,422715.74,436293.4,427919.04999999976,5638.693678782241
30,2011-07-15,420515.63,False,C,42988,91.05,3.575,215.0134426,7.852,0.0,0.0,0.0,0.0,0.0,2011,28,7,NoHoliday,419764.37,428782.38,438068.71,426685.8799999998,6962.262278796578
30,2011-07-22,423441.76,False,C,42988,90.27,3.651,215.0749122,7.852,0.0,0.0,0.0,0.0,0.0,2011,29,7,NoHoliday,420515.63,419764.37,440491.33,422944.5299999998,4088.4312544217
30,2011-07-29,414245.96,False,C,42988,91.56,3.682,215.1363819,7.852,0.0,0.0,0.0,0.0,0.0,2011,30,7,NoHoliday,423441.76,420515.63,437893.76,423126.0349999998,4091.003418685524
30,2011-08-05,431798.64,False,C,42988,94.22,3.684,215.1978515,7.852,0.0,0.0,0.0,0.0,0.0,2011,31,8,NoHoliday,414245.96,423441.76,441407.06,419491.92999999976,3840.29267798358
30,2011-08-12,412224.67,False,C,42988,92.32,3.638,215.2593211,7.852,0.0,0.0,0.0,0.0,0.0,2011,32,8,NoHoliday,431798.64,414245.96,444160.07,422500.4974999998,7289.6848907637395
30,2011-08-19,414450.61000000004,False,C,42988,90.11,3.554,215.3229307,7.852,0.0,0.0,0.0,0.0,0.0,2011,33,8,NoHoliday,412224.67,431798.64,447139.8,420427.7574999998,9016.400701069948
30,2011-08-26,387944.83,False,C,42988,92.07,3.523,215.386897,7.852,0.0,0.0,0.0,0.0,0.0,2011,34,8,NoHoliday,414450.61000000004,412224.67,443810.77999999997,418179.96999999974,9134.519352306237
30,2011-09-02,369722.32,False,C,42988,91.94,3.533,215.4508632,7.852,0.0,0.0,0.0,0.0,0.0,2011,35,9,NoHoliday,387944.83,414450.61000000004,461548.98,411604.68749999977,18037.62944248761
30,2011-09-09,370897.82,True,C,42988,78.87,3.546,215.5148295,7.852,0.0,0.0,0.0,0.0,0.0,2011,36,9,LaborDay,369722.32,387944.83,455162.92,396085.60749999975,21284.092975437907
30,2011-09-16,382914.66,False,C,42988,80.62,3.526,215.6944378,7.852,0.0,0.0,0.0,0.0,0.0,2011,37,9,NoHoliday,370897.82,369722.32,462058.19,385753.8949999998,20864.771021966342
30,2011-09-23,391837.56,False,C,42988,75.68,3.467,216.0282356,7.852,0.0,0.0,0.0,0.0,0.0,2011,38,9,NoHoliday,382914.66,370897.82,448392.17,377869.9074999998,8980.4746977525
30,2011-09-30,387001.13,False,C,42988,78.91,3.355,216.3620333,7.852,0.0,0.0,0.0,0.0,0.0,2011,39,9,NoHoliday,391837.56,382914.66,445475.3,378843.0899999998,10515.856180983832
30,2011-10-07,417528.26,False,C,42988,71.64,3.285,216.6958311,7.441,0.0,0.0,0.0,0.0,0.0,2011,40,10,NoHoliday,387001.13,391837.56,462080.47000000003,383162.79249999975,8953.128804165344
30,2011-10-14,410711.99,False,C,42988,69.79,3.274,217.0048261,7.441,0.0,0.0,0.0,0.0,0.0,2011,41,10,NoHoliday,417528.26,387001.13,453943.89,394820.40249999973,15571.682295873976
30,2011-10-21,428958.53,False,C,42988,65.16,3.353,217.1650042,7.441,0.0,0.0,0.0,0.0,0.0,2011,42,10,NoHoliday,410711.99,417528.26,459631.74,401769.73499999975,14663.50149841752
30,2011-10-28,426151.88,False,C,42988,65.46,3.372,217.3251824,7.441,0.0,0.0,0.0,0.0,0.0,2011,43,10,NoHoliday,428958.53,410711.99,438334.39,411049.97749999975,17712.008153303974
30,2011-11-04,432359.04000000004,False,C,42988,56.01,3.332,217.4853605,7.441,0.0,0.0,0.0,0.0,0.0,2011,44,11,NoHoliday,426151.88,428958.53,484661.87,420837.6649999998,8320.07181696551
30,2011-11-11,409686.63,False,C,42988,59.8,3.297,217.6455387,7.441,2029.44,13293.119999999999,697.92,0.0,168426.24,2011,45,11,NoHoliday,432359.04000000004,426151.88,431266.64,424545.3599999998,9565.08750095467
30,2011-11-18,436462.63,False,C,42988,61.9,3.308,217.8670218,7.441,35353.76,5063.76,0.0,1994.2,59486.96,2011,46,11,NoHoliday,409686.63,432359.04000000004,423707.69,424289.0199999998,10060.311253905405
30,2011-11-25,452163.93,True,C,42988,56.43,3.236,218.1130269,7.441,1038.44,0.0,0.0,0.0,24842.48,2011,47,11,Thanksgiving,436462.63,409686.63,462732.36,426165.0449999998,11774.89087232941
30,2011-12-02,412385.75,False,C,42988,48.72,3.172,218.3590319,7.441,1220.44,0.0,244.4,0.0,65373.880000000005,2011,48,12,NoHoliday,452163.93,436462.63,407112.22000000003,432668.05749999976,17537.857402306767
30,2011-12-09,436741.02,False,C,42988,41.44,3.158,218.605037,7.441,78.0,0.0,177.32,0.0,92288.56,2011,49,12,NoHoliday,412385.75,452163.93,428631.91,427674.73499999975,20283.595622607154
30,2011-12-16,441265.07999999996,False,C,42988,50.56,3.159,218.8217928,7.441,0.0,0.0,588.3,0.0,31929.320000000003,2011,50,12,NoHoliday,436741.02,412385.75,445332.27999999997,434438.3324999998,16430.797827923383
30,2011-12-23,492022.68,False,C,42988,46.54,3.112,218.9995495,7.441,12537.33,0.0,637.5,128.52,150512.73,2011,51,12,NoHoliday,441265.07999999996,436741.02,519354.88,435638.9449999997,16799.346925261278
30,2011-12-30,376777.45,True,C,42988,45.16,3.129,219.1773063,7.441,39916.17,103416.27,0.0,1799.28,12239.49,2011,52,12,Christmas,492022.68,441265.07999999996,397631.02,445603.6324999998,33444.10574254141
30,2012-01-06,457030.86,False,C,42988,48.1,3.157,219.355063,7.057,29710.5,95283.0,4558.0,246.0,42755.0,2012,1,1,NoHoliday,376777.45,492022.68,451077.21,436701.55749999976,47159.84361464103
30,2012-01-13,447023.91,False,C,42988,45.0,3.261,219.5328198,7.057,7861.499999999999,22644.0,2582.0,0.0,45826.0,2012,2,1,NoHoliday,457030.86,376777.45,465408.72,441774.0174999997,48244.212538269676
30,2012-01-20,438760.62,False,C,42988,52.21,3.268,219.6258417,7.057,54217.49999999999,173.5,1848.0,0.0,17246.5,2012,3,1,NoHoliday,447023.91,457030.86,439132.62,443213.72499999974,48309.845281797316
30,2012-01-27,433037.66000000003,False,C,42988,50.79,3.29,219.7188636,7.057,12824.24,0.0,2551.12,2227.6800000000003,21912.28,2012,4,1,NoHoliday,438760.62,447023.91,425989.04,429898.20999999973,36193.12895445841
30,2012-02-03,434080.74,False,C,42988,55.83,3.36,219.8118854,7.057,44690.66,149.45999999999998,3434.9300000000003,10210.98,126840.13,2012,5,2,NoHoliday,433037.66000000003,438760.62,490970.95,443963.2624999998,10433.375078013421
30,2012-02-10,451365.99,True,C,42988,46.52,3.409,219.9049073,7.057,111227.92,212.0,2785.1499999999996,0.0,101962.45999999999,2012,6,2,SuperBowl,434080.74,433037.66000000003,470921.24,438225.73249999975,6371.579895471803
30,2012-02-17,435109.11,False,C,42988,45.03,3.51,220.0651993,7.057,4889.88,38001.63,605.88,0.0,104214.93000000001,2012,7,2,NoHoliday,451365.99,434080.74,417070.51,439311.25249999977,8413.008107613323
30,2012-02-24,425215.71,False,C,42988,54.81,3.555,220.275944,7.057,62027.159999999996,28996.24,0.0,702.0,69794.40000000001,2012,8,2,NoHoliday,435109.11,451365.99,432687.97000000003,438398.37499999977,8686.340625306691
30,2012-03-02,438640.61,False,C,42988,59.3,3.63,220.4866886,7.057,58361.04,1.08,75.05999999999999,3429.0,55690.2,2012,9,3,NoHoliday,425215.71,435109.11,443334.71,436442.8874999997,10895.063195732359
30,2012-03-09,446617.89,False,C,42988,57.16,3.669,220.6974332,7.057,33910.990000000005,0.0,25.97,7641.54,174190.33000000002,2012,10,3,NoHoliday,438640.61,425215.71,438529.81,437582.85499999975,10803.692977989658
30,2012-03-16,413617.45,False,C,42988,63.39,3.734,220.8498468,7.057,15057.0,0.0,0.0,0.0,126827.50000000001,2012,11,3,NoHoliday,446617.89,438640.61,425470.83999999997,436395.8299999997,8872.810143138287
30,2012-03-23,430222.97000000003,False,C,42988,62.96,3.787,220.9244858,7.057,18194.8,26.0,17.68,0.0,109150.6,2012,12,3,NoHoliday,413617.45,446617.89,431754.01,431022.9149999998,14582.0250558216
30,2012-03-30,449603.91,False,C,42988,67.87,3.845,220.9991248,7.057,19398.87,25.5,0.0,0.0,55118.25,2012,13,3,NoHoliday,430222.97000000003,413617.45,437926.79,432274.7299999998,14125.089770804781
30,2012-04-06,461511.92,False,C,42988,69.02,3.891,221.0737638,6.891,1112.28,0.0,212.68,0.0,122936.31999999999,2012,14,4,NoHoliday,449603.91,430222.97000000003,443889.5,435015.55499999976,16616.077030748293
30,2012-04-13,428784.7,False,C,42988,69.03,3.891,221.1484028,6.891,2496.96,43663.65,612.0,0.0,35692.35,2012,15,4,NoHoliday,461511.92,449603.91,426666.92,438739.06249999977,21136.59698268955
30,2012-04-20,462909.41,False,C,42988,66.97,3.877,221.2021074,6.891,3715.35,35322.6,35.699999999999996,0.0,18856.74,2012,16,4,NoHoliday,428784.7,461511.92,445358.73,442530.87499999977,15819.289344198458
30,2012-04-27,433744.83,False,C,42988,69.21,3.814,221.255812,6.891,2943.43,0.0,157.29,0.0,54494.86000000001,2012,17,4,NoHoliday,462909.41,428784.7,423687.2,450702.48499999975,15784.476227768015
30,2012-05-04,454477.54,False,C,42988,77.53,3.749,221.3095166,6.891,55681.63999999999,0.0,935.41,702.17,98178.36,2012,18,5,NoHoliday,433744.83,462909.41,438789.52,446737.7149999998,17990.058929048035
30,2012-05-11,436070.45,False,C,42988,74.14,3.688,221.3632212,6.891,33690.72,0.0,109.44,0.0,71387.04000000001,2012,19,5,NoHoliday,454477.54,433744.83,424614.59,444979.11999999976,16331.807339916242
30,2012-05-18,460945.14,False,C,42988,72.42,3.63,221.380331,6.891,2742.2400000000002,0.0,0.0,0.0,41179.68,2012,20,5,NoHoliday,436070.45,454477.54,435102.2,446800.55749999976,14189.414090925144
30,2012-05-25,449355.91,False,C,42988,79.49,3.561,221.3828029,6.891,8255.08,0.0,0.0,0.0,119123.38,2012,21,5,NoHoliday,460945.14,436070.45,429305.82,446309.48999999976,13461.400531465011
30,2012-06-01,427021.18,False,C,42988,79.24,3.501,221.3852748,6.891,27669.5,0.0,0.0,0.0,352412.0,2012,22,6,NoHoliday,449355.91,460945.14,432808.48,450212.2599999998,10553.22149890163
30,2012-06-08,437222.94,False,C,42988,79.47,3.452,221.3877467,6.891,17620.4,0.0,183.75,0.0,182363.79,2012,23,6,NoHoliday,427021.18,449355.91,424697.05,443348.16999999975,14891.631923001649
30,2012-06-15,438523.24,False,C,42988,81.51,3.393,221.4009901,6.891,17767.68,0.0,144.48,487.68,50055.84,2012,24,6,NoHoliday,437222.94,427021.18,435481.03,443636.29249999975,14713.976120738069
30,2012-06-22,428554.63,False,C,42988,81.78,3.346,221.4411622,6.891,14333.97,0.0,0.0,0.0,183708.84,2012,25,6,NoHoliday,438523.24,437222.94,422715.74,438030.8174999998,9135.370527646011
30,2012-06-29,423192.4,False,C,42988,88.05,3.286,221.4813343,6.891,2779.2,0.0,0.0,0.0,85129.92,2012,26,6,NoHoliday,428554.63,438523.24,428782.38,432830.4974999997,5880.251724326598
30,2012-07-06,440553.42,False,C,42988,85.26,3.227,221.5215064,6.565,39966.0,0.0,117.5,148.0,125528.0,2012,27,7,NoHoliday,423192.4,428554.63,419764.37,431873.30249999976,7284.960433568404
30,2012-07-13,417640.33999999997,False,C,42988,82.51,3.256,221.5616784,6.565,10043.0,0.0,204.0,0.0,377363.5,2012,28,7,NoHoliday,440553.42,423192.4,420515.63,432705.92249999975,8229.312237984845
30,2012-07-20,427491.04,False,C,42988,84.25,3.311,221.5701123,6.565,8388.99,0.0,143.82,0.0,102654.33,2012,29,7,NoHoliday,417640.33999999997,440553.42,423441.76,427485.1974999998,9785.558318204256
30,2012-07-27,424581.17,False,C,42988,88.09,3.407,221.5785461,6.565,4606.5,0.0,12.0,0.0,186388.0,2012,30,7,NoHoliday,427491.04,417640.33999999997,414245.96,427219.2999999998,9761.232796760596
30,2012-08-03,425136.55,False,C,42988,91.57,3.417,221.5869799,6.565,13584.48,0.0,118.08,90.24,136008.0,2012,31,8,NoHoliday,424581.17,427491.04,431798.64,427566.49249999976,9593.515742353044
30,2012-08-10,430878.27999999997,False,C,42988,89.57,3.494,221.5954138,6.565,48598.5,0.0,51.5,2648.0,108402.0,2012,32,8,NoHoliday,425136.55,424581.17,412224.67,423712.2749999998,4239.9291428942015
30,2012-08-17,423351.15,False,C,42988,85.55,3.571,221.6751459,6.565,8103.36,0.0,102.24,0.0,63422.399999999994,2012,33,8,NoHoliday,430878.27999999997,425136.55,414450.61000000004,427021.7599999997,2863.7659683867696
30,2012-08-24,425296.64999999997,False,C,42988,77.72,3.62,221.8083518,6.565,17276.25,0.0,332.52,512.5500000000001,88330.98,2012,34,8,NoHoliday,423351.15,430878.27999999997,387944.83,425986.7874999998,3345.2428071209197
30,2012-08-31,439132.5,False,C,42988,83.58,3.638,221.9415576,6.565,20526.48,0.0,254.8,6971.639999999999,98426.64,2012,35,8,NoHoliday,425296.64999999997,423351.15,369722.32,426165.65749999974,3263.1528527267556
30,2012-09-07,433565.77,True,C,42988,88.4,3.73,222.0747635,6.565,11410.74,0.0,6331.14,1690.14,101356.38,2012,36,9,LaborDay,439132.5,425296.64999999997,370897.82,429664.6449999998,7072.311920281681
30,2012-09-14,437773.31,False,C,42988,76.1,3.717,222.2174395,6.565,54296.0,0.0,1461.5,0.0,105780.5,2012,37,9,NoHoliday,433565.77,439132.5,382914.66,430336.5174999998,7348.310540993443
30,2012-09-21,443891.64,False,C,42988,71.54,3.721,222.4169362,6.565,50224.31999999999,0.0,0.0,3321.6000000000004,60407.520000000004,2012,38,9,NoHoliday,437773.31,433565.77,391837.56,433942.05749999976,6231.7427266133955
30,2012-09-28,425410.04,False,C,42988,80.38,3.666,222.6164329,6.565,10391.92,0.0,0.0,0.0,74740.68,2012,39,9,NoHoliday,443891.64,437773.31,387001.13,438590.80499999976,4254.862318185893
30,2012-10-05,446751.45,False,C,42988,70.28,3.617,222.8159296,6.17,0.0,0.0,147.98,0.0,37034.2,2012,40,10,NoHoliday,425410.04,443891.64,417528.26,435160.18999999977,7760.459939968728
30,2012-10-12,434593.26,False,C,42988,61.53,3.601,223.0154263,6.17,778.12,0.0,254.8,0.0,165345.6,2012,41,10,NoHoliday,446751.45,425410.04,410711.99,438456.60999999975,9469.667530683777
30,2012-10-19,437537.29,False,C,42988,68.52,3.594,223.0598077,6.17,1818.3899999999999,0.0,7.35,0.0,50486.17,2012,42,10,NoHoliday,434593.26,446751.45,428958.53,437661.59749999974,9677.36541725008
30,2012-10-26,439424.5,False,C,42988,70.5,3.506,223.0783366,6.17,7372.54,85.75,0.0,0.0,18023.67,2012,43,10,NoHoliday,437537.29,434593.26,426151.88,436073.0099999998,8795.108225203856
31,2011-02-04,1443206.46,False,A,203750,36.33,2.989,212.2240646,8.028,0.0,0.0,0.0,0.0,0.0,2011,5,2,NoHoliday,1254955.68,1344167.13,1469252.05,1315459.9974999996,43745.207169865986
31,2011-02-11,1539230.32,True,A,203750,34.61,3.022,212.5928624,8.028,0.0,0.0,0.0,0.0,0.0,2011,6,2,SuperBowl,1443206.46,1254955.68,1543947.23,1348264.8949999996,76905.5271479082
31,2011-02-18,1539063.91,False,A,203750,59.87,3.045,212.9033115,8.028,0.0,0.0,0.0,0.0,0.0,2011,7,2,NoHoliday,1539230.32,1443206.46,1473386.75,1395389.8974999997,122911.93615688113
31,2011-02-25,1365678.22,False,A,203750,61.27,3.065,213.190421,8.028,0.0,0.0,0.0,0.0,0.0,2011,8,2,NoHoliday,1539063.91,1539230.32,1344354.41,1444114.0924999998,133970.51092609513
31,2011-03-04,1412721.18,False,A,203750,59.52,3.288,213.4775305,8.028,0.0,0.0,0.0,0.0,0.0,2011,9,3,NoHoliday,1365678.22,1539063.91,1384870.51,1471794.7274999998,83965.67602836118
31,2011-03-11,1405572.93,False,A,203750,54.69,3.459,213.7646401,8.028,0.0,0.0,0.0,0.0,0.0,2011,10,3,NoHoliday,1412721.18,1365678.22,1366193.35,1464173.4074999997,88676.86875037367
31,2011-03-18,1425559.02,False,A,203750,63.26,3.488,214.0156238,8.028,0.0,0.0,0.0,0.0,0.0,2011,11,3,NoHoliday,1405572.93,1412721.18,1332261.01,1430759.0599999998,75111.38956666624
31,2011-03-25,1357036.1,False,A,203750,70.33,3.473,214.2521573,8.028,0.0,0.0,0.0,0.0,0.0,2011,12,3,NoHoliday,1425559.02,1405572.93,1229635.7,1402382.8374999997,25829.06887538803
31,2011-04-01,1344890.73,False,A,203750,56.36,3.524,214.4886908,7.931,0.0,0.0,0.0,0.0,0.0,2011,13,4,NoHoliday,1357036.1,1425559.02,1357600.68,1400222.3074999999,29954.67962026235
31,2011-04-08,1416790.17,False,A,203750,68.62,3.622,214.7252242,7.931,0.0,0.0,0.0,0.0,0.0,2011,14,4,NoHoliday,1344890.73,1357036.1,1395710.09,1383264.6949999998,38500.942246153405
31,2011-04-15,1408464.08,False,A,203750,71.01,3.743,214.9420631,7.931,0.0,0.0,0.0,0.0,0.0,2011,15,4,NoHoliday,1416790.17,1344890.73,1367448.28,1386069.005,40995.167066297035
31,2011-04-22,1461393.91,False,A,203750,70.79,3.807,215.1096657,7.931,0.0,0.0,0.0,0.0,0.0,2011,16,4,NoHoliday,1408464.08,1416790.17,1280465.8,1381795.2699999998,36105.53985441139
31,2011-04-29,1331137.96,False,A,203750,70.19,3.81,215.2772683,7.931,0.0,0.0,0.0,0.0,0.0,2011,17,4,NoHoliday,1461393.91,1408464.08,1243200.24,1407884.7224999997,47996.940486855165
31,2011-05-06,1388755.6099999999,False,A,203750,61.87,3.906,215.4448709,7.931,0.0,0.0,0.0,0.0,0.0,2011,18,5,NoHoliday,1331137.96,1461393.91,1381796.8,1404446.5299999998,54116.09951690108
31,2011-05-13,1408118.22,False,A,203750,75.04,3.899,215.6124735,7.931,0.0,0.0,0.0,0.0,0.0,2011,19,5,NoHoliday,1388755.6099999999,1331137.96,1287288.59,1397437.8899999997,53799.04603915111
31,2011-05-20,1387365.19,False,A,203750,68.36,3.907,215.3834778,7.931,0.0,0.0,0.0,0.0,0.0,2011,20,5,NoHoliday,1408118.22,1388755.6099999999,1337405.5999999999,1397351.4249999996,53775.69073592021
31,2011-05-27,1342273.64,False,A,203750,76.86,3.786,215.1544822,7.931,0.0,0.0,0.0,0.0,0.0,2011,21,5,NoHoliday,1387365.19,1408118.22,1309437.17,1378844.2449999996,33184.8203283123
31,2011-06-03,1430348.1,False,A,203750,83.82,3.699,214.9254865,7.931,0.0,0.0,0.0,0.0,0.0,2011,22,6,NoHoliday,1342273.64,1387365.19,1427624.5,1381628.1649999996,27893.939484926366
31,2011-06-10,1425299.37,False,A,203750,84.71,3.648,214.6964908,7.931,0.0,0.0,0.0,0.0,0.0,2011,23,6,NoHoliday,1430348.1,1342273.64,1377092.33,1392026.2874999996,37525.82829661899
31,2011-06-17,1491039.14,False,A,203750,87.54,3.637,214.6513538,7.931,0.0,0.0,0.0,0.0,0.0,2011,24,6,NoHoliday,1425299.37,1430348.1,1368090.08,1396321.5749999997,40820.39162264557
31,2011-06-24,1375962.46,False,A,203750,85.72,3.594,214.7441108,7.931,0.0,0.0,0.0,0.0,0.0,2011,25,6,NoHoliday,1491039.14,1425299.37,1303523.73,1422240.0624999998,61109.30487464738
31,2011-07-01,1371889.27,False,A,203750,87.57,3.524,214.8368678,7.852,0.0,0.0,0.0,0.0,0.0,2011,26,7,NoHoliday,1375962.46,1491039.14,1311704.92,1430662.2674999998,47139.13817709884
31,2011-07-08,1423144.47,False,A,203750,89.16,3.48,214.9296249,7.852,0.0,0.0,0.0,0.0,0.0,2011,27,7,NoHoliday,1371889.27,1375962.46,1315118.4,1416047.5599999996,55576.08261627815
31,2011-07-15,1415473.91,False,A,203750,91.05,3.575,215.0134426,7.852,0.0,0.0,0.0,0.0,0.0,2011,28,7,NoHoliday,1423144.47,1371889.27,1335433.72,1415508.835,55466.84331407261
31,2011-07-22,1401944.8,False,A,203750,90.27,3.651,215.0749122,7.852,0.0,0.0,0.0,0.0,0.0,2011,29,7,NoHoliday,1415473.91,1423144.47,1276031.84,1396617.5274999996,26440.879787485235
31,2011-07-29,1308122.15,False,A,203750,91.56,3.682,215.1363819,7.852,0.0,0.0,0.0,0.0,0.0,2011,30,7,NoHoliday,1401944.8,1415473.91,1231993.14,1403113.1124999998,22585.67313364298
31,2011-08-05,1428993.33,False,A,203750,94.22,3.684,215.1978515,7.852,0.0,0.0,0.0,0.0,0.0,2011,31,8,NoHoliday,1308122.15,1401944.8,1352401.08,1387171.3324999998,53423.25058947619
31,2011-08-12,1443311.49,False,A,203750,92.32,3.638,215.2593211,7.852,0.0,0.0,0.0,0.0,0.0,2011,32,8,NoHoliday,1428993.33,1308122.15,1327719.34,1388633.5474999999,54798.393142831774
31,2011-08-19,1487542.53,False,A,203750,90.11,3.554,215.3229307,7.852,0.0,0.0,0.0,0.0,0.0,2011,33,8,NoHoliday,1443311.49,1428993.33,1376571.21,1395592.9424999997,60784.12976796547
31,2011-08-26,1417267.07,False,A,203750,92.07,3.523,215.386897,7.852,0.0,0.0,0.0,0.0,0.0,2011,34,8,NoHoliday,1487542.53,1443311.49,1326621.98,1416992.3749999998,76739.31846925542
31,2011-09-02,1385769.03,False,A,203750,91.94,3.533,215.4508632,7.852,0.0,0.0,0.0,0.0,0.0,2011,35,9,NoHoliday,1417267.07,1487542.53,1302047.48,1444278.605,30746.08469771488
31,2011-09-09,1376670.27,True,A,203750,78.87,3.546,215.5148295,7.852,0.0,0.0,0.0,0.0,0.0,2011,36,9,LaborDay,1385769.03,1417267.07,1308179.02,1433472.5299999998,43044.97988519325
31,2011-09-16,1363460.86,False,A,203750,80.62,3.526,215.6944378,7.852,0.0,0.0,0.0,0.0,0.0,2011,37,9,NoHoliday,1376670.27,1385769.03,1294105.01,1416812.2249999999,50259.45826874978
31,2011-09-23,1347607.74,False,A,203750,75.68,3.467,216.0282356,7.852,0.0,0.0,0.0,0.0,0.0,2011,38,9,NoHoliday,1363460.86,1376670.27,1230250.25,1385791.8074999999,22895.169293097286
31,2011-09-30,1285534.74,False,A,203750,78.91,3.355,216.3620333,7.852,0.0,0.0,0.0,0.0,0.0,2011,39,9,NoHoliday,1347607.74,1363460.86,1213981.6400000001,1368376.9749999996,16601.120727909125
31,2011-10-07,1427383.24,False,A,203750,71.64,3.285,216.6958311,7.441,0.0,0.0,0.0,0.0,0.0,2011,40,10,NoHoliday,1285534.74,1347607.74,1300131.68,1343318.4024999999,40313.007528546594
31,2011-10-14,1378340.18,False,A,203750,69.79,3.274,217.0048261,7.441,0.0,0.0,0.0,0.0,0.0,2011,41,10,NoHoliday,1427383.24,1285534.74,1265852.43,1355996.6449999998,58272.38978738306
31,2011-10-21,1409310.4,False,A,203750,65.16,3.353,217.1650042,7.441,0.0,0.0,0.0,0.0,0.0,2011,42,10,NoHoliday,1378340.18,1427383.24,1262289.29,1359716.4749999996,59372.22904246386
31,2011-10-28,1346862.72,False,A,203750,65.46,3.372,217.3251824,7.441,0.0,0.0,0.0,0.0,0.0,2011,43,10,NoHoliday,1409310.4,1378340.18,1257921.28,1375142.1399999997,63077.50818172903
31,2011-11-04,1426405.46,False,A,203750,56.01,3.332,217.4853605,7.441,0.0,0.0,0.0,0.0,0.0,2011,44,11,NoHoliday,1346862.72,1409310.4,1324455.72,1390474.1349999998,35431.978462513194
31,2011-11-11,1444783.6400000001,False,A,203750,59.8,3.297,217.6455387,7.441,1837414.6800000002,618897.06,11596.43,282810.04,560762.97,2011,45,11,NoHoliday,1426405.46,1346862.72,1352780.76,1390229.6899999997,35094.22727565744
31,2011-11-18,1445174.79,False,A,203750,61.9,3.308,217.8670218,7.441,479678.13,42014.96,5067.98,32814.78,889884.18,2011,46,11,NoHoliday,1444783.6400000001,1426405.46,1359158.57,1406840.5549999997,42528.04577607313
31,2011-11-25,1934099.65,True,A,203750,56.43,3.236,218.1130269,7.441,29066.399999999998,6649.2,2902124.88,6876.0,35449.92,2011,47,11,Thanksgiving,1445174.79,1444783.6400000001,1858856.06,1415806.6524999999,46789.435608864056
31,2011-12-02,1388809.43,False,A,203750,48.72,3.172,218.3590319,7.441,385196.3,6882.74,78124.84999999999,197376.44999999998,1737751.98,2011,48,12,NoHoliday,1934099.65,1445174.79,1338716.37,1562615.8849999998,247810.62412912265
31,2011-12-09,1556798.94,False,A,203750,41.44,3.158,218.605037,7.441,204254.93,842.77,33452.36,135999.79,823910.27,2011,49,12,NoHoliday,1388809.43,1934099.65,1475685.1,1553216.8774999997,255298.74973374655
31,2011-12-16,1611196.61,False,A,203750,50.56,3.159,218.8217928,7.441,91005.84,3384.0,34415.28,40783.68000000001,374342.39999999997,2011,50,12,NoHoliday,1556798.94,1388809.43,1714667.0,1581220.7025,245391.22652432742
31,2011-12-23,2026176.14,False,A,203750,46.54,3.112,218.9995495,7.441,161299.44,1314.72,70148.16,6192.0,446932.08,2011,51,12,NoHoliday,1611196.61,1556798.94,2068942.97,1622726.1574999997,228144.5563006069
31,2011-12-30,1355405.95,True,A,203750,45.16,3.129,219.1773063,7.441,440869.68,1779601.68,8261.279999999999,60870.24,245800.80000000002,2011,52,12,Christmas,2026176.14,1611196.61,1198071.6,1645745.2799999998,270708.16528365255
31,2012-01-06,1401232.52,False,A,203750,48.1,3.157,219.355063,7.057,427404.6,1816738.7,6418.3,87822.0,437921.4,2012,1,1,NoHoliday,1355405.95,2026176.14,1311986.87,1637394.4099999997,281573.36501897284
31,2012-01-13,1377485.12,False,A,203750,45.0,3.261,219.5328198,7.057,306007.1,989529.7999999999,3816.4,50389.5,275942.10000000003,2012,2,1,NoHoliday,1401232.52,1355405.95,1350730.31,1598502.8049999997,306092.1758829476
31,2012-01-20,1372504.9,False,A,203750,52.21,3.268,219.6258417,7.057,278185.1,186461.62,5283.11,11896.76,234508.74,2012,3,1,NoHoliday,1377485.12,1401232.52,1344167.13,1540074.9324999999,324607.2907725839
31,2012-01-27,1259941.48,False,A,203750,50.79,3.29,219.7188636,7.057,172189.44,85651.92,3659.04,22590.72,344976.48,2012,4,1,NoHoliday,1372504.9,1377485.12,1254955.68,1376657.1224999996,18916.386427875408
31,2012-02-03,1391479.9100000001,False,A,203750,55.83,3.36,219.8118854,7.057,4348420.5600000005,185662.80000000002,9254.88,2414098.08,557097.12,2012,5,2,NoHoliday,1259941.48,1372504.9,1443206.46,1352791.005,63156.02805733051
31,2012-02-10,1527688.58,True,A,203750,46.52,3.409,219.9049073,7.057,1237128.0799999998,276637.88,6076.5199999999995,816708.67,607086.25,2012,6,2,SuperBowl,1391479.9100000001,1259941.48,1539230.32,1350352.8524999998,60807.138517572785
31,2012-02-17,1570813.52,False,A,203750,45.03,3.51,220.0651993,7.057,947390.4,481664.16,744.48,470118.96,535372.5599999999,2012,7,2,NoHoliday,1527688.58,1391479.9100000001,1539063.91,1387903.7174999998,109793.82912737572
31,2012-02-24,1392543.37,False,A,203750,54.81,3.555,220.275944,7.057,875406.57,330687.47,376.3,109242.73000000001,410492.18,2012,8,2,NoHoliday,1570813.52,1527688.58,1365678.22,1437480.8724999998,140891.62480664192
31,2012-03-02,1427881.22,False,A,203750,59.3,3.63,220.4866886,7.057,1529016.48,74848.31999999999,1899.36,840157.2000000001,572278.3200000001,2012,9,3,NoHoliday,1392543.37,1570813.52,1412721.18,1470631.345,92474.6411288715
31,2012-03-09,1439034.86,False,A,203750,57.16,3.669,220.6974332,7.057,439889.10000000003,53823.7,188.29999999999998,73579.1,596916.6,2012,10,3,NoHoliday,1427881.22,1392543.37,1405572.93,1479731.6724999996,83438.67496204968
31,2012-03-16,1481728.1300000001,False,A,203750,63.39,3.734,220.8498468,7.057,485182.8,57725.28,585.36,147411.36000000002,569208.24,2012,11,3,NoHoliday,1439034.86,1427881.22,1425559.02,1457568.2425,78054.53753947867
31,2012-03-23,1365824.97,False,A,203750,62.96,3.787,220.9244858,7.057,344376.0,5076.72,171.35999999999999,60305.76,496856.88,2012,12,3,NoHoliday,1481728.1300000001,1439034.86,1357036.1,1435296.8949999998,36754.53759562316
31,2012-03-30,1318854.22,False,A,203750,67.87,3.845,220.9991248,7.057,668254.2999999999,40923.4,-70.0,93396.1,258377.0,2012,13,3,NoHoliday,1365824.97,1481728.1300000001,1344890.73,1428617.295,47863.36225912436
31,2012-04-06,1496169.81,False,A,203750,69.02,3.891,221.0737638,6.891,896387.07,28329.0,1552.06,257233.71000000002,1180666.0999999999,2012,14,4,NoHoliday,1318854.22,1365824.97,1416790.17,1401360.545,72911.75827680476
31,2012-04-13,1407842.91,False,A,203750,69.03,3.891,221.1484028,6.891,450999.81,335166.14999999997,986.19,105224.13,218452.80000000002,2012,15,4,NoHoliday,1496169.81,1318854.22,1408464.08,1415644.2824999997,86989.87599387723
31,2012-04-20,1407036.59,False,A,203750,66.97,3.877,221.2021074,6.891,611251.63,47147.78,1171.65,22771.62,562819.78,2012,16,4,NoHoliday,1407842.91,1496169.81,1461393.91,1397172.9774999998,75345.30654517582
31,2012-04-27,1311352.25,False,A,203750,69.21,3.814,221.255812,6.891,208140.80000000002,-63.7,711.2,37975.0,643777.4,2012,17,4,NoHoliday,1407036.59,1407842.91,1331137.96,1407475.8824999998,72389.54695887414
31,2012-05-04,1391257.28,False,A,203750,77.53,3.749,221.3095166,6.891,967367.1000000001,0.0,8141.0,345244.89999999997,317016.7,2012,18,5,NoHoliday,1311352.25,1407036.59,1388755.6099999999,1405600.3899999997,75482.05813082146
31,2012-05-11,1392938.06,False,A,203750,74.14,3.688,221.3632212,6.891,979651.61,0.0,613.44,210220.35,269440.02999999997,2012,19,5,NoHoliday,1391257.28,1311352.25,1408118.22,1379372.2574999998,45985.02845702664
31,2012-05-18,1441473.82,False,A,203750,72.42,3.63,221.380331,6.891,608457.22,0.0,3364.69,51111.48,1271158.44,2012,20,5,NoHoliday,1392938.06,1391257.28,1387365.19,1375646.045,43442.61667952882
31,2012-05-25,1397094.26,False,A,203750,79.49,3.561,221.3828029,6.891,850278.8,0.0,34169.1,144671.8,406190.4,2012,21,5,NoHoliday,1441473.82,1392938.06,1342273.64,1384255.3524999998,53892.58382940535
31,2012-06-01,1404516.29,False,A,203750,79.24,3.501,221.3852748,6.891,778825.98,0.0,26860.01,192158.66,229788.66,2012,22,6,NoHoliday,1397094.26,1441473.82,1430348.1,1405690.855,23981.130758616535
31,2012-06-08,1443285.79,False,A,203750,79.47,3.452,221.3877467,6.891,441697.98,0.0,69.69,51395.340000000004,508071.83999999997,2012,23,6,NoHoliday,1404516.29,1397094.26,1425299.37,1409005.6075,22168.935296182906
31,2012-06-15,1431003.43,False,A,203750,81.51,3.393,221.4009901,6.891,521756.28,0.0,202.35,180425.91,385393.68,2012,24,6,NoHoliday,1443285.79,1404516.29,1491039.14,1421592.5399999996,24204.86471096847
31,2012-06-22,1394065.76,False,A,203750,81.78,3.346,221.4411622,6.891,435927.22,1846.0,307.43,256532.94,635734.0,2012,25,6,NoHoliday,1431003.43,1443285.79,1375962.46,1418974.9425,21783.164114323343
31,2012-06-29,1349202.25,False,A,203750,88.05,3.286,221.4813343,6.891,396150.3,532.0,0.0,28601.3,420133.7,2012,26,6,NoHoliday,1394065.76,1431003.43,1371889.27,1418217.8175,22824.905035104843
31,2012-07-06,1458059.42,False,A,203750,85.26,3.227,221.5215064,6.565,482880.23,138.45,2566.65,221549.11,282294.58,2012,27,7,NoHoliday,1349202.25,1394065.76,1423144.47,1404389.3074999996,42321.92030858483
31,2012-07-13,1374301.34,False,A,203750,82.51,3.256,221.5616784,6.565,490919.10000000003,147.0,2054.5,247954.0,732391.7999999999,2012,28,7,NoHoliday,1458059.42,1349202.25,1415473.91,1408082.7149999999,47210.219249875976
31,2012-07-20,1392395.2,False,A,203750,84.25,3.311,221.5701123,6.565,163181.9,741.3,961.8000000000001,173315.80000000002,391192.9,2012,29,7,NoHoliday,1374301.34,1458059.42,1401944.8,1393907.1925,46541.933683693685
31,2012-07-27,1303732.36,False,A,203750,88.09,3.407,221.5785461,6.565,475291.75,2551.74,511.2,582286.62,832198.81,2012,30,7,NoHoliday,1392395.2,1374301.34,1308122.15,1393489.5524999998,46547.5314706793
31,2012-08-03,1390174.63,False,A,203750,91.57,3.417,221.5869799,6.565,1611298.14,1133.16,5409.49,1000423.37,621933.73,2012,31,8,NoHoliday,1303732.36,1392395.2,1428993.33,1382122.0799999998,63451.10657465485
31,2012-08-10,1386472.59,False,A,203750,89.57,3.494,221.5954138,6.565,1056902.7,1327.2,3992.7999999999997,329641.9,431868.5,2012,32,8,NoHoliday,1390174.63,1303732.36,1443311.49,1365150.8824999998,41730.91002097531
31,2012-08-17,1410181.7,False,A,203750,85.55,3.571,221.6751459,6.565,204439.19999999998,2867.2000000000003,0.7000000000000001,247055.2,283436.3,2012,33,8,NoHoliday,1386472.59,1390174.63,1487542.53,1368193.6949999998,43043.606029822484
31,2012-08-24,1379783.21,False,A,203750,77.72,3.62,221.8083518,6.565,468351.1,1811.6,0.7000000000000001,333827.9,513077.60000000003,2012,34,8,NoHoliday,1410181.7,1386472.59,1417267.07,1372640.3199999998,47104.30229538142
31,2012-08-31,1373651.49,False,A,203750,83.58,3.638,221.9415576,6.565,1467949.0,1955.8000000000002,5558.0,628391.4,1254878.8,2012,35,8,NoHoliday,1379783.21,1410181.7,1385769.03,1391653.0324999997,13079.587964498094
31,2012-09-07,1358111.62,True,A,203750,88.4,3.73,222.0747635,6.565,951535.61,4397.74,36325.73,157329.61,249119.83,2012,36,9,LaborDay,1373651.49,1379783.21,1376670.27,1387522.2474999996,15987.945287264625
31,2012-09-14,1327705.44,False,A,203750,76.1,3.717,222.2174395,6.565,842898.51,834.96,7961.23,82810.84999999999,444086.54,2012,37,9,NoHoliday,1358111.62,1373651.49,1363460.86,1380432.005,21829.95081508597
31,2012-09-21,1373064.87,False,A,203750,71.54,3.721,222.4169362,6.565,673297.1000000001,4607.4,1503.6000000000001,84264.59999999999,979145.3,2012,38,9,NoHoliday,1327705.44,1358111.62,1347607.74,1359812.9399999997,23267.310372977354
31,2012-09-28,1279080.58,False,A,203750,80.38,3.666,222.6164329,6.565,453355.52999999997,1154.3700000000001,10.35,24450.15,522852.32999999996,2012,39,9,NoHoliday,1373064.87,1327705.44,1285534.74,1358133.3549999997,21522.245373415786
31,2012-10-05,1363365.05,False,A,203750,70.28,3.617,222.8159296,6.17,224023.46000000002,0.0,1775.71,342393.24,504784.44,2012,40,10,NoHoliday,1279080.58,1373064.87,1427383.24,1334490.6275,41481.86593563857
31,2012-10-12,1401113.42,False,A,203750,61.53,3.601,223.0154263,6.17,532851.45,0.0,702.19,19397.91,645813.1599999999,2012,41,10,NoHoliday,1363365.05,1279080.58,1378340.18,1335803.9849999999,42548.470246057994
31,2012-10-19,1378730.45,False,A,203750,68.52,3.594,223.0598077,6.17,170271.5,0.0,1042.3,84170.8,657617.8,2012,42,10,NoHoliday,1401113.42,1363365.05,1409310.4,1354155.9799999997,52547.343566921925
31,2012-10-26,1340232.55,False,A,203750,70.5,3.506,223.0783366,6.17,753818.8,3537.7999999999997,7315.0,24175.9,464065.7,2012,43,10,NoHoliday,1378730.45,1401113.42,1346862.72,1355572.3749999998,53297.91648018093
32,2011-02-04,1070457.8,False,A,203007,15.47,3.011,191.7625895,8.818,0.0,0.0,0.0,0.0,0.0,2011,5,2,NoHoliday,1006814.85,1078348.91,1087616.19,1039946.6099999998,30288.255813185882
32,2011-02-11,1124357.2,True,A,203007,18.51,3.037,191.8572881,8.818,0.0,0.0,0.0,0.0,0.0,2011,6,2,SuperBowl,1070457.8,1006814.85,1123566.1199999999,1045957.0174999997,34140.45906727575
32,2011-02-18,1183528.58,False,A,203007,42.09,3.051,191.9178331,8.818,0.0,0.0,0.0,0.0,0.0,2011,7,2,NoHoliday,1124357.2,1070457.8,1082559.06,1069994.6899999997,48363.147604447484
32,2011-02-25,1054754.67,False,A,203007,33.0,3.101,191.9647167,8.818,0.0,0.0,0.0,0.0,0.0,2011,8,2,NoHoliday,1183528.58,1124357.2,1053247.1,1096289.6074999997,75435.27596561208
32,2011-03-04,1106847.62,False,A,203007,39.17,3.232,192.0116004,8.818,0.0,0.0,0.0,0.0,0.0,2011,9,3,NoHoliday,1054754.67,1183528.58,1066566.74,1108274.5624999998,58356.104502330294
32,2011-03-11,1101458.21,False,A,203007,36.51,3.372,192.058484,8.818,0.0,0.0,0.0,0.0,0.0,2011,10,3,NoHoliday,1106847.62,1054754.67,1093319.3699999999,1117372.0174999998,53094.81671836122
32,2011-03-18,1100765.5,False,A,203007,45.25,3.406,192.1237981,8.818,0.0,0.0,0.0,0.0,0.0,2011,11,3,NoHoliday,1101458.21,1106847.62,1059781.78,1111647.2699999998,53324.61672280784
32,2011-03-25,1068719.22,False,A,203007,46.7,3.414,192.1964844,8.818,0.0,0.0,0.0,0.0,0.0,2011,12,3,NoHoliday,1100765.5,1101458.21,1076021.58,1090956.4999999998,24287.188557955928
32,2011-04-01,1051121.02,False,A,203007,44.83,3.461,192.2691707,8.595,0.0,0.0,0.0,0.0,0.0,2011,13,4,NoHoliday,1068719.22,1100765.5,1131732.94,1094447.6374999997,17366.390398533684
32,2011-04-08,1102975.59,False,A,203007,48.81,3.532,192.3418571,8.595,0.0,0.0,0.0,0.0,0.0,2011,14,4,NoHoliday,1051121.02,1068719.22,1095889.22,1080515.9874999998,24845.16906445757
32,2011-04-15,1120508.1400000001,False,A,203007,45.97,3.611,192.4225954,8.595,0.0,0.0,0.0,0.0,0.0,2011,15,4,NoHoliday,1102975.59,1051121.02,1082763.27,1080895.3324999998,25279.29804027285
32,2011-04-22,1210602.91,False,A,203007,48.69,3.636,192.5234638,8.595,0.0,0.0,0.0,0.0,0.0,2011,16,4,NoHoliday,1120508.1400000001,1102975.59,1072474.8,1085830.9924999997,31591.33178177319
32,2011-04-29,1107494.55,False,A,203007,44.86,3.663,192.6243322,8.595,0.0,0.0,0.0,0.0,0.0,2011,17,4,NoHoliday,1210602.91,1120508.1400000001,1066792.63,1121301.9149999998,66424.16728311988
32,2011-05-06,1181793.55,False,A,203007,46.65,3.735,192.7252006,8.595,0.0,0.0,0.0,0.0,0.0,2011,18,5,NoHoliday,1107494.55,1210602.91,1133657.58,1135395.2974999999,50686.29526096133
32,2011-05-13,1138162.76,False,A,203007,56.09,3.767,192.826069,8.595,0.0,0.0,0.0,0.0,0.0,2011,19,5,NoHoliday,1181793.55,1107494.55,1079314.52,1155099.7874999999,49179.92231887251
32,2011-05-20,1145084.76,False,A,203007,45.71,3.828,192.831317,8.595,0.0,0.0,0.0,0.0,0.0,2011,20,5,NoHoliday,1138162.76,1181793.55,1143819.35,1159513.4424999997,45710.51556555385
32,2011-05-27,1175447.49,False,A,203007,55.13,3.795,192.8365651,8.595,0.0,0.0,0.0,0.0,0.0,2011,21,5,NoHoliday,1145084.76,1138162.76,1205662.85,1143133.9049999998,30513.657566208913
32,2011-06-03,1167757.0,False,A,203007,61.25,3.763,192.8418131,8.595,0.0,0.0,0.0,0.0,0.0,2011,22,6,NoHoliday,1175447.49,1145084.76,1149234.96,1160122.14,21701.409564650792
32,2011-06-10,1239741.34,False,A,203007,65.49,3.735,192.8470612,8.595,0.0,0.0,0.0,0.0,0.0,2011,23,6,NoHoliday,1167757.0,1175447.49,1192074.09,1156613.0024999997,17816.082838586877
32,2011-06-17,1192031.38,False,A,203007,67.38,3.697,192.9034759,8.595,0.0,0.0,0.0,0.0,0.0,2011,24,6,NoHoliday,1239741.34,1167757.0,1150191.72,1182007.6475,40589.799587392634
32,2011-06-24,1163869.52,False,A,203007,65.06,3.661,192.9982655,8.595,0.0,0.0,0.0,0.0,0.0,2011,25,6,NoHoliday,1192031.38,1239741.34,1124763.74,1193744.3024999998,32294.34832480444
32,2011-07-01,1199845.29,False,A,203007,72.86,3.597,193.0930552,8.622,0.0,0.0,0.0,0.0,0.0,2011,26,7,NoHoliday,1163869.52,1192031.38,1187988.64,1190849.8099999996,34895.04136503948
32,2011-07-08,1110244.52,False,A,203007,72.56,3.54,193.1878448,8.622,0.0,0.0,0.0,0.0,0.0,2011,27,7,NoHoliday,1199845.29,1163869.52,1077253.67,1198871.8824999998,31322.079185756364
32,2011-07-15,1144254.26,False,A,203007,70.55,3.532,193.3125484,8.622,0.0,0.0,0.0,0.0,0.0,2011,28,7,NoHoliday,1110244.52,1199845.29,1120172.24,1166497.6774999998,40560.07134852272
32,2011-07-22,1185674.48,False,A,203007,76.0,3.545,193.5120367,8.622,0.0,0.0,0.0,0.0,0.0,2011,29,7,NoHoliday,1144254.26,1110244.52,1109574.11,1154553.3974999997,37449.9422484623
32,2011-07-29,1169988.62,False,A,203007,75.91,3.547,193.711525,8.622,0.0,0.0,0.0,0.0,0.0,2011,30,7,NoHoliday,1185674.48,1144254.26,1065350.56,1160004.6374999997,40703.652950833304
32,2011-08-05,1201694.1400000001,False,A,203007,74.83,3.554,193.9110133,8.622,0.0,0.0,0.0,0.0,0.0,2011,31,8,NoHoliday,1169988.62,1185674.48,1144552.09,1152540.4699999997,32964.168525275534
32,2011-08-12,1206795.74,False,A,203007,74.2,3.542,194.1105017,8.622,0.0,0.0,0.0,0.0,0.0,2011,32,8,NoHoliday,1201694.1400000001,1169988.62,1157975.68,1175402.8749999998,24469.619655248673
32,2011-08-19,1221318.17,False,A,203007,73.72,3.499,194.2500634,8.622,0.0,0.0,0.0,0.0,0.0,2011,33,8,NoHoliday,1206795.74,1201694.1400000001,1189887.8599999999,1191038.2449999999,16670.36726809285
32,2011-08-26,1183740.91,False,A,203007,75.64,3.485,194.3796374,8.622,0.0,0.0,0.0,0.0,0.0,2011,34,8,NoHoliday,1221318.17,1206795.74,1140501.03,1199949.1674999997,21634.764911944254
32,2011-09-02,1152117.5,False,A,203007,74.6,3.511,194.5092113,8.622,0.0,0.0,0.0,0.0,0.0,2011,35,9,NoHoliday,1183740.91,1221318.17,1095932.51,1203387.2399999998,15513.230837048597
32,2011-09-09,1128237.3,True,A,203007,61.24,3.566,194.6387853,8.622,0.0,0.0,0.0,0.0,0.0,2011,36,9,LaborDay,1152117.5,1183740.91,1028635.39,1190993.0799999998,30184.10087361902
32,2011-09-16,1142499.25,False,A,203007,60.88,3.596,194.7419707,8.622,0.0,0.0,0.0,0.0,0.0,2011,37,9,NoHoliday,1128237.3,1152117.5,1043962.36,1171353.4699999997,40327.602512306315
32,2011-09-23,1116140.29,False,A,203007,58.66,3.581,194.8099713,8.622,0.0,0.0,0.0,0.0,0.0,2011,38,9,NoHoliday,1142499.25,1128237.3,1067432.1,1151648.7399999998,23536.749997960258
32,2011-09-30,1088943.98,False,A,203007,65.04,3.538,194.8779718,8.622,0.0,0.0,0.0,0.0,0.0,2011,39,9,NoHoliday,1116140.29,1142499.25,1061089.56,1134748.5849999997,15815.788434322392
32,2011-10-07,1149448.02,False,A,203007,62.62,3.498,194.9459724,8.513,0.0,0.0,0.0,0.0,0.0,2011,40,10,NoHoliday,1088943.98,1116140.29,1085483.44,1118955.2049999996,22723.531966001516
32,2011-10-14,1175420.26,False,A,203007,50.15,3.491,195.0261012,8.513,0.0,0.0,0.0,0.0,0.0,2011,41,10,NoHoliday,1149448.02,1088943.98,1096692.88,1124257.8849999998,27569.654412868684
32,2011-10-21,1151258.74,False,A,203007,48.87,3.548,195.1789994,8.513,0.0,0.0,0.0,0.0,0.0,2011,42,10,NoHoliday,1175420.26,1149448.02,1102185.0,1132488.1374999997,37833.629339768704
32,2011-10-28,1185391.96,False,A,203007,42.76,3.55,195.3318977,8.513,0.0,0.0,0.0,0.0,0.0,2011,43,10,NoHoliday,1151258.74,1175420.26,1115138.51,1141267.7499999998,36837.062608129454
32,2011-11-04,1204628.28,False,A,203007,37.95,3.527,195.4847959,8.513,0.0,0.0,0.0,0.0,0.0,2011,44,11,NoHoliday,1185391.96,1151258.74,1063056.21,1165379.7449999996,17837.445018609724
32,2011-11-11,1182733.0,False,A,203007,38.1,3.505,195.6376941,8.513,1498443.64,556815.37,3376.76,277470.13,301527.06,2011,45,11,NoHoliday,1204628.28,1185391.96,1141019.1099999999,1179174.8099999998,22210.62582886005
32,2011-11-18,1181651.55,False,A,203007,42.61,3.479,195.7184713,8.513,352957.32999999996,47070.16,3413.68,39506.53,458135.31,2011,46,11,NoHoliday,1182733.0,1204628.28,1150729.89,1181002.9949999999,22099.251329140065
32,2011-11-25,1684468.66,True,A,203007,40.22,3.424,195.7704,8.513,21057.12,31950.72,5172894.72,648.0,128669.04,2011,47,11,Thanksgiving,1181651.55,1182733.0,1634635.8599999999,1188601.1974999998,10799.690135742123
32,2011-12-02,1179773.88,False,A,203007,33.8,3.378,195.8223287,8.513,373567.21,4615.0,76386.06,336721.05,1843245.91,2011,48,12,NoHoliday,1684468.66,1181651.55,1200892.56,1313370.3724999998,247625.22284103278
32,2011-12-09,1415746.91,False,A,203007,17.94,3.331,195.8742575,8.513,460635.84,4536.0,21817.44,202584.96,709679.52,2011,49,12,NoHoliday,1179773.88,1684468.66,1377322.73,1307156.7724999997,251544.22923772124
32,2011-12-16,1556017.91,False,A,203007,26.23,3.266,195.9841685,8.513,386330.7,5530.0,40070.8,34550.6,285216.4,2011,50,12,NoHoliday,1415746.91,1179773.88,1557776.1,1365410.2499999995,239833.39357712487
32,2011-12-23,1959526.96,False,A,203007,25.97,3.173,196.1713893,8.513,88448.26,751.9000000000001,91633.98,2409.0,360060.82,2011,51,12,NoHoliday,1556017.91,1415746.91,1949183.14,1459001.8399999996,216091.52950715838
32,2011-12-30,1102367.65,True,A,203007,32.99,3.119,196.3586101,8.513,423797.76,3724739.28,15228.0,85193.28,217269.36000000002,2011,52,12,Christmas,1959526.96,1556017.91,955463.84,1527766.4149999996,327038.47332518635
32,2012-01-06,1099937.25,False,A,203007,36.75,3.095,196.5458309,8.256,302628.9,2324688.8,14580.3,129423.0,433827.1,2012,1,1,NoHoliday,1102367.65,1959526.96,1046416.17,1508414.8574999997,355541.77571780153
32,2012-01-13,1071598.36,False,A,203007,28.99,3.077,196.7330517,8.256,187762.40000000002,1044997.8,14774.2,73460.8,219631.30000000002,2012,2,1,NoHoliday,1099937.25,1102367.65,1028206.51,1429462.4425,413345.10796647007
32,2012-01-20,1080012.04,False,A,203007,36.86,3.055,196.7796652,8.256,129983.70000000001,436077.60000000003,15033.900000000001,62144.6,397927.60000000003,2012,3,1,NoHoliday,1071598.36,1099937.25,1078348.91,1308357.5549999997,434337.5703003814
32,2012-01-27,1051864.6,False,A,203007,36.67,3.038,196.8262786,8.256,84887.6,209022.8,12408.900000000001,4890.900000000001,162713.6,2012,4,1,NoHoliday,1080012.04,1071598.36,1006814.85,1088478.8249999997,15064.655214947274
32,2012-02-03,1156826.31,False,A,203007,35.89,3.031,196.8728921,8.256,2268449.2800000003,341333.27999999997,22034.159999999996,3074577.12,570306.96,2012,5,2,NoHoliday,1051864.6,1080012.04,1070457.8,1075853.0624999998,19923.972226781207
32,2012-02-10,1129422.86,True,A,203007,23.34,3.103,196.9195056,8.256,1424489.04,670311.36,16261.199999999999,2122834.3200000003,394115.04,2012,6,2,SuperBowl,1156826.31,1051864.6,1124357.2,1090075.3274999997,46037.74337113773
32,2012-02-17,1243812.59,False,A,203007,24.26,3.113,196.9432711,8.256,679315.68,890775.36,2822.4,423398.88,530865.36,2012,7,2,NoHoliday,1129422.86,1156826.31,1183528.58,1104531.4525,47361.49360644346
32,2012-02-24,1091822.72,False,A,203007,33.41,3.129,196.9499007,8.256,1332360.44,549466.87,539.6,632933.76,428013.56,2012,8,2,NoHoliday,1243812.59,1129422.86,1054754.67,1145481.5899999999,79203.77065681247
32,2012-03-02,1153332.89,False,A,203007,33.4,3.191,196.9565303,8.256,858946.32,311810.39999999997,727.1999999999999,1029362.4,200565.36000000002,2012,9,3,NoHoliday,1091822.72,1243812.59,1106847.62,1155471.1199999999,64641.7886852966
32,2012-03-09,1124537.97,False,A,203007,39.9,3.286,196.9631599,8.256,1191527.9,88074.5,362.81,1291946.7000000002,314291.27999999997,2012,10,3,NoHoliday,1153332.89,1091822.72,1101458.21,1154597.7649999997,64640.97520168962
32,2012-03-16,1138101.18,False,A,203007,51.51,3.486,197.0457208,8.256,287615.32,14753.800000000001,84.49,5158.150000000001,123615.97,2012,11,3,NoHoliday,1124537.97,1153332.89,1100765.5,1153376.5424999997,65317.72837747648
32,2012-03-23,1146632.46,False,A,203007,47.64,3.664,197.2295234,8.256,454647.79,10495.93,322.34,236051.57,235222.28999999998,2012,12,3,NoHoliday,1138101.18,1124537.97,1068719.22,1126948.6899999997,26205.275437207147
32,2012-03-30,1108686.87,False,A,203007,56.09,3.75,197.4133259,8.256,730003.4,10138.1,548.8,105394.1,231488.6,2012,13,3,NoHoliday,1146632.46,1138101.18,1051121.02,1140651.1249999998,12419.60165053833
32,2012-04-06,1270577.01,False,A,203007,51.49,3.854,197.5971285,8.09,653483.6,0.0,2369.5,154776.30000000002,289349.89999999997,2012,14,4,NoHoliday,1108686.87,1146632.46,1102975.59,1129489.6199999996,16586.230978378488
32,2012-04-13,1171834.47,False,A,203007,52.1,3.901,197.780931,8.09,391974.80000000005,417838.39999999997,1802.5,100840.59999999999,316631.7,2012,15,4,NoHoliday,1270577.01,1108686.87,1120508.1400000001,1165999.38,71588.15463576336
32,2012-04-20,1121405.91,False,A,203007,49.15,3.936,197.7227385,8.09,544339.96,193582.92,2162.66,94455.56,183059.30000000002,2012,16,4,NoHoliday,1171834.47,1270577.01,1210602.91,1174432.7024999997,69151.63688343075
32,2012-04-27,1126962.44,False,A,203007,61.76,3.927,197.664546,8.09,295549.57,8996.41,3239.02,27151.11,152432.74,2012,17,4,NoHoliday,1121405.91,1171834.47,1107494.55,1168126.0649999997,73543.04676973776
32,2012-05-04,1187384.53,False,A,203007,58.29,3.903,197.6063534,8.09,863775.42,0.0,8572.390000000001,137374.32,345226.49,2012,18,5,NoHoliday,1126962.44,1121405.91,1181793.55,1172694.9574999998,69049.90029129582
32,2012-05-11,1187051.07,False,A,203007,55.4,3.87,197.5481609,8.09,1276428.77,0.0,1902.09,308019.3,247675.69,2012,19,5,NoHoliday,1187384.53,1126962.44,1138162.76,1151896.8375,32702.223916205978
32,2012-05-18,1177539.71,False,A,203007,57.46,3.837,197.5553137,8.09,648805.75,0.0,16510.41,82898.06999999999,206699.5,2012,20,5,NoHoliday,1187051.07,1187384.53,1145084.76,1155700.9874999998,36463.36513664939
32,2012-05-25,1232784.22,False,A,203007,59.74,3.804,197.5886046,8.09,523091.07,0.0,14915.73,51678.93,207983.25,2012,21,5,NoHoliday,1177539.71,1187051.07,1175447.49,1169734.4374999998,28877.65904268217
32,2012-06-01,1157557.79,False,A,203007,62.84,3.764,197.6218954,8.09,599923.1,3850.0,12679.1,46868.5,184433.9,2012,22,6,NoHoliday,1232784.22,1177539.71,1167757.0,1196189.8824999998,24819.525901463247
32,2012-06-08,1246322.44,False,A,203007,71.14,3.741,197.6551863,8.09,602352.64,25687.8,5537.29,116440.0,485752.89,2012,23,6,NoHoliday,1157557.79,1232784.22,1239741.34,1188733.1974999998,31835.631669786533
32,2012-06-15,1234759.54,False,A,203007,70.91,3.723,197.692292,8.09,338906.88,30243.9,0.73,72202.84,319871.4,2012,24,6,NoHoliday,1246322.44,1157557.79,1192031.38,1203551.0399999996,42723.685097069196
32,2012-06-22,1196880.11,False,A,203007,74.85,3.735,197.7389345,8.09,554034.3,43256.75,216.54999999999998,340835.5,1087998.32,2012,25,6,NoHoliday,1234759.54,1246322.44,1163869.52,1217855.9974999996,40639.856267765135
32,2012-06-29,1178211.81,False,A,203007,81.95,3.693,197.785577,8.09,239989.68,43164.0,0.0,57468.96,212040.72000000003,2012,26,6,NoHoliday,1196880.11,1234759.54,1199845.29,1208879.9699999997,40206.3573044295
32,2012-07-06,1214183.97,False,A,203007,78.68,3.646,197.8322195,7.872,437207.35000000003,33533.3,2033.44,277529.06,426516.88,2012,27,7,NoHoliday,1178211.81,1196880.11,1110244.52,1214043.4749999999,31882.99570495862
32,2012-07-13,1141184.66,False,A,203007,71.57,3.613,197.8788621,7.872,504904.43,36135.45,74.55,106133.64,578941.1,2012,28,7,NoHoliday,1214183.97,1178211.81,1144254.26,1206008.8575,24148.45812369928
32,2012-07-20,1167829.33,False,A,203007,77.76,3.585,197.9290378,7.872,248591.69999999998,39701.2,1263.5,148248.80000000002,685045.2000000001,2012,29,7,NoHoliday,1141184.66,1214183.97,1185674.48,1182615.1374999997,31283.40553076459
32,2012-07-27,1144901.52,False,A,203007,77.56,3.57,197.9792136,7.872,431454.93,21213.379999999997,153.36,140697.86000000002,274177.15,2012,30,7,NoHoliday,1167829.33,1141184.66,1169988.62,1175352.4424999997,30221.946182403783
32,2012-08-03,1183571.3499999999,False,A,203007,75.09,3.528,198.0293893,7.872,2498335.93,10710.35,980.51,551551.43,284706.45,2012,31,8,NoHoliday,1144901.52,1167829.33,1201694.1400000001,1167024.8699999999,33574.72728500123
32,2012-08-10,1227469.2,False,A,203007,75.93,3.509,198.0795651,7.872,700260.93,40709.27,4353.72,558870.82,305206.99,2012,32,8,NoHoliday,1183571.3499999999,1144901.52,1206795.74,1159371.7149999999,19977.56323605102
32,2012-08-17,1261306.3699999999,False,A,203007,70.75,3.545,198.1001057,7.872,508198.82999999996,13269.189999999999,272.64,426490.61,112904.2,2012,33,8,NoHoliday,1227469.2,1183571.3499999999,1221318.17,1180942.8499999996,34845.143762795255
32,2012-08-24,1272809.11,False,A,203007,70.12,3.558,198.0984199,7.872,381289.3,10318.699999999999,8930.6,237601.69999999998,414438.5,2012,34,8,NoHoliday,1261306.3699999999,1227469.2,1183740.91,1204312.1099999996,50808.115558304824
32,2012-08-31,1183979.27,False,A,203007,76.12,3.556,198.0967341,7.872,1892234.49,16168.12,2224.43,485889.92000000004,206449.53999999998,2012,35,8,NoHoliday,1272809.11,1261306.3699999999,1152117.5,1236289.0074999998,40068.80220199025
32,2012-09-07,1126685.95,True,A,203007,72.56,3.596,198.0950484,7.872,516271.53,12214.84,16582.05,65096.35,219389.28999999998,2012,36,9,LaborDay,1183979.27,1272809.11,1128237.3,1236390.9874999998,39890.025298966786
32,2012-09-14,1156377.47,False,A,203007,64.05,3.659,198.1267184,7.872,449151.12,5599.44,1685.52,101141.28,600965.28,2012,37,9,NoHoliday,1126685.95,1183979.27,1142499.25,1211195.1749999998,68774.80993696835
32,2012-09-21,1159119.6,False,A,203007,63.49,3.765,198.358523,7.872,508443.78,6306.219999999999,213.0,71812.95,379652.62,2012,38,9,NoHoliday,1156377.47,1126685.95,1116140.29,1184962.9499999997,63064.13098039172
32,2012-09-28,1157111.15,False,A,203007,60.62,3.789,198.5903276,7.872,383363.07999999996,1187.83,15.62,101691.88,402819.21,2012,39,9,NoHoliday,1159119.6,1156377.47,1088943.98,1156540.5724999998,23458.17974185881
32,2012-10-05,1202775.24,False,A,203007,55.34,3.779,198.8221322,7.557,351329.76,0.0,2010.96,190169.27999999997,388360.8,2012,40,10,NoHoliday,1157111.15,1159119.6,1149448.02,1149823.5424999997,15468.549388008229
32,2012-10-12,1176681.31,False,A,203007,43.49,3.76,199.0539368,7.557,199889.27999999997,0.0,1275.84,32837.76,409479.84,2012,41,10,NoHoliday,1202775.24,1157111.15,1175420.26,1168845.8649999998,22649.261421117448
32,2012-10-19,1199292.06,False,A,203007,53.57,3.75,199.1481963,7.557,236511.65,0.0,281.16,8556.210000000001,228501.43,2012,42,10,NoHoliday,1176681.31,1202775.24,1151258.74,1173921.8249999997,21148.987158977143
32,2012-10-26,1219979.29,False,A,203007,47.22,3.686,199.2195317,7.557,636779.12,7448.61,14200.0,37975.06,129351.34999999999,2012,43,10,NoHoliday,1199292.06,1176681.31,1185391.96,1183964.9399999997,21314.512246690967
33,2011-02-04,234218.03,False,A,39690,49.26,3.348,127.7195806,8.951,0.0,0.0,0.0,0.0,0.0,2011,5,2,NoHoliday,231155.9,244856.44,274593.43,244872.22749999975,11601.3635771578
33,2011-02-11,276198.74,True,A,39690,53.35,3.381,127.859129,8.951,0.0,0.0,0.0,0.0,0.0,2011,6,2,SuperBowl,234218.03,231155.9,294882.83,242439.52999999977,12816.162777267264
33,2011-02-18,252349.6,False,A,39690,62.03,3.43,127.99525,8.951,0.0,0.0,0.0,0.0,0.0,2011,7,2,NoHoliday,276198.74,234218.03,296850.83,246607.27749999976,20582.82945532304
33,2011-02-25,242901.21,False,A,39690,54.89,3.398,128.13,8.951,0.0,0.0,0.0,0.0,0.0,2011,8,2,NoHoliday,252349.6,276198.74,284052.77,248480.56749999974,20710.951846843953
33,2011-03-04,245435.80000000002,False,A,39690,59.51,3.674,128.26475,8.951,0.0,0.0,0.0,0.0,0.0,2011,9,3,NoHoliday,242901.21,252349.6,291484.89,251416.8949999998,18104.581635458795
33,2011-03-11,270921.44,False,A,39690,66.51,3.63,128.3995,8.951,0.0,0.0,0.0,0.0,0.0,2011,10,3,NoHoliday,245435.80000000002,242901.21,312161.0,254221.33749999976,15185.964767425205
33,2011-03-18,247234.47,False,A,39690,72.72,3.892,128.5121935,8.951,0.0,0.0,0.0,0.0,0.0,2011,11,3,NoHoliday,270921.44,245435.80000000002,282235.73,252902.01249999978,12659.190426899242
33,2011-03-25,238084.08,False,A,39690,63.34,3.716,128.6160645,8.951,0.0,0.0,0.0,0.0,0.0,2011,12,3,NoHoliday,247234.47,270921.44,262893.76,251623.22999999978,12987.687072550269
33,2011-04-01,232769.09,False,A,39690,71.41,3.772,128.7199355,8.687,0.0,0.0,0.0,0.0,0.0,2011,13,4,NoHoliday,238084.08,247234.47,274634.52,250418.94749999978,14229.942737837364
33,2011-04-08,271924.73,False,A,39690,75.11,3.818,128.8238065,8.687,0.0,0.0,0.0,0.0,0.0,2011,14,4,NoHoliday,232769.09,238084.08,325201.05,247252.2699999998,16872.54314138844
33,2011-04-15,275749.56,False,A,39690,64.64,4.089,128.9107333,8.687,0.0,0.0,0.0,0.0,0.0,2011,15,4,NoHoliday,271924.73,232769.09,307779.64,247503.09249999977,17342.59844458826
33,2011-04-22,248603.3,False,A,39690,79.46,3.917,128.9553,8.687,0.0,0.0,0.0,0.0,0.0,2011,16,4,NoHoliday,275749.56,271924.73,263263.02,254631.86499999976,22336.892809762412
33,2011-04-29,248561.86,False,A,39690,77.44,4.151,128.9998667,8.687,0.0,0.0,0.0,0.0,0.0,2011,17,4,NoHoliday,248603.3,275749.56,275883.23,257261.66999999975,20262.126010410346
33,2011-05-06,257031.19,False,A,39690,77.92,4.193,129.0444333,8.687,0.0,0.0,0.0,0.0,0.0,2011,18,5,NoHoliday,248561.86,248603.3,326870.13,261209.86249999976,14664.11236427854
33,2011-05-13,279466.87,False,A,39690,78.24,4.202,129.089,8.687,0.0,0.0,0.0,0.0,0.0,2011,19,5,NoHoliday,257031.19,248561.86,331173.51,257486.47749999975,12810.24471771857
33,2011-05-20,239206.26,False,A,39690,76.07,3.99,129.0756774,8.687,0.0,0.0,0.0,0.0,0.0,2011,20,5,NoHoliday,279466.87,257031.19,294264.2,258415.80499999976,14588.237074514256
33,2011-05-27,239431.85,False,A,39690,82.32,3.933,129.0623548,8.687,0.0,0.0,0.0,0.0,0.0,2011,21,5,NoHoliday,239206.26,279466.87,279246.33,256066.54499999975,17215.257354726462
33,2011-06-03,243477.03,False,A,39690,82.93,3.893,129.0490323,8.687,0.0,0.0,0.0,0.0,0.0,2011,22,6,NoHoliday,239431.85,239206.26,285100.0,253784.04249999978,19049.486148032593
33,2011-06-10,258427.38999999998,False,A,39690,87.02,3.981,129.0357097,8.687,0.0,0.0,0.0,0.0,0.0,2011,23,6,NoHoliday,243477.03,239431.85,310800.79,250395.50249999977,19479.993959396674
33,2011-06-17,238172.66,False,A,39690,91.11,3.935,129.0432,8.687,0.0,0.0,0.0,0.0,0.0,2011,24,6,NoHoliday,258427.38999999998,243477.03,272399.08,245135.63249999977,9075.83555014089
33,2011-06-24,238433.53,False,A,39690,94.11,3.807,129.0663,8.687,0.0,0.0,0.0,0.0,0.0,2011,25,6,NoHoliday,238172.66,258427.38999999998,259419.91,244877.23249999978,9312.550999441812
33,2011-07-01,226702.36000000002,False,A,39690,98.43,3.842,129.0894,8.442,0.0,0.0,0.0,0.0,0.0,2011,26,7,NoHoliday,238433.53,238172.66,267495.76,244627.65249999976,9518.241591513004
33,2011-07-08,262717.71,False,A,39690,96.44,3.793,129.1125,8.442,0.0,0.0,0.0,0.0,0.0,2011,27,7,NoHoliday,226702.36000000002,238433.53,302423.93,240433.98499999978,13183.772343986831
33,2011-07-15,265003.47,False,A,39690,92.83,3.779,129.1338387,8.442,0.0,0.0,0.0,0.0,0.0,2011,28,7,NoHoliday,262717.71,226702.36000000002,280937.84,241506.56499999977,15161.745992356053
33,2011-07-22,238915.05000000002,False,A,39690,97.17,3.697,129.1507742,8.442,0.0,0.0,0.0,0.0,0.0,2011,29,7,NoHoliday,265003.47,262717.71,252734.31,248214.26749999978,18714.095893433558
33,2011-07-29,224806.96,False,A,39690,95.28,3.694,129.1677097,8.442,0.0,0.0,0.0,0.0,0.0,2011,30,7,NoHoliday,238915.05000000002,265003.47,242047.03,248334.64749999976,18631.57543899312
33,2011-08-05,242456.39,False,A,39690,96.93,3.803,129.1846452,8.442,0.0,0.0,0.0,0.0,0.0,2011,31,8,NoHoliday,224806.96,238915.05000000002,262789.95,247860.79749999975,19374.42378791943
33,2011-08-12,274721.85,False,A,39690,96.0,3.794,129.2015806,8.442,0.0,0.0,0.0,0.0,0.0,2011,32,8,NoHoliday,242456.39,224806.96,265367.51,242795.4674999998,16652.871531157383
33,2011-08-19,242771.37,False,A,39690,95.89,3.743,129.2405806,8.442,0.0,0.0,0.0,0.0,0.0,2011,33,8,NoHoliday,274721.85,242456.39,230519.49,245225.06249999977,21090.60760733554
33,2011-08-26,237095.82,False,A,39690,99.66,3.663,129.2832581,8.442,0.0,0.0,0.0,0.0,0.0,2011,34,8,NoHoliday,242771.37,274721.85,224031.19,246189.14249999978,20792.047645582843
33,2011-09-02,239198.36,False,A,39690,99.2,3.798,129.3259355,8.442,0.0,0.0,0.0,0.0,0.0,2011,35,9,NoHoliday,237095.82,242771.37,237405.82,249261.35749999978,17172.308148967033
33,2011-09-09,281842.27999999997,True,A,39690,96.22,3.771,129.3686129,8.442,0.0,0.0,0.0,0.0,0.0,2011,36,9,LaborDay,239198.36,237095.82,272834.88,248446.84999999977,17672.64503527034
33,2011-09-16,262407.57,False,A,39690,85.79,3.784,129.4306,8.442,0.0,0.0,0.0,0.0,0.0,2011,37,9,NoHoliday,281842.27999999997,239198.36,246277.18,250226.9574999998,21206.69027034158
33,2011-09-23,234793.12,False,A,39690,88.93,3.789,129.5183333,8.442,0.0,0.0,0.0,0.0,0.0,2011,38,9,NoHoliday,262407.57,281842.27999999997,231976.84,255136.00749999975,21178.271765824884
33,2011-09-30,229731.98,False,A,39690,89.1,3.877,129.6060667,8.442,0.0,0.0,0.0,0.0,0.0,2011,39,9,NoHoliday,234793.12,262407.57,224294.39,254560.33249999976,21852.663338377693
33,2011-10-07,262159.13,False,A,39690,81.16,3.827,129.6938,8.01,0.0,0.0,0.0,0.0,0.0,2011,40,10,NoHoliday,229731.98,234793.12,266484.19,252193.73749999976,24431.33565825469
33,2011-10-14,272487.33,False,A,39690,76.49,3.698,129.7706452,8.01,0.0,0.0,0.0,0.0,0.0,2011,41,10,NoHoliday,262159.13,229731.98,251732.91999999998,247272.94999999975,17455.532675565868
33,2011-10-21,233543.08000000002,False,A,39690,81.74,3.842,129.7821613,8.01,0.0,0.0,0.0,0.0,0.0,2011,42,10,NoHoliday,272487.33,262159.13,234175.92,249792.88999999978,20779.755442808142
33,2011-10-28,231319.96,False,A,39690,76.73,3.843,129.7936774,8.01,0.0,0.0,0.0,0.0,0.0,2011,43,10,NoHoliday,233543.08000000002,272487.33,213538.32,249480.37999999977,21087.652657195362
33,2011-11-04,236157.12,False,A,39690,71.91,3.828,129.8051935,8.01,0.0,0.0,0.0,0.0,0.0,2011,44,11,NoHoliday,231319.96,233543.08000000002,246124.61,249877.37499999977,20601.28164029155
33,2011-11-11,271961.04,False,A,39690,58.75,3.677,129.8167097,8.01,4858.98,5808.88,232.76,0.0,1276694.58,2011,45,11,NoHoliday,236157.12,231319.96,272803.94,243376.87249999976,19507.401809254134
33,2011-11-18,251294.5,False,A,39690,63.35,3.669,129.8268333,8.01,3983.1400000000003,276.0,0.0,0.0,148159.56,2011,46,11,NoHoliday,271961.04,236157.12,224639.76,243245.29999999976,19245.63003697898
33,2011-11-25,255996.47,True,A,39690,62.35,3.76,129.8364,8.01,549.24,276.0,0.0,0.0,75527.86,2011,47,11,Thanksgiving,251294.5,271961.04,240044.57,247683.15499999977,18285.341545147818
33,2011-12-02,220060.35,False,A,39690,59.12,3.701,129.8459667,8.01,24.5,0.0,196.0,0.0,62757.729999999996,2011,48,12,NoHoliday,255996.47,251294.5,209986.25,253852.28249999977,14744.328463334134
33,2011-12-09,270373.05,False,A,39690,47.7,3.644,129.8555333,8.01,474.24,0.0,332.64,0.0,75882.24,2011,49,12,NoHoliday,220060.35,255996.47,253050.1,249828.0899999998,21726.980850079315
33,2011-12-16,259638.35,False,A,39690,53.18,3.489,129.8980645,8.01,12398.880000000001,0.0,176.16,0.0,51122.88,2011,50,12,NoHoliday,270373.05,220060.35,238875.26,249431.09249999977,21195.774486268336
33,2011-12-23,256235.19,False,A,39690,53.39,3.541,129.9845484,8.01,5943.36,0.0,133.44,0.0,45636.96,2011,51,12,NoHoliday,259638.35,270373.05,249246.8,251517.05499999976,21841.0426198993
33,2011-12-30,215359.21,True,A,39690,51.6,3.428,130.0710323,8.01,18834.13,94069.70999999999,242.55,1234.8,27262.62,2011,52,12,Christmas,256235.19,259638.35,219804.85,251576.73499999978,21857.682253608767
33,2012-01-06,267058.08,False,A,39690,60.92,3.443,130.1575161,7.603,1931.4,57573.9,114.74999999999999,0.0,11090.7,2012,1,1,NoHoliday,215359.21,256235.19,243948.82,250401.44999999978,24125.89366104199
33,2012-01-13,279447.22000000003,False,A,39690,54.61,3.477,130.244,7.603,16282.64,3112.1200000000003,308.88,0.0,29563.16,2012,2,1,NoHoliday,267058.08,215359.21,259527.75,249572.7074999998,23252.29375569521
33,2012-01-20,244899.19999999998,False,A,39690,55.99,3.66,130.2792258,7.603,10786.08,2829.46,167.44,0.0,14609.14,2012,3,1,NoHoliday,279447.22000000003,267058.08,244856.44,254524.92499999978,27779.362844918152
33,2012-01-27,236920.49,False,A,39690,56.33,3.675,130.3144516,7.603,554.4,548.6800000000001,148.72,0.0,16523.760000000002,2012,4,1,NoHoliday,244899.19999999998,279447.22000000003,231155.9,251690.92749999976,28122.840114364604
33,2012-02-03,256091.32,False,A,39690,59.53,3.543,130.3496774,7.603,28746.52,325.6,148.72,0.0,34023.88,2012,5,2,NoHoliday,236920.49,244899.19999999998,234218.03,257081.24749999976,19618.29364756385
33,2012-02-10,282552.58,True,A,39690,59.94,3.722,130.3849032,7.603,67552.16,70.5,232.18,0.0,58513.12,2012,6,2,SuperBowl,256091.32,236920.49,276198.74,254339.55749999976,18493.310956703957
33,2012-02-17,266300.98,False,A,39690,57.8,3.781,130.4546207,7.603,4771.200000000001,12621.599999999999,187.2,22.080000000000002,48271.2,2012,7,2,NoHoliday,282552.58,256091.32,252349.6,255115.89749999976,19909.602018567228
33,2012-02-24,242526.7,False,A,39690,59.41,3.95,130.5502069,7.603,25972.649999999998,12087.45,0.0,117.44999999999999,74410.65,2012,8,2,NoHoliday,266300.98,282552.58,242901.21,260466.34249999977,19108.40019072063
33,2012-03-02,248051.53,False,A,39690,60.91,3.882,130.6457931,7.603,22575.77,1223.04,0.0,0.0,100211.86,2012,9,3,NoHoliday,242526.7,266300.98,245435.80000000002,261867.8949999998,16881.53901930711
33,2012-03-09,287346.29,False,A,39690,62.2,3.963,130.7413793,7.603,6294.049999999999,180.32000000000002,48.51,0.0,80391.36,2012,10,3,NoHoliday,248051.53,242526.7,270921.44,259857.94749999975,18223.818171583585
33,2012-03-16,278067.73,False,A,39690,65.99,4.273,130.8261935,7.603,6551.46,153.0,0.0,0.0,27460.440000000002,2012,11,3,NoHoliday,287346.29,248051.53,247234.47,261056.37499999977,20257.84096301969
33,2012-03-23,246970.97,False,A,39690,60.82,4.288,130.8966452,7.603,0.0,176.64000000000001,16.32,0.0,10901.76,2012,12,3,NoHoliday,278067.73,287346.29,238084.08,263998.06249999977,22048.481258265492
33,2012-03-30,251327.67,False,A,39690,71.34,4.294,130.9670968,7.603,9934.62,0.0,0.0,0.0,42503.54,2012,13,3,NoHoliday,246970.97,278067.73,232769.09,265109.1299999998,20675.03458140708
33,2012-04-06,275911.97000000003,False,A,39690,70.75,4.282,131.0375484,7.396,10948.8,0.0,0.0,0.0,15441.599999999999,2012,14,4,NoHoliday,251327.67,246970.97,271924.73,265928.1649999998,19821.325329669588
33,2012-04-13,312698.67,False,A,39690,73.17,4.254,131.108,7.396,24115.35,16456.16,0.0,0.0,67083.45,2012,15,4,NoHoliday,275911.97000000003,251327.67,275749.56,263069.5849999998,16195.77289264825
33,2012-04-20,261837.2,False,A,39690,72.94,4.111,131.1173333,7.396,21643.46,5516.32,0.0,5928.02,13076.88,2012,16,4,NoHoliday,312698.67,275911.97000000003,248603.3,271727.3199999998,30139.594124372208
33,2012-04-27,249798.75,False,A,39690,83.07,4.088,131.1266667,7.396,23371.039999999997,439.53000000000003,0.0,42.63,26341.420000000002,2012,17,4,NoHoliday,261837.2,312698.67,248561.86,275443.87749999977,26800.944085574065
33,2012-05-04,270497.51,False,A,39690,82.43,4.058,131.136,7.396,2992.3700000000003,0.0,0.0,0.0,30502.05,2012,18,5,NoHoliday,249798.75,261837.2,257031.19,275061.6474999998,27266.392701460765
33,2012-05-11,295841.84,False,A,39690,81.02,4.186,131.1453333,7.396,35662.19,0.0,0.0,0.0,94083.19,2012,19,5,NoHoliday,270497.51,249798.75,279466.87,273708.0324999998,27344.394436781567
33,2012-05-18,276899.95,False,A,39690,89.81,4.308,131.0983226,7.396,4567.64,0.0,0.0,0.0,95124.04,2012,20,5,NoHoliday,295841.84,270497.51,239206.26,269493.8249999998,19508.503818604055
33,2012-05-25,261851.74000000002,False,A,39690,88.89,4.127,131.0287742,7.396,15404.64,0.0,0.0,0.0,193851.84,2012,21,5,NoHoliday,276899.95,295841.84,239431.85,273259.5124999998,18984.64586146474
33,2012-06-01,261131.09,False,A,39690,83.57,4.277,130.9592258,7.396,70557.08,0.0,0.0,0.0,38154.6,2012,22,6,NoHoliday,261851.74000000002,276899.95,243477.03,276272.7599999998,14429.848576254413
33,2012-06-08,286082.76,False,A,39690,90.94,4.103,130.8896774,7.396,23464.75,0.0,0.0,0.0,45079.11,2012,23,6,NoHoliday,261131.09,261851.74000000002,258427.38999999998,273931.1549999998,16316.10443420129
33,2012-06-15,290444.31,False,A,39690,92.44,4.144,130.8295333,7.396,76135.06,0.0,0.0,0.0,49650.56,2012,24,6,NoHoliday,286082.76,261131.09,238172.66,271491.3849999998,12143.849856595263
33,2012-06-22,261666.29,False,A,39690,95.75,4.014,130.7929,7.396,10682.0,0.0,0.0,0.0,117326.50000000001,2012,25,6,NoHoliday,290444.31,286082.76,238433.53,274877.4749999998,15561.89402314139
33,2012-06-29,244338.31,False,A,39690,98.15,3.875,130.7562667,7.396,0.0,0.0,0.0,0.0,37938.87,2012,26,6,NoHoliday,261666.29,290444.31,226702.36000000002,274831.11249999976,15613.8258780568
33,2012-07-06,273690.37,False,A,39690,93.21,3.666,130.7196333,7.147,14280.96,0.0,165.12,0.0,53150.88,2012,27,7,NoHoliday,244338.31,261666.29,262717.71,270632.91749999975,21625.56895916187
33,2012-07-13,287033.64,False,A,39690,97.6,3.723,130.683,7.147,10647.84,0.0,28.799999999999997,0.0,115459.20000000001,2012,28,7,NoHoliday,273690.37,244338.31,265003.47,267534.8199999998,19452.9624861223
33,2012-07-20,253205.88999999998,False,A,39690,91.49,3.589,130.7012903,7.147,30456.94,0.0,0.0,0.0,45099.79,2012,29,7,NoHoliday,287033.64,273690.37,238915.05000000002,266682.15249999973,18144.827824383396
33,2012-07-27,249134.32,False,A,39690,93.95,3.769,130.7195806,7.147,1136.66,0.0,0.0,0.0,55442.42,2012,30,7,NoHoliday,253205.88999999998,287033.64,224806.96,264567.05249999976,19375.76245931705
33,2012-08-03,258533.12,False,A,39690,92.13,3.595,130.737871,7.147,11198.22,0.0,135.35999999999999,2081.63,36089.42,2012,31,8,NoHoliday,249134.32,253205.88999999998,242456.39,265766.05499999976,17790.234155708535
33,2012-08-10,297753.49,False,A,39690,100.07,3.811,130.7561613,7.147,4180.94,0.0,0.0,0.0,12789.84,2012,32,8,NoHoliday,258533.12,249134.32,274721.85,261976.74249999976,17142.173311741466
33,2012-08-17,270097.76,False,A,39690,96.79,4.002,130.7909677,7.147,17955.41,0.0,45.12,0.0,79831.84999999999,2012,33,8,NoHoliday,297753.49,258533.12,242771.37,264656.7049999997,22397.626889895113
33,2012-08-24,247672.56,False,A,39690,89.62,4.055,130.8381613,7.147,1680.7199999999998,0.0,67.67999999999999,0.0,64927.21000000001,2012,34,8,NoHoliday,270097.76,297753.49,237095.82,268879.67249999975,21072.186789077055
33,2012-08-31,237129.81,False,A,39690,94.55,3.886,130.8853548,7.147,5611.33,0.0,0.0,455.9,72752.24,2012,35,8,NoHoliday,247672.56,270097.76,239198.36,268514.23249999975,21536.323253867915
33,2012-09-07,286428.78,True,A,39690,92.02,4.124,130.9325484,7.147,8079.44,0.0,0.0,0.0,38727.4,2012,36,9,LaborDay,237129.81,247672.56,281842.27999999997,263163.4049999998,26846.934071182885
33,2012-09-14,277417.53,False,A,39690,83.4,3.966,130.9776667,7.147,51951.92,0.0,0.0,0.0,23272.99,2012,37,9,NoHoliday,286428.78,237129.81,262407.57,260332.22749999978,22173.670847086607
33,2012-09-21,252709.58000000002,False,A,39690,86.53,4.125,131.0103333,7.147,19671.44,0.0,0.0,0.0,18066.04,2012,38,9,NoHoliday,277417.53,286428.78,234793.12,262162.1699999998,23510.01357435781
33,2012-09-28,242813.51,False,A,39690,86.42,3.966,131.043,7.147,7879.55,0.0,0.0,0.0,73777.31,2012,39,9,NoHoliday,252709.58000000002,277417.53,229731.98,263421.42499999976,22592.1961595541
33,2012-10-05,265444.9,False,A,39690,85.18,4.132,131.0756667,6.895,21255.710000000003,0.0,0.0,0.0,56853.229999999996,2012,40,10,NoHoliday,242813.51,252709.58000000002,262159.13,264842.3499999998,20466.09400815369
33,2012-10-12,291781.14999999997,False,A,39690,79.64,4.468,131.1083333,6.895,1595.04,0.0,0.0,0.0,28340.64,2012,41,10,NoHoliday,265444.9,242813.51,272487.33,259596.37999999977,15065.316826472299
33,2012-10-19,254412.34,False,A,39690,75.55,4.449,131.1499677,6.895,792.0,0.0,0.0,0.0,28558.199999999997,2012,42,10,NoHoliday,291781.14999999997,265444.9,233543.08000000002,263187.2849999998,21194.17334237657
33,2012-10-26,253731.13,False,A,39690,73.7,4.301,131.1930968,6.895,5386.04,603.24,0.0,0.0,42481.56,2012,43,10,NoHoliday,254412.34,291781.14999999997,231319.96,263612.97499999974,20929.01861675713
34,2011-02-04,971932.87,False,A,158114,23.82,2.996,127.7195806,10.398,0.0,0.0,0.0,0.0,0.0,2011,5,2,NoHoliday,836717.75,891025.39,956228.96,881750.1024999998,30305.67311453697
34,2011-02-11,1015654.6,True,A,158114,28.66,3.033,127.859129,10.398,0.0,0.0,0.0,0.0,0.0,2011,6,2,SuperBowl,971932.87,836717.75,994610.99,899571.5849999997,55559.942408301096
34,2011-02-18,1062629.3,False,A,158114,45.12,3.058,127.99525,10.398,0.0,0.0,0.0,0.0,0.0,2011,7,2,NoHoliday,1015654.6,971932.87,983963.07,928832.6524999997,80229.3040324564
34,2011-02-25,953331.45,False,A,158114,44.57,3.087,128.13,10.398,0.0,0.0,0.0,0.0,0.0,2011,8,2,NoHoliday,1062629.3,1015654.6,905756.13,971733.6299999998,97331.73853591054
34,2011-03-04,963910.8099999999,False,A,158114,46.21,3.305,128.26475,10.398,0.0,0.0,0.0,0.0,0.0,2011,9,3,NoHoliday,953331.45,1062629.3,918295.79,1000887.0549999997,48751.29262875283
34,2011-03-11,943951.67,False,A,158114,45.87,3.461,128.3995,10.398,0.0,0.0,0.0,0.0,0.0,2011,10,3,NoHoliday,963910.8099999999,953331.45,921247.88,998881.5399999997,50474.003548189234
34,2011-03-18,1014218.8,False,A,158114,55.58,3.495,128.5121935,10.398,0.0,0.0,0.0,0.0,0.0,2011,11,3,NoHoliday,943951.67,963910.8099999999,892070.82,980955.8074999999,55056.04004513848
34,2011-03-25,922898.38,False,A,158114,53.11,3.48,128.6160645,10.398,0.0,0.0,0.0,0.0,0.0,2011,12,3,NoHoliday,1014218.8,943951.67,880742.35,968853.1824999998,31323.45128760652
34,2011-04-01,884233.67,False,A,158114,55.46,3.521,128.7199355,10.581,0.0,0.0,0.0,0.0,0.0,2011,13,4,NoHoliday,922898.38,1014218.8,979428.66,961244.9149999998,39084.74790890397
34,2011-04-08,975479.83,False,A,158114,58.59,3.605,128.8238065,10.581,0.0,0.0,0.0,0.0,0.0,2011,14,4,NoHoliday,884233.67,922898.38,950684.2,941325.6299999999,54526.34151784703
34,2011-04-15,941829.0,False,A,158114,53.3,3.724,128.9107333,10.581,0.0,0.0,0.0,0.0,0.0,2011,15,4,NoHoliday,975479.83,884233.67,923344.54,949207.6699999998,57243.55227526889
34,2011-04-22,1051518.45,False,A,158114,63.83,3.781,128.9553,10.581,0.0,0.0,0.0,0.0,0.0,2011,16,4,NoHoliday,941829.0,975479.83,910240.68,931110.2199999997,38071.8609664981
34,2011-04-29,895973.02,False,A,158114,57.73,3.781,128.9998667,10.581,0.0,0.0,0.0,0.0,0.0,2011,17,4,NoHoliday,1051518.45,941829.0,859922.19,963265.2374999998,69864.9333266263
34,2011-05-06,965853.58,False,A,158114,54.4,3.866,129.0444333,10.581,0.0,0.0,0.0,0.0,0.0,2011,18,5,NoHoliday,895973.02,1051518.45,953495.48,966200.0749999998,65551.83067913084
34,2011-05-13,966232.6900000001,False,A,158114,63.05,3.872,129.089,10.581,0.0,0.0,0.0,0.0,0.0,2011,19,5,NoHoliday,965853.58,895973.02,933924.4400000001,963793.5124999998,65273.69952698099
34,2011-05-20,945018.83,False,A,158114,61.47,3.881,129.0756774,10.581,0.0,0.0,0.0,0.0,0.0,2011,20,5,NoHoliday,966232.6900000001,965853.58,913616.3200000001,969894.4349999998,63656.87264788034
34,2011-05-27,941311.83,False,A,158114,65.99,3.771,129.0623548,10.581,0.0,0.0,0.0,0.0,0.0,2011,21,5,NoHoliday,945018.83,966232.6900000001,942868.38,943269.5299999998,33052.31177132285
34,2011-06-03,947229.24,False,A,158114,74.64,3.683,129.0490323,10.581,0.0,0.0,0.0,0.0,0.0,2011,22,6,NoHoliday,941311.83,945018.83,966187.51,954604.2324999997,13295.823258221511
34,2011-06-10,943912.77,False,A,158114,74.57,3.64,129.0357097,10.581,0.0,0.0,0.0,0.0,0.0,2011,23,6,NoHoliday,947229.24,941311.83,954681.56,949948.1474999997,11127.487488679953
34,2011-06-17,968258.0900000001,False,A,158114,76.58,3.618,129.0432,10.581,0.0,0.0,0.0,0.0,0.0,2011,24,6,NoHoliday,943912.77,947229.24,941612.04,944368.1674999997,2460.195342109747
34,2011-06-24,923795.04,False,A,158114,77.16,3.57,129.0663,10.581,0.0,0.0,0.0,0.0,0.0,2011,25,6,NoHoliday,968258.0900000001,943912.77,895800.0700000001,950177.9824999997,12294.26583674931
34,2011-07-01,911106.22,False,A,158114,81.96,3.504,129.0894,10.641,0.0,0.0,0.0,0.0,0.0,2011,26,7,NoHoliday,923795.04,968258.0900000001,919229.36,945798.7849999997,18204.289139496614
34,2011-07-08,926934.5700000001,False,A,158114,80.84,3.469,129.1125,10.641,0.0,0.0,0.0,0.0,0.0,2011,27,7,NoHoliday,911106.22,923795.04,911210.81,936768.0299999998,24963.294056912506
34,2011-07-15,903882.96,False,A,158114,78.09,3.563,129.1338387,10.641,0.0,0.0,0.0,0.0,0.0,2011,28,7,NoHoliday,926934.5700000001,911106.22,930269.79,932523.4799999997,24786.306418462995
34,2011-07-22,913236.62,False,A,158114,80.75,3.627,129.1507742,10.641,0.0,0.0,0.0,0.0,0.0,2011,29,7,NoHoliday,903882.96,926934.5700000001,902050.9500000001,916429.6974999998,10806.798030245363
34,2011-07-29,851461.9,False,A,158114,78.04,3.659,129.1677097,10.641,0.0,0.0,0.0,0.0,0.0,2011,30,7,NoHoliday,913236.62,903882.96,875976.83,913790.0924999998,9633.934235369137
34,2011-08-05,942236.45,False,A,158114,76.71,3.662,129.1846452,10.641,0.0,0.0,0.0,0.0,0.0,2011,31,8,NoHoliday,851461.9,913236.62,987435.35,898879.0124999997,32998.369900193895
34,2011-08-12,956251.18,False,A,158114,80.23,3.617,129.2015806,10.641,0.0,0.0,0.0,0.0,0.0,2011,32,8,NoHoliday,942236.45,851461.9,951208.65,902704.4824999997,37863.32194114731
34,2011-08-19,960418.54,False,A,158114,77.08,3.55,129.2405806,10.641,0.0,0.0,0.0,0.0,0.0,2011,33,8,NoHoliday,956251.18,942236.45,985152.9400000001,915796.5374999997,46479.90903857551
34,2011-08-26,871404.6,False,A,158114,77.27,3.523,129.2832581,10.641,0.0,0.0,0.0,0.0,0.0,2011,34,8,NoHoliday,960418.54,956251.18,855421.39,927592.0174999998,51345.82867992255
34,2011-09-02,926455.64,False,A,158114,78.24,3.533,129.3259355,10.641,0.0,0.0,0.0,0.0,0.0,2011,35,9,NoHoliday,871404.6,960418.54,964356.74,932577.6924999997,41517.00712726724
34,2011-09-09,930506.14,True,A,158114,70.05,3.554,129.3686129,10.641,0.0,0.0,0.0,0.0,0.0,2011,36,9,LaborDay,926455.64,871404.6,932240.96,928632.4899999998,41040.28541860534
34,2011-09-16,927249.61,False,A,158114,64.94,3.532,129.4306,10.641,0.0,0.0,0.0,0.0,0.0,2011,37,9,NoHoliday,930506.14,926455.64,885445.47,922196.2299999997,37094.1677247607
34,2011-09-23,902852.73,False,A,158114,66.23,3.473,129.5183333,10.641,0.0,0.0,0.0,0.0,0.0,2011,38,9,NoHoliday,927249.61,930506.14,867539.07,913903.9974999997,28387.08054691109
34,2011-09-30,871847.85,False,A,158114,69.44,3.371,129.6060667,10.641,0.0,0.0,0.0,0.0,0.0,2011,39,9,NoHoliday,902852.73,927249.61,865709.11,921766.0299999997,12730.07634566595
34,2011-10-07,954069.45,False,A,158114,60.42,3.299,129.6938,10.148,0.0,0.0,0.0,0.0,0.0,2011,40,10,NoHoliday,871847.85,902852.73,931710.67,908114.0824999998,27144.637909350775
34,2011-10-14,911788.79,False,A,158114,54.72,3.283,129.7706452,10.148,0.0,0.0,0.0,0.0,0.0,2011,41,10,NoHoliday,954069.45,871847.85,888703.62,914004.9099999997,35034.16556318877
34,2011-10-21,953693.23,False,A,158114,58.93,3.361,129.7821613,10.148,0.0,0.0,0.0,0.0,0.0,2011,42,10,NoHoliday,911788.79,954069.45,936293.6,910139.7049999998,33921.02662127247
34,2011-10-28,958063.87,False,A,158114,54.56,3.362,129.7936774,10.148,0.0,0.0,0.0,0.0,0.0,2011,43,10,NoHoliday,953693.23,911788.79,926294.02,922849.8299999998,39368.04358162931
34,2011-11-04,992621.9299999999,False,A,158114,48.04,3.322,129.8051935,10.148,0.0,0.0,0.0,0.0,0.0,2011,44,11,NoHoliday,958063.87,953693.23,972292.3099999999,944403.8349999997,21833.11467607093
34,2011-11-11,991570.02,False,A,158114,41.04,3.286,129.8167097,10.148,781990.5599999999,469797.84,4748.400000000001,293975.27999999997,346638.96,2011,45,11,NoHoliday,992621.9299999999,958063.87,979730.78,954041.9549999997,33116.168422379356
34,2011-11-18,947552.4400000001,False,A,158114,46.0,3.294,129.8268333,10.148,331849.74,72013.17,9384.78,56746.04,407121.81,2011,46,11,NoHoliday,991570.02,992621.9299999999,955766.33,973987.2624999998,20990.524671750805
34,2011-11-25,1345595.82,True,A,158114,45.99,3.225,129.8364,10.148,2340.0,22829.76,3056796.72,432.0,103542.48,2011,47,11,Thanksgiving,947552.4400000001,991570.02,1309476.68,972452.0649999998,23089.18316748936
34,2011-12-02,988742.08,False,A,158114,39.75,3.176,129.8459667,10.148,336644.61,5178.62,81000.06999999999,95459.91,1264068.73,2011,48,12,NoHoliday,1345595.82,947552.4400000001,1001512.21,1069335.0524999998,185367.49068671046
34,2011-12-09,1084243.91,False,A,158114,24.69,3.153,129.8555333,10.148,222334.37,213.0,9058.18,34065.090000000004,291282.47,2011,49,12,NoHoliday,988742.08,1345595.82,1086661.02,1068365.0899999999,185912.05856008304
34,2011-12-16,1151052.86,False,A,158114,32.31,3.149,129.8980645,10.148,58566.48,21300.0,16070.85,40690.1,210637.83,2011,50,12,NoHoliday,1084243.91,988742.08,1227148.13,1091533.5624999998,178789.84146244323
34,2011-12-23,1593655.96,False,A,158114,32.45,3.103,129.9845484,10.148,86407.2,12.959999999999999,79792.56,2679.84,151869.6,2011,51,12,NoHoliday,1151052.86,1084243.91,1620748.25,1142408.6674999997,150948.4460933424
34,2011-12-30,965512.36,True,A,158114,28.84,3.119,130.0710323,10.148,238506.48,1577514.96,15135.84,10519.199999999999,237549.6,2011,52,12,Christmas,1593655.96,1151052.86,902109.69,1204423.7024999997,267900.44289953366
34,2012-01-06,953844.85,False,A,158114,36.39,3.158,130.1575161,9.653,419915.3,1266628.2999999998,7344.400000000001,24608.5,202322.40000000002,2012,1,1,NoHoliday,965512.36,1593655.96,900646.9400000001,1198616.2724999997,274309.49931017664
34,2012-01-13,913755.12,False,A,158114,33.99,3.263,130.244,9.653,181024.56,607091.04,3483.36,13434.48,338356.08,2012,2,1,NoHoliday,953844.85,965512.36,898610.33,1166016.5074999998,299064.17231759353
34,2012-01-20,910899.05,False,A,158114,39.28,3.273,130.2792258,9.653,96485.45,214128.19,1951.79,18167.48,170582.47,2012,3,1,NoHoliday,913755.12,953844.85,891025.39,1106692.0724999998,325398.4634345345
34,2012-01-27,872450.37,False,A,158114,39.81,3.29,130.3144516,9.653,26736.120000000003,110010.84,1309.6200000000001,921.15,53096.88,2012,4,1,NoHoliday,910899.05,913755.12,836717.75,936002.8449999997,27774.75117836819
34,2012-02-03,939367.14,False,A,158114,38.64,3.354,130.3496774,9.653,1688313.9000000001,123708.2,6386.799999999999,996840.6,268326.1,2012,5,2,NoHoliday,872450.37,910899.05,971932.87,912737.3474999997,33252.98240490164
34,2012-02-10,1047658.0900000001,True,A,158114,36.7,3.411,130.3849032,9.653,1149578.04,312010.92000000004,4179.7699999999995,850019.81,452652.69,2012,6,2,SuperBowl,939367.14,872450.37,1015654.6,909117.9199999998,27593.481002806704
34,2012-02-17,1123446.51,False,A,158114,37.25,3.493,130.4546207,9.653,603799.92,334437.84,1186.56,197903.52,433113.84,2012,7,2,NoHoliday,1047658.0900000001,939367.14,1062629.3,942593.6624999999,75218.73507231897
34,2012-02-24,950154.24,False,A,158114,39.89,3.541,130.5502069,9.653,402908.67000000004,239098.89,184.6,98682.19,278281.66,2012,8,2,NoHoliday,1123446.51,1047658.0900000001,953331.45,995730.5274999997,111628.36051956392
34,2012-03-02,990263.7,False,A,158114,42.74,3.619,130.6457931,9.653,675310.11,33358.64,198.79999999999998,468120.75,303959.52,2012,9,3,NoHoliday,950154.24,1123446.51,963910.8099999999,1015156.4949999999,87086.93073144418
34,2012-03-09,976393.43,False,A,158114,42.7,3.667,130.7413793,9.653,430523.1,14634.9,0.0,8738.1,324669.80000000005,2012,10,3,NoHoliday,990263.7,950154.24,943951.67,1027880.6349999998,75233.88081909898
34,2012-03-16,999298.43,False,A,158114,48.09,3.707,130.8261935,9.653,427296.8,6601.7,189.0,33579.0,115988.6,2012,11,3,NoHoliday,976393.43,990263.7,1014218.8,1010064.4699999997,77396.2360852989
34,2012-03-23,945143.33,False,A,158114,47.93,3.759,130.8966452,9.653,256367.3,7519.400000000001,41.3,65902.90000000001,135445.1,2012,12,3,NoHoliday,999298.43,976393.43,922898.38,979027.4499999997,21430.24545911382
34,2012-03-30,938861.77,False,A,158114,59.29,3.82,130.9670968,9.653,558526.47,7443.64,396.89,2041.96,140577.16,2012,13,3,NoHoliday,945143.33,999298.43,884233.67,977774.7224999997,23706.25999623258
34,2012-04-06,1091020.3699999999,False,A,158114,54.42,3.864,131.0375484,9.575,453371.4,0.0,2574.3900000000003,176549.61000000002,378106.89,2012,14,4,NoHoliday,938861.77,945143.33,975479.83,964924.2399999998,28187.84608283014
34,2012-04-13,987353.65,False,A,158114,59.12,3.881,131.108,9.575,360274.6,261070.6,1037.4,55934.2,109452.0,2012,15,4,NoHoliday,1091020.3699999999,938861.77,941829.0,993580.9749999997,70397.73158903797
34,2012-04-20,977628.78,False,A,158114,55.34,3.864,131.1173333,9.575,97820.1,180123.30000000002,1292.2,4953.200000000001,193281.9,2012,16,4,NoHoliday,987353.65,1091020.3699999999,1051518.45,990594.7799999997,70327.66805298685
34,2012-04-27,940299.87,False,A,158114,66.49,3.81,131.1266667,9.575,384572.88,61149.87,612.03,23328.9,139023.96,2012,17,4,NoHoliday,977628.78,987353.65,895973.02,998716.1424999998,65003.588144001376
34,2012-05-04,991104.4,False,A,158114,65.04,3.747,131.136,9.575,435351.7,0.0,4891.599999999999,181841.8,246561.69999999998,2012,18,5,NoHoliday,940299.87,977628.78,965853.58,999075.6674999997,64564.689439630645
34,2012-05-11,949625.52,False,A,158114,61.92,3.685,131.1453333,9.575,816658.5599999999,0.0,2095.92,87428.16,142778.16,2012,19,5,NoHoliday,991104.4,940299.87,966232.6900000001,974096.6749999998,23235.81925814617
34,2012-05-18,998672.85,False,A,158114,64.97,3.62,131.0983226,9.575,160668.57,0.0,167.67000000000002,71926.29000000001,145687.28999999998,2012,20,5,NoHoliday,949625.52,991104.4,945018.83,964664.6424999998,23713.19592091609
34,2012-05-25,1015737.61,False,A,158114,72.42,3.551,131.0287742,9.575,274129.08,2924.0,9953.84,75792.12,147841.52,2012,21,5,NoHoliday,998672.85,949625.52,941311.83,969925.6599999997,29238.804570034266
34,2012-06-01,977062.44,False,A,158114,70.41,3.483,130.9592258,9.575,693739.11,0.0,8890.65,6065.1,348389.97000000003,2012,22,6,NoHoliday,1015737.61,998672.85,947229.24,988785.0949999997,28065.739812416195
34,2012-06-08,999511.29,False,A,158114,75.35,3.433,130.8896774,9.575,480736.11,5892.6,25.53,86352.81,716035.08,2012,23,6,NoHoliday,977062.44,1015737.61,943912.77,985274.6049999997,28552.901534172597
34,2012-06-15,982345.51,False,A,158114,76.48,3.372,130.8295333,9.575,400836.87,2235.6,27606.21,63820.86,210769.47,2012,24,6,NoHoliday,999511.29,977062.44,968258.0900000001,997746.0474999998,15869.07878431888
34,2012-06-22,1000285.1,False,A,158114,78.85,3.329,130.7929,9.575,331783.0,11999.0,0.0,110856.56,321274.29,2012,25,6,NoHoliday,982345.51,999511.29,923795.04,993664.2124999997,17560.894708935117
34,2012-06-29,942970.63,False,A,158114,81.91,3.257,130.7562667,9.575,264507.66,3706.2000000000003,0.0,24392.76,270825.95,2012,26,6,NoHoliday,1000285.1,982345.51,911106.22,989801.0849999997,11861.159677770253
34,2012-07-06,1007867.6799999999,False,A,158114,77.95,3.187,130.7196333,9.285,476426.8,12935.2,7631.62,187148.22,284100.06,2012,27,7,NoHoliday,942970.63,1000285.1,926934.5700000001,981278.1324999997,26847.202762466655
34,2012-07-13,954677.75,False,A,158114,74.02,3.224,130.683,9.285,191090.11,1434.2,1200.61,57257.240000000005,215059.0,2012,28,7,NoHoliday,1007867.6799999999,942970.63,903882.96,983367.2299999997,28979.392556802806
34,2012-07-20,950929.59,False,A,158114,77.7,3.263,130.7012903,9.285,199441.84,7154.0,436.54,54273.310000000005,179345.66999999998,2012,29,7,NoHoliday,954677.75,1007867.6799999999,913236.62,976450.2899999998,32404.123677610816
34,2012-07-27,917883.79,False,A,158114,77.3,3.356,130.7195806,9.285,218685.6,6455.4,25.2,120458.79999999999,271485.2,2012,30,7,NoHoliday,950929.59,954677.75,851461.9,964111.4124999997,29576.443683310048
34,2012-08-03,973250.41,False,A,158114,78.93,3.374,130.737871,9.285,675844.5599999999,3240.0,2727.36,315700.55999999994,300222.72000000003,2012,31,8,NoHoliday,917883.79,950929.59,942236.45,957839.7024999998,37224.638233523314
34,2012-08-10,1004523.59,False,A,158114,78.26,3.476,130.7561613,9.285,669388.32,864.0,597.6,306046.08,151450.56,2012,32,8,NoHoliday,973250.41,917883.79,956251.18,949185.3849999998,23037.09763401345
34,2012-08-17,1013820.86,False,A,158114,77.78,3.552,130.7909677,9.285,394265.84,2314.6,435.23,93370.68,407102.64,2012,33,8,NoHoliday,1004523.59,973250.41,960418.54,961646.8449999997,36529.08667623259
34,2012-08-24,926250.21,False,A,158114,72.44,3.61,130.8381613,9.285,136797.84,6033.599999999999,659.52,43896.24,276827.04000000004,2012,34,8,NoHoliday,1013820.86,1004523.59,871404.6,977369.6624999997,43288.038556205225
34,2012-08-31,933487.71,False,A,158114,75.89,3.646,130.8853548,9.285,909911.15,4558.2,1317.76,154145.26,349789.31,2012,35,8,NoHoliday,926250.21,1013820.86,926455.64,979461.2674999997,39491.319708850206
34,2012-09-07,976415.56,True,A,158114,78.26,3.709,130.9325484,9.285,624163.8400000001,-424.58000000000004,1829.67,246607.14,127045.26999999999,2012,36,9,LaborDay,933487.71,926250.21,930506.14,969520.5924999997,46037.73147299303
34,2012-09-14,955211.7000000001,False,A,158114,64.28,3.706,130.9776667,9.285,344727.01,0.0,803.01,59081.94,363417.05,2012,37,9,NoHoliday,976415.56,933487.71,927249.61,962493.5849999997,40756.32287453212
34,2012-09-21,943047.78,False,A,158114,66.08,3.721,131.0103333,9.285,340015.89999999997,401.1,59.5,15528.800000000001,511613.2,2012,38,9,NoHoliday,955211.7000000001,976415.56,902852.73,947841.2949999998,22679.0052986684
34,2012-09-28,928629.31,False,A,158114,67.06,3.666,131.043,9.285,164337.84,275.03999999999996,15.84,14271.12,188501.04,2012,39,9,NoHoliday,943047.78,955211.7000000001,871847.85,952040.6874999998,18522.73458134354
34,2012-10-05,968896.6799999999,False,A,158114,65.41,3.62,131.0756667,8.839,192843.1,0.0,428.13,117064.8,251319.41,2012,40,10,NoHoliday,928629.31,943047.78,954069.45,950826.0874999999,20225.839074516727
34,2012-10-12,948613.39,False,A,158114,59.94,3.603,131.1083333,8.839,157825.5,0.0,2087.4,36688.4,532344.4,2012,41,10,NoHoliday,968896.6799999999,928629.31,911788.79,948946.3674999998,17174.064944599966
34,2012-10-19,963516.28,False,A,158114,58.47,3.61,131.1499677,8.839,50025.69,0.0,633.42,25592.79,200622.33000000002,2012,42,10,NoHoliday,948613.39,968896.6799999999,953693.23,947296.7899999998,16681.502521555627
34,2012-10-26,956987.8099999999,False,A,158114,57.95,3.514,131.1930968,8.839,80631.6,4760.700000000001,210.0,27448.4,102816.7,2012,43,10,NoHoliday,963516.28,948613.39,958063.87,952413.9149999997,18028.639031157283
35,2011-02-04,747577.0499999999,False,B,103681,28.7,3.231,137.0542431,8.549,0.0,0.0,0.0,0.0,0.0,2011,5,2,NoHoliday,633289.78,659902.07,1230613.5,657538.0949999997,22873.442087043288
35,2011-02-11,859258.17,True,B,103681,30.45,3.239,137.1378318,8.549,0.0,0.0,0.0,0.0,0.0,2011,6,2,SuperBowl,747577.0499999999,633289.78,1168815.31,682109.9199999997,48967.55029492295
35,2011-02-18,865305.88,False,B,103681,39.32,3.245,137.2511849,8.549,0.0,0.0,0.0,0.0,0.0,2011,7,2,NoHoliday,859258.17,747577.0499999999,1270658.64,725006.7674999997,101953.39483971013
35,2011-02-25,841129.26,False,B,103681,33.05,3.274,137.3764439,8.549,0.0,0.0,0.0,0.0,0.0,2011,8,2,NoHoliday,865305.88,859258.17,1020651.74,776357.7199999997,109667.7135701531
35,2011-03-04,850448.54,False,B,103681,36.99,3.433,137.5017028,8.549,0.0,0.0,0.0,0.0,0.0,2011,9,3,NoHoliday,841129.26,865305.88,1162610.27,828317.5899999997,54798.49990517874
35,2011-03-11,830601.39,False,B,103681,43.64,3.582,137.6269617,8.549,0.0,0.0,0.0,0.0,0.0,2011,10,3,NoHoliday,850448.54,841129.26,1150344.39,854035.4624999998,10547.275481980858
35,2011-03-18,800662.82,False,B,103681,46.65,3.631,137.7398929,8.549,0.0,0.0,0.0,0.0,0.0,2011,11,3,NoHoliday,830601.39,850448.54,1117536.09,846871.2674999998,14723.126712661859
35,2011-03-25,762184.1,False,B,103681,40.11,3.625,137.8478929,8.549,0.0,0.0,0.0,0.0,0.0,2011,12,3,NoHoliday,800662.82,830601.39,1078900.44,830710.5024999998,21610.304342961008
35,2011-04-01,762620.9400000001,False,B,103681,37.27,3.638,137.9558929,8.512,0.0,0.0,0.0,0.0,0.0,2011,13,4,NoHoliday,762184.1,800662.82,1189556.47,810974.2124999998,38428.498631783084
35,2011-04-08,813352.41,False,B,103681,46.87,3.72,138.0638929,8.512,0.0,0.0,0.0,0.0,0.0,2011,14,4,NoHoliday,762620.9400000001,762184.1,1198014.97,789017.3124999998,33073.872471190996
35,2011-04-15,795157.2,False,B,103681,52.24,3.821,138.1646952,8.512,0.0,0.0,0.0,0.0,0.0,2011,15,4,NoHoliday,813352.41,762620.9400000001,1084487.55,784705.0674999998,26269.264434381646
35,2011-04-22,841778.34,False,B,103681,50.02,3.892,138.2475036,8.512,0.0,0.0,0.0,0.0,0.0,2011,16,4,NoHoliday,795157.2,813352.41,1110827.48,783328.6624999997,25280.04488274409
35,2011-04-29,811824.06,False,B,103681,61.71,3.962,138.3303119,8.512,0.0,0.0,0.0,0.0,0.0,2011,17,4,NoHoliday,841778.34,795157.2,1096930.65,803227.2224999997,33179.830841757816
35,2011-05-06,835181.18,False,B,103681,56.48,4.046,138.4131202,8.512,0.0,0.0,0.0,0.0,0.0,2011,18,5,NoHoliday,811824.06,841778.34,1182099.88,815528.0024999997,19343.407198668086
35,2011-05-13,826155.95,False,B,103681,60.07,4.066,138.4959286,8.512,0.0,0.0,0.0,0.0,0.0,2011,19,5,NoHoliday,835181.18,811824.06,1104277.57,820985.1949999997,21485.596643274286
35,2011-05-20,776838.56,False,B,103681,60.22,4.062,138.587106,8.512,0.0,0.0,0.0,0.0,0.0,2011,20,5,NoHoliday,826155.95,835181.18,1078182.18,828734.8824999998,12965.509959265864
35,2011-05-27,850708.6,False,B,103681,66.43,3.985,138.6782834,8.512,0.0,0.0,0.0,0.0,0.0,2011,21,5,NoHoliday,776838.56,826155.95,1223777.48,812499.9374999999,25645.76699554778
35,2011-06-03,955466.84,False,B,103681,74.17,3.922,138.7694608,8.512,0.0,0.0,0.0,0.0,0.0,2011,22,6,NoHoliday,850708.6,776838.56,1282378.71,822221.0724999998,31909.03378491399
35,2011-06-10,855130.21,False,B,103681,73.26,3.881,138.8606382,8.512,0.0,0.0,0.0,0.0,0.0,2011,23,6,NoHoliday,955466.84,850708.6,1160412.71,852292.4874999998,75330.0946525858
35,2011-06-17,828594.86,False,B,103681,67.03,3.842,139.0028333,8.512,0.0,0.0,0.0,0.0,0.0,2011,24,6,NoHoliday,855130.21,955466.84,1198025.76,859536.0524999998,73346.04425135115
35,2011-06-24,849397.5700000001,False,B,103681,72.02,3.804,139.1832917,8.512,0.0,0.0,0.0,0.0,0.0,2011,25,6,NoHoliday,828594.86,855130.21,1230245.74,872475.1274999997,56532.38040295997
35,2011-07-01,874453.88,False,B,103681,73.76,3.748,139.36375,8.684,0.0,0.0,0.0,0.0,0.0,2011,26,7,NoHoliday,849397.5700000001,828594.86,1245827.08,872147.3699999999,56704.18074803436
35,2011-07-08,827717.85,False,B,103681,76.87,3.711,139.5442083,8.684,0.0,0.0,0.0,0.0,0.0,2011,27,7,NoHoliday,874453.88,849397.5700000001,1268766.76,851894.1299999998,18872.407797513697
35,2011-07-15,813845.5,False,B,103681,77.83,3.76,139.7006325,8.684,0.0,0.0,0.0,0.0,0.0,2011,28,7,NoHoliday,827717.85,874453.88,1124414.8699999999,845041.0399999998,22020.174529333137
35,2011-07-22,820188.42,False,B,103681,82.28,3.811,139.7969712,8.684,0.0,0.0,0.0,0.0,0.0,2011,29,7,NoHoliday,813845.5,827717.85,1121756.43,841353.6999999997,26476.17314431879
35,2011-07-29,770820.27,False,B,103681,79.41,3.829,139.8933099,8.684,0.0,0.0,0.0,0.0,0.0,2011,30,7,NoHoliday,820188.42,813845.5,1139131.78,834051.4124999997,27525.35107299599
35,2011-08-05,826820.71,False,B,103681,78.14,3.842,139.9896486,8.684,0.0,0.0,0.0,0.0,0.0,2011,31,8,NoHoliday,770820.27,820188.42,1180183.39,808143.0099999998,25519.741224099085
35,2011-08-12,819911.89,False,B,103681,76.67,3.812,140.0859873,8.684,0.0,0.0,0.0,0.0,0.0,2011,32,8,NoHoliday,826820.71,770820.27,1090587.5,807918.7249999999,25293.29606604918
35,2011-08-19,820288.35,False,B,103681,72.97,3.747,140.1289205,8.684,0.0,0.0,0.0,0.0,0.0,2011,33,8,NoHoliday,819911.89,826820.71,1033719.5,809435.3224999998,25940.711571857886
35,2011-08-26,897037.25,False,B,103681,72.88,3.704,140.1629528,8.684,0.0,0.0,0.0,0.0,0.0,2011,34,8,NoHoliday,820288.35,819911.89,917693.06,809460.3049999997,25954.563851295905
35,2011-09-02,813486.55,False,B,103681,71.44,3.703,140.196985,8.684,0.0,0.0,0.0,0.0,0.0,2011,35,9,NoHoliday,897037.25,820288.35,948660.79,841014.5499999997,37482.91003814627
35,2011-09-09,922440.64,True,B,103681,70.93,3.738,140.2310173,8.684,0.0,0.0,0.0,0.0,0.0,2011,36,9,LaborDay,813486.55,897037.25,961685.98,837681.0099999998,39693.75000807829
35,2011-09-16,738792.11,False,B,103681,69.65,3.742,140.2735,8.684,0.0,0.0,0.0,0.0,0.0,2011,37,9,NoHoliday,922440.64,813486.55,831443.61,863313.1974999998,54672.35278496855
35,2011-09-23,705802.45,False,B,103681,63.61,3.711,140.32725,8.684,0.0,0.0,0.0,0.0,0.0,2011,38,9,NoHoliday,738792.11,922440.64,758069.78,842939.1374999998,83588.58160335672
35,2011-09-30,749676.95,False,B,103681,70.92,3.645,140.381,8.684,0.0,0.0,0.0,0.0,0.0,2011,39,9,NoHoliday,705802.45,738792.11,771065.21,795130.4374999998,96087.34051725232
35,2011-10-07,791637.53,False,B,103681,56.91,3.583,140.43475,8.745,0.0,0.0,0.0,0.0,0.0,2011,40,10,NoHoliday,749676.95,705802.45,874615.32,779178.0374999997,97313.04712078419
35,2011-10-14,772859.25,False,B,103681,64.78,3.541,140.4784194,8.745,0.0,0.0,0.0,0.0,0.0,2011,41,10,NoHoliday,791637.53,749676.95,798376.99,746477.2599999997,35417.46133224797
35,2011-10-21,811328.4,False,B,103681,59.62,3.57,140.4616048,8.745,0.0,0.0,0.0,0.0,0.0,2011,42,10,NoHoliday,772859.25,791637.53,827705.82,754994.0449999997,37013.488805011686
35,2011-10-28,808821.5,False,B,103681,51.81,3.569,140.4447903,8.745,0.0,0.0,0.0,0.0,0.0,2011,43,10,NoHoliday,811328.4,772859.25,857797.33,781375.5324999997,26330.02129589233
35,2011-11-04,653468.75,False,B,103681,44.46,3.551,140.4279758,8.745,0.0,0.0,0.0,0.0,0.0,2011,44,11,NoHoliday,808821.5,811328.4,843755.12,796161.6699999997,17830.41984130793
35,2011-11-11,880576.33,False,B,103681,49.69,3.53,140.4111613,8.745,1490266.9300000002,897308.89,76010.83,197766.58,363225.09,2011,45,11,NoHoliday,653468.75,808821.5,870914.69,761619.4749999999,74211.23061654947
35,2011-11-18,820964.1,False,B,103681,51.42,3.53,140.4127857,8.745,1561204.92,7267.92,6820.4400000000005,62799.659999999996,106827.59999999999,2011,46,11,NoHoliday,880576.33,653468.75,846850.35,788548.7449999998,95995.79630965745
35,2011-11-25,1733822.4000000001,True,B,103681,47.88,3.492,140.4217857,8.745,89327.08,0.0,3923737.08,1404.99,427919.62,2011,47,11,Thanksgiving,820964.1,880576.33,1781866.98,790957.6699999998,96874.84986071828
35,2011-12-02,903606.03,False,B,103681,50.55,3.452,140.4307857,8.745,338475.29,0.0,211095.56,264333.09,1785513.8199999998,2011,48,12,NoHoliday,1733822.4000000001,820964.1,982598.88,1022207.8949999998,484053.1396489791
35,2011-12-09,948964.99,False,B,103681,46.28,3.415,140.4397857,8.745,94248.68,0.0,35978.8,64972.64,641087.0,2011,49,12,NoHoliday,903606.03,1733822.4000000001,1108580.19,1084742.2149999999,434119.0338401044
35,2011-12-16,1115255.65,False,B,103681,40.68,3.413,140.4700795,8.745,358115.10000000003,18.900000000000002,752381.7,42132.299999999996,1022576.1,2011,50,12,NoHoliday,948964.99,903606.03,1314987.4,1101839.38,424641.2213675269
35,2011-12-23,1550214.02,False,B,103681,41.59,3.389,140.528765,8.745,21665.48,1523.1999999999998,97204.64,1426.64,281544.48,2011,51,12,NoHoliday,1115255.65,948964.99,1779236.54,1175412.2674999998,383230.86816295463
35,2011-12-30,904650.55,True,B,103681,37.85,3.389,140.5874505,8.745,451756.21,2329388.33,10939.09,64387.0,138966.71000000002,2011,52,12,Christmas,1550214.02,1115255.65,576332.05,1129510.1724999996,294858.2502580096
35,2012-01-06,671708.09,False,B,103681,35.8,3.422,140.6461359,8.744,399110.96,937147.76,1656.91,112911.08,420062.53,2012,1,1,NoHoliday,904650.55,1550214.02,649289.75,1129771.3024999998,294591.841204244
35,2012-01-13,625135.11,False,B,103681,41.3,3.513,140.7048214,8.744,162710.17,504707.64999999997,152.76,27688.42,251251.34,2012,2,1,NoHoliday,671708.09,904650.55,687670.78,1060457.0774999997,373392.6421203702
35,2012-01-20,669850.04,False,B,103681,30.35,3.533,140.8086118,8.744,169889.16,300119.36000000004,371.28,42061.399999999994,162776.36,2012,3,1,NoHoliday,625135.11,671708.09,659902.07,937926.9424999999,426111.8755586996
35,2012-01-27,588722.99,False,B,103681,36.96,3.567,140.9124021,8.744,187495.48,196210.84,97.82,29882.0,603552.75,2012,4,1,NoHoliday,669850.04,625135.11,633289.78,717835.9474999998,126390.35767100098
35,2012-02-03,746901.03,False,B,103681,42.52,3.617,141.0161924,8.744,4129461.6,245422.32,2750.88,2653291.0799999996,272587.92,2012,5,2,NoHoliday,588722.99,669850.04,747577.0499999999,638854.0574999998,39755.38467465493
35,2012-02-10,849779.14,True,B,103681,37.86,3.64,141.1199827,8.744,783097.92,288619.98,1563.5400000000002,788129.76,551602.26,2012,6,2,SuperBowl,746901.03,588722.99,859258.17,657652.2924999997,68124.24455931572
35,2012-02-17,824568.39,False,B,103681,37.24,3.695,141.2140357,8.744,1434738.89,566790.16,187.44,676131.58,762111.1599999999,2012,7,2,NoHoliday,849779.14,746901.03,865305.88,713813.2999999998,111298.1901757911
35,2012-02-24,805028.74,False,B,103681,41.74,3.739,141.3007857,8.744,680153.5,438692.14999999997,0.0,334546.55,295959.3,2012,8,2,NoHoliday,824568.39,849779.14,841129.26,752492.8874999997,117631.26169463893
35,2012-03-02,766571.1,False,B,103681,40.07,3.816,141.3875357,8.744,2136018.96,118938.40000000001,5629.34,1759740.26,107819.75,2012,9,3,NoHoliday,805028.74,824568.39,850448.54,806569.3249999997,43793.961850127074
35,2012-03-09,796351.35,False,B,103681,44.32,3.848,141.4742857,8.744,1089966.9000000001,22740.3,4507.8,171384.18,148187.16,2012,10,3,NoHoliday,766571.1,805028.74,830601.39,811486.8424999998,35102.506772229826
35,2012-03-16,793045.82,False,B,103681,49.6,3.862,141.55478,8.744,446223.36,14215.68,76.8,101626.88,141723.52,2012,11,3,NoHoliday,796351.35,766571.1,800662.82,798129.8949999998,24122.66461512852
35,2012-03-23,760671.1,False,B,103681,57.3,3.9,141.6269332,8.744,1688731.6500000001,7215.23,16.75,560057.02,351932.91,2012,12,3,NoHoliday,793045.82,796351.35,762184.1,790249.2524999998,16574.52402827537
35,2012-03-30,744525.69,False,B,103681,49.4,3.953,141.6990864,8.744,1271455.25,5031.65,481.0,265315.05,235947.4,2012,13,3,NoHoliday,760671.1,793045.82,762620.9400000001,779159.8424999998,18153.77222737561
35,2012-04-06,860293.46,False,B,103681,48.73,3.996,141.7712396,8.876,609233.68,0.0,688.0899999999999,159706.56,325537.59,2012,14,4,NoHoliday,744525.69,760671.1,813352.41,773648.4899999998,25220.536568409658
35,2012-04-13,788633.42,False,B,103681,52.22,4.044,141.8433929,8.876,310033.68,278673.77999999997,693.0,125621.09999999999,76302.59999999999,2012,15,4,NoHoliday,860293.46,744525.69,795157.2,789634.0174999998,51244.54120750508
35,2012-04-20,794660.24,False,B,103681,62.62,4.027,141.9015262,8.876,142481.08,302447.0,411.4,10193.88,170319.59999999998,2012,16,4,NoHoliday,788633.42,860293.46,841778.34,788530.9174999997,51194.083288732705
35,2012-04-27,721212.45,False,B,103681,52.33,4.004,141.9596595,8.876,440437.36000000004,71433.32,505.24,76425.20000000001,114339.28,2012,17,4,NoHoliday,794660.24,788633.42,811824.06,797028.2024999998,47732.19125150776
35,2012-05-04,772036.6,False,B,103681,53.68,3.951,142.0177929,8.876,914391.88,0.0,661.29,409688.92000000004,325185.84,2012,18,5,NoHoliday,721212.45,794660.24,835181.18,791199.8924999998,56835.21198317108
35,2012-05-11,802383.63,False,B,103681,58.97,3.889,142.0759262,8.876,836198.7200000001,0.0,731.68,70720.0,160185.56,2012,19,5,NoHoliday,772036.6,721212.45,826155.95,769135.6774999998,33350.24407114838
35,2012-05-18,819196.68,False,B,103681,65.15,3.848,142.0970115,8.876,559379.04,0.0,189.42000000000002,140831.46,191694.36000000002,2012,20,5,NoHoliday,802383.63,772036.6,776838.56,772573.2299999997,36581.93385128916
35,2012-05-25,822167.17,False,B,103681,64.77,3.798,142.1032776,8.876,583449.4,0.0,19848.08,112345.59999999999,160743.05000000002,2012,21,5,NoHoliday,819196.68,802383.63,850708.6,778707.3399999999,43012.07005052588
35,2012-06-01,932195.52,False,B,103681,73.4,3.742,142.1095438,8.876,822959.28,0.0,637.5600000000001,200658.48,386725.68,2012,22,6,NoHoliday,822167.17,819196.68,955466.84,803946.0199999998,22987.279707410467
35,2012-06-08,873415.01,False,B,103681,64.05,3.689,142.1158099,8.876,467965.52,2948.0,19293.99,57043.13,367313.43,2012,23,6,NoHoliday,932195.52,822167.17,855130.21,843985.7499999999,59448.152022471026
35,2012-06-15,848289.41,False,B,103681,69.52,3.62,142.1292548,8.876,333916.61,455.59999999999997,69.68,170559.89,133424.47,2012,24,6,NoHoliday,873415.01,932195.52,828594.86,861743.5949999997,53154.58291980982
35,2012-06-22,911696.0,False,B,103681,73.23,3.564,142.1606464,8.876,406912.0,2230.3999999999996,38.76,35940.72,179300.36,2012,25,6,NoHoliday,848289.41,873415.01,849397.5700000001,869016.7774999999,47029.80416509047
35,2012-06-29,892133.41,False,B,103681,73.94,3.506,142.1920381,8.876,806652.0900000001,-524.4,0.0,238550.25,353952.06,2012,26,6,NoHoliday,911696.0,848289.41,874453.88,891398.9849999998,37674.85854619566
35,2012-07-06,985479.64,False,B,103681,82.08,3.475,142.2234298,8.839,531005.2,476.0,3230.0,472483.04,438154.6,2012,27,7,NoHoliday,892133.41,911696.0,827717.85,881383.4574999998,27037.775100091345
35,2012-07-13,825763.48,False,B,103681,78.95,3.523,142.2548214,8.839,221517.45,0.0,9.45,110237.4,90104.49,2012,28,7,NoHoliday,985479.64,892133.41,813845.5,909399.6149999998,57230.59373663119
35,2012-07-20,841224.74,False,B,103681,78.64,3.567,142.2337569,8.839,267547.36,0.0,1761.1999999999998,63545.32,238851.36,2012,29,7,NoHoliday,825763.48,985479.64,820188.42,903768.1324999998,65725.98197655477
35,2012-07-27,808030.15,False,B,103681,76.01,3.647,142.2126924,8.839,359450.52,0.0,718.08,410597.88,182464.91999999998,2012,30,7,NoHoliday,841224.74,825763.48,770820.27,886150.3174999998,72034.68923873312
35,2012-08-03,866216.36,False,B,103681,75.22,3.654,142.1916279,8.839,2445059.0,0.0,790.84,1444941.52,141422.31999999998,2012,31,8,NoHoliday,808030.15,841224.74,826820.71,865124.5024999997,81374.8793135225
35,2012-08-10,888368.8,False,B,103681,78.44,3.722,142.1705634,8.839,628210.7000000001,0.0,4141.8,164034.65,134979.0,2012,32,8,NoHoliday,866216.36,808030.15,819911.89,835308.6824999999,24667.883917752337
35,2012-08-17,887979.47,False,B,103681,76.51,3.807,142.2157385,8.839,209668.23,0.0,0.0,96733.17,184405.95,2012,33,8,NoHoliday,888368.8,866216.36,820288.35,850960.0124999997,34496.00047450267
35,2012-08-24,895274.72,False,B,103681,72.93,3.834,142.3105933,8.839,383693.59,0.0,3824.3599999999997,357291.57,276971.97,2012,34,8,NoHoliday,887979.47,888368.8,897037.25,862648.6949999998,37855.36357775475
35,2012-08-31,931278.97,False,B,103681,75.0,3.867,142.4054482,8.839,1162731.9000000001,0.0,6209.28,417428.22000000003,209466.18,2012,35,8,NoHoliday,895274.72,887979.47,813486.55,884459.8374999998,12615.518955813593
35,2012-09-07,984833.35,True,B,103681,76.0,3.911,142.500303,8.839,782447.44,0.0,3574.4500000000003,132442.92,563864.63,2012,36,9,LaborDay,931278.97,895274.72,922440.64,900725.4899999998,20642.79412070411
35,2012-09-14,821568.64,False,B,103681,68.72,3.948,142.5938833,8.839,588416.4,0.0,1073.82,103286.04000000001,488460.72000000003,2012,37,9,NoHoliday,984833.35,931278.97,738792.11,924841.6274999997,44247.28549744123
35,2012-09-21,772302.94,False,B,103681,66.1,4.038,142.6798167,8.839,467800.7,5853.79,402.0,139757.98,611657.07,2012,38,9,NoHoliday,821568.64,984833.35,705802.45,908238.9199999998,68501.48058734451
35,2012-09-28,814099.86,False,B,103681,64.92,3.997,142.76575,8.839,1398153.3199999998,2856.88,215.74,394968.35000000003,255288.09,2012,39,9,NoHoliday,772302.94,821568.64,749676.95,877495.9749999997,97651.35949865138
35,2012-10-05,866064.4,False,B,103681,64.5,3.985,142.8516833,8.665,452435.27999999997,0.0,241.56,162919.02,180663.78,2012,40,10,NoHoliday,814099.86,772302.94,791637.53,848201.1974999997,93632.4105685471
35,2012-10-12,873643.14,False,B,103681,55.4,4.0,142.9376167,8.665,103657.15999999999,0.0,362.44,37961.68,414626.6,2012,41,10,NoHoliday,866064.4,814099.86,772859.25,818508.9599999997,38407.108553752696
35,2012-10-19,829284.67,False,B,103681,56.53,3.969,142.8633629,8.665,183240.28,0.0,338.64000000000004,35774.12,139527.84,2012,42,10,NoHoliday,873643.14,866064.4,811328.4,831527.5849999997,47531.72883238523
35,2012-10-26,865137.6,False,B,103681,58.99,3.882,142.7624113,8.665,416811.02,2846.16,6901.0,18351.3,66784.93,2012,43,10,NoHoliday,829284.67,873643.14,808821.5,845773.0174999998,28656.22934755252
36,2011-02-04,417521.7,False,A,39910,46.68,2.98,211.3333753,8.395,0.0,0.0,0.0,0.0,0.0,2011,5,2,NoHoliday,372174.12,399191.05,467546.74,391630.68749999977,16735.939055537645
36,2011-02-11,401501.2,True,A,39910,41.16,3.009,211.6985093,8.395,0.0,0.0,0.0,0.0,0.0,2011,6,2,SuperBowl,417521.7,372174.12,469563.7,399846.1499999998,19933.653492521953
36,2011-02-18,427175.03,False,A,39910,57.48,3.017,212.0063522,8.395,0.0,0.0,0.0,0.0,0.0,2011,7,2,NoHoliday,401501.2,417521.7,470281.03,397597.0174999998,18806.916021114557
36,2011-02-25,380279.44,False,A,39910,67.73,3.053,212.2912786,8.395,0.0,0.0,0.0,0.0,0.0,2011,8,2,NoHoliday,427175.03,401501.2,447519.44,404593.0124999998,24066.86775323063
36,2011-03-04,402579.84,False,A,39910,64.55,3.282,212.576205,8.395,0.0,0.0,0.0,0.0,0.0,2011,9,3,NoHoliday,380279.44,427175.03,480203.43,406619.3424999998,20505.1500365558
36,2011-03-11,407506.77999999997,False,A,39910,59.15,3.448,212.8611313,8.395,0.0,0.0,0.0,0.0,0.0,2011,10,3,NoHoliday,402579.84,380279.44,441434.2,402883.87749999977,19174.852632114696
36,2011-03-18,431412.22000000003,False,A,39910,64.9,3.487,213.1096787,8.395,0.0,0.0,0.0,0.0,0.0,2011,11,3,NoHoliday,407506.77999999997,402579.84,428851.99,404385.2724999998,19265.405982929486
36,2011-03-25,390732.02,False,A,39910,71.07,3.488,213.3436744,8.395,0.0,0.0,0.0,0.0,0.0,2011,12,3,NoHoliday,431412.22000000003,407506.77999999997,404438.51,405444.5699999998,20976.66960018652
36,2011-04-01,385672.11,False,A,39910,67.31,3.529,213.5776701,8.3,0.0,0.0,0.0,0.0,0.0,2011,13,4,NoHoliday,390732.02,431412.22000000003,435972.82,408057.7149999998,17087.25894702015
36,2011-04-08,428727.61,False,A,39910,69.39,3.645,213.8116658,8.3,0.0,0.0,0.0,0.0,0.0,2011,14,4,NoHoliday,385672.11,390732.02,453016.91,403830.78249999974,20620.0842079586
36,2011-04-15,414986.54,False,A,39910,73.25,3.763,214.026217,8.3,0.0,0.0,0.0,0.0,0.0,2011,15,4,NoHoliday,428727.61,385672.11,483699.56,409135.98999999976,24285.261467964585
36,2011-04-22,374574.72000000003,False,A,39910,74.57,3.805,214.1921572,8.3,0.0,0.0,0.0,0.0,0.0,2011,16,4,NoHoliday,414986.54,428727.61,434116.8,405029.5699999998,20329.531435216635
36,2011-04-29,340708.78,False,A,39910,76.1,3.837,214.3580974,8.3,0.0,0.0,0.0,0.0,0.0,2011,17,4,NoHoliday,374574.72000000003,414986.54,457899.64,400990.24499999976,25150.764811592046
36,2011-05-06,393401.4,False,A,39910,69.56,3.917,214.5240376,8.3,0.0,0.0,0.0,0.0,0.0,2011,18,5,NoHoliday,340708.78,374574.72000000003,489372.02,389749.4124999998,39964.43174173876
36,2011-05-13,395316.65,False,A,39910,76.73,3.92,214.6899778,8.3,0.0,0.0,0.0,0.0,0.0,2011,19,5,NoHoliday,393401.4,340708.78,476733.74,380917.85999999975,31482.901536287834
36,2011-05-20,376183.44,False,A,39910,73.02,3.925,214.465412,8.3,0.0,0.0,0.0,0.0,0.0,2011,20,5,NoHoliday,395316.65,393401.4,474917.98,376000.3874999998,25320.89598730443
36,2011-05-27,348655.2,False,A,39910,81.28,3.786,214.2408462,8.3,0.0,0.0,0.0,0.0,0.0,2011,21,5,NoHoliday,376183.44,395316.65,447050.42,376402.5674999998,25303.47345186198
36,2011-06-03,373703.95,False,A,39910,82.96,3.69,214.0162805,8.3,0.0,0.0,0.0,0.0,0.0,2011,22,6,NoHoliday,348655.2,376183.44,471088.88,378389.17249999975,21609.26379717713
36,2011-06-10,374182.04,False,A,39910,82.41,3.633,213.7917147,8.3,0.0,0.0,0.0,0.0,0.0,2011,23,6,NoHoliday,373703.95,348655.2,467711.18,373464.8099999998,19152.61337089796
36,2011-06-17,394645.25,False,A,39910,84.43,3.599,213.7481256,8.3,0.0,0.0,0.0,0.0,0.0,2011,24,6,NoHoliday,374182.04,373703.95,485694.72000000003,368181.15749999974,13061.538568507036
36,2011-06-24,360009.94,False,A,39910,83.95,3.569,213.8402689,8.3,0.0,0.0,0.0,0.0,0.0,2011,25,6,NoHoliday,394645.25,374182.04,434879.87,372796.60999999975,18822.977349056895
36,2011-07-01,354270.77,False,A,39910,85.33,3.502,213.9324122,8.177,0.0,0.0,0.0,0.0,0.0,2011,26,7,NoHoliday,360009.94,394645.25,434252.14999999997,375635.29499999975,14275.528614066701
36,2011-07-08,377464.62,False,A,39910,84.71,3.44,214.0245556,8.177,0.0,0.0,0.0,0.0,0.0,2011,27,7,NoHoliday,354270.77,360009.94,471713.59,370776.99999999977,17978.439544556415
36,2011-07-15,385631.48,False,A,39910,85.63,3.55,214.1083654,8.177,0.0,0.0,0.0,0.0,0.0,2011,28,7,NoHoliday,377464.62,354270.77,466962.04,371597.6449999997,18258.413552574202
36,2011-07-22,361311.41000000003,False,A,39910,83.31,3.637,214.1713416,8.177,0.0,0.0,0.0,0.0,0.0,2011,29,7,NoHoliday,385631.48,377464.62,452021.2,369344.2024999998,14669.167353540588
36,2011-07-29,354361.08,False,A,39910,84.99,3.66,214.2343177,8.177,0.0,0.0,0.0,0.0,0.0,2011,30,7,NoHoliday,361311.41000000003,385631.48,432451.91,369669.5699999998,14405.175637335515
36,2011-08-05,381017.75,False,A,39910,86.71,3.652,214.2972939,8.177,0.0,0.0,0.0,0.0,0.0,2011,31,8,NoHoliday,354361.08,361311.41000000003,467442.94,369692.14749999973,14373.030776347861
36,2011-08-12,380188.69,False,A,39910,87.64,3.608,214.3602701,8.177,0.0,0.0,0.0,0.0,0.0,2011,32,8,NoHoliday,381017.75,354361.08,470436.8,370580.4299999998,15104.676992232322
36,2011-08-19,373267.57999999996,False,A,39910,87.24,3.534,214.4239935,8.177,0.0,0.0,0.0,0.0,0.0,2011,33,8,NoHoliday,380188.69,381017.75,437949.9,369219.7324999998,13451.547178647626
36,2011-08-26,344964.2,False,A,39910,86.02,3.501,214.4878416,8.177,0.0,0.0,0.0,0.0,0.0,2011,34,8,NoHoliday,373267.57999999996,380188.69,412050.73000000004,372208.77499999973,12395.407332960764
36,2011-09-02,350276.29,False,A,39910,87.5,3.481,214.5516896,8.177,0.0,0.0,0.0,0.0,0.0,2011,35,9,NoHoliday,344964.2,373267.57999999996,431294.45,369859.5549999998,16956.706446458968
36,2011-09-09,352960.64,True,A,39910,77.94,3.499,214.6155376,8.177,0.0,0.0,0.0,0.0,0.0,2011,36,9,LaborDay,350276.29,344964.2,434471.38,362174.18999999977,17178.759095694935
36,2011-09-16,343108.12,False,A,39910,82.06,3.473,214.7934111,8.177,0.0,0.0,0.0,0.0,0.0,2011,37,9,NoHoliday,352960.64,350276.29,454694.21,355367.17749999976,12387.559738919772
36,2011-09-23,322405.13,False,A,39910,78.35,3.441,215.1233185,8.177,0.0,0.0,0.0,0.0,0.0,2011,38,9,NoHoliday,343108.12,352960.64,419348.58999999997,347827.31249999977,4575.90548815675
36,2011-09-30,314910.37,False,A,39910,81.52,3.328,215.4532259,8.177,0.0,0.0,0.0,0.0,0.0,2011,39,9,NoHoliday,322405.13,343108.12,422169.47,342187.54499999975,13828.458255463438
36,2011-10-07,346137.87,False,A,39910,71.2,3.262,215.7831333,7.716,0.0,0.0,0.0,0.0,0.0,2011,40,10,NoHoliday,314910.37,322405.13,444351.61,333346.06499999977,17697.534471536306
36,2011-10-14,342076.99,False,A,39910,74.16,3.234,216.0885258,7.716,0.0,0.0,0.0,0.0,0.0,2011,41,10,NoHoliday,346137.87,314910.37,453308.15,331640.37249999976,15350.020132700063
36,2011-10-21,328633.33999999997,False,A,39910,67.89,3.308,216.2468287,7.716,0.0,0.0,0.0,0.0,0.0,2011,42,10,NoHoliday,342076.99,346137.87,424956.3,331382.58999999973,15099.859812497452
36,2011-10-28,306193.81,False,A,39910,71.31,3.306,216.4051315,7.716,0.0,0.0,0.0,0.0,0.0,2011,43,10,NoHoliday,328633.33999999997,342076.99,392654.26,332939.6424999998,14157.250635051969
36,2011-11-04,313387.11,False,A,39910,58.97,3.287,216.5634344,7.716,0.0,0.0,0.0,0.0,0.0,2011,44,11,NoHoliday,306193.81,328633.33999999997,405860.37,330760.5024999997,18005.30959940731
36,2011-11-11,328498.92,False,A,39910,63.5,3.254,216.7217373,7.716,2874.08,22847.0,0.0,0.0,58720.64,2011,45,11,NoHoliday,313387.11,306193.81,425804.8,322572.81249999977,16018.653573219604
36,2011-11-18,332901.94,False,A,39910,66.28,3.26,216.9395861,7.716,248.16,872.08,0.0,0.0,25432.879999999997,2011,46,11,NoHoliday,328498.92,313387.11,411615.71,319178.29499999975,11231.007684314996
36,2011-11-25,332811.55,True,A,39910,66.41,3.181,217.1812533,7.716,319.05,0.0,0.0,0.0,35133.75,2011,47,11,Thanksgiving,332901.94,328498.92,408891.49,320245.4449999997,12553.776595901116
36,2011-12-02,293350.51,False,A,39910,53.57,3.164,217.4229206,7.716,0.0,0.0,440.0,0.0,27469.64,2011,48,12,NoHoliday,332811.55,332901.94,360266.09,326899.8799999998,9239.849358079524
36,2011-12-09,312298.37,False,A,39910,50.64,3.147,217.6645878,7.716,0.0,0.0,-40.02,0.0,51934.92,2011,49,12,NoHoliday,293350.51,332811.55,404545.03,321890.72999999975,19137.427447406266
36,2011-12-16,341503.92000000004,False,A,39910,58.31,3.133,217.8781339,7.716,523.8000000000001,0.0,51.3,0.0,168848.1,2011,50,12,NoHoliday,312298.37,293350.51,410214.7,317840.5924999998,18986.43487802332
36,2011-12-23,325262.45999999996,False,A,39910,55.41,3.098,218.0541851,7.716,765.45,0.0,34.2,0.0,101913.75,2011,51,12,NoHoliday,341503.92000000004,312298.37,422093.59,319991.0874999998,21572.08453077397
36,2011-12-30,287425.22,True,A,39910,48.26,3.132,218.2302364,7.716,24700.949999999997,57987.45,0.0,2268.0,18549.45,2011,52,12,Christmas,325262.45999999996,341503.92000000004,359310.65,318103.81499999977,20373.515589047438
36,2012-01-06,329467.82,False,A,39910,57.18,3.129,218.4062876,7.244,278.24,106097.32999999999,134.42,0.0,48170.3,2012,1,1,NoHoliday,287425.22,325262.45999999996,384659.85,316622.49249999976,22839.390167913243
36,2012-01-13,325976.34,False,A,39910,56.28,3.254,218.5823389,7.244,697.4,61725.84,309.76,0.0,37765.64,2012,2,1,NoHoliday,329467.82,287425.22,410497.73,320914.85499999975,23363.219880743905
36,2012-01-20,330927.21,False,A,39910,58.9,3.275,218.6755292,7.244,13998.599999999999,12961.96,87.12,0.0,25959.56,2012,3,1,NoHoliday,325976.34,329467.82,399191.05,317032.95999999973,19823.83016519111
36,2012-01-27,301444.94,False,A,39910,62.73,3.313,218.7687195,7.244,1582.24,749.32,19.36,0.0,16765.760000000002,2012,4,1,NoHoliday,330927.21,325976.34,372174.12,318449.14749999973,20786.66152389428
36,2012-02-03,310982.87,False,A,39910,61.33,3.421,218.8619099,7.244,76809.61,64.5,112.66000000000001,107.5,59055.340000000004,2012,5,2,NoHoliday,301444.94,330927.21,417521.7,321954.0774999998,13829.63906355829
36,2012-02-10,335741.9,True,A,39910,54.49,3.462,218.9551002,7.244,36483.75,247.5,171.9,0.0,31495.5,2012,6,2,SuperBowl,310982.87,301444.94,401501.2,317332.8399999998,13567.9091168734
36,2012-02-17,326316.73,False,A,39910,54.38,3.503,219.1148297,7.244,16600.760000000002,18351.079999999998,19.36,0.0,23643.84,2012,7,2,NoHoliday,335741.9,310982.87,427175.03,319774.22999999975,16254.295132018771
36,2012-02-24,313270.45,False,A,39910,62.21,3.55,219.3244636,7.244,3901.3900000000003,7359.0199999999995,0.0,0.0,37528.68,2012,8,2,NoHoliday,326316.73,335741.9,380279.44,318621.60999999975,15337.400286319218
36,2012-03-02,315396.72000000003,False,A,39910,64.54,3.619,219.5340975,7.244,21510.3,0.84,0.0,0.0,99110.76000000001,2012,9,3,NoHoliday,313270.45,326316.73,402579.84,321577.9874999998,11609.533323880936
36,2012-03-09,318674.93,False,A,39910,63.19,3.647,219.7437314,7.244,11650.05,67.5,44.55,0.0,82603.35,2012,10,3,NoHoliday,315396.72000000003,313270.45,407506.77999999997,322681.4499999998,10415.130453767471
36,2012-03-16,335345.82,False,A,39910,67.48,3.779,219.8956335,7.244,4114.4400000000005,66.0,14.96,0.0,26964.52,2012,11,3,NoHoliday,318674.93,315396.72000000003,431412.22000000003,318414.7074999998,5717.8465984388295
36,2012-03-23,317872.51,False,A,39910,69.18,3.845,219.9705599,7.244,4250.12,0.0,73.1,0.0,59426.43,2012,12,3,NoHoliday,335345.82,318674.93,390732.02,320671.9799999998,10031.96231236054
36,2012-03-30,304144.9,False,A,39910,70.48,3.891,220.0454862,7.244,1812.6000000000001,22.5,0.0,0.0,19824.3,2012,13,3,NoHoliday,317872.51,335345.82,385672.11,321822.49499999976,9122.873275251954
36,2012-04-06,331026.11,False,A,39910,73.95,3.934,220.1204125,6.989,17259.2,0.0,0.0,570.86,64338.82000000001,2012,14,4,NoHoliday,304144.9,317872.51,428727.61,319009.5399999998,12770.230586463398
36,2012-04-13,339407.94,False,A,39910,72.54,3.919,220.1953389,6.989,3760.68,28677.879999999997,0.0,0.0,21431.079999999998,2012,15,4,NoHoliday,331026.11,304144.9,414986.54,322097.3349999998,14087.635791228498
36,2012-04-20,323915.32,False,A,39910,70.87,3.918,220.2483937,6.989,7821.88,13988.04,0.0,10177.64,64854.240000000005,2012,16,4,NoHoliday,339407.94,331026.11,374574.72000000003,323112.86499999976,15442.300481751025
36,2012-04-27,308389.82,False,A,39910,70.06,3.888,220.3014485,6.989,11384.1,1621.3500000000001,0.0,0.0,297955.8,2012,17,4,NoHoliday,323915.32,339407.94,340708.78,324623.5674999998,15049.337281455018
36,2012-05-04,312467.52,False,A,39910,77.17,3.835,220.3545033,6.989,26738.260000000002,0.0,0.0,790.3399999999999,51233.21,2012,18,5,NoHoliday,308389.82,323915.32,393401.4,325684.79749999975,13154.233243833609
36,2012-05-11,330518.33999999997,False,A,39910,76.55,3.764,220.4075581,6.989,22829.28,0.0,0.0,0.0,39266.88,2012,19,5,NoHoliday,312467.52,308389.82,395316.65,321045.1499999998,13894.399906581679
36,2012-05-18,324801.13,False,A,39910,73.7,3.713,220.4252149,6.989,15790.890000000001,0.0,0.0,0.0,73279.74,2012,20,5,NoHoliday,330518.33999999997,312467.52,376183.44,318822.74999999977,10197.321077030378
36,2012-05-25,306098.17,False,A,39910,78.94,3.636,220.4287124,6.989,23277.6,0.0,0.0,41.4,79541.09999999999,2012,21,5,NoHoliday,324801.13,330518.33999999997,348655.2,319044.2024999998,10353.206666287977
36,2012-06-01,306005.52999999997,False,A,39910,80.74,3.567,220.4322099,6.989,7890.96,0.0,0.0,168.83999999999997,70329.0,2012,22,6,NoHoliday,306098.17,324801.13,373703.95,318471.28999999975,11170.461657555588
36,2012-06-08,338273.38,False,A,39910,81.5,3.513,220.4357073,6.989,10209.15,0.0,0.0,225.0,26895.6,2012,23,6,NoHoliday,306005.52999999997,306098.17,374182.04,316855.79249999975,12691.837671032275
36,2012-06-15,333146.88,False,A,39910,82.15,3.407,220.4494148,6.989,39730.32,0.0,0.0,0.0,113805.72,2012,24,6,NoHoliday,338273.38,306005.52999999997,394645.25,318794.55249999976,15708.393925790355
36,2012-06-22,306411.01,False,A,39910,80.4,3.358,220.4886472,6.989,13377.42,0.0,0.0,0.0,75823.86,2012,25,6,NoHoliday,333146.88,338273.38,360009.94,320880.98999999976,17250.68467067766
36,2012-06-29,291530.43,False,A,39910,86.68,3.273,220.5278796,6.989,51454.04,0.0,0.0,0.0,112169.64,2012,26,6,NoHoliday,306411.01,333146.88,354270.77,320959.1999999998,17161.803048757785
36,2012-07-06,306578.89,False,A,39910,81.52,3.232,220.567112,6.623,10988.119999999999,0.0,1.76,0.0,29003.039999999997,2012,27,7,NoHoliday,291530.43,306411.01,377464.62,317340.42499999976,22163.337435915113
36,2012-07-13,298337.41,False,A,39910,78.15,3.245,220.6063444,6.623,34627.5,0.0,0.45,0.0,68881.05,2012,28,7,NoHoliday,306578.89,291530.43,385631.48,309416.80249999976,17321.73427931143
36,2012-07-20,303289.55,False,A,39910,81.76,3.301,220.6148749,6.623,1635.72,0.0,0.0,0.0,38140.57,2012,29,7,NoHoliday,298337.41,306578.89,361311.41000000003,300714.43499999976,7230.467825399474
36,2012-07-27,279643.43,False,A,39910,84.0,3.392,220.6234054,6.623,6217.37,0.0,0.0,0.0,66446.18,2012,30,7,NoHoliday,303289.55,298337.41,354361.08,299934.0699999998,6546.840645740095
36,2012-08-03,304989.97000000003,False,A,39910,85.56,3.404,220.6319358,6.623,10225.74,0.0,100.8,2707.74,45265.08,2012,31,8,NoHoliday,279643.43,303289.55,381017.75,296962.3199999998,12032.554195906345
36,2012-08-10,298947.51,False,A,39910,84.41,3.49,220.6404663,6.623,1106.16,0.0,0.0,87.12,72112.92,2012,32,8,NoHoliday,304989.97000000003,279643.43,380188.69,296565.08999999973,11628.70959734695
36,2012-08-17,314607.22000000003,False,A,39910,85.89,3.571,220.7199609,6.623,20334.3,0.0,0.0,0.0,63543.94,2012,33,8,NoHoliday,298947.51,304989.97000000003,373267.57999999996,296717.61499999976,11663.653116552303
36,2012-08-24,282545.55,False,A,39910,81.26,3.574,220.8526787,6.623,8248.800000000001,0.0,0.0,0.0,42542.22,2012,34,8,NoHoliday,314607.22000000003,298947.51,344964.2,299547.03249999974,14752.93909615116
36,2012-08-31,282647.48,False,A,39910,84.79,3.608,220.9853964,6.623,6871.92,0.0,0.0,0.0,14502.84,2012,35,8,NoHoliday,282545.55,314607.22000000003,350276.29,300272.56249999977,13462.77677549478
36,2012-09-07,293728.57,True,A,39910,84.19,3.697,221.1181142,6.623,20383.879999999997,0.0,77.0,0.0,109128.79999999999,2012,36,9,LaborDay,282647.48,282545.55,352960.64,294686.93999999977,15355.0421716708
36,2012-09-14,301893.63,False,A,39910,78.16,3.692,221.2601207,6.623,34694.0,0.0,46.2,151.35999999999999,70035.68000000001,2012,37,9,NoHoliday,293728.57,282647.48,343108.12,293382.2049999998,15091.81503257667
36,2012-09-21,293804.45,False,A,39910,75.98,3.709,221.4578604,6.623,2336.4,0.0,0.0,0.0,67419.88,2012,38,9,NoHoliday,301893.63,293728.57,322405.13,290203.80749999976,9395.440277798412
36,2012-09-28,270677.98,False,A,39910,79.49,3.66,221.6556,6.623,9225.0,0.0,0.0,0.0,87296.40000000001,2012,39,9,NoHoliday,293804.45,301893.63,314910.37,293018.53249999974,7904.5958196252495
36,2012-10-05,277137.86,False,A,39910,73.57,3.611,221.8533396,6.228,9921.23,0.0,0.0,0.0,47349.68,2012,40,10,NoHoliday,270677.98,293804.45,346137.87,290026.15749999974,13455.757487658551
36,2012-10-12,300236.85000000003,False,A,39910,71.28,3.576,222.0510793,6.228,1452.6000000000001,0.0,0.0,0.0,59072.85,2012,41,10,NoHoliday,277137.86,270677.98,342076.99,285878.47999999975,14454.061346815717
36,2012-10-19,287360.05,False,A,39910,74.06,3.57,222.0951719,6.228,1276.44,0.0,0.0,0.0,27812.4,2012,42,10,NoHoliday,300236.85000000003,277137.86,328633.33999999997,285464.2849999998,13853.413511897288
36,2012-10-26,272489.41,False,A,39910,74.39,3.494,222.1136566,6.228,20374.2,76.56,0.0,0.0,35013.44,2012,43,10,NoHoliday,287360.05,300236.85000000003,306193.81,283853.18499999976,12902.25041950592
37,2011-02-04,583835.1799999999,False,C,39910,46.68,2.989,211.3333753,8.395,0.0,0.0,0.0,0.0,0.0,2011,5,2,NoHoliday,513672.36,526486.82,536006.73,527060.0249999997,11816.990732198354
37,2011-02-11,522514.32,True,C,39910,41.16,3.022,211.6985093,8.395,0.0,0.0,0.0,0.0,0.0,2011,6,2,SuperBowl,583835.1799999999,513672.36,529852.7,537402.8149999997,31502.19967595776
37,2011-02-18,536840.6900000001,False,C,39910,57.48,3.045,212.0063522,8.395,0.0,0.0,0.0,0.0,0.0,2011,7,2,NoHoliday,522514.32,583835.1799999999,510382.5,536627.1699999997,31924.487694064734
37,2011-02-25,514758.19,False,C,39910,67.73,3.065,212.2912786,8.395,0.0,0.0,0.0,0.0,0.0,2011,8,2,NoHoliday,536840.6900000001,522514.32,513615.82,539215.6374999997,31240.662499692266
37,2011-03-04,527572.25,False,C,39910,64.55,3.288,212.576205,8.395,0.0,0.0,0.0,0.0,0.0,2011,9,3,NoHoliday,514758.19,536840.6900000001,519255.68,539487.0949999997,30948.074449175074
37,2011-03-11,505610.39999999997,False,C,39910,59.15,3.459,212.8611313,8.395,0.0,0.0,0.0,0.0,0.0,2011,10,3,NoHoliday,527572.25,514758.19,513015.35,525421.3624999997,9258.89664946155
37,2011-03-18,478503.06,False,C,39910,64.9,3.488,213.1096787,8.395,0.0,0.0,0.0,0.0,0.0,2011,11,3,NoHoliday,505610.39999999997,527572.25,460020.74,521195.3824999997,13781.257958237049
37,2011-03-25,522105.93,False,C,39910,71.07,3.473,213.3436744,8.395,0.0,0.0,0.0,0.0,0.0,2011,12,3,NoHoliday,478503.06,505610.39999999997,515777.97,506610.9749999997,20791.08942075321
37,2011-04-01,534578.78,False,C,39910,67.31,3.524,213.5776701,8.3,0.0,0.0,0.0,0.0,0.0,2011,13,4,NoHoliday,522105.93,478503.06,540189.7,508447.9099999997,22038.053417699193
37,2011-04-08,543703.16,False,C,39910,69.39,3.622,213.8116658,8.3,0.0,0.0,0.0,0.0,0.0,2011,14,4,NoHoliday,534578.78,522105.93,513327.55,510199.5424999997,24233.83664895766
37,2011-04-15,543775.87,False,C,39910,73.25,3.743,214.026217,8.3,0.0,0.0,0.0,0.0,0.0,2011,15,4,NoHoliday,543703.16,534578.78,524544.83,519722.7324999997,28870.423630313428
37,2011-04-22,526434.37,False,C,39910,74.57,3.807,214.1921572,8.3,0.0,0.0,0.0,0.0,0.0,2011,16,4,NoHoliday,543775.87,543703.16,527019.78,536040.9349999997,10244.692496494645
37,2011-04-29,502918.18,False,C,39910,76.1,3.81,214.3580974,8.3,0.0,0.0,0.0,0.0,0.0,2011,17,4,NoHoliday,526434.37,543775.87,517850.82999999996,537123.0449999997,8332.24762762033
37,2011-05-06,547513.3,False,C,39910,69.56,3.906,214.5240376,8.3,0.0,0.0,0.0,0.0,0.0,2011,18,5,NoHoliday,502918.18,526434.37,543234.77,529207.8949999997,19332.01281788229
37,2011-05-13,511871.63,False,C,39910,76.73,3.899,214.6899778,8.3,0.0,0.0,0.0,0.0,0.0,2011,19,5,NoHoliday,547513.3,502918.18,505196.08,530160.4299999997,20351.29817203444
37,2011-05-20,533564.42,False,C,39910,73.02,3.907,214.465412,8.3,0.0,0.0,0.0,0.0,0.0,2011,20,5,NoHoliday,511871.63,547513.3,510494.7,522184.36999999976,19469.25677757538
37,2011-05-27,507086.75,False,C,39910,81.28,3.786,214.2408462,8.3,0.0,0.0,0.0,0.0,0.0,2011,21,5,NoHoliday,533564.42,511871.63,532241.22,523966.8824999997,20296.87589396699
37,2011-06-03,500381.23,False,C,39910,82.96,3.699,214.0162805,8.3,0.0,0.0,0.0,0.0,0.0,2011,22,6,NoHoliday,507086.75,533564.42,479195.02,525009.0249999997,18915.92156084458
37,2011-06-10,509647.25,False,C,39910,82.41,3.648,213.7917147,8.3,0.0,0.0,0.0,0.0,0.0,2011,23,6,NoHoliday,500381.23,507086.75,481915.11,513226.0074999997,14354.606149871008
37,2011-06-17,525132.36,False,C,39910,84.43,3.637,213.7481256,8.3,0.0,0.0,0.0,0.0,0.0,2011,24,6,NoHoliday,509647.25,500381.23,505761.62,512669.91249999974,14467.208362235
37,2011-06-24,509276.22,False,C,39910,83.95,3.594,213.8402689,8.3,0.0,0.0,0.0,0.0,0.0,2011,25,6,NoHoliday,525132.36,509647.25,485419.39,510561.89749999973,10469.918790688755
37,2011-07-01,517021.3,False,C,39910,85.33,3.524,213.9324122,8.177,0.0,0.0,0.0,0.0,0.0,2011,26,7,NoHoliday,509276.22,525132.36,498292.52999999997,511109.26499999966,10283.24641051088
37,2011-07-08,489059.93,False,C,39910,84.71,3.48,214.0245556,8.177,0.0,0.0,0.0,0.0,0.0,2011,27,7,NoHoliday,517021.3,509276.22,502456.04,515269.2824999997,7480.506014445283
37,2011-07-15,498749.62,False,C,39910,85.63,3.575,214.1083654,8.177,0.0,0.0,0.0,0.0,0.0,2011,28,7,NoHoliday,489059.93,517021.3,485150.01,510122.45249999966,15462.183799399858
37,2011-07-22,505543.53,False,C,39910,83.31,3.651,214.1713416,8.177,0.0,0.0,0.0,0.0,0.0,2011,29,7,NoHoliday,498749.62,489059.93,491998.12,503526.7674999997,12210.22982280494
37,2011-07-29,504974.95,False,C,39910,84.99,3.682,214.2343177,8.177,0.0,0.0,0.0,0.0,0.0,2011,30,7,NoHoliday,505543.53,498749.62,487912.95,502593.5949999997,11758.642498885798
37,2011-08-05,510787.46,False,C,39910,86.71,3.684,214.2972939,8.177,0.0,0.0,0.0,0.0,0.0,2011,31,8,NoHoliday,504974.95,505543.53,508576.62,499582.0074999997,7660.081880291506
37,2011-08-12,502504.39,False,C,39910,87.64,3.638,214.3602701,8.177,0.0,0.0,0.0,0.0,0.0,2011,32,8,NoHoliday,510787.46,504974.95,491815.83,505013.88999999966,4928.05654988548
37,2011-08-19,506897.98,False,C,39910,87.24,3.554,214.4239935,8.177,0.0,0.0,0.0,0.0,0.0,2011,33,8,NoHoliday,502504.39,510787.46,486930.72,505952.5824999997,3482.774815930677
37,2011-08-26,527947.21,False,C,39910,86.02,3.523,214.4878416,8.177,0.0,0.0,0.0,0.0,0.0,2011,34,8,NoHoliday,506897.98,502504.39,512157.25,506291.1949999997,3495.5676715927775
37,2011-09-02,530367.8300000001,False,C,39910,87.5,3.533,214.5516896,8.177,0.0,0.0,0.0,0.0,0.0,2011,35,9,NoHoliday,527947.21,506897.98,510427.53,512034.2599999997,11135.173736754343
37,2011-09-09,506273.74,True,C,39910,77.94,3.546,214.6155376,8.177,0.0,0.0,0.0,0.0,0.0,2011,36,9,LaborDay,530367.8300000001,527947.21,510296.07,516929.3524999997,14267.607120251838
37,2011-09-16,513341.94,False,C,39910,82.06,3.526,214.7934111,8.177,0.0,0.0,0.0,0.0,0.0,2011,37,9,NoHoliday,506273.74,530367.8300000001,501251.39999999997,517871.6899999997,13071.653473345406
37,2011-09-23,516556.94,False,C,39910,78.35,3.467,215.1233185,8.177,0.0,0.0,0.0,0.0,0.0,2011,38,9,NoHoliday,513341.94,506273.74,494265.48,519482.6799999997,11580.436698150319
37,2011-09-30,516402.10000000003,False,C,39910,81.52,3.355,215.4532259,8.177,0.0,0.0,0.0,0.0,0.0,2011,39,9,NoHoliday,516556.94,513341.94,529877.9299999999,516635.1124999997,10112.643342506062
37,2011-10-07,522816.85,False,C,39910,71.2,3.285,215.7831333,7.716,0.0,0.0,0.0,0.0,0.0,2011,40,10,NoHoliday,516402.10000000003,516556.94,524483.65,513143.6799999997,4813.281188561042
37,2011-10-14,513636.01,False,C,39910,74.16,3.274,216.0885258,7.716,0.0,0.0,0.0,0.0,0.0,2011,41,10,NoHoliday,522816.85,516402.10000000003,498925.86,517279.4574999997,3977.375496797096
37,2011-10-21,522784.33,False,C,39910,67.89,3.353,216.2468287,7.716,0.0,0.0,0.0,0.0,0.0,2011,42,10,NoHoliday,513636.01,522816.85,510425.4,517352.97499999974,3881.906484310157
37,2011-10-28,517355.44,False,C,39910,71.31,3.372,216.4051315,7.716,0.0,0.0,0.0,0.0,0.0,2011,43,10,NoHoliday,522784.33,513636.01,514485.9,518909.8224999998,4632.437901022754
37,2011-11-04,555925.6,False,C,39910,58.97,3.332,216.5634344,7.716,0.0,0.0,0.0,0.0,0.0,2011,44,11,NoHoliday,517355.44,522784.33,539683.42,519148.15749999974,4482.5090165697075
37,2011-11-11,501268.78,False,C,39910,63.5,3.297,216.7217373,7.716,439.61999999999995,2883.03,6013.92,0.0,40610.28,2011,45,11,NoHoliday,555925.6,517355.44,517546.69,527425.3449999997,19367.94862473529
37,2011-11-18,527495.09,False,C,39910,66.28,3.308,216.9395861,7.716,1608.5,275.5,0.0,0.0,75124.5,2011,46,11,NoHoliday,501268.78,555925.6,518124.16,524333.5374999996,22957.463130610802
37,2011-11-25,522554.04,True,C,39910,66.41,3.236,217.1812533,7.716,140.0,0.0,0.0,0.0,15441.0,2011,47,11,Thanksgiving,527495.09,501268.78,518220.72,525511.2274999997,22972.3231706316
37,2011-12-02,527117.81,False,C,39910,53.57,3.172,217.4229206,7.716,75.0,0.0,301.5,0.0,59016.0,2011,48,12,NoHoliday,522554.04,527495.09,508213.14,526810.8774999997,22499.293494409674
37,2011-12-09,537224.52,False,C,39910,50.64,3.158,217.6645878,7.716,0.0,0.0,831.0,0.0,65991.0,2011,49,12,NoHoliday,527117.81,522554.04,511207.51999999996,519608.9299999997,12431.272037079036
37,2011-12-16,533905.67,False,C,39910,58.31,3.159,217.8781339,7.716,695.76,0.0,477.36,0.0,45176.56,2011,50,12,NoHoliday,537224.52,527117.81,534285.21,528597.8649999998,6173.968811818231
37,2011-12-23,605791.46,False,C,39910,55.41,3.112,218.0541851,7.716,8379.83,0.0,397.5,0.0,69794.64,2011,51,12,NoHoliday,533905.67,537224.52,576809.92,530200.5099999998,6608.995634767957
37,2011-12-30,451327.61,True,C,39910,48.26,3.129,218.2302364,7.716,19817.760000000002,56061.81,79.5,534.24,39291.020000000004,2011,52,12,Christmas,605791.46,533905.67,460331.7,551009.8649999998,36762.492961702905
37,2012-01-06,558343.57,False,C,39910,57.18,3.157,218.4062876,7.244,13293.99,71456.72,2546.6499999999996,0.0,61020.49,2012,1,1,NoHoliday,451327.61,605791.46,542464.02,532062.3149999997,63203.706990520106
37,2012-01-13,546221.4,False,C,39910,56.28,3.261,218.5823389,7.244,81347.04999999999,30817.38,1646.71,0.0,43473.78,2012,2,1,NoHoliday,558343.57,451327.61,525616.9,537342.0774999997,64644.355689979384
37,2012-01-20,543894.07,False,C,39910,58.9,3.268,218.6755292,7.244,19053.84,16323.320000000002,1452.88,0.0,17931.68,2012,3,1,NoHoliday,546221.4,558343.57,526486.82,540421.0099999998,64719.3745795706
37,2012-01-27,514116.58,False,C,39910,62.73,3.29,218.7687195,7.244,9500.28,1415.25,1683.0,0.0,16515.329999999998,2012,4,1,NoHoliday,543894.07,546221.4,513672.36,524946.6624999997,49486.486466074886
37,2012-02-03,555424.24,False,C,39910,61.33,3.36,218.8619099,7.244,75080.86,615.86,4947.02,7007.66,93140.61,2012,5,2,NoHoliday,514116.58,543894.07,583835.1799999999,540643.9049999997,18785.181534161482
37,2012-02-10,527041.46,True,C,39910,54.49,3.409,218.9551002,7.244,13745.679999999998,156.0,2080.52,0.0,111693.4,2012,6,2,SuperBowl,555424.24,514116.58,522514.32,539914.0724999998,17904.36329969143
37,2012-02-17,541071.29,False,C,39910,54.38,3.51,219.1148297,7.244,63395.46,32027.4,154.44,0.0,74098.8,2012,7,2,NoHoliday,527041.46,555424.24,536840.6900000001,535119.0874999997,18217.692163427415
37,2012-02-24,518696.89,False,C,39910,62.21,3.555,219.3244636,7.244,7200.18,14393.220000000001,0.0,0.0,37722.15,2012,8,2,NoHoliday,541071.29,527041.46,514758.19,534413.3924999997,17814.68774427294
37,2012-03-02,525559.17,False,C,39910,64.54,3.63,219.5340975,7.244,46408.44,983.8400000000001,150.79999999999998,0.0,175232.72,2012,9,3,NoHoliday,518696.89,541071.29,527572.25,535558.4699999997,16144.06332088385
37,2012-03-09,535937.25,False,C,39910,63.19,3.669,219.7437314,7.244,54315.99,106.0,567.0999999999999,0.0,122161.29,2012,10,3,NoHoliday,525559.17,518696.89,505610.39999999997,528092.2024999997,9385.253020871169
37,2012-03-16,484588.34,False,C,39910,67.48,3.734,219.8956335,7.244,5565.63,229.5,121.38,0.0,28744.11,2012,11,3,NoHoliday,535937.25,525559.17,478503.06,530316.1499999997,10081.432823796182
37,2012-03-23,520887.23,False,C,39910,69.18,3.787,219.9705599,7.244,24418.690000000002,0.0,36.04,0.0,82694.84,2012,12,3,NoHoliday,484588.34,535937.25,522105.93,516195.41249999974,22231.24321117777
37,2012-03-30,533734.9400000001,False,C,39910,70.48,3.845,220.0454862,7.244,2223.3500000000004,26.5,0.0,0.0,32853.11,2012,13,3,NoHoliday,520887.23,484588.34,534578.78,516742.9974999997,22340.105107071377
37,2012-04-06,564848.78,False,C,39910,73.95,3.891,220.1204125,6.989,881.8199999999999,0.0,1298.7,0.0,114453.0,2012,14,4,NoHoliday,533734.9400000001,520887.23,543703.16,518786.9399999997,23745.39462145049
37,2012-04-13,506973.17,False,C,39910,72.54,3.891,220.1953389,6.989,16396.02,33572.880000000005,102.6,0.0,131171.4,2012,15,4,NoHoliday,564848.78,533734.9400000001,543775.87,526014.8224999998,33217.07455781939
37,2012-04-20,523483.19,False,C,39910,70.87,3.877,220.2483937,6.989,6500.0,1693.64,327.59999999999997,0.0,166497.76,2012,16,4,NoHoliday,506973.17,564848.78,526434.37,531611.0299999997,24706.834753529816
37,2012-04-27,528807.45,False,C,39910,70.06,3.814,220.3014485,6.989,13479.960000000001,0.0,394.16,0.0,44779.28,2012,17,4,NoHoliday,523483.19,506973.17,502918.18,532260.0199999997,24362.951348032922
37,2012-05-04,535311.64,False,C,39910,77.17,3.749,220.3545033,6.989,14642.31,0.0,789.7,0.0,35596.92,2012,18,5,NoHoliday,528807.45,523483.19,547513.3,531028.1474999997,24388.07773163891
37,2012-05-11,527983.04,False,C,39910,76.55,3.688,220.4075581,6.989,17366.96,0.0,36.4,0.0,78005.72,2012,19,5,NoHoliday,535311.64,528807.45,511871.63,523643.8624999997,12120.746288716404
37,2012-05-18,534847.96,False,C,39910,73.7,3.63,220.4252149,6.989,20352.8,0.0,0.0,0.0,88294.96,2012,20,5,NoHoliday,527983.04,535311.64,533564.42,528896.3299999997,4875.116592752674
37,2012-05-25,540625.79,False,C,39910,78.94,3.561,220.4287124,6.989,0.0,0.0,0.0,0.0,38133.719999999994,2012,21,5,NoHoliday,534847.96,527983.04,507086.75,531737.5224999997,3878.599450306406
37,2012-06-01,531811.85,False,C,39910,80.74,3.501,220.4322099,6.989,3006.12,0.0,0.0,0.0,65973.96,2012,22,6,NoHoliday,540625.79,534847.96,500381.23,534692.1074999997,5184.215957918962
37,2012-06-08,528940.78,False,C,39910,81.5,3.452,220.4357073,6.989,17810.22,0.0,734.4,0.0,39236.340000000004,2012,23,6,NoHoliday,531811.85,540625.79,509647.25,533817.1599999997,5337.8589818948885
37,2012-06-15,508573.16000000003,False,C,39910,82.15,3.393,220.4494148,6.989,13279.76,0.0,234.51999999999998,0.0,157424.80000000002,2012,24,6,NoHoliday,528940.78,531811.85,525132.36,534056.5949999997,4999.700817211541
37,2012-06-22,484032.75,False,C,39910,80.4,3.346,220.4886472,6.989,14421.16,0.0,0.0,0.0,66001.52,2012,25,6,NoHoliday,508573.16000000003,528940.78,509276.22,527487.8949999998,13554.568072070224
37,2012-06-29,508309.81,False,C,39910,86.68,3.286,220.5278796,6.989,8596.64,0.0,0.0,0.0,103471.68,2012,26,6,NoHoliday,484032.75,508573.16000000003,517021.3,513339.6349999997,22107.549575438126
37,2012-07-06,519498.32,False,C,39910,81.52,3.227,220.567112,6.623,13513.24,0.0,482.03999999999996,0.0,60108.36,2012,27,7,NoHoliday,508309.81,484032.75,489059.93,507464.12499999977,18368.643446333725
37,2012-07-13,506005.47000000003,False,C,39910,78.15,3.256,220.6063444,6.623,9190.8,0.0,66.42,0.0,68609.16,2012,28,7,NoHoliday,519498.32,508309.81,498749.62,505103.50999999966,14983.394283581812
37,2012-07-20,503744.56,False,C,39910,81.76,3.311,220.6148749,6.623,3588.1000000000004,0.0,210.41,0.0,86619.48999999999,2012,29,7,NoHoliday,506005.47000000003,519498.32,505543.53,504461.58749999973,14839.509375390624
37,2012-07-27,514489.17,False,C,39910,84.0,3.407,220.6234054,6.623,1154.92,0.0,48.36,0.0,36677.16,2012,30,7,NoHoliday,503744.56,506005.47000000003,504974.95,509389.5399999997,6992.161777591433
37,2012-08-03,521959.28,False,C,39910,85.56,3.417,220.6319358,6.623,0.0,0.0,931.7399999999999,0.0,36229.740000000005,2012,31,8,NoHoliday,514489.17,503744.56,510787.46,510934.3799999997,7347.68139695703
37,2012-08-10,500964.59,False,C,39910,84.41,3.494,220.6404663,6.623,26513.76,0.0,1207.44,1338.48,165563.32,2012,32,8,NoHoliday,521959.28,514489.17,502504.39,511549.6199999997,8339.834858267868
37,2012-08-17,509633.71,False,C,39910,85.89,3.571,220.7199609,6.623,9184.320000000002,0.0,710.64,0.0,42779.340000000004,2012,33,8,NoHoliday,500964.59,521959.28,506897.98,510289.3999999997,9723.017012470866
37,2012-08-24,522665.04,False,C,39910,81.26,3.62,220.8526787,6.623,13100.01,0.0,1266.6999999999998,0.0,121148.98999999999,2012,34,8,NoHoliday,509633.71,500964.59,527947.21,511761.6874999997,8804.083452092087
37,2012-08-31,538344.1,False,C,39910,84.79,3.638,220.9853964,6.623,0.0,0.0,618.12,0.0,27589.98,2012,35,8,NoHoliday,522665.04,509633.71,530367.8300000001,513805.6549999997,10444.589966123476
37,2012-09-07,526838.14,True,C,39910,84.19,3.73,221.1181142,6.623,16956.29,0.0,13319.43,18800.690000000002,113736.94,2012,36,9,LaborDay,538344.1,522665.04,506273.74,517901.8599999997,16287.075442923684
37,2012-09-14,514651.74,False,C,39910,78.16,3.717,221.2601207,6.623,37779.27,0.0,1633.0200000000002,6275.04,82468.53,2012,37,9,NoHoliday,526838.14,538344.1,513341.94,524370.2474999997,11852.317877881664
37,2012-09-21,521320.98,False,C,39910,75.98,3.721,221.4578604,6.623,12314.97,0.0,0.0,0.0,109339.40999999999,2012,38,9,NoHoliday,514651.74,526838.14,516556.94,525624.7549999997,9872.875493043737
37,2012-09-28,527953.14,False,C,39910,79.49,3.666,221.6556,6.623,3159.33,0.0,0.0,0.0,38314.759999999995,2012,39,9,NoHoliday,521320.98,514651.74,516402.10000000003,525288.7399999996,10028.824350373698
37,2012-10-05,546122.37,False,C,39910,73.57,3.617,221.8533396,6.228,6727.82,0.0,107.06,0.0,76955.47,2012,40,10,NoHoliday,527953.14,521320.98,522816.85,522690.9999999997,6093.5907244704595
37,2012-10-12,521810.75,False,C,39910,71.28,3.601,222.0510793,6.228,1681.47,0.0,250.92,0.0,106268.7,2012,41,10,NoHoliday,546122.37,527953.14,513636.01,527512.0574999998,13543.208531411912
37,2012-10-19,551969.1,False,C,39910,74.06,3.594,222.0951719,6.228,6547.5,0.0,356.4,0.0,48000.6,2012,42,10,NoHoliday,521810.75,546122.37,522784.33,529301.8099999997,11612.633593628014
37,2012-10-26,534738.43,False,C,39910,74.39,3.506,222.1136566,6.228,1016.0799999999999,271.44,80.60000000000001,0.0,98372.04,2012,43,10,NoHoliday,551969.1,521810.75,517355.44,536963.8399999996,14374.112732163565
38,2011-02-04,402341.76,False,C,39690,45.14,3.348,127.7195806,14.021,0.0,0.0,0.0,0.0,0.0,2011,5,2,NoHoliday,357557.16,341098.08,358496.14,360284.64249999967,18902.113568491968
38,2011-02-11,377672.46,True,C,39690,51.3,3.381,127.859129,14.021,0.0,0.0,0.0,0.0,0.0,2011,6,2,SuperBowl,402341.76,357557.16,342214.9,364283.9474999997,26442.231403788664
38,2011-02-18,364606.7,False,C,39690,53.35,3.43,127.99525,14.021,0.0,0.0,0.0,0.0,0.0,2011,7,2,NoHoliday,377672.46,402341.76,327237.92,369667.3649999997,26423.214194970686
38,2011-02-25,354232.34,False,C,39690,48.45,3.53,128.13,14.021,0.0,0.0,0.0,0.0,0.0,2011,8,2,NoHoliday,364606.7,377672.46,334222.73,375544.51999999967,19712.950281769383
38,2011-03-04,405429.43,False,C,39690,51.72,3.674,128.26475,14.021,0.0,0.0,0.0,0.0,0.0,2011,9,3,NoHoliday,354232.34,364606.7,372239.89,374713.3149999997,20766.170534543853
38,2011-03-11,357897.18,False,C,39690,57.75,3.818,128.3995,14.021,0.0,0.0,0.0,0.0,0.0,2011,10,3,NoHoliday,405429.43,354232.34,342023.92,375485.2324999997,22146.985024883266
38,2011-03-18,349459.95,False,C,39690,64.21,3.692,128.5121935,14.021,0.0,0.0,0.0,0.0,0.0,2011,11,3,NoHoliday,357897.18,405429.43,333025.47,370541.41249999974,23652.040355353685
38,2011-03-25,351541.62,False,C,39690,54.4,3.909,128.6160645,14.021,0.0,0.0,0.0,0.0,0.0,2011,12,3,NoHoliday,349459.95,357897.18,335858.11,366754.7249999997,26013.511096509294
38,2011-04-01,382098.13,False,C,39690,63.63,3.772,128.7199355,13.736,0.0,0.0,0.0,0.0,0.0,2011,13,4,NoHoliday,351541.62,349459.95,368929.55,366082.0449999997,26475.943312296844
38,2011-04-08,392152.3,False,C,39690,64.47,4.003,128.8238065,13.736,0.0,0.0,0.0,0.0,0.0,2011,14,4,NoHoliday,382098.13,351541.62,341630.46,360249.2199999997,15001.528869803418
38,2011-04-15,362758.94,False,C,39690,57.63,3.868,128.9107333,13.736,0.0,0.0,0.0,0.0,0.0,2011,15,4,NoHoliday,392152.3,382098.13,337723.49,368812.9999999997,21556.58225125555
38,2011-04-22,362952.34,False,C,39690,72.12,4.134,128.9553,13.736,0.0,0.0,0.0,0.0,0.0,2011,16,4,NoHoliday,362758.94,392152.3,335121.82,372137.7474999997,18366.219257932557
38,2011-04-29,344225.99,False,C,39690,68.27,4.151,128.9998667,13.736,0.0,0.0,0.0,0.0,0.0,2011,17,4,NoHoliday,362952.34,362758.94,337979.65,374990.4274999997,14601.074614635098
38,2011-05-06,422186.65,False,C,39690,68.4,4.193,129.0444333,13.736,0.0,0.0,0.0,0.0,0.0,2011,18,5,NoHoliday,344225.99,362952.34,383657.44,365522.3924999997,19806.82182586651
38,2011-05-13,366977.79,False,C,39690,70.93,4.202,129.089,13.736,0.0,0.0,0.0,0.0,0.0,2011,19,5,NoHoliday,422186.65,344225.99,346174.3,373030.9799999997,33926.88772498711
38,2011-05-20,365730.76,False,C,39690,66.59,4.169,129.0756774,13.736,0.0,0.0,0.0,0.0,0.0,2011,20,5,NoHoliday,366977.79,422186.65,340497.08,374085.6924999997,33564.75215507814
38,2011-05-27,356886.1,False,C,39690,76.67,4.087,129.0623548,13.736,0.0,0.0,0.0,0.0,0.0,2011,21,5,NoHoliday,365730.76,366977.79,326469.43,374780.2974999997,33285.137906988035
38,2011-06-03,396826.06,False,C,39690,71.81,4.031,129.0490323,13.736,0.0,0.0,0.0,0.0,0.0,2011,22,6,NoHoliday,356886.1,365730.76,376184.88,377945.3249999997,29834.366188021682
38,2011-06-10,381763.02,False,C,39690,78.72,3.981,129.0357097,13.736,0.0,0.0,0.0,0.0,0.0,2011,23,6,NoHoliday,396826.06,356886.1,354828.65,371605.1774999997,17403.693598589733
38,2011-06-17,356797.0,False,C,39690,86.84,3.935,129.0432,13.736,0.0,0.0,0.0,0.0,0.0,2011,24,6,NoHoliday,381763.02,396826.06,335691.85000000003,375301.4849999997,17661.48299985059
38,2011-06-24,354078.95,False,C,39690,88.95,3.898,129.0663,13.736,0.0,0.0,0.0,0.0,0.0,2011,25,6,NoHoliday,356797.0,381763.02,322046.76,373068.0449999997,19720.10916482072
38,2011-07-01,387334.04,False,C,39690,89.85,3.842,129.0894,13.503,0.0,0.0,0.0,0.0,0.0,2011,26,7,NoHoliday,354078.95,356797.0,361181.48,372366.2574999997,20521.60226503399
38,2011-07-08,399699.17,False,C,39690,89.9,3.705,129.1125,13.503,0.0,0.0,0.0,0.0,0.0,2011,27,7,NoHoliday,387334.04,354078.95,343850.34,369993.2524999997,16996.435334907288
38,2011-07-15,367181.71,False,C,39690,88.1,3.692,129.1338387,13.503,0.0,0.0,0.0,0.0,0.0,2011,28,7,NoHoliday,399699.17,387334.04,338277.71,374477.2899999997,22584.09603082051
38,2011-07-22,365562.67,False,C,39690,91.17,3.794,129.1507742,13.503,0.0,0.0,0.0,0.0,0.0,2011,29,7,NoHoliday,367181.71,399699.17,328336.85,377073.46749999974,20361.69985695465
38,2011-07-29,355131.33,False,C,39690,93.29,3.805,129.1677097,13.503,0.0,0.0,0.0,0.0,0.0,2011,30,7,NoHoliday,365562.67,367181.71,336378.38,379944.39749999973,16478.04732528087
38,2011-08-05,437631.44,False,C,39690,90.61,3.803,129.1846452,13.503,0.0,0.0,0.0,0.0,0.0,2011,31,8,NoHoliday,355131.33,365562.67,378574.44,371893.71999999974,19290.80956145257
38,2011-08-12,387844.05,False,C,39690,91.04,3.701,129.2015806,13.503,0.0,0.0,0.0,0.0,0.0,2011,32,8,NoHoliday,437631.44,355131.33,341400.72000000003,381376.78749999974,37881.37847221649
38,2011-08-19,362224.7,False,C,39690,91.74,3.743,129.2405806,13.503,0.0,0.0,0.0,0.0,0.0,2011,33,8,NoHoliday,387844.05,437631.44,329139.73,386542.3724999997,36690.54687658971
38,2011-08-26,365672.55,False,C,39690,94.61,3.74,129.2832581,13.503,0.0,0.0,0.0,0.0,0.0,2011,34,8,NoHoliday,362224.7,387844.05,322868.56,385707.8799999997,37358.6422764008
38,2011-09-02,416953.51,False,C,39690,93.66,3.798,129.3259355,13.503,0.0,0.0,0.0,0.0,0.0,2011,35,9,NoHoliday,365672.55,362224.7,377096.55,388343.1849999997,34764.51335649819
38,2011-09-09,397771.68,True,C,39690,88.0,3.913,129.3686129,13.503,0.0,0.0,0.0,0.0,0.0,2011,36,9,LaborDay,416953.51,365672.55,336227.69,383173.7024999997,25219.29542454902
38,2011-09-16,408188.88,False,C,39690,76.36,3.918,129.4306,13.503,0.0,0.0,0.0,0.0,0.0,2011,37,9,NoHoliday,397771.68,416953.51,336253.19,385655.6099999997,26297.578640738306
38,2011-09-23,394665.28,False,C,39690,82.95,3.789,129.5183333,13.503,0.0,0.0,0.0,0.0,0.0,2011,38,9,NoHoliday,408188.88,397771.68,330604.89999999997,397146.6549999997,22399.793003460352
38,2011-09-30,366819.83999999997,False,C,39690,83.26,3.877,129.6060667,13.503,0.0,0.0,0.0,0.0,0.0,2011,39,9,NoHoliday,394665.28,408188.88,360256.58,404394.8374999997,10175.878633966562
38,2011-10-07,449516.29,False,C,39690,70.44,3.827,129.6938,12.89,0.0,0.0,0.0,0.0,0.0,2011,40,10,NoHoliday,366819.83999999997,394665.28,351271.36,391861.4199999997,17667.856719343523
38,2011-10-14,400430.78,False,C,39690,67.31,3.805,129.7706452,12.89,0.0,0.0,0.0,0.0,0.0,2011,41,10,NoHoliday,449516.29,366819.83999999997,337743.26,404797.5724999997,34429.813527433056
38,2011-10-21,402709.17000000004,False,C,39690,73.05,3.842,129.7821613,12.89,0.0,0.0,0.0,0.0,0.0,2011,42,10,NoHoliday,400430.78,449516.29,339042.18,402858.0474999997,34393.58980913703
38,2011-10-28,378539.17,False,C,39690,67.41,3.727,129.7936774,12.89,0.0,0.0,0.0,0.0,0.0,2011,43,10,NoHoliday,402709.17000000004,400430.78,341219.63,404869.01999999967,33987.65336361308
38,2011-11-04,436970.1,False,C,39690,59.77,3.828,129.8051935,12.89,0.0,0.0,0.0,0.0,0.0,2011,44,11,NoHoliday,378539.17,402709.17000000004,380870.09,407798.8524999997,29870.09079292695
38,2011-11-11,411116.95,False,C,39690,48.76,3.824,129.8167097,12.89,7757.88,35953.32,314.59999999999997,0.0,81719.56,2011,45,11,NoHoliday,436970.1,378539.17,340147.2,404662.3049999997,24138.02215174272
38,2011-11-18,392003.13,False,C,39690,54.2,3.813,129.8268333,12.89,1380.5,411.00000000000006,66.0,0.0,101719.5,2011,46,11,NoHoliday,411116.95,436970.1,348593.99,407333.8474999997,24104.912508498615
38,2011-11-25,393715.71,True,C,39690,53.25,3.622,129.8364,12.89,858.5000000000001,0.0,263.0,0.0,30783.999999999996,2011,47,11,Thanksgiving,392003.13,411116.95,360857.98,404657.33749999973,25351.718252698654
38,2011-12-02,411252.02,False,C,39690,52.5,3.701,129.8459667,12.89,1196.1,0.0,126.9,0.0,102057.3,2011,48,12,NoHoliday,393715.71,392003.13,351925.36,408451.4724999997,20881.47147026335
38,2011-12-09,435401.64,False,C,39690,42.17,3.644,129.8555333,12.89,3235.6499999999996,0.0,129.32,0.0,84235.01999999999,2011,49,12,NoHoliday,411252.02,393715.71,355965.23,402021.9524999997,10603.200686348819
38,2011-12-16,404283.83999999997,False,C,39690,43.29,3.6,129.8980645,12.89,7950.279999999999,0.0,0.0,118.55999999999999,39881.92,2011,50,12,NoHoliday,435401.64,411252.02,334441.15,408093.12499999977,20176.98036838278
38,2011-12-23,419717.41,False,C,39690,45.4,3.541,129.9845484,12.89,3079.96,0.0,31.2,0.0,82581.2,2011,51,12,NoHoliday,404283.83999999997,435401.64,369106.72,411163.3024999997,17694.164423554525
38,2011-12-30,342667.35,True,C,39690,44.64,3.428,130.0710323,12.89,18712.71,102127.82,0.0,1335.6,40830.14,2011,52,12,Christmas,419717.41,404283.83999999997,303908.81,417663.7274999997,13403.76233620064
38,2012-01-06,478483.2,False,C,39690,50.43,3.599,130.1575161,12.187,509.33,146568.84999999998,3018.88,0.0,29710.74,2012,1,1,NoHoliday,342667.35,419717.41,386344.54,400517.5599999997,40605.274450501114
38,2012-01-13,423260.82,False,C,39690,48.07,3.657,130.244,12.187,59860.850000000006,6642.49,1688.0500000000002,0.0,58392.22,2012,2,1,NoHoliday,478483.2,342667.35,356138.79,411287.94999999966,55809.50253542811
38,2012-01-20,405215.91,False,C,39690,46.2,3.66,130.2792258,12.187,23752.23,868.5300000000001,1429.02,0.0,71262.81,2012,3,1,NoHoliday,423260.82,478483.2,341098.08,416032.1949999997,55822.224774786475
38,2012-01-27,412882.31,False,C,39690,50.43,3.675,130.3144516,12.187,1205.0,223.5,1456.0,0.0,113594.0,2012,4,1,NoHoliday,405215.91,423260.82,357557.16,412406.8199999997,55973.80390999292
38,2012-02-03,457711.68,False,C,39690,50.58,3.702,130.3496774,12.187,133565.84999999998,361.35,2896.2999999999997,8894.050000000001,143333.3,2012,5,2,NoHoliday,412882.31,405215.91,402341.76,429960.5599999997,33182.81400248739
38,2012-02-10,469787.38,True,C,39690,52.27,3.722,130.3849032,12.187,27467.25,594.13,1961.53,210.41,63651.41,2012,6,2,SuperBowl,457711.68,412882.31,377672.46,424767.6799999997,23174.062320321627
38,2012-02-17,415513.97000000003,False,C,39690,51.8,3.781,130.4546207,12.187,34968.780000000006,31357.260000000002,308.88,108.0,149104.26,2012,7,2,NoHoliday,469787.38,457711.68,364606.7,436399.3199999997,32116.631506380654
38,2012-02-24,409411.61,False,C,39690,53.13,3.95,130.5502069,12.187,5739.44,18416.16,0.0,160.16,136377.36,2012,8,2,NoHoliday,415513.97000000003,469787.38,354232.34,438973.83499999973,29050.0392048118
38,2012-03-02,471115.38,False,C,39690,52.27,4.178,130.6457931,12.187,102346.2,318.6,212.22,3719.5199999999995,172052.1,2012,9,3,NoHoliday,409411.61,415513.97000000003,405429.43,438106.1599999997,30121.201635535992
38,2012-03-09,452792.52999999997,False,C,39690,54.54,4.25,130.7413793,12.187,21724.47,91.8,0.0,1305.6000000000001,89347.92,2012,10,3,NoHoliday,471115.38,409411.61,357897.18,441457.08499999973,33576.66730047915
38,2012-03-16,428465.11,False,C,39690,64.44,4.273,130.8261935,12.187,24969.88,26.0,53.04,0.0,60219.64,2012,11,3,NoHoliday,452792.52999999997,471115.38,349459.95,437208.3724999997,29641.514963261485
38,2012-03-23,412456.48,False,C,39690,56.26,4.038,130.8966452,12.187,15679.559999999998,0.0,106.08,0.0,83192.72,2012,12,3,NoHoliday,428465.11,452792.52999999997,351541.62,440446.1574999997,27078.421670145526
38,2012-03-30,408679.36,False,C,39690,64.36,4.294,130.9670968,12.187,11037.52,26.0,0.0,1496.04,58319.04,2012,13,3,NoHoliday,412456.48,428465.11,382098.13,441207.3749999997,25933.786586443624
38,2012-04-06,499267.66000000003,False,C,39690,64.05,4.121,131.0375484,11.627,1311.75,0.0,554.9100000000001,0.0,79286.41,2012,14,4,NoHoliday,408679.36,412456.48,392152.3,425598.36999999965,20055.778124474215
38,2012-04-13,435790.74,False,C,39690,64.28,4.254,131.108,11.627,3043.68,35517.42,630.87,908.82,71925.81,2012,15,4,NoHoliday,499267.66000000003,408679.36,362758.94,437217.15249999973,42246.73649093371
38,2012-04-20,401615.8,False,C,39690,66.73,4.222,131.1173333,11.627,70615.26000000001,306.18,302.4,7606.9800000000005,67801.86,2012,16,4,NoHoliday,435790.74,499267.66000000003,362952.34,439048.5599999997,41898.211669780576
38,2012-04-27,419964.77,False,C,39690,77.99,4.193,131.1266667,11.627,23751.359999999997,0.0,152.82,0.0,67185.72,2012,17,4,NoHoliday,401615.8,435790.74,344225.99,436338.3899999997,44463.74230821082
38,2012-05-04,491755.69,False,C,39690,76.03,4.171,131.136,11.627,4233.5,0.0,653.0,0.0,117331.5,2012,18,5,NoHoliday,419964.77,401615.8,422186.65,439159.7424999997,42435.46673793546
38,2012-05-11,429914.6,False,C,39690,77.27,4.186,131.1453333,11.627,50271.840000000004,0.0,172.8,0.0,113678.63999999998,2012,19,5,NoHoliday,491755.69,419964.77,366977.79,437281.7499999997,38908.315459616446
38,2012-05-18,412314.71,False,C,39690,84.51,4.11,131.0983226,11.627,11188.38,0.0,0.0,0.0,75115.86,2012,20,5,NoHoliday,429914.6,491755.69,365730.76,435812.71499999973,39093.863835187956
38,2012-05-25,422810.12,False,C,39690,83.84,4.293,131.0287742,11.627,24456.6,0.0,27.0,0.0,90119.52,2012,21,5,NoHoliday,412314.71,429914.6,356886.1,438487.4424999997,36235.80707605072
38,2012-06-01,435579.7,False,C,39690,78.11,4.277,130.9592258,11.627,3464.08,0.0,31.799999999999997,0.0,46989.8,2012,22,6,NoHoliday,422810.12,412314.71,396826.06,439198.7799999997,35775.99839477763
38,2012-06-08,448110.25,False,C,39690,84.83,4.103,130.8896774,11.627,26530.74,0.0,637.2,0.0,107956.26000000001,2012,23,6,NoHoliday,435579.7,422810.12,381763.02,425154.78249999974,10028.287850015431
38,2012-06-15,430222.07,False,C,39690,85.94,4.144,130.8295333,11.627,33677.259999999995,0.0,6.890000000000001,0.0,95409.54000000001,2012,24,6,NoHoliday,448110.25,435579.7,356797.0,429703.6949999997,15526.610248084018
38,2012-06-22,405938.35,False,C,39690,91.61,4.014,130.7929,11.627,31104.0,0.0,0.0,0.0,121065.29999999999,2012,25,6,NoHoliday,430222.07,448110.25,354078.95,434180.5349999997,10660.681734853602
38,2012-06-29,404634.36,False,C,39690,90.47,3.875,130.7562667,11.627,18579.68,0.0,0.0,1424.1100000000001,76706.37,2012,26,6,NoHoliday,405938.35,430222.07,387334.04,429962.59249999974,17683.522704526258
38,2012-07-06,471086.22,False,C,39690,89.13,3.765,130.7196333,10.926,21842.46,0.0,218.7,0.0,61132.31999999999,2012,27,7,NoHoliday,404634.36,405938.35,399699.17,422226.2574999997,20886.078886054147
38,2012-07-13,416036.75,False,C,39690,95.61,3.723,130.683,10.926,32912.46,0.0,110.69999999999999,0.0,40623.659999999996,2012,28,7,NoHoliday,471086.22,404634.36,367181.71,427970.2499999997,31059.222688836984
38,2012-07-20,441683.74,False,C,39690,85.53,3.726,130.7012903,10.926,3977.1200000000003,0.0,10.07,0.0,67943.35,2012,29,7,NoHoliday,416036.75,471086.22,365562.67,424423.9199999997,31522.784591289175
38,2012-07-27,407186.47000000003,False,C,39690,93.47,3.769,130.7195806,10.926,13.770000000000001,0.0,0.0,0.0,82761.27,2012,30,7,NoHoliday,441683.74,416036.75,355131.33,433360.26749999967,29539.858422198162
38,2012-08-03,469311.17,False,C,39690,88.16,3.76,130.737871,10.926,28898.1,0.0,931.15,2697.75,92942.29999999999,2012,31,8,NoHoliday,407186.47000000003,441683.74,437631.44,433998.2949999997,28729.028898310793
38,2012-08-10,436690.13,False,C,39690,95.91,3.811,130.7561613,10.926,10640.300000000001,0.0,262.90000000000003,2484.9,97983.05,2012,32,8,NoHoliday,469311.17,407186.47000000003,387844.05,433554.53249999974,27968.84316314807
38,2012-08-17,411866.45999999996,False,C,39690,94.87,4.002,130.7909677,10.926,13424.95,0.0,282.7,617.1,138594.5,2012,33,8,NoHoliday,436690.13,469311.17,362224.7,438717.8774999997,25449.86774859347
38,2012-08-24,397428.22,False,C,39690,85.32,4.055,130.8381613,10.926,15655.12,0.0,2080.0,40.56,74084.40000000001,2012,34,8,NoHoliday,411866.45999999996,436690.13,365672.55,431263.5574999997,28478.190719705875
38,2012-08-31,424904.95,False,C,39690,89.78,4.093,130.8853548,10.926,25429.559999999998,0.0,1489.28,17374.24,91533.52,2012,35,8,NoHoliday,397428.22,411866.45999999996,416953.51,428823.9949999997,31487.24662724345
38,2012-09-07,490274.82,True,C,39690,88.52,4.124,130.9325484,10.926,27793.199999999997,0.0,7807.96,311.64,130272.40999999999,2012,36,9,LaborDay,424904.95,397428.22,397771.68,417722.4399999997,16906.70065441859
38,2012-09-14,430944.39,False,C,39690,83.64,4.133,130.9776667,10.926,54446.6,0.0,804.44,0.0,118356.16,2012,37,9,NoHoliday,490274.82,424904.95,408188.88,431118.6124999997,41003.066593378266
38,2012-09-21,409600.98,False,C,39690,82.97,4.125,131.0103333,10.926,10602.9,0.0,0.0,82.5,123849.00000000001,2012,38,9,NoHoliday,430944.39,490274.82,394665.28,435888.09499999974,39081.74140826656
38,2012-09-28,398468.08,False,C,39690,81.22,3.966,131.043,10.926,11089.1,0.0,0.0,1606.55,44137.5,2012,39,9,NoHoliday,409600.98,430944.39,366819.83999999997,438931.28499999974,35388.105077887936
38,2012-10-05,458479.01,False,C,39690,81.61,3.966,131.0756667,10.199,13833.039999999999,0.0,312.0,0.0,95194.84,2012,40,10,NoHoliday,398468.08,409600.98,449516.29,432322.0674999998,40917.64006106977
38,2012-10-12,437320.66,False,C,39690,71.74,4.468,131.1083333,10.199,11538.51,0.0,493.62,12.540000000000001,39952.439999999995,2012,41,10,NoHoliday,458479.01,398468.08,400430.78,424373.11499999976,26430.289062205164
38,2012-10-19,428806.46,False,C,39690,68.66,4.449,131.1499677,10.199,17310.15,0.0,508.2,0.0,21355.399999999998,2012,42,10,NoHoliday,437320.66,458479.01,402709.17000000004,425967.1824999997,27141.441876205154
38,2012-10-26,417290.38,False,C,39690,65.95,4.301,131.1930968,10.199,8009.28,363.42,164.7,0.0,18618.12,2012,43,10,NoHoliday,428806.46,437320.66,378539.17,430768.5524999997,24886.207011793053
39,2011-02-04,1343773.94,False,A,184109,45.96,2.989,211.3333753,8.395,0.0,0.0,0.0,0.0,0.0,2011,5,2,NoHoliday,1158698.44,1243370.74,1230596.8,1204935.9224999996,37124.414331081294
39,2011-02-11,1227893.8900000001,True,A,184109,40.34,3.022,211.6985093,8.395,0.0,0.0,0.0,0.0,0.0,2011,6,2,SuperBowl,1343773.94,1158698.44,1266229.07,1234760.6274999995,80562.25164288464
39,2011-02-18,1335233.74,False,A,184109,58.2,3.045,212.0063522,8.395,0.0,0.0,0.0,0.0,0.0,2011,7,2,NoHoliday,1227893.8900000001,1343773.94,1230591.97,1243434.2524999997,76353.82048532144
39,2011-02-25,1240921.19,False,A,184109,67.77,3.065,212.2912786,8.395,0.0,0.0,0.0,0.0,0.0,2011,8,2,NoHoliday,1335233.74,1227893.8900000001,1168582.02,1266400.0024999997,89082.65242138557
39,2011-03-04,1316385.43,False,A,184109,63.56,3.288,212.576205,8.395,0.0,0.0,0.0,0.0,0.0,2011,9,3,NoHoliday,1240921.19,1335233.74,1266254.21,1286955.6899999997,61009.712490076825
39,2011-03-11,1283716.81,False,A,184109,58.35,3.459,212.8611313,8.395,0.0,0.0,0.0,0.0,0.0,2011,10,3,NoHoliday,1316385.43,1240921.19,1244391.83,1280108.5624999995,53593.58947288956
39,2011-03-18,1348410.05,False,A,184109,65.28,3.488,213.1096787,8.395,0.0,0.0,0.0,0.0,0.0,2011,11,3,NoHoliday,1283716.81,1316385.43,1301590.1300000001,1294064.2924999995,41329.63555034392
39,2011-03-25,1284334.79,False,A,184109,71.17,3.473,213.3436744,8.395,0.0,0.0,0.0,0.0,0.0,2011,12,3,NoHoliday,1348410.05,1283716.81,1235094.66,1297358.3699999996,45969.37563444514
39,2011-04-01,1316849.36,False,A,184109,66.57,3.524,213.5776701,8.3,0.0,0.0,0.0,0.0,0.0,2011,13,4,NoHoliday,1284334.79,1348410.05,1463942.62,1308211.7699999998,30837.334904763997
39,2011-04-08,1350646.16,False,A,184109,69.45,3.622,213.8116658,8.3,0.0,0.0,0.0,0.0,0.0,2011,14,4,NoHoliday,1316849.36,1284334.79,1327035.27,1308327.7524999997,30879.168315316845
39,2011-04-15,1348031.55,False,A,184109,73.19,3.743,214.026217,8.3,0.0,0.0,0.0,0.0,0.0,2011,15,4,NoHoliday,1350646.16,1316849.36,1242874.98,1325060.0899999996,31229.43994202965
39,2011-04-22,1563140.85,False,A,184109,74.98,3.807,214.1921572,8.3,0.0,0.0,0.0,0.0,0.0,2011,16,4,NoHoliday,1348031.55,1350646.16,1280231.85,1324965.4649999999,31135.53855990511
39,2011-04-29,1379651.8699999999,False,A,184109,76.47,3.81,214.3580974,8.3,0.0,0.0,0.0,0.0,0.0,2011,17,4,NoHoliday,1563140.85,1348031.55,1263836.59,1394666.9799999997,113360.37341153107
39,2011-05-06,1370920.8699999999,False,A,184109,68.75,3.906,214.5240376,8.3,0.0,0.0,0.0,0.0,0.0,2011,18,5,NoHoliday,1379651.8699999999,1563140.85,1355704.21,1410367.6074999997,102851.92513232704
39,2011-05-13,1325022.77,False,A,184109,77.39,3.899,214.6899778,8.3,0.0,0.0,0.0,0.0,0.0,2011,19,5,NoHoliday,1370920.8699999999,1379651.8699999999,1226997.7,1415436.2849999997,99368.31042772117
39,2011-05-20,1373907.21,False,A,184109,73.31,3.907,214.465412,8.3,0.0,0.0,0.0,0.0,0.0,2011,20,5,NoHoliday,1325022.77,1370920.8699999999,1350673.98,1409684.0899999996,105073.05039311618
39,2011-05-27,1406124.14,False,A,184109,82.1,3.786,214.2408462,8.3,0.0,0.0,0.0,0.0,0.0,2011,21,5,NoHoliday,1373907.21,1325022.77,1365541.59,1362375.6799999997,25164.148324346108
39,2011-06-03,1541745.59,False,A,184109,83.59,3.699,214.0162805,8.3,0.0,0.0,0.0,0.0,0.0,2011,22,6,NoHoliday,1406124.14,1373907.21,1512207.95,1368993.7474999996,33366.494293857584
39,2011-06-10,1442092.08,False,A,184109,82.75,3.648,213.7917147,8.3,0.0,0.0,0.0,0.0,0.0,2011,23,6,NoHoliday,1541745.59,1406124.14,1371405.33,1411699.9274999998,92887.35627922264
39,2011-06-17,1451392.67,False,A,184109,85.21,3.637,213.7481256,8.3,0.0,0.0,0.0,0.0,0.0,2011,24,6,NoHoliday,1442092.08,1541745.59,1368312.45,1440967.255,72729.24752111553
39,2011-06-24,1363167.95,False,A,184109,84.06,3.594,213.8402689,8.3,0.0,0.0,0.0,0.0,0.0,2011,25,6,NoHoliday,1451392.67,1442092.08,1280414.8,1460338.6199999996,57675.15597328906
39,2011-07-01,1429829.36,False,A,184109,84.93,3.524,213.9324122,8.177,0.0,0.0,0.0,0.0,0.0,2011,26,7,NoHoliday,1363167.95,1451392.67,1352547.7,1449599.5724999995,73077.33700534777
39,2011-07-08,1414564.53,False,A,184109,84.33,3.48,214.0245556,8.177,0.0,0.0,0.0,0.0,0.0,2011,27,7,NoHoliday,1429829.36,1363167.95,1330473.47,1421620.5149999997,39956.44995163322
39,2011-07-15,1380257.12,False,A,184109,85.96,3.575,214.1083654,8.177,0.0,0.0,0.0,0.0,0.0,2011,28,7,NoHoliday,1414564.53,1429829.36,1339811.68,1414738.6274999997,37553.58006339173
39,2011-07-22,1416005.59,False,A,184109,84.6,3.651,214.1713416,8.177,0.0,0.0,0.0,0.0,0.0,2011,29,7,NoHoliday,1380257.12,1414564.53,1314651.83,1396954.7399999998,30611.56119379009
39,2011-07-29,1426418.53,False,A,184109,86.24,3.682,214.2343177,8.177,0.0,0.0,0.0,0.0,0.0,2011,30,7,NoHoliday,1416005.59,1380257.12,1308222.24,1410164.1499999997,21092.152515323443
39,2011-08-05,1518790.89,False,A,184109,87.73,3.684,214.2972939,8.177,0.0,0.0,0.0,0.0,0.0,2011,31,8,NoHoliday,1426418.53,1416005.59,1409989.67,1409311.4424999997,20076.625195378318
39,2011-08-12,1514055.97,False,A,184109,88.27,3.638,214.3602701,8.177,0.0,0.0,0.0,0.0,0.0,2011,32,8,NoHoliday,1518790.89,1426418.53,1371465.66,1435368.0324999997,59024.24249017333
39,2011-08-19,1629066.9,False,A,184109,87.93,3.554,214.4239935,8.177,0.0,0.0,0.0,0.0,0.0,2011,33,8,NoHoliday,1514055.97,1518790.89,1471816.52,1468817.7449999996,55168.316301737956
39,2011-08-26,1573898.63,False,A,184109,86.49,3.523,214.4878416,8.177,0.0,0.0,0.0,0.0,0.0,2011,34,8,NoHoliday,1629066.9,1514055.97,1417515.93,1522083.0724999998,83011.07732996627
39,2011-09-02,1465089.85,False,A,184109,88.65,3.533,214.5516896,8.177,0.0,0.0,0.0,0.0,0.0,2011,35,9,NoHoliday,1573898.63,1629066.9,1345167.61,1558953.0974999997,54061.906526199564
39,2011-09-09,1429345.86,True,A,184109,79.15,3.546,214.6155376,8.177,0.0,0.0,0.0,0.0,0.0,2011,36,9,LaborDay,1465089.85,1573898.63,1279666.47,1545527.8374999994,71284.46559956303
39,2011-09-16,1372500.6300000001,False,A,184109,83.11,3.526,214.7934111,8.177,0.0,0.0,0.0,0.0,0.0,2011,37,9,NoHoliday,1429345.86,1465089.85,1252915.43,1524350.3099999996,93020.15529849159
39,2011-09-23,1338657.95,False,A,184109,78.75,3.467,215.1233185,8.177,0.0,0.0,0.0,0.0,0.0,2011,38,9,NoHoliday,1372500.6300000001,1429345.86,1199449.54,1460208.7424999997,84841.90443547485
39,2011-09-30,1311775.83,False,A,184109,81.51,3.355,215.4532259,8.177,0.0,0.0,0.0,0.0,0.0,2011,39,9,NoHoliday,1338657.95,1372500.6300000001,1219583.91,1401398.5724999998,56595.36641992471
39,2011-10-07,1443884.39,False,A,184109,71.68,3.285,215.7831333,7.716,0.0,0.0,0.0,0.0,0.0,2011,40,10,NoHoliday,1311775.83,1338657.95,1286598.59,1363070.0674999997,50690.12547534008
39,2011-10-14,1384721.84,False,A,184109,73.79,3.274,216.0885258,7.716,0.0,0.0,0.0,0.0,0.0,2011,41,10,NoHoliday,1443884.39,1311775.83,1238742.0,1366704.6999999997,57137.54836097338
39,2011-10-21,1465283.29,False,A,184109,67.65,3.353,216.2468287,7.716,0.0,0.0,0.0,0.0,0.0,2011,42,10,NoHoliday,1384721.84,1443884.39,1261109.01,1369760.0024999997,57872.801135640795
39,2011-10-28,1472663.1,False,A,184109,71.05,3.372,216.4051315,7.716,0.0,0.0,0.0,0.0,0.0,2011,43,10,NoHoliday,1465283.29,1384721.84,1294769.08,1401416.3374999997,68791.10876758496
39,2011-11-04,1553629.59,False,A,184109,58.04,3.332,216.5634344,7.716,0.0,0.0,0.0,0.0,0.0,2011,44,11,NoHoliday,1472663.1,1465283.29,1293707.19,1441638.1549999998,39858.71760054634
39,2011-11-11,1456957.38,False,A,184109,63.11,3.297,216.7217373,7.716,622638.8,747463.5,23998.1,169046.5,741316.1,2011,45,11,NoHoliday,1553629.59,1472663.1,1291398.71,1469074.4549999998,69022.18439797295
39,2011-11-18,1510397.27,False,A,184109,66.09,3.308,216.9395861,7.716,236527.2,15065.4,11375.699999999999,34042.4,485935.8,2011,46,11,NoHoliday,1456957.38,1553629.59,1370659.54,1487133.3399999996,44792.67930010893
39,2011-11-25,2338832.4,True,A,184109,66.36,3.236,217.1812533,7.716,15909.68,20798.74,5475957.36,5519.54,346155.53,2011,47,11,Thanksgiving,1510397.27,1456957.38,2149355.2,1498411.8349999995,43104.98931998907
39,2011-12-02,1632894.58,False,A,184109,53.14,3.172,217.4229206,7.716,201736.28,4043.96,142800.68000000002,245807.08,1267947.72,2011,48,12,NoHoliday,2338832.4,1510397.27,1431910.98,1714954.1599999997,417794.02220393147
39,2011-12-09,1781528.77,False,A,184109,49.36,3.158,217.6645878,7.716,316869.45,0.0,20757.56,96190.09,1608128.7,2011,49,12,NoHoliday,1632894.58,2338832.4,1630564.48,1734770.4074999997,409386.9229682287
39,2011-12-16,1991824.05,False,A,184109,58.58,3.159,217.8781339,7.716,61136.6,1060.5,35400.4,45560.200000000004,483293.3,2011,50,12,NoHoliday,1781528.77,1632894.58,1842172.46,1815913.255,365815.33479134564
39,2011-12-23,2554482.84,False,A,184109,54.62,3.112,218.0541851,7.716,216953.80000000002,1129.8,93737.0,14944.300000000001,343815.5,2011,51,12,NoHoliday,1991824.05,1781528.77,2495489.25,1936269.9499999997,306117.7508123459
39,2011-12-30,1537139.56,True,A,184109,47.6,3.129,218.2302364,7.716,364719.36000000004,3666466.16,13188.599999999999,26101.800000000003,566963.6000000001,2011,52,12,Christmas,2554482.84,1991824.05,1230012.16,1990182.5599999998,403991.9987785763
39,2012-01-06,1478537.93,False,A,184109,55.83,3.157,218.4062876,7.244,312260.19,1609069.65,8292.42,8114.4,665035.8,2012,1,1,NoHoliday,1537139.56,2554482.84,1224475.12,1966243.8049999997,433946.85099446913
39,2012-01-13,1369125.37,False,A,184109,54.66,3.261,218.5823389,7.244,538895.24,931486.44,5646.72,32465.24,713199.64,2012,2,1,NoHoliday,1478537.93,1537139.56,1193199.3900000001,1890496.095,498569.99593421805
39,2012-01-20,1394841.03,False,A,184109,58.04,3.268,218.6755292,7.244,64387.4,280399.0,6339.2,36802.5,125895.7,2012,3,1,NoHoliday,1369125.37,1478537.93,1243370.74,1734821.4249999998,550859.2649796172
39,2012-01-27,1320301.61,False,A,184109,60.65,3.29,218.7687195,7.244,77234.45999999999,177926.16,5692.5,276.0,113663.7,2012,4,1,NoHoliday,1394841.03,1369125.37,1158698.44,1444910.9724999997,77216.88354066478
39,2012-02-03,1396150.15,False,A,184109,60.69,3.36,218.8619099,7.244,3046624.62,129274.26,15779.61,2172436.02,1680439.8,2012,5,2,NoHoliday,1320301.61,1394841.03,1343773.94,1390701.4849999996,66216.9365081179
39,2012-02-10,1442988.44,True,A,184109,52.89,3.409,218.9551002,7.244,489815.89999999997,132407.1,8068.200000000001,496567.39999999997,643901.3,2012,6,2,SuperBowl,1396150.15,1320301.61,1227893.8900000001,1370104.5399999998,35456.82044531161
39,2012-02-17,1511041.69,False,A,184109,52.75,3.51,219.1148297,7.244,1094268.0,487403.7,1743.0,464205.0,1655293.5,2012,7,2,NoHoliday,1442988.44,1396150.15,1335233.74,1388570.3074999996,50723.84112734827
39,2012-02-24,1412065.04,False,A,184109,61.1,3.555,219.3244636,7.244,532214.24,465105.04,136.0,66885.48,700128.68,2012,8,2,NoHoliday,1511041.69,1442988.44,1240921.19,1417620.4724999997,80214.28260357116
39,2012-03-02,1453047.02,False,A,184109,64.05,3.63,219.5340975,7.244,1575846.15,68927.55,496.8,398905.56,890639.58,2012,9,3,NoHoliday,1412065.04,1511041.69,1316385.43,1440561.3299999996,50851.95329399139
39,2012-03-09,1470764.35,False,A,184109,61.64,3.669,219.7437314,7.244,392551.76,19460.24,242.76,49983.399999999994,1956106.36,2012,10,3,NoHoliday,1453047.02,1412065.04,1283716.81,1454785.5474999999,41360.164221453466
39,2012-03-16,1522421.07,False,A,184109,65.81,3.734,219.8956335,7.244,286388.64,12706.35,430.56,134360.25,928149.36,2012,11,3,NoHoliday,1470764.35,1453047.02,1348410.05,1461729.5249999997,41049.82599704075
39,2012-03-23,1469593.3699999999,False,A,184109,67.91,3.787,219.9705599,7.244,304900.4,6395.900000000001,285.6,21412.3,257755.4,2012,12,3,NoHoliday,1522421.07,1470764.35,1284334.79,1464574.3699999999,45733.52558887765
39,2012-03-30,1499727.02,False,A,184109,69.11,3.845,220.0454862,7.244,581230.68,6379.759999999999,0.0,67930.64,1056205.24,2012,13,3,NoHoliday,1469593.3699999999,1522421.07,1316849.36,1478956.4525,30084.60029189321
39,2012-04-06,1764847.94,False,A,184109,73.49,3.891,220.1204125,6.989,634052.2999999999,0.0,3248.0,250106.5,1098602.4,2012,14,4,NoHoliday,1499727.02,1469593.3699999999,1350646.16,1490626.4524999997,25368.03570091387
39,2012-04-13,1580732.73,False,A,184109,71.59,3.891,220.1953389,6.989,347231.46,242997.99,1097.1000000000001,85668.33,727152.36,2012,15,4,NoHoliday,1764847.94,1499727.02,1348031.55,1564147.3499999999,135538.7316355685
39,2012-04-20,1433391.04,False,A,184109,70.04,3.877,220.2483937,6.989,359255.4,14301.630000000001,13.8,21992.370000000003,361688.33999999997,2012,16,4,NoHoliday,1580732.73,1764847.94,1563140.85,1578725.2649999997,132660.18403456322
39,2012-04-27,1456997.2,False,A,184109,69.11,3.814,220.3014485,6.989,401703.51,0.0,-13.8,11356.02,597772.53,2012,17,4,NoHoliday,1433391.04,1580732.73,1379651.8699999999,1569674.6824999996,143388.50204944977
39,2012-05-04,1512227.34,False,A,184109,77.15,3.749,220.3545033,6.989,1101179.28,0.0,2078.28,240375.99,887074.35,2012,18,5,NoHoliday,1456997.2,1433391.04,1370920.8699999999,1558992.2274999998,151688.13154404596
39,2012-05-11,1470792.41,False,A,184109,75.52,3.688,220.4075581,6.989,604593.44,0.0,567.12,284429.72,238435.88,2012,19,5,NoHoliday,1512227.34,1456997.2,1325022.77,1495837.0774999997,65533.594951720566
39,2012-05-18,1522978.54,False,A,184109,72.36,3.63,220.4252149,6.989,473483.32,0.0,476.0,147347.16,1261198.04,2012,20,5,NoHoliday,1470792.41,1512227.34,1373907.21,1468351.9974999998,33076.68498226851
39,2012-05-25,1596036.66,False,A,184109,78.31,3.561,220.4287124,6.989,742969.36,0.0,65820.6,134880.72,447382.19999999995,2012,21,5,NoHoliday,1522978.54,1470792.41,1406124.14,1490748.8724999998,31819.867092603858
39,2012-06-01,1640476.77,False,A,184109,80.33,3.501,220.4322099,6.989,549408.04,388.59999999999997,4335.57,118772.91,624205.5,2012,22,6,NoHoliday,1596036.66,1522978.54,1541745.59,1525508.7374999998,52124.40812196884
39,2012-06-08,1623442.24,False,A,184109,81.12,3.452,220.4357073,6.989,645591.6,24274.2,16.56,128141.28,819076.92,2012,23,6,NoHoliday,1640476.77,1596036.66,1442092.08,1557571.0949999997,75454.48002986622
39,2012-06-15,1587499.82,False,A,184109,81.33,3.393,220.4494148,6.989,562391.2799999999,5195.200000000001,4.08,226043.56,1707333.7999999998,2012,24,6,NoHoliday,1623442.24,1640476.77,1451392.67,1595733.5524999998,51843.0663742531
39,2012-06-22,1532316.79,False,A,184109,79.84,3.346,220.4886472,6.989,514792.60000000003,17080.0,69.3,195197.8,3724890.4,2012,25,6,NoHoliday,1587499.82,1623442.24,1363167.95,1611863.8724999998,24473.551758663027
39,2012-06-29,1492388.98,False,A,184109,85.72,3.286,220.5278796,6.989,311411.44,16238.400000000001,0.0,49327.88,5837927.16,2012,26,6,NoHoliday,1532316.79,1587499.82,1429829.36,1595933.9049999998,47815.779918313776
39,2012-07-06,1659221.99,False,A,184109,81.05,3.227,220.567112,6.623,782538.56,17299.2,6173.72,351126.84,7379311.04,2012,27,7,NoHoliday,1492388.98,1532316.79,1414564.53,1558911.9574999998,58063.27787184011
39,2012-07-13,1471261.76,False,A,184109,78.16,3.256,220.6063444,6.623,349281.1,8764.0,1102.5,237911.1,7365617.7,2012,28,7,NoHoliday,1659221.99,1492388.98,1380257.12,1567856.8949999998,72323.18748684697
39,2012-07-20,1582168.27,False,A,184109,80.32,3.311,220.6148749,6.623,426574.56,17001.600000000002,2176.2599999999998,351017.49,4347385.0200000005,2012,29,7,NoHoliday,1471261.76,1659221.99,1416005.59,1538797.3799999997,84180.13284963301
39,2012-07-27,1487797.54,False,A,184109,82.89,3.407,220.6234054,6.623,101872.98000000001,5343.36,499.56,69572.7,2443924.1100000003,2012,30,7,NoHoliday,1582168.27,1471261.76,1426418.53,1551260.2499999998,86557.54894450576
39,2012-08-03,1608277.74,False,A,184109,84.05,3.417,220.6319358,6.623,1778748.24,11950.8,3554.88,1718145.54,315560.46,2012,31,8,NoHoliday,1487797.54,1582168.27,1518790.89,1550112.39,87622.38419615234
39,2012-08-10,1641867.92,False,A,184109,83.47,3.494,220.6404663,6.623,985788.85,8662.0,8015.900000000001,302399.64999999997,725847.2000000001,2012,32,8,NoHoliday,1608277.74,1487797.54,1514055.97,1537376.3274999997,67976.76223804167
39,2012-08-17,1720221.91,False,A,184109,84.72,3.571,220.7199609,6.623,178494.4,9314.2,163.1,323659.7,322683.9,2012,33,8,NoHoliday,1641867.92,1608277.74,1629066.9,1580027.8674999997,66164.59784277312
39,2012-08-24,1724669.75,False,A,184109,80.49,3.62,220.8526787,6.623,465153.83999999997,5640.0599999999995,1.3800000000000001,321374.4,951047.01,2012,34,8,NoHoliday,1720221.91,1641867.92,1573898.63,1614541.2774999996,96640.82707531661
39,2012-08-31,1710923.94,False,A,184109,83.72,3.638,220.9853964,6.623,1727261.9,5145.0,4438.0,843381.0,1091337.1,2012,35,8,NoHoliday,1724669.75,1720221.91,1465089.85,1673759.3299999996,57895.14333558804
39,2012-09-07,1609811.75,True,A,184109,83.71,3.73,221.1181142,6.623,1554832.92,2159.6800000000003,13428.64,128047.4,703901.32,2012,36,9,LaborDay,1710923.94,1724669.75,1429345.86,1699420.8799999997,38793.69312769748
39,2012-09-14,1447614.08,False,A,184109,76.71,3.717,221.2601207,6.623,689801.28,276.0,4663.0199999999995,83382.36,1245750.15,2012,37,9,NoHoliday,1609811.75,1710923.94,1372500.6300000001,1691406.8375,54697.36540055729
39,2012-09-21,1555672.51,False,A,184109,73.58,3.721,221.4578604,6.623,803456.7,7790.79,462.3,227763.48,913904.3099999999,2012,38,9,NoHoliday,1447614.08,1609811.75,1338657.95,1623254.88,127803.55799329304
39,2012-09-28,1495607.07,False,A,184109,78.04,3.666,221.6556,6.623,304133.4,3455.76,289.0,158528.40000000002,698630.64,2012,39,9,NoHoliday,1555672.51,1447614.08,1311775.83,1581005.5699999998,109762.82370492023
39,2012-10-05,1574408.67,False,A,184109,72.05,3.617,221.8533396,6.228,459381.3,0.0,3243.69,361169.46,435657.72000000003,2012,40,10,NoHoliday,1495607.07,1555672.51,1443884.39,1527176.3524999998,70633.83210893109
39,2012-10-12,1494417.07,False,A,184109,69.88,3.601,222.0510793,6.228,165209.8,0.0,1581.3,40544.700000000004,1077155.8,2012,41,10,NoHoliday,1574408.67,1495607.07,1384721.84,1518325.5824999998,57897.47574590942
39,2012-10-19,1577486.33,False,A,184109,71.45,3.594,222.0951719,6.228,145499.59999999998,0.0,108.80000000000001,6732.68,804512.08,2012,42,10,NoHoliday,1494417.07,1574408.67,1465283.29,1530026.3299999996,41151.03688108083
39,2012-10-26,1569502.0,False,A,184109,72.9,3.506,222.1136566,6.228,417999.24,6889.65,10971.0,41563.53,234059.03999999998,2012,43,10,NoHoliday,1577486.33,1494417.07,1472663.1,1535479.7849999997,46747.50572605819
40,2011-02-04,904261.65,False,A,155083,13.29,3.24,133.1834194,5.114,0.0,0.0,0.0,0.0,0.0,2011,5,2,NoHoliday,775910.43,764014.75,1001943.8,801380.2474999998,62126.680125238505
40,2011-02-11,931939.52,True,A,155083,16.87,3.255,133.260871,5.114,0.0,0.0,0.0,0.0,0.0,2011,6,2,SuperBowl,904261.65,775910.43,955338.29,803875.6124999998,67103.02881411
40,2011-02-18,968694.45,False,A,155083,21.82,3.263,133.3701429,5.114,0.0,0.0,0.0,0.0,0.0,2011,7,2,NoHoliday,931939.52,904261.65,916289.2000000001,844031.5874999998,86407.27478603148
40,2011-02-25,888869.27,False,A,155083,16.5,3.281,133.4921429,5.114,0.0,0.0,0.0,0.0,0.0,2011,8,2,NoHoliday,968694.45,931939.52,863917.41,895201.5124999997,83792.0869633369
40,2011-03-04,977070.62,False,A,155083,18.49,3.437,133.6141429,5.114,0.0,0.0,0.0,0.0,0.0,2011,9,3,NoHoliday,888869.27,968694.45,990152.28,923441.2224999998,35038.795453676605
40,2011-03-11,860255.58,False,A,155083,30.53,3.6,133.7361429,5.114,0.0,0.0,0.0,0.0,0.0,2011,10,3,NoHoliday,977070.62,888869.27,899352.4,941643.4649999997,40274.563135839206
40,2011-03-18,871024.26,False,A,155083,35.76,3.634,133.8492258,5.114,0.0,0.0,0.0,0.0,0.0,2011,11,3,NoHoliday,860255.58,977070.62,894865.3,923722.4799999997,58055.421136698
40,2011-03-25,834621.39,False,A,155083,28.89,3.624,133.9587419,5.114,0.0,0.0,0.0,0.0,0.0,2011,12,3,NoHoliday,871024.26,860255.58,873354.58,899304.9324999998,53169.708079906704
40,2011-04-01,841889.08,False,A,155083,28.6,3.638,134.0682581,4.781,0.0,0.0,0.0,0.0,0.0,2011,13,4,NoHoliday,834621.39,871024.26,1041202.13,885742.9624999998,62770.48953481194
40,2011-04-08,947753.32,False,A,155083,34.77,3.72,134.1777742,4.781,0.0,0.0,0.0,0.0,0.0,2011,14,4,NoHoliday,841889.08,834621.39,919839.19,851947.5774999998,16676.459116718073
40,2011-04-15,874446.32,False,A,155083,43.69,3.823,134.2784667,4.781,0.0,0.0,0.0,0.0,0.0,2011,15,4,NoHoliday,947753.32,841889.08,882636.96,873822.0124999997,51736.72657527168
40,2011-04-22,965056.4,False,A,155083,39.32,3.919,134.3571,4.781,0.0,0.0,0.0,0.0,0.0,2011,16,4,NoHoliday,874446.32,947753.32,844958.49,874677.5274999997,51703.324674904085
40,2011-04-29,847246.5,False,A,155083,52.68,3.988,134.4357333,4.781,0.0,0.0,0.0,0.0,0.0,2011,17,4,NoHoliday,965056.4,874446.32,816838.31,907286.2799999998,58680.56132383686
40,2011-05-06,1016752.55,False,A,155083,50.81,4.078,134.5143667,4.781,0.0,0.0,0.0,0.0,0.0,2011,18,5,NoHoliday,847246.5,965056.4,1009797.06,908625.6349999998,56718.69403522962
40,2011-05-13,903864.02,False,A,155083,54.09,4.095,134.593,4.781,0.0,0.0,0.0,0.0,0.0,2011,19,5,NoHoliday,1016752.55,847246.5,907262.47,925875.4424999998,78785.0690972918
40,2011-05-20,907110.8300000001,False,A,155083,56.38,4.101,134.6803871,4.781,0.0,0.0,0.0,0.0,0.0,2011,20,5,NoHoliday,903864.02,1016752.55,885613.91,933229.8674999998,73585.45859299885
40,2011-05-27,972373.81,False,A,155083,63.11,4.034,134.7677742,4.781,0.0,0.0,0.0,0.0,0.0,2011,21,5,NoHoliday,907110.8300000001,903864.02,1008483.0700000001,918743.4749999999,70885.61872792679
40,2011-06-03,1075687.74,False,A,155083,66.16,3.973,134.8551613,4.781,0.0,0.0,0.0,0.0,0.0,2011,22,6,NoHoliday,972373.81,907110.8300000001,1052429.03,950025.3024999999,54542.02446561857
40,2011-06-10,984336.04,False,A,155083,64.19,3.924,134.9425484,4.781,0.0,0.0,0.0,0.0,0.0,2011,23,6,NoHoliday,1075687.74,972373.81,1007574.67,964759.0999999999,80404.56202408533
40,2011-06-17,971422.67,False,A,155083,59.16,3.873,135.0837333,4.781,0.0,0.0,0.0,0.0,0.0,2011,24,6,NoHoliday,984336.04,1075687.74,973105.2999999999,984877.1049999997,69404.10673173766
40,2011-06-24,977103.64,False,A,155083,62.59,3.851,135.2652667,4.781,0.0,0.0,0.0,0.0,0.0,2011,25,6,NoHoliday,971422.67,984336.04,940405.03,1000955.0649999998,50167.10474815775
40,2011-07-01,1048866.3,False,A,155083,65.25,3.815,135.4468,4.584,0.0,0.0,0.0,0.0,0.0,2011,26,7,NoHoliday,977103.64,971422.67,1087578.78,1002137.5224999997,49317.423258709925
40,2011-07-08,1107366.06,False,A,155083,67.86,3.784,135.6283333,4.584,0.0,0.0,0.0,0.0,0.0,2011,27,7,NoHoliday,1048866.3,977103.64,1058250.91,995432.1624999997,36012.59711112807
40,2011-07-15,953252.14,False,A,155083,68.9,3.827,135.7837419,4.584,0.0,0.0,0.0,0.0,0.0,2011,28,7,NoHoliday,1107366.06,1048866.3,959229.09,1026189.6674999999,64582.50142716559
40,2011-07-22,980642.1,False,A,155083,73.34,3.882,135.8738387,4.584,0.0,0.0,0.0,0.0,0.0,2011,29,7,NoHoliday,953252.14,1107366.06,922341.82,1021647.0349999998,70120.40914098581
40,2011-07-29,929096.9,False,A,155083,67.45,3.898,135.9639355,4.584,0.0,0.0,0.0,0.0,0.0,2011,30,7,NoHoliday,980642.1,953252.14,953393.02,1022531.6499999997,69389.66257239622
40,2011-08-05,1063818.2,False,A,155083,68.1,3.903,136.0540323,4.584,0.0,0.0,0.0,0.0,0.0,2011,31,8,NoHoliday,929096.9,980642.1,1057295.87,992589.2999999998,79362.32783586967
40,2011-08-12,955506.95,False,A,155083,68.3,3.88,136.144129,4.584,0.0,0.0,0.0,0.0,0.0,2011,32,8,NoHoliday,1063818.2,929096.9,924011.76,981702.3349999997,58654.027341272005
40,2011-08-19,943237.12,False,A,155083,64.05,3.82,136.183129,4.584,0.0,0.0,0.0,0.0,0.0,2011,33,8,NoHoliday,955506.95,1063818.2,932397.0,982266.0374999996,58299.22334467875
40,2011-08-26,969611.2999999999,False,A,155083,65.01,3.796,136.2136129,4.584,0.0,0.0,0.0,0.0,0.0,2011,34,8,NoHoliday,943237.12,955506.95,922328.02,972914.7924999997,61555.488311485744
40,2011-09-02,957298.26,False,A,155083,63.79,3.784,136.2440968,4.584,0.0,0.0,0.0,0.0,0.0,2011,35,9,NoHoliday,969611.2999999999,943237.12,976453.34,983043.3924999996,54917.47029714067
40,2011-09-09,1021391.99,True,A,155083,64.83,3.809,136.2745806,4.584,0.0,0.0,0.0,0.0,0.0,2011,36,9,LaborDay,957298.26,969611.2999999999,967310.8200000001,956413.4074999997,10792.027117161255
40,2011-09-16,890661.79,False,A,155083,58.28,3.809,136.3145,4.584,0.0,0.0,0.0,0.0,0.0,2011,37,9,NoHoliday,1021391.99,957298.26,855046.95,972884.6674999997,34086.10881503681
40,2011-09-23,876583.98,False,A,155083,54.09,3.758,136.367,4.584,0.0,0.0,0.0,0.0,0.0,2011,38,9,NoHoliday,890661.79,1021391.99,844373.3099999999,959740.8349999997,53777.85053010555
40,2011-09-30,912857.1,False,A,155083,63.45,3.684,136.4195,4.584,0.0,0.0,0.0,0.0,0.0,2011,39,9,NoHoliday,876583.98,890661.79,891152.33,936484.0049999999,66659.05167466062
40,2011-10-07,1070389.98,False,A,155083,50.21,3.633,136.472,4.42,0.0,0.0,0.0,0.0,0.0,2011,40,10,NoHoliday,912857.1,876583.98,972405.38,925373.7149999997,65730.58842384125
40,2011-10-14,936751.68,False,A,155083,53.9,3.583,136.5150968,4.42,0.0,0.0,0.0,0.0,0.0,2011,41,10,NoHoliday,1070389.98,912857.1,917883.17,937623.2124999998,89761.7921467654
40,2011-10-21,942319.65,False,A,155083,51.61,3.618,136.5017742,4.42,0.0,0.0,0.0,0.0,0.0,2011,42,10,NoHoliday,936751.68,1070389.98,882180.91,949145.6849999997,84529.78343719828
40,2011-10-28,941675.95,False,A,155083,42.09,3.604,136.4884516,4.42,0.0,0.0,0.0,0.0,0.0,2011,43,10,NoHoliday,942319.65,936751.68,875038.84,965579.6024999997,71032.74364109663
40,2011-11-04,1011321.1799999999,False,A,155083,35.4,3.586,136.475129,4.42,0.0,0.0,0.0,0.0,0.0,2011,44,11,NoHoliday,941675.95,942319.65,968270.66,972784.3149999997,65117.95147190624
40,2011-11-11,1037687.07,False,A,155083,40.75,3.57,136.4618065,4.42,725319.67,327527.26,13611.41,227240.47,300390.35000000003,2011,45,11,NoHoliday,1011321.1799999999,941675.95,935481.32,958017.1149999998,35622.961472759736
40,2011-11-18,905399.99,False,A,155083,41.85,3.571,136.4666667,4.42,78105.68,69122.76,2258.5099999999998,37149.33,314129.56,2011,46,11,NoHoliday,1037687.07,1011321.1799999999,852452.93,983250.9624999997,48836.73793917161
40,2011-11-25,1230011.95,True,A,155083,32.76,3.536,136.4788,4.42,18073.34,28315.239999999998,2946431.11,3431.0,130546.62999999999,2011,47,11,Thanksgiving,905399.99,1037687.07,1166142.85,974021.0474999998,61100.23777971333
40,2011-12-02,1059676.62,False,A,155083,38.51,3.501,136.4909333,4.42,285554.88,1689.84,170207.27999999997,104770.8,1139660.6400000001,2011,48,12,NoHoliday,1230011.95,905399.99,1000582.06,1046105.0474999998,135278.03686813536
40,2011-12-09,1158708.98,False,A,155083,34.48,3.47,136.5030667,4.42,509886.72000000003,3456.0,6771.599999999999,126532.8,493218.0,2011,49,12,NoHoliday,1059676.62,1230011.95,1111215.72,1058193.9074999997,133279.3429532575
40,2011-12-16,1198670.19,False,A,155083,29.53,3.445,136.5335161,4.42,220882.32,0.0,27646.56,29494.079999999998,211543.92,2011,50,12,NoHoliday,1158708.98,1059676.62,1179036.3,1088449.3849999998,140607.4008419326
40,2011-12-23,1601585.7,False,A,155083,24.46,3.413,136.5883871,4.42,50361.72,2.13,75664.7,4808.12,94873.75,2011,51,12,NoHoliday,1198670.19,1158708.98,1648829.18,1161766.9349999996,74051.81926088607
40,2011-12-30,908853.15,True,A,155083,18.75,3.402,136.6432581,4.42,237466.6,1788992.0999999999,14370.3,29520.4,170739.1,2011,52,12,Christmas,1601585.7,1198670.19,811318.3,1254660.3724999998,238549.37773903785
40,2012-01-06,954576.86,False,A,155083,23.29,3.439,136.698129,4.261,261606.8,1444058.0,11889.5,66792.59999999999,315591.5,2012,1,1,NoHoliday,908853.15,1601585.7,894280.19,1216954.5049999997,286702.2023386642
40,2012-01-13,780607.52,False,A,155083,25.9,3.523,136.753,4.261,78977.5,610486.1,9053.800000000001,27557.600000000002,225528.80000000002,2012,2,1,NoHoliday,954576.86,908853.15,771315.62,1165921.4749999996,317083.82976053294
40,2012-01-20,811365.42,False,A,155083,14.02,3.542,136.8564194,4.261,116068.4,302355.19999999995,7130.2,5567.8,128190.3,2012,3,1,NoHoliday,780607.52,954576.86,764014.75,1061405.8074999996,367571.64011864533
40,2012-01-27,770157.29,False,A,155083,22.91,3.568,136.9598387,4.261,27201.3,92944.59999999999,8870.4,2680.2999999999997,113369.9,2012,4,1,NoHoliday,811365.42,780607.52,775910.43,863850.7374999997,81528.29416335511
40,2012-02-03,979552.34,False,A,155083,27.86,3.633,137.0632581,4.261,2696599.88,193904.55000000002,7697.11,1675396.94,421802.48,2012,5,2,NoHoliday,770157.29,811365.42,904261.65,829176.7724999997,85410.18250359318
40,2012-02-10,999785.48,True,A,155083,23.92,3.655,137.1666774,4.261,743993.28,266444.64,4752.72,849894.48,554246.64,2012,6,2,SuperBowl,979552.34,770157.29,931939.52,835420.6424999998,97666.7523290685
40,2012-02-17,975500.87,False,A,155083,25.56,3.703,137.2583103,4.261,558962.64,530406.0,2410.56,287671.68,190236.24,2012,7,2,NoHoliday,999785.48,979552.34,968694.45,890215.1324999998,116358.58427333097
40,2012-02-24,919301.81,False,A,155083,29.88,3.751,137.3411034,4.261,1132201.5,326956.42000000004,142.0,339034.94,668700.01,2012,8,2,NoHoliday,975500.87,999785.48,888869.27,931248.9949999998,107918.53219781202
40,2012-03-02,927732.02,False,A,155083,23.79,3.827,137.4238966,4.261,1085197.3699999999,95064.74,0.0,1008966.0900000001,150656.32,2012,9,3,NoHoliday,919301.81,975500.87,977070.62,968535.1249999998,34498.33147317268
40,2012-03-09,954233.87,False,A,155083,30.58,3.876,137.5066897,4.261,891713.22,27891.870000000003,27.6,487291.11,235997.25,2012,10,3,NoHoliday,927732.02,919301.81,860255.58,955580.0449999998,38481.95500646336
40,2012-03-16,891154.18,False,A,155083,37.13,3.867,137.5843871,4.261,340539.83999999997,12200.58,265.65000000000003,96105.26999999999,169639.26,2012,11,3,NoHoliday,954233.87,927732.02,871024.26,944192.1424999998,25635.502683792834
40,2012-03-23,844490.86,False,A,155083,52.27,3.889,137.6552903,4.261,397951.29,8740.23,191.13,12415.86,224988.99,2012,12,3,NoHoliday,891154.18,954233.87,834621.39,923105.4699999999,25985.476799847434
40,2012-03-30,871945.64,False,A,155083,36.25,3.921,137.7261935,4.261,502775.7,8453.2,653.8,141227.1,171484.6,2012,13,3,NoHoliday,844490.86,891154.18,841889.08,904402.7324999998,47582.750829923876
40,2012-04-06,1132064.23,False,A,155083,36.54,3.957,137.7970968,4.125,669273.1199999999,0.0,3121.2000000000003,135079.19999999998,435054.24,2012,14,4,NoHoliday,871945.64,844490.86,947753.32,890456.1374999998,46631.64762100315
40,2012-04-13,857811.17,False,A,155083,40.65,4.025,137.868,4.125,264155.04000000004,340477.2,2455.2000000000003,95096.16,131094.0,2012,15,4,NoHoliday,1132064.23,871945.64,874446.32,934913.7274999998,132821.30055549703
40,2012-04-20,896979.93,False,A,155083,55.3,4.046,137.9230667,4.125,224663.31,79876.47,1765.71,23498.64,233011.62,2012,16,4,NoHoliday,857811.17,1132064.23,965056.4,926577.9749999997,137448.73097562886
40,2012-04-27,875372.91,False,A,155083,47.51,4.023,137.9781333,4.125,159838.0,23.1,1745.8000000000002,16465.4,217930.3,2012,17,4,NoHoliday,896979.93,857811.17,847246.5,939700.2424999998,129261.27951022872
40,2012-05-04,993311.59,False,A,155083,44.47,3.991,138.0332,4.125,841356.72,0.0,5631.12,225298.08,242237.52,2012,18,5,NoHoliday,875372.91,896979.93,1016752.55,940557.0599999998,128672.47587522841
40,2012-05-11,967729.35,False,A,155083,52.06,3.947,138.0882667,4.125,502080.05,0.0,28985.75,83478.96,298552.16,2012,19,5,NoHoliday,993311.59,875372.91,903864.02,905868.8999999998,60456.013323613304
40,2012-05-18,896295.41,False,A,155083,57.59,3.899,138.1065806,4.125,312866.7,0.0,7164.2699999999995,50770.89,164792.01,2012,20,5,NoHoliday,967729.35,993311.59,907110.8300000001,933348.4449999998,56158.87264055764
40,2012-05-25,991054.49,False,A,155083,65.25,3.85,138.1101935,4.125,566284.6,0.0,21231.7,76464.5,171416.0,2012,21,5,NoHoliday,896295.41,967729.35,972373.81,933177.3149999997,56307.484127403906
40,2012-06-01,1037464.27,False,A,155083,64.75,3.798,138.1138065,4.125,329538.69,2172.6,3616.03,29835.620000000003,115530.49,2012,22,6,NoHoliday,991054.49,896295.41,1075687.74,962097.7099999997,45366.87288842988
40,2012-06-08,1079386.88,False,A,155083,55.78,3.746,138.1174194,4.125,528387.84,23385.600000000002,3214.08,148870.80000000002,538773.84,2012,23,6,NoHoliday,1037464.27,991054.49,984336.04,973135.8799999998,58858.323514486925
40,2012-06-15,977950.28,False,A,155083,63.39,3.683,138.1295333,4.125,375452.26,17382.22,3034.54,82783.16,262352.1,2012,24,6,NoHoliday,1079386.88,1037464.27,971422.67,1001050.2624999997,78604.70760656499
40,2012-06-22,1033552.18,False,A,155083,69.32,3.629,138.1629,4.125,346055.7,30222.0,325.68,139279.26,550136.3099999999,2012,25,6,NoHoliday,977950.28,1079386.88,977103.64,1021463.9799999997,46293.45092006079
40,2012-06-29,988764.84,False,A,155083,64.42,3.577,138.1962667,4.125,204811.6,17724.0,0.0,28000.0,148705.9,2012,26,6,NoHoliday,1033552.18,977950.28,1048866.3,1032088.4024999997,41629.81654859761
40,2012-07-06,1182901.56,False,A,155083,69.08,3.538,138.2296333,4.156,445517.1,19404.0,4344.9,180229.0,366132.2,2012,27,7,NoHoliday,988764.84,1033552.18,1107366.06,1019913.5449999997,46383.35683318171
40,2012-07-13,979848.71,False,A,155083,67.48,3.561,138.263,4.156,482371.4,5628.0,1656.2,102516.4,187403.30000000002,2012,28,7,NoHoliday,1182901.56,988764.84,953252.14,1045792.2149999999,94522.3793378834
40,2012-07-20,968502.38,False,A,155083,70.45,3.61,138.2331935,4.156,171727.69999999998,6319.71,675.92,102955.68,160707.78999999998,2012,29,7,NoHoliday,979848.71,1182901.56,980642.1,1046266.8224999998,94071.8825953656
40,2012-07-27,954396.85,False,A,155083,67.88,3.701,138.2033871,4.156,234574.19999999998,10957.1,296.8,113727.6,112373.79999999999,2012,30,7,NoHoliday,968502.38,979848.71,929096.9,1030004.3724999998,102268.16798419801
40,2012-08-03,1068346.76,False,A,155083,70.15,3.698,138.1735806,4.156,1242486.7000000002,26451.6,445.20000000000005,581215.6,154648.9,2012,31,8,NoHoliday,954396.85,968502.38,1063818.2,1021412.3749999998,108161.67417673448
40,2012-08-10,1007906.43,False,A,155083,70.09,3.772,138.1437742,4.156,767595.5,9148.3,22.400000000000002,339457.30000000005,158664.1,2012,32,8,NoHoliday,1068346.76,954396.85,955506.95,992773.6749999997,51446.484670148246
40,2012-08-17,969387.48,False,A,155083,69.41,3.84,138.1857097,4.156,259092.24,1856.4,69.36,12316.16,436384.56,2012,33,8,NoHoliday,1007906.43,1068346.76,943237.12,999788.1049999999,51007.708553009594
40,2012-08-24,945318.47,False,A,155083,63.91,3.874,138.2814516,4.156,443299.86,1299.3,3412.26,188128.69999999998,427524.37,2012,34,8,NoHoliday,969387.48,1007906.43,969611.2999999999,1000009.3799999998,50828.353493559734
40,2012-08-31,987264.67,False,A,155083,66.11,3.884,138.3771935,4.156,763300.3,2716.7000000000003,1676.5,187891.9,203893.2,2012,35,8,NoHoliday,945318.47,969387.48,957298.26,997739.7849999997,53667.34902579654
40,2012-09-07,1088248.4,True,A,155083,65.06,3.921,138.4729355,4.156,390081.10000000003,0.0,2815.8599999999997,65731.8,232098.28999999998,2012,36,9,LaborDay,987264.67,945318.47,1021391.99,977469.2624999997,26591.7270361255
40,2012-09-14,901709.82,False,A,155083,59.38,3.988,138.5673,4.156,397110.81,0.0,4464.4800000000005,20636.149999999998,523627.84,2012,37,9,NoHoliday,1088248.4,987264.67,890661.79,997554.7549999997,62857.63794544299
40,2012-09-21,899768.4,False,A,155083,54.12,4.056,138.6534,4.156,258204.1,534.8,0.0,48526.1,340925.19999999995,2012,38,9,NoHoliday,901709.82,1088248.4,876583.98,980635.3399999997,79793.56221463316
40,2012-09-28,919595.44,False,A,155083,50.98,4.018,138.7395,4.156,250532.8,0.0,0.0,49697.9,329428.39999999997,2012,39,9,NoHoliday,899768.4,901709.82,912857.1,969247.8224999998,89208.58735162504
40,2012-10-05,1069112.0,False,A,155083,57.21,4.027,138.8256,4.145,305182.14,0.0,854.13,124537.55,161439.09,2012,40,10,NoHoliday,919595.44,899768.4,1070389.98,952330.5149999998,91050.32911108025
40,2012-10-12,982523.26,False,A,155083,47.35,4.029,138.9117,4.145,119736.53,0.0,983.35,41887.87,451916.42000000004,2012,41,10,NoHoliday,1069112.0,919595.44,936751.68,947546.4149999998,81533.59352316138
40,2012-10-19,918170.5,False,A,155083,46.33,4.0,138.8336129,4.145,28844.2,0.0,427.0,2713.2,199507.0,2012,42,10,NoHoliday,982523.26,1069112.0,942319.65,967749.7749999997,76229.61769592589
40,2012-10-26,921264.52,False,A,155083,49.65,3.917,138.7281613,4.145,256005.41,3974.58,19.880000000000003,34563.51,98623.26,2012,43,10,NoHoliday,918170.5,982523.26,941675.95,972350.2999999998,71145.02016710507
41,2011-02-04,1179420.5,False,A,196321,14.56,3.011,191.7625895,7.241,0.0,0.0,0.0,0.0,0.0,2011,5,2,NoHoliday,1026439.93,1088025.8,1086533.18,1080167.8549999997,55074.76496184227
41,2011-02-11,1150003.36,True,A,196321,16.81,3.037,191.8572881,7.241,0.0,0.0,0.0,0.0,0.0,2011,6,2,SuperBowl,1179420.5,1026439.93,1075656.34,1086623.8474999997,66813.88846990415
41,2011-02-18,1203399.64,False,A,196321,39.39,3.051,191.9178331,7.241,0.0,0.0,0.0,0.0,0.0,2011,7,2,NoHoliday,1150003.36,1179420.5,1052034.74,1110972.3974999997,68021.67097822628
41,2011-02-25,1099714.93,False,A,196321,26.1,3.101,191.9647167,7.241,0.0,0.0,0.0,0.0,0.0,2011,8,2,NoHoliday,1203399.64,1150003.36,991941.73,1139815.8575,78675.09400110733
41,2011-03-04,1229257.7,False,A,196321,34.99,3.232,192.0116004,7.241,0.0,0.0,0.0,0.0,0.0,2011,9,3,NoHoliday,1099714.93,1203399.64,1063557.49,1158134.6074999997,44650.450881909215
41,2011-03-11,1159089.6,False,A,196321,31.6,3.372,192.058484,7.241,0.0,0.0,0.0,0.0,0.0,2011,10,3,NoHoliday,1229257.7,1099714.93,1023997.71,1170593.9074999997,57635.22283336455
41,2011-03-18,1115504.26,False,A,196321,40.19,3.406,192.1237981,7.241,0.0,0.0,0.0,0.0,0.0,2011,11,3,NoHoliday,1159089.6,1229257.7,1006597.6900000001,1172865.4674999998,56725.053954800394
41,2011-03-25,1140578.16,False,A,196321,41.11,3.414,192.1964844,7.241,0.0,0.0,0.0,0.0,0.0,2011,12,3,NoHoliday,1115504.26,1159089.6,1015196.46,1150891.6224999998,57964.84054375344
41,2011-04-01,1179125.48,False,A,196321,38.16,3.461,192.2691707,6.934,0.0,0.0,0.0,0.0,0.0,2011,13,4,NoHoliday,1140578.16,1115504.26,1168826.39,1161107.4299999997,48818.13522240455
41,2011-04-08,1206252.12,False,A,196321,42.87,3.532,192.3418571,6.934,0.0,0.0,0.0,0.0,0.0,2011,14,4,NoHoliday,1179125.48,1140578.16,1082158.21,1148574.3749999998,27089.43172762537
41,2011-04-15,1192982.07,False,A,196321,39.94,3.611,192.4225954,6.934,0.0,0.0,0.0,0.0,0.0,2011,15,4,NoHoliday,1206252.12,1179125.48,1043388.79,1160365.005,40255.80050242564
41,2011-04-22,1304481.75,False,A,196321,42.86,3.636,192.5234638,6.934,0.0,0.0,0.0,0.0,0.0,2011,16,4,NoHoliday,1192982.07,1206252.12,1067340.74,1179734.4574999998,28356.493371198845
41,2011-04-29,1178841.05,False,A,196321,39.81,3.663,192.6243322,6.934,0.0,0.0,0.0,0.0,0.0,2011,17,4,NoHoliday,1304481.75,1192982.07,1063960.1099999999,1220710.3549999997,56935.18770608255
41,2011-05-06,1244956.91,False,A,196321,41.2,3.735,192.7252006,6.934,0.0,0.0,0.0,0.0,0.0,2011,18,5,NoHoliday,1178841.05,1304481.75,1175738.22,1220639.2474999998,57004.571292402325
41,2011-05-13,1270025.74,False,A,196321,50.29,3.767,192.826069,6.934,0.0,0.0,0.0,0.0,0.0,2011,19,5,NoHoliday,1244956.91,1178841.05,1116439.02,1230315.4449999998,57033.34558021853
41,2011-05-20,1244542.33,False,A,196321,41.11,3.828,192.831317,6.934,0.0,0.0,0.0,0.0,0.0,2011,20,5,NoHoliday,1270025.74,1244956.91,1163234.33,1249576.3624999998,53096.146729450986
41,2011-05-27,1278304.33,False,A,196321,50.56,3.795,192.8365651,6.934,0.0,0.0,0.0,0.0,0.0,2011,21,5,NoHoliday,1244542.33,1270025.74,1246654.24,1234591.5074999998,39030.581094609544
41,2011-06-03,1297584.95,False,A,196321,54.81,3.763,192.8418131,6.934,0.0,0.0,0.0,0.0,0.0,2011,22,6,NoHoliday,1278304.33,1244542.33,1305068.1,1259457.3274999997,17316.85213999285
41,2011-06-10,1311690.11,False,A,196321,61.1,3.735,192.8470612,6.934,0.0,0.0,0.0,0.0,0.0,2011,23,6,NoHoliday,1297584.95,1278304.33,1217199.39,1272614.3374999997,21989.73961784839
41,2011-06-17,1289151.84,False,A,196321,62.3,3.697,192.9034759,6.934,0.0,0.0,0.0,0.0,0.0,2011,24,6,NoHoliday,1311690.11,1297584.95,1202963.06,1283030.4299999997,29079.667426814245
41,2011-06-24,1244381.98,False,A,196321,59.54,3.661,192.9982655,6.934,0.0,0.0,0.0,0.0,0.0,2011,25,6,NoHoliday,1289151.84,1311690.11,1174209.52,1294182.8074999999,14089.202675925653
41,2011-07-01,1333347.78,False,A,196321,67.01,3.597,193.0930552,6.901,0.0,0.0,0.0,0.0,0.0,2011,26,7,NoHoliday,1244381.98,1289151.84,1273279.79,1285702.2199999997,29073.652509425407
41,2011-07-08,1338862.58,False,A,196321,68.49,3.54,193.1878448,6.901,0.0,0.0,0.0,0.0,0.0,2011,27,7,NoHoliday,1333347.78,1244381.98,1176079.59,1294642.9274999998,38056.91756555575
41,2011-07-15,1245772.7,False,A,196321,68.18,3.532,193.3125484,6.901,0.0,0.0,0.0,0.0,0.0,2011,28,7,NoHoliday,1338862.58,1333347.78,1179788.3800000001,1301436.045,44064.998877912985
41,2011-07-22,1292830.93,False,A,196321,74.11,3.545,193.5120367,6.901,0.0,0.0,0.0,0.0,0.0,2011,29,7,NoHoliday,1245772.7,1338862.58,1192213.8699999999,1290591.2599999998,52606.2138777478
41,2011-07-29,1248330.1,False,A,196321,71.3,3.547,193.711525,6.901,0.0,0.0,0.0,0.0,0.0,2011,30,7,NoHoliday,1292830.93,1245772.7,1211136.6300000001,1302703.4974999996,43147.55531977195
41,2011-08-05,1402233.69,False,A,196321,72.19,3.554,193.9110133,6.901,0.0,0.0,0.0,0.0,0.0,2011,31,8,NoHoliday,1248330.1,1292830.93,1338132.72,1281449.0774999997,43952.72997902381
41,2011-08-12,1356689.88,False,A,196321,67.65,3.542,194.1105017,6.901,0.0,0.0,0.0,0.0,0.0,2011,32,8,NoHoliday,1402233.69,1248330.1,1285976.53,1297291.8549999997,73221.50269245997
41,2011-08-19,1412959.97,False,A,196321,70.55,3.499,194.2500634,6.901,0.0,0.0,0.0,0.0,0.0,2011,33,8,NoHoliday,1356689.88,1402233.69,1353838.39,1325021.1499999997,68025.51532776243
41,2011-08-26,1328740.71,False,A,196321,71.61,3.485,194.3796374,6.901,0.0,0.0,0.0,0.0,0.0,2011,34,8,NoHoliday,1412959.97,1356689.88,1173131.63,1355053.4099999997,75214.56295898883
41,2011-09-02,1283849.38,False,A,196321,70.37,3.511,194.5092113,6.901,0.0,0.0,0.0,0.0,0.0,2011,35,9,NoHoliday,1328740.71,1412959.97,1223355.5,1375156.0624999998,39402.69947235015
41,2011-09-09,1280958.97,True,A,196321,58.31,3.566,194.6387853,6.901,0.0,0.0,0.0,0.0,0.0,2011,36,9,LaborDay,1283849.38,1328740.71,1172672.27,1345559.9849999996,54029.9895789659
41,2011-09-16,1197019.39,False,A,196321,54.82,3.596,194.7419707,6.901,0.0,0.0,0.0,0.0,0.0,2011,37,9,NoHoliday,1280958.97,1283849.38,1111170.91,1326627.2574999998,61572.026158184766
41,2011-09-23,1173059.79,False,A,196321,55.06,3.581,194.8099713,6.901,0.0,0.0,0.0,0.0,0.0,2011,38,9,NoHoliday,1197019.39,1280958.97,1110941.78,1272642.1124999998,54956.41231400548
41,2011-09-30,1160619.61,False,A,196321,61.77,3.538,194.8779718,6.901,0.0,0.0,0.0,0.0,0.0,2011,39,9,NoHoliday,1173059.79,1197019.39,1109216.35,1233721.8824999998,57070.33924114505
41,2011-10-07,1277882.77,False,A,196321,58.74,3.498,194.9459724,6.759,0.0,0.0,0.0,0.0,0.0,2011,40,10,NoHoliday,1160619.61,1173059.79,1162042.24,1202914.44,54178.26454950399
41,2011-10-14,1247130.22,False,A,196321,47.43,3.491,195.0261012,6.759,0.0,0.0,0.0,0.0,0.0,2011,41,10,NoHoliday,1277882.77,1160619.61,1133913.33,1202145.3899999997,52702.906742247695
41,2011-10-21,1214944.29,False,A,196321,45.62,3.548,195.1789994,6.759,0.0,0.0,0.0,0.0,0.0,2011,42,10,NoHoliday,1247130.22,1277882.77,1156003.7,1214673.0975,56869.36600828325
41,2011-10-28,1274463.02,False,A,196321,37.02,3.55,195.3318977,6.759,0.0,0.0,0.0,0.0,0.0,2011,43,10,NoHoliday,1214944.29,1247130.22,1144854.56,1225144.2225,50107.227422038806
41,2011-11-04,1315684.8599999999,False,A,196321,35.04,3.527,195.4847959,6.759,0.0,0.0,0.0,0.0,0.0,2011,44,11,NoHoliday,1274463.02,1214944.29,1163878.49,1253605.0749999997,29217.805006731942
41,2011-11-11,1302499.23,False,A,196321,32.87,3.505,195.6376941,6.759,1232537.7600000002,1074765.5999999999,22283.28,589479.84,354605.76,2011,45,11,NoHoliday,1315684.8599999999,1274463.02,1175326.23,1263055.5974999997,42693.809532823136
41,2011-11-18,1230118.02,False,A,196321,36.64,3.479,195.7184713,6.759,175919.1,40737.9,4866.4,13617.8,429176.3,2011,46,11,NoHoliday,1302499.23,1315684.8599999999,1172155.28,1276897.8499999999,44736.393821499165
41,2011-11-25,1906713.35,True,A,196321,36.37,3.424,195.7704,6.759,18500.399999999998,75886.56,5732726.399999999,2934.72,188392.32,2011,47,11,Thanksgiving,1230118.02,1302499.23,1866681.57,1280691.2824999997,37844.344245358945
41,2011-12-02,1292436.23,False,A,196321,34.53,3.378,195.8223287,6.759,321619.2,21382.9,124686.8,221767.0,1521748.2,2011,48,12,NoHoliday,1906713.35,1230118.02,1220115.75,1438753.8649999998,314232.55770793115
41,2011-12-09,1548661.45,False,A,196321,17.05,3.331,195.8742575,6.759,200332.08,8640.0,10167.12,140166.72,684262.08,2011,49,12,NoHoliday,1292436.23,1906713.35,1434908.13,1432941.7074999998,317466.0331395518
41,2011-12-16,1682368.32,False,A,196321,25.01,3.266,195.9841685,6.759,532828.0800000001,6408.0,20381.76,91416.96,346266.72000000003,2011,50,12,NoHoliday,1548661.45,1292436.23,1627904.68,1494482.2624999997,307452.3842923661
41,2011-12-23,2263722.68,False,A,196321,25.59,3.173,196.1713893,6.759,92461.68000000001,2183.7599999999998,76312.8,2574.72,247000.32,2011,51,12,NoHoliday,1682368.32,1548661.45,2225016.73,1607544.8375,256814.48573431955
41,2011-12-30,1264014.16,True,A,196321,34.12,3.119,196.3586101,6.759,378142.55999999994,4039646.4,9698.4,76283.28,170390.88,2011,52,12,Christmas,2263722.68,1682368.32,1001790.16,1696797.1699999997,411122.3203778793
41,2012-01-06,1208191.61,False,A,196321,37.21,3.095,196.5458309,6.589,458207.73,1623544.9300000002,9007.77,183351.11,302952.74,2012,1,1,NoHoliday,1264014.16,2263722.68,1153596.53,1689691.6524999999,420577.41949605447
41,2012-01-13,1134767.28,False,A,196321,27.49,3.077,196.7330517,6.589,141240.4,1067804.5799999998,8190.6,39630.97,295244.12,2012,2,1,NoHoliday,1208191.61,1264014.16,1052609.16,1604574.1925,487725.65454115317
41,2012-01-20,1116295.24,False,A,196321,31.56,3.055,196.7796652,6.589,197958.6,256995.9,8368.5,37102.1,134749.3,2012,3,1,NoHoliday,1134767.28,1208191.61,1088025.8,1467673.9324999996,533331.924883501
41,2012-01-27,1079398.81,False,A,196321,33.15,3.038,196.8262786,6.589,177451.19999999998,153108.72000000003,8064.72,9326.88,58846.31999999999,2012,4,1,NoHoliday,1116295.24,1134767.28,1026439.93,1180817.0724999998,68202.56820747722
41,2012-02-03,1208825.6,False,A,196321,31.65,3.031,196.8728921,6.589,3007117.67,333477.06,16466.32,3282917.88,452943.79,2012,5,2,NoHoliday,1079398.81,1116295.24,1179420.5,1134663.2349999999,54154.01698372139
41,2012-02-10,1238844.56,True,A,196321,22.0,3.103,196.9195056,6.589,593046.16,556178.97,9274.65,982122.2899999999,588849.39,2012,6,2,SuperBowl,1208825.6,1079398.81,1150003.36,1134821.7325,54441.119976362585
41,2012-02-17,1330451.46,False,A,196321,22.52,3.113,196.9432711,6.589,1140378.48,771184.7999999999,1077.1200000000001,727002.72,532114.5599999999,2012,7,2,NoHoliday,1238844.56,1208825.6,1203399.64,1160841.0524999998,75286.63505964234
41,2012-02-24,1224915.66,False,A,196321,27.89,3.129,196.9499007,6.589,650080.26,651903.54,227.20000000000002,270403.5,436541.37,2012,8,2,NoHoliday,1330451.46,1238844.56,1099714.93,1214380.1075,103797.67424444476
41,2012-03-02,1239813.26,False,A,196321,27.39,3.191,196.9565303,6.589,805068.8200000001,234456.29,1533.0,1145598.49,126781.29000000001,2012,9,3,NoHoliday,1224915.66,1330451.46,1229257.7,1250759.3199999998,54525.621863738175
41,2012-03-09,1243814.77,False,A,196321,35.3,3.286,196.9631599,6.589,1083107.84,20298.19,549.54,227456.31,276149.52999999997,2012,10,3,NoHoliday,1239813.26,1224915.66,1159089.6,1258506.2349999999,48443.95699258421
41,2012-03-16,1201511.6199999999,False,A,196321,47.76,3.486,197.0457208,6.589,461850.03,3476.87,325.89,214873.69,143459.05,2012,11,3,NoHoliday,1243814.77,1239813.26,1115504.26,1259748.7874999996,47831.41520130038
41,2012-03-23,1215354.3800000001,False,A,196321,44.04,3.664,197.2295234,6.589,322384.3,3435.6,182.0,79382.09999999999,254188.9,2012,12,3,NoHoliday,1201511.6199999999,1243814.77,1140578.16,1227513.8274999997,19147.341290228393
41,2012-03-30,1239423.19,False,A,196321,51.56,3.75,197.4133259,6.589,398597.5,676.2,496.3,117411.7,169353.80000000002,2012,13,3,NoHoliday,1215354.3800000001,1201511.6199999999,1179125.48,1225123.5074999998,20150.344958099053
41,2012-04-06,1460234.31,False,A,196321,48.48,3.854,197.5971285,6.547,479552.39999999997,0.0,3538.7999999999997,153114.48,488955.60000000003,2012,14,4,NoHoliday,1239423.19,1215354.3800000001,1206252.12,1225025.9899999998,20056.2812956398
41,2012-04-13,1323004.73,False,A,196321,46.84,3.901,197.780931,6.547,590470.79,226649.03999999998,1720.33,196714.73,257828.69,2012,15,4,NoHoliday,1460234.31,1239423.19,1192982.07,1279130.8749999998,121747.47701438976
41,2012-04-20,1220815.33,False,A,196321,43.57,3.936,197.7227385,6.547,257451.6,81611.6,2652.3,20811.7,155907.5,2012,16,4,NoHoliday,1323004.73,1460234.31,1304481.75,1309504.1524999999,110570.28977011955
41,2012-04-27,1248950.65,False,A,196321,57.66,3.927,197.664546,6.547,214886.88,558.72,14687.28,2862.0,220954.32,2012,17,4,NoHoliday,1220815.33,1323004.73,1178841.05,1310869.3899999997,109043.47607025632
41,2012-05-04,1359770.73,False,A,196321,52.86,3.903,197.6063534,6.547,733590.72,0.0,22181.76,425048.39999999997,215781.84,2012,18,5,NoHoliday,1248950.65,1220815.33,1244956.91,1313251.255,107048.4575098092
41,2012-05-11,1353285.1,False,A,196321,50.22,3.87,197.5481609,6.547,619774.38,0.0,18259.489999999998,218865.68,295736.14,2012,19,5,NoHoliday,1359770.73,1248950.65,1270025.74,1288135.3599999999,64329.690232499306
41,2012-05-18,1331514.44,False,A,196321,55.24,3.837,197.5553137,6.547,455526.06,0.0,12728.88,70875.75,211366.28999999998,2012,20,5,NoHoliday,1353285.1,1359770.73,1244542.33,1295705.4524999997,71214.03792386274
41,2012-05-25,1424500.47,False,A,196321,54.89,3.804,197.5886046,6.547,591499.4400000001,0.0,19954.079999999998,86274.0,176011.92,2012,21,5,NoHoliday,1331514.44,1353285.1,1278304.33,1323380.2299999997,51070.20491857231
41,2012-06-01,1374891.36,False,A,196321,57.29,3.764,197.6218954,6.547,668698.25,-146.0,9311.880000000001,135099.64,193645.63999999998,2012,22,6,NoHoliday,1424500.47,1331514.44,1297584.95,1367267.6849999998,40023.33995910329
41,2012-06-08,1436383.84,False,A,196321,65.11,3.741,197.6551863,6.547,737658.0,37972.799999999996,5621.039999999999,53980.56,368486.64,2012,23,6,NoHoliday,1374891.36,1424500.47,1311690.11,1371047.8424999998,39792.633102874934
41,2012-06-15,1384584.5899999999,False,A,196321,64.92,3.723,197.692292,6.547,491814.87,42529.0,401.86,241168.53999999998,304658.16,2012,24,6,NoHoliday,1436383.84,1374891.36,1289151.84,1391822.5274999999,48226.16284611792
41,2012-06-22,1386407.17,False,A,196321,66.88,3.735,197.7389345,6.547,460103.76,54279.36,617.76,247074.48,341418.24,2012,25,6,NoHoliday,1384584.5899999999,1436383.84,1244381.98,1405090.065,29936.045523030272
41,2012-06-29,1355600.01,False,A,196321,76.54,3.693,197.785577,6.547,200480.7,24221.399999999998,0.0,27528.2,230530.3,2012,26,6,NoHoliday,1386407.17,1384584.5899999999,1333347.78,1395566.7399999998,27676.779266898004
41,2012-07-06,1456300.89,False,A,196321,74.47,3.646,197.8322195,6.432,560985.84,22082.399999999998,2263.6800000000003,349680.24,294284.88,2012,27,7,NoHoliday,1355600.01,1386407.17,1338862.58,1390743.9024999999,33540.231833371356
41,2012-07-13,1332594.07,False,A,196321,67.24,3.613,197.8788621,6.432,436505.04,6180.4800000000005,115.2,129965.76,189804.24,2012,28,7,NoHoliday,1456300.89,1355600.01,1245772.7,1395723.1649999996,42779.99512702272
41,2012-07-20,1347175.93,False,A,196321,74.06,3.585,197.9290378,6.432,298285.92,7380.0,1716.48,98092.8,397334.88,2012,29,7,NoHoliday,1332594.07,1456300.89,1292830.93,1382725.5349999997,53776.83884730071
41,2012-07-27,1344723.97,False,A,196321,73.31,3.57,197.9792136,6.432,317646.89999999997,8907.66,179.63,468384.16,229207.17,2012,30,7,NoHoliday,1347175.93,1332594.07,1248330.1,1372917.7249999996,56395.3089675152
41,2012-08-03,1439607.35,False,A,196321,73.16,3.528,198.0293893,6.432,2956021.8499999996,6092.58,3252.88,1739312.6,267623.83999999997,2012,31,8,NoHoliday,1344723.97,1347175.93,1402233.69,1370198.7149999999,57754.37971064194
41,2012-08-10,1504545.94,False,A,196321,71.73,3.509,198.0795651,6.432,829671.84,5628.960000000001,462.96,369532.8,192045.6,2012,32,8,NoHoliday,1439607.35,1344723.97,1356689.88,1366025.3299999998,49467.19664142072
41,2012-08-17,1560590.05,False,A,196321,65.77,3.545,198.1001057,6.432,117935.97,2977.74,138.45,169812.12,246687.37,2012,33,8,NoHoliday,1504545.94,1439607.35,1412959.97,1409013.2974999999,77501.52575087639
41,2012-08-24,1464462.85,False,A,196321,69.07,3.558,198.0984199,6.432,436915.44000000006,-1440.0,6173.28,267123.60000000003,164725.19999999998,2012,34,8,NoHoliday,1560590.05,1504545.94,1328740.71,1462366.8275,92708.70995832673
41,2012-08-31,1360517.52,False,A,196321,71.56,3.556,198.0967341,6.432,1254458.8800000001,1075.68,4241.5199999999995,338421.60000000003,445026.24,2012,35,8,NoHoliday,1464462.85,1560590.05,1283849.38,1492301.5474999999,52804.407171029634
41,2012-09-07,1392143.82,True,A,196321,67.41,3.596,198.0950484,6.432,735872.4,1641.6000000000001,10453.68,314017.92,229467.6,2012,36,9,LaborDay,1360517.52,1464462.85,1280958.97,1472529.0899999999,84442.22364363908
41,2012-09-14,1306644.25,False,A,196321,59.39,3.659,198.1267184,6.432,747282.1,0.0,790.94,97501.46,478733.12,2012,37,9,NoHoliday,1392143.82,1360517.52,1197019.39,1444428.56,88824.96121694463
41,2012-09-21,1276609.36,False,A,196321,59.81,3.765,198.358523,6.432,796472.64,5230.08,432.0,81015.12,573288.48,2012,38,9,NoHoliday,1306644.25,1392143.82,1173059.79,1380942.1099999999,65925.53423958487
41,2012-09-28,1307928.01,False,A,196321,56.08,3.789,198.5903276,6.432,325070.66,3672.83,213.0,135104.48,1024101.87,2012,39,9,NoHoliday,1276609.36,1306644.25,1160619.61,1333978.7374999998,52044.54335933797
41,2012-10-05,1400160.95,False,A,196321,50.14,3.779,198.8221322,6.195,432690.32999999996,0.0,2409.74,205023.15,273586.43,2012,40,10,NoHoliday,1307928.01,1276609.36,1277882.77,1320831.3599999999,49695.14653241156
41,2012-10-12,1409544.97,False,A,196321,39.38,3.76,199.0539368,6.195,111486.33,0.0,1868.01,59270.799999999996,1023899.52,2012,41,10,NoHoliday,1400160.95,1307928.01,1247130.22,1322835.6424999998,53542.727709094586
41,2012-10-19,1326197.24,False,A,196321,49.56,3.75,199.1481963,6.195,222859.06,0.0,438.07,9161.84,582633.1,2012,42,10,NoHoliday,1409544.97,1400160.95,1214944.29,1348560.8224999998,66356.80776899264
41,2012-10-26,1316542.59,False,A,196321,41.8,3.686,199.2195317,6.195,350229.60000000003,7296.4800000000005,18043.2,3401.28,109758.96,2012,43,10,NoHoliday,1326197.24,1409544.97,1274463.02,1360957.7924999997,51374.62154765513
42,2011-02-04,586886.16,False,C,39690,44.88,3.348,127.7195806,8.744,0.0,0.0,0.0,0.0,0.0,2011,5,2,NoHoliday,499081.79,533414.62,543384.01,559835.8274999998,52941.400087699876
42,2011-02-11,628063.88,True,C,39690,51.51,3.381,127.859129,8.744,0.0,0.0,0.0,0.0,0.0,2011,6,2,SuperBowl,586886.16,499081.79,575709.96,558320.4299999997,51751.04149715353
42,2011-02-18,556485.1,False,C,39690,61.77,3.43,127.99525,8.744,0.0,0.0,0.0,0.0,0.0,2011,7,2,NoHoliday,628063.88,586886.16,508794.87,561861.6124999998,57036.554638789996
42,2011-02-25,526904.08,False,C,39690,53.59,3.398,128.13,8.744,0.0,0.0,0.0,0.0,0.0,2011,8,2,NoHoliday,556485.1,628063.88,491510.58,567629.2324999997,54301.99332652152
42,2011-03-04,570879.04,False,C,39690,56.96,3.674,128.26475,8.744,0.0,0.0,0.0,0.0,0.0,2011,9,3,NoHoliday,526904.08,556485.1,554972.42,574584.8049999997,43252.69030301996
42,2011-03-11,607294.56,False,C,39690,64.22,3.63,128.3995,8.744,0.0,0.0,0.0,0.0,0.0,2011,10,3,NoHoliday,570879.04,526904.08,588363.62,570583.0249999998,42468.568934655086
42,2011-03-18,558239.32,False,C,39690,70.12,3.892,128.5121935,8.744,0.0,0.0,0.0,0.0,0.0,2011,11,3,NoHoliday,607294.56,570879.04,519914.1,565390.6949999998,33399.525891258265
42,2011-03-25,522673.62,False,C,39690,62.53,3.716,128.6160645,8.744,0.0,0.0,0.0,0.0,0.0,2011,12,3,NoHoliday,558239.32,607294.56,478021.68,565829.2499999998,33254.81523738066
42,2011-04-01,508432.17,False,C,39690,67.64,3.772,128.7199355,8.494,0.0,0.0,0.0,0.0,0.0,2011,13,4,NoHoliday,522673.62,558239.32,505907.41000000003,564771.6349999998,34930.471666975434
42,2011-04-08,620087.35,False,C,39690,73.03,3.818,128.8238065,8.494,0.0,0.0,0.0,0.0,0.0,2011,14,4,NoHoliday,508432.17,522673.62,582552.26,549159.9174999997,44054.30580577348
42,2011-04-15,597644.02,False,C,39690,61.05,4.089,128.9107333,8.494,0.0,0.0,0.0,0.0,0.0,2011,15,4,NoHoliday,620087.35,508432.17,549528.16,552358.1149999998,49774.47717297452
42,2011-04-22,534597.69,False,C,39690,75.93,3.917,128.9553,8.494,0.0,0.0,0.0,0.0,0.0,2011,16,4,NoHoliday,597644.02,620087.35,492364.76999999996,562209.2899999998,54956.15754830672
42,2011-04-29,496010.17,False,C,39690,73.38,4.151,128.9998667,8.494,0.0,0.0,0.0,0.0,0.0,2011,17,4,NoHoliday,534597.69,597644.02,477615.87,565190.3074999996,52358.77242096962
42,2011-05-06,612337.35,False,C,39690,73.56,4.193,129.0444333,8.494,0.0,0.0,0.0,0.0,0.0,2011,18,5,NoHoliday,496010.17,534597.69,582846.22,562084.8074999998,57009.21527654633
42,2011-05-13,603024.75,False,C,39690,74.04,4.202,129.089,8.494,0.0,0.0,0.0,0.0,0.0,2011,19,5,NoHoliday,612337.35,496010.17,564345.55,560147.3074999998,54455.36198145199
42,2011-05-20,524559.95,False,C,39690,72.62,3.99,129.0756774,8.494,0.0,0.0,0.0,0.0,0.0,2011,20,5,NoHoliday,603024.75,612337.35,504403.16,561492.4899999998,55741.64484115613
42,2011-05-27,503295.29,False,C,39690,78.62,3.933,129.0623548,8.494,0.0,0.0,0.0,0.0,0.0,2011,21,5,NoHoliday,524559.95,603024.75,484097.03,558983.0549999997,57552.54438779571
42,2011-06-03,545109.3,False,C,39690,81.87,3.893,129.0490323,8.494,0.0,0.0,0.0,0.0,0.0,2011,22,6,NoHoliday,503295.29,524559.95,556046.12,560804.3349999997,54951.98139784073
42,2011-06-10,616701.99,False,C,39690,84.57,3.981,129.0357097,8.494,0.0,0.0,0.0,0.0,0.0,2011,23,6,NoHoliday,545109.3,503295.29,607218.6,543997.3224999998,42894.990346997685
42,2011-06-17,546675.65,False,C,39690,87.96,3.935,129.0432,8.494,0.0,0.0,0.0,0.0,0.0,2011,24,6,NoHoliday,616701.99,545109.3,529418.64,547416.6324999998,49243.968653092656
42,2011-06-24,501780.66000000003,False,C,39690,90.69,3.807,129.0663,8.494,0.0,0.0,0.0,0.0,0.0,2011,25,6,NoHoliday,546675.65,616701.99,484327.56,552945.5574999998,47013.2974793907
42,2011-07-01,506343.83,False,C,39690,95.36,3.842,129.0894,8.257,0.0,0.0,0.0,0.0,0.0,2011,26,7,NoHoliday,501780.66000000003,546675.65,507168.8,552566.8999999998,47549.53405664382
42,2011-07-08,593234.27,False,C,39690,88.57,3.793,129.1125,8.257,0.0,0.0,0.0,0.0,0.0,2011,27,7,NoHoliday,506343.83,501780.66000000003,570069.48,542875.5324999997,53191.918413097716
42,2011-07-15,591703.8200000001,False,C,39690,86.01,3.779,129.1338387,8.257,0.0,0.0,0.0,0.0,0.0,2011,28,7,NoHoliday,593234.27,506343.83,558837.27,537008.6024999998,42568.0384736883
42,2011-07-22,511316.29,False,C,39690,88.59,3.697,129.1507742,8.257,0.0,0.0,0.0,0.0,0.0,2011,29,7,NoHoliday,591703.8200000001,593234.27,491115.86,548265.6449999998,51079.4958377283
42,2011-07-29,479256.8,False,C,39690,86.75,3.694,129.1677097,8.257,0.0,0.0,0.0,0.0,0.0,2011,30,7,NoHoliday,511316.29,591703.8200000001,469598.57,550649.5524999998,48335.67912595198
42,2011-08-05,572603.33,False,C,39690,89.8,3.803,129.1846452,8.257,0.0,0.0,0.0,0.0,0.0,2011,31,8,NoHoliday,479256.8,511316.29,579544.2100000001,543877.7949999998,57618.03795810629
42,2011-08-12,603147.26,False,C,39690,85.61,3.794,129.2015806,8.257,0.0,0.0,0.0,0.0,0.0,2011,32,8,NoHoliday,572603.33,479256.8,583079.97,538720.0599999998,52415.64877564484
42,2011-08-19,526641.23,False,C,39690,87.4,3.743,129.2405806,8.257,0.0,0.0,0.0,0.0,0.0,2011,33,8,NoHoliday,603147.26,572603.33,500945.63,541580.9199999997,56430.039004237005
42,2011-08-26,503720.98,False,C,39690,91.59,3.663,129.2832581,8.257,0.0,0.0,0.0,0.0,0.0,2011,34,8,NoHoliday,526641.23,603147.26,465993.51,545412.1549999998,54165.120904561336
42,2011-09-02,537124.76,False,C,39690,91.61,3.798,129.3259355,8.257,0.0,0.0,0.0,0.0,0.0,2011,35,9,NoHoliday,503720.98,526641.23,524658.0599999999,551528.1999999997,44771.94069114211
42,2011-09-09,608390.9400000001,True,C,39690,89.06,3.771,129.3686129,8.257,0.0,0.0,0.0,0.0,0.0,2011,36,9,LaborDay,537124.76,503720.98,589091.04,542658.5574999998,42670.03541424724
42,2011-09-16,576837.09,False,C,39690,77.49,3.784,129.4306,8.257,0.0,0.0,0.0,0.0,0.0,2011,37,9,NoHoliday,608390.9400000001,537124.76,536871.58,543969.4774999998,45155.96933875034
42,2011-09-23,528486.45,False,C,39690,82.51,3.789,129.5183333,8.257,0.0,0.0,0.0,0.0,0.0,2011,38,9,NoHoliday,576837.09,608390.9400000001,492262.95999999996,556518.4424999998,45706.63846937293
42,2011-09-30,510243.79,False,C,39690,82.27,3.877,129.6060667,8.257,0.0,0.0,0.0,0.0,0.0,2011,39,9,NoHoliday,528486.45,576837.09,481523.93,562709.8099999998,37023.32072046173
42,2011-10-07,649111.23,False,C,39690,75.01,3.827,129.6938,7.874,0.0,0.0,0.0,0.0,0.0,2011,40,10,NoHoliday,510243.79,528486.45,599759.45,555989.5674999998,44831.6133459917
42,2011-10-14,613531.11,False,C,39690,70.27,3.698,129.7706452,7.874,0.0,0.0,0.0,0.0,0.0,2011,41,10,NoHoliday,649111.23,510243.79,559285.35,566169.6399999998,62023.71951673584
42,2011-10-21,537276.41,False,C,39690,77.91,3.842,129.7821613,7.874,0.0,0.0,0.0,0.0,0.0,2011,42,10,NoHoliday,613531.11,649111.23,522467.51,575343.1449999998,66667.15063955169
42,2011-10-28,515599.69999999995,False,C,39690,72.79,3.843,129.7936774,7.874,0.0,0.0,0.0,0.0,0.0,2011,43,10,NoHoliday,537276.41,613531.11,476967.65,577540.6349999998,64724.38366186974
42,2011-11-04,597667.21,False,C,39690,68.57,3.828,129.8051935,7.874,0.0,0.0,0.0,0.0,0.0,2011,44,11,NoHoliday,515599.69999999995,537276.41,565390.4,578879.6124999998,62897.74813129866
42,2011-11-11,643125.29,False,C,39690,55.28,3.677,129.8167097,7.874,1286.5,13742.500000000002,737.0,0.0,144277.5,2011,45,11,NoHoliday,597667.21,515599.69999999995,588592.61,566018.6074999997,47000.893908807935
42,2011-11-18,567673.87,False,C,39690,58.97,3.669,129.8268333,7.874,124668.74,603.19,98.98,0.0,165872.35,2011,46,11,NoHoliday,643125.29,597667.21,524316.21,573417.1524999999,58012.35731737366
42,2011-11-25,577698.37,True,C,39690,60.68,3.76,129.8364,7.874,1315.8,0.0,239.70000000000002,0.0,98568.72,2011,47,11,Thanksgiving,567673.87,643125.29,522296.71,581016.5174999997,53516.76197344204
42,2011-12-02,511883.36,False,C,39690,57.29,3.701,129.8459667,7.874,1228.59,0.0,239.70000000000002,0.0,51858.840000000004,2011,48,12,NoHoliday,577698.37,567673.87,500250.8,596541.1849999998,33465.00820970386
42,2011-12-09,619133.48,False,C,39690,42.58,3.644,129.8555333,7.874,1653.6,0.0,1129.4299999999998,0.0,99235.61,2011,49,12,NoHoliday,511883.36,577698.37,585175.24,575095.2224999998,53807.318258925916
42,2011-12-16,598437.98,False,C,39690,50.53,3.489,129.8980645,7.874,121.0,0.0,1566.5,0.0,33789.0,2011,50,12,NoHoliday,619133.48,511883.36,537455.65,569097.2699999998,44170.34751000957
42,2011-12-23,575676.13,False,C,39690,48.36,3.541,129.9845484,7.874,5175.0,0.0,981.5,0.0,46974.5,2011,51,12,NoHoliday,598437.98,619133.48,555075.27,576788.2974999998,46458.95097533497
42,2011-12-30,454412.28,True,C,39690,48.92,3.428,130.0710323,7.874,12362.91,73810.26,185.64000000000001,9381.960000000001,23412.06,2011,52,12,Christmas,575676.13,598437.98,428953.60000000003,576282.7374999998,46456.74941320568
42,2012-01-06,636372.37,False,C,39690,59.85,3.443,130.1575161,7.545,148.41,135415.71,3970.86,0.0,33130.11,2012,1,1,NoHoliday,454412.28,575676.13,592947.75,561914.9674999998,73833.33941588768
42,2012-01-13,664348.2,False,C,39690,51.0,3.477,130.244,7.545,66349.11,134415.95,1118.3000000000002,0.0,27308.78,2012,2,1,NoHoliday,636372.37,454412.28,613899.15,566224.6899999998,78633.61836206178
42,2012-01-20,579499.9299999999,False,C,39690,54.51,3.66,130.2792258,7.545,28994.399999999998,95179.20000000001,0.0,0.0,16508.64,2012,3,1,NoHoliday,664348.2,636372.37,533414.62,582702.2449999998,93191.96263110936
42,2012-01-27,538978.67,False,C,39690,53.59,3.675,130.3144516,7.545,117.6,26426.680000000004,0.0,0.0,40028.59,2012,4,1,NoHoliday,579499.9299999999,664348.2,499081.79,583658.1949999997,93115.44602422343
42,2012-02-03,588448.21,False,C,39690,56.85,3.543,130.3496774,7.545,64855.68000000001,854.8799999999999,766.5600000000001,12668.16,67962.24,2012,5,2,NoHoliday,538978.67,579499.9299999999,586886.16,604799.7924999997,56318.56915647978
42,2012-02-10,674919.45,True,C,39690,55.73,3.722,130.3849032,7.545,50629.23,710.43,1310.7,0.0,86748.45,2012,6,2,SuperBowl,588448.21,538978.67,628063.88,592818.7524999997,52318.60414114835
42,2012-02-17,606671.5,False,C,39690,54.12,3.781,130.4546207,7.545,3209.76,35366.399999999994,189.12,0.0,47821.44,2012,7,2,NoHoliday,674919.45,588448.21,556485.1,595461.5649999997,57177.60009107604
42,2012-02-24,564304.15,False,C,39690,56.02,3.95,130.5502069,7.545,18022.89,11854.44,0.0,0.0,83877.66,2012,8,2,NoHoliday,606671.5,674919.45,526904.08,602254.4574999998,56255.812005781554
42,2012-03-02,585895.34,False,C,39690,57.62,3.882,130.6457931,7.545,22511.399999999998,549.78,99.96,0.0,77082.93000000001,2012,9,3,NoHoliday,564304.15,606671.5,570879.04,608585.8274999998,47505.104022553925
42,2012-03-09,659816.15,False,C,39690,57.65,3.963,130.7413793,7.545,20024.13,51.0,174.93,142.79999999999998,40717.38,2012,10,3,NoHoliday,585895.34,564304.15,607294.56,607947.6099999998,47881.48571449846
42,2012-03-16,618767.26,False,C,39690,62.11,4.273,130.8261935,7.545,22362.48,76.5,119.85000000000001,0.0,114805.59000000001,2012,11,3,NoHoliday,659816.15,585895.34,558239.32,604171.7849999998,40930.838796303084
42,2012-03-23,561226.38,False,C,39690,56.54,4.288,130.8966452,7.545,123.93,0.0,34.68,0.0,40608.75,2012,12,3,NoHoliday,618767.26,659816.15,522673.62,607195.7249999997,41618.117675705864
42,2012-03-30,544408.14,False,C,39690,67.92,4.294,130.9670968,7.545,18073.0,79.5,0.0,1162.8200000000002,75849.89,2012,13,3,NoHoliday,561226.38,618767.26,508432.17,606426.2824999997,42690.07871981466
42,2012-04-06,652312.11,False,C,39690,65.99,4.282,131.0375484,7.382,110.24000000000001,0.0,1779.9599999999998,0.0,13032.24,2012,14,4,NoHoliday,544408.14,561226.38,620087.35,596054.4824999998,53109.20171861125
42,2012-04-13,639123.45,False,C,39690,70.28,4.254,131.108,7.382,7492.41,43282.17,740.01,0.0,60786.9,2012,15,4,NoHoliday,652312.11,544408.14,597644.02,594178.4724999998,50156.60367632663
42,2012-04-20,552529.23,False,C,39690,67.75,4.111,131.1173333,7.382,4193.7300000000005,8647.050000000001,821.1,0.0,32778.21,2012,16,4,NoHoliday,639123.45,652312.11,534597.69,599267.5199999998,54341.21698722613
42,2012-04-27,526625.49,False,C,39690,80.11,4.088,131.1266667,7.382,34957.44,0.0,616.59,0.0,26150.76,2012,17,4,NoHoliday,552529.23,639123.45,496010.17,597093.2324999997,56501.71946071599
42,2012-05-04,609274.89,False,C,39690,77.02,4.058,131.136,7.382,8171.5,0.0,917.0,0.0,46768.0,2012,18,5,NoHoliday,526625.49,552529.23,612337.35,592647.5699999997,62418.64306735528
42,2012-05-11,643603.69,False,C,39690,76.03,4.186,131.1453333,7.382,16239.080000000002,0.0,208.0,0.0,75160.8,2012,19,5,NoHoliday,609274.89,526625.49,603024.75,581888.2649999998,51451.66297198734
42,2012-05-18,590636.38,False,C,39690,85.19,4.308,131.0983226,7.382,19138.140000000003,0.0,0.0,0.0,75231.18000000001,2012,20,5,NoHoliday,643603.69,609274.89,524559.95,583008.3249999997,53134.20119872841
42,2012-05-25,535764.58,False,C,39690,86.03,4.127,131.0287742,7.382,3260.43,0.0,45.9,0.0,59652.15,2012,21,5,NoHoliday,590636.38,643603.69,503295.29,592535.1124999998,49111.78840788895
42,2012-06-01,521953.78,False,C,39690,80.06,4.277,130.9592258,7.382,31707.0,0.0,57.2,2270.84,37769.68,2012,22,6,NoHoliday,535764.58,590636.38,545109.3,594819.8849999998,45069.714748737424
42,2012-06-08,642671.48,False,C,39690,86.87,4.103,130.8896774,7.382,18196.88,0.0,865.28,0.0,66154.92,2012,23,6,NoHoliday,521953.78,535764.58,616701.99,572989.6074999997,55642.05719900403
42,2012-06-15,606309.13,False,C,39690,88.58,4.144,130.8295333,7.382,25988.559999999998,0.0,112.84,0.0,61739.08,2012,24,6,NoHoliday,642671.48,521953.78,546675.65,572756.5549999997,55248.26706763496
42,2012-06-22,540031.29,False,C,39690,89.92,4.014,130.7929,7.382,2322.3199999999997,0.0,0.0,0.0,69603.56,2012,25,6,NoHoliday,606309.13,642671.48,501780.66000000003,576674.7424999997,57450.823654929256
42,2012-06-29,507403.77,False,C,39690,91.36,3.875,130.7562667,7.382,37772.0,0.0,0.0,0.0,53123.0,2012,26,6,NoHoliday,540031.29,606309.13,506343.83,577741.4199999997,56469.287899638
42,2012-07-06,618702.09,False,C,39690,86.87,3.666,130.7196333,7.17,7824.5,0.0,471.5,0.0,43826.5,2012,27,7,NoHoliday,507403.77,540031.29,593234.27,574103.9174999997,61504.85065065917
42,2012-07-13,628099.08,False,C,39690,89.8,3.723,130.683,7.17,39992.16,0.0,122.72,0.0,139288.76,2012,28,7,NoHoliday,618702.09,507403.77,591703.8200000001,568111.5699999998,53205.24225295
42,2012-07-20,530318.39,False,C,39690,84.45,3.589,130.7012903,7.17,10648.76,0.0,237.44000000000003,0.0,54383.829999999994,2012,29,7,NoHoliday,628099.08,618702.09,511316.29,573559.0574999998,59197.80597111374
42,2012-07-27,516352.21,False,C,39690,83.98,3.769,130.7195806,7.17,1224.0,0.0,0.0,0.0,83016.5,2012,30,7,NoHoliday,530318.39,628099.08,479256.8,571130.8324999998,61196.94905546086
42,2012-08-03,573084.71,False,C,39690,84.76,3.595,130.737871,7.17,0.0,0.0,304.46999999999997,0.0,32078.49,2012,31,8,NoHoliday,516352.21,530318.39,572603.33,573367.9424999998,58180.00820614157
42,2012-08-10,576620.31,False,C,39690,90.78,3.811,130.7561613,7.17,3604.6399999999994,0.0,940.1599999999999,0.0,18365.88,2012,32,8,NoHoliday,573084.71,516352.21,603147.26,561963.5974999998,50263.96660359479
42,2012-08-17,575997.78,False,C,39690,88.83,4.002,130.7909677,7.17,12842.96,0.0,1259.44,687.96,161107.44,2012,33,8,NoHoliday,576620.31,573084.71,526641.23,549093.9049999998,30319.41210843951
42,2012-08-24,535537.03,False,C,39690,82.5,4.055,130.8381613,7.17,29076.86,0.0,2884.79,3030.54,139289.3,2012,34,8,NoHoliday,575997.78,576620.31,503720.98,560513.7524999997,29481.333702367017
42,2012-08-31,504760.57,False,C,39690,86.97,3.886,130.8853548,7.17,14283.000000000002,0.0,932.4999999999999,7081.999999999999,45309.0,2012,35,8,NoHoliday,535537.03,575997.78,537124.76,565309.9574999998,19908.353454980643
42,2012-09-07,617405.35,True,C,39690,83.07,4.124,130.9325484,7.17,16711.45,0.0,10809.4,3562.3,79856.28,2012,36,9,LaborDay,504760.57,535537.03,608390.9400000001,548228.9224999998,34774.33026132058
42,2012-09-14,586737.66,False,C,39690,78.47,3.966,130.9776667,7.17,38008.77,0.0,2379.15,0.0,48237.840000000004,2012,37,9,NoHoliday,617405.35,504760.57,576837.09,558425.1824999998,48959.89685755359
42,2012-09-21,527165.7,False,C,39690,81.93,4.125,131.0103333,7.17,0.0,0.0,0.0,0.0,8532.16,2012,38,9,NoHoliday,586737.66,617405.35,528486.45,561110.1524999997,50514.6132143763
42,2012-09-28,505978.46,False,C,39690,82.52,3.966,131.043,7.17,6317.37,0.0,0.0,0.0,27949.02,2012,39,9,NoHoliday,527165.7,586737.66,510243.79,559017.3199999997,52076.54594993399
42,2012-10-05,593162.53,False,C,39690,80.88,4.132,131.0756667,6.943,24432.57,0.0,306.0,542.64,130821.63,2012,40,10,NoHoliday,505978.46,527165.7,649111.23,559321.7924999997,51655.44453314616
42,2012-10-12,612379.9,False,C,39690,76.03,4.468,131.1083333,6.943,2469.0,0.0,543.5,0.0,48536.0,2012,41,10,NoHoliday,593162.53,505978.46,613531.11,553261.0874999998,43318.28763948367
42,2012-10-19,541406.98,False,C,39690,72.71,4.449,131.1499677,6.943,2857.53,0.0,443.19,0.0,23224.38,2012,42,10,NoHoliday,612379.9,593162.53,537276.41,559671.6474999997,51118.79660509364
42,2012-10-26,514756.08,False,C,39690,70.5,4.301,131.1930968,6.943,0.0,39.0,104.0,0.0,53796.6,2012,43,10,NoHoliday,541406.98,612379.9,515599.69999999995,563231.9674999998,48530.58156482987
43,2011-02-04,651521.77,False,C,41062,33.21,2.989,204.5264194,10.398,0.0,0.0,0.0,0.0,0.0,2011,5,2,NoHoliday,562558.27,601004.79,647029.28,597574.9349999998,24095.19098947918
43,2011-02-11,635650.98,True,C,41062,40.65,3.022,204.873871,10.398,0.0,0.0,0.0,0.0,0.0,2011,6,2,SuperBowl,651521.77,562558.27,682918.99,607506.2249999999,36766.00589726476
43,2011-02-18,626627.77,False,C,41062,59.15,3.045,205.1683214,10.398,0.0,0.0,0.0,0.0,0.0,2011,7,2,NoHoliday,635650.98,651521.77,658997.55,612683.9524999998,39517.28441742013
43,2011-02-25,592340.01,False,C,41062,58.37,3.065,205.4415714,10.398,0.0,0.0,0.0,0.0,0.0,2011,8,2,NoHoliday,626627.77,635650.98,618702.79,619089.6974999998,39067.20806052605
43,2011-03-04,616345.25,False,C,41062,60.26,3.288,205.7148214,10.398,0.0,0.0,0.0,0.0,0.0,2011,9,3,NoHoliday,592340.01,626627.77,658600.05,626535.1324999998,25011.63538392952
43,2011-03-11,629026.75,False,C,41062,60.24,3.459,205.9880714,10.398,0.0,0.0,0.0,0.0,0.0,2011,10,3,NoHoliday,616345.25,592340.01,645386.9400000001,617741.0024999997,18680.653769039225
43,2011-03-18,635171.05,False,C,41062,68.98,3.488,206.225924,10.398,0.0,0.0,0.0,0.0,0.0,2011,11,3,NoHoliday,629026.75,616345.25,668098.49,616084.9449999998,16758.39264892141
43,2011-03-25,585989.1,False,C,41062,65.53,3.473,206.4496175,10.398,0.0,0.0,0.0,0.0,0.0,2011,12,3,NoHoliday,635171.05,629026.75,623097.9299999999,618220.7649999998,18950.92354237614
43,2011-04-01,611585.54,False,C,41062,67.79,3.524,206.6733111,10.581,0.0,0.0,0.0,0.0,0.0,2011,13,4,NoHoliday,585989.1,635171.05,650102.8,616633.0374999997,21881.46661882473
43,2011-04-08,650418.75,False,C,41062,70.35,3.622,206.8970046,10.581,0.0,0.0,0.0,0.0,0.0,2011,14,4,NoHoliday,611585.54,585989.1,693058.34,615443.1099999998,22031.238758624917
43,2011-04-15,635758.03,False,C,41062,65.01,3.743,207.1015429,10.581,0.0,0.0,0.0,0.0,0.0,2011,15,4,NoHoliday,650418.75,611585.54,675282.2,620791.1099999998,28169.144736030634
43,2011-04-22,638280.67,False,C,41062,74.49,3.807,207.2581929,10.581,0.0,0.0,0.0,0.0,0.0,2011,16,4,NoHoliday,635758.03,650418.75,638957.35,620937.8549999997,28270.373355517248
43,2011-04-29,611464.21,False,C,41062,71.34,3.81,207.4148429,10.581,0.0,0.0,0.0,0.0,0.0,2011,17,4,NoHoliday,638280.67,635758.03,630740.11,634010.7474999998,16262.4076916499
43,2011-05-06,649148.74,False,C,41062,66.77,3.906,207.5714929,10.581,0.0,0.0,0.0,0.0,0.0,2011,18,5,NoHoliday,611464.21,638280.67,691498.6,633980.4149999998,16318.194889620721
43,2011-05-13,684655.91,False,C,41062,76.03,3.899,207.7281429,10.581,0.0,0.0,0.0,0.0,0.0,2011,19,5,NoHoliday,649148.74,611464.21,690851.59,633662.9124999997,15898.704850294398
43,2011-05-20,648330.18,False,C,41062,74.21,3.907,207.5200622,10.581,0.0,0.0,0.0,0.0,0.0,2011,20,5,NoHoliday,684655.91,649148.74,672062.08,645887.3824999998,30312.0001392314
43,2011-05-27,578209.63,False,C,41062,80.89,3.786,207.3119816,10.581,0.0,0.0,0.0,0.0,0.0,2011,21,5,NoHoliday,648330.18,684655.91,630315.76,648399.7599999998,29884.82936809516
43,2011-06-03,630972.15,False,C,41062,83.49,3.699,207.1039009,10.581,0.0,0.0,0.0,0.0,0.0,2011,22,6,NoHoliday,578209.63,648330.18,682012.53,640086.1149999998,44591.70999917368
43,2011-06-10,643041.71,False,C,41062,85.81,3.648,206.8958203,10.581,0.0,0.0,0.0,0.0,0.0,2011,23,6,NoHoliday,630972.15,578209.63,684023.95,635541.9674999998,44285.42981641942
43,2011-06-17,665781.74,False,C,41062,88.49,3.637,206.8560238,10.581,0.0,0.0,0.0,0.0,0.0,2011,24,6,NoHoliday,643041.71,630972.15,700009.77,625138.4174999997,32118.163404002265
43,2011-06-24,604925.08,False,C,41062,88.3,3.594,206.9424405,10.581,0.0,0.0,0.0,0.0,0.0,2011,25,6,NoHoliday,665781.74,643041.71,625196.14,629501.3074999998,37115.189346647734
43,2011-07-01,586781.78,False,C,41062,91.36,3.524,207.0288571,10.641,0.0,0.0,0.0,0.0,0.0,2011,26,7,NoHoliday,604925.08,665781.74,667353.79,636180.1699999998,25346.51718944388
43,2011-07-08,651147.83,False,C,41062,87.02,3.48,207.1152738,10.641,0.0,0.0,0.0,0.0,0.0,2011,27,7,NoHoliday,586781.78,604925.08,718748.33,625132.5774999998,35833.95997743096
43,2011-07-15,631827.38,False,C,41062,84.67,3.575,207.1940691,10.641,0.0,0.0,0.0,0.0,0.0,2011,28,7,NoHoliday,651147.83,586781.78,696844.36,627159.1074999997,37380.24033882457
43,2011-07-22,597354.39,False,C,41062,88.58,3.651,207.2538111,10.641,0.0,0.0,0.0,0.0,0.0,2011,29,7,NoHoliday,631827.38,651147.83,649035.55,618670.5174999997,28482.201983678104
43,2011-07-29,533917.52,False,C,41062,83.43,3.682,207.313553,10.641,0.0,0.0,0.0,0.0,0.0,2011,30,7,NoHoliday,597354.39,631827.38,622112.23,616777.8449999997,29915.541625705937
43,2011-08-05,605956.59,False,C,41062,87.47,3.684,207.3732949,10.641,0.0,0.0,0.0,0.0,0.0,2011,31,8,NoHoliday,533917.52,597354.39,698536.0599999999,603561.7799999998,51485.37313180394
43,2011-08-12,595626.56,False,C,41062,86.64,3.638,207.4330369,10.641,0.0,0.0,0.0,0.0,0.0,2011,32,8,NoHoliday,605956.59,533917.52,713479.91,592263.9699999997,41565.096963329874
43,2011-08-19,663396.3200000001,False,C,41062,82.08,3.554,207.4953088,10.641,0.0,0.0,0.0,0.0,0.0,2011,33,8,NoHoliday,595626.56,605956.59,712869.09,583213.7649999998,33173.23527195497
43,2011-08-26,561573.08,False,C,41062,87.43,3.523,207.5580023,10.641,0.0,0.0,0.0,0.0,0.0,2011,34,8,NoHoliday,663396.3200000001,595626.56,655284.6900000001,599724.2474999998,53041.78018829663
43,2011-09-02,594224.9,False,C,41062,87.84,3.533,207.6206959,10.641,0.0,0.0,0.0,0.0,0.0,2011,35,9,NoHoliday,561573.08,663396.3200000001,689326.91,606638.1374999997,42324.42176905973
43,2011-09-09,649128.23,True,C,41062,79.29,3.546,207.6833894,10.641,0.0,0.0,0.0,0.0,0.0,2011,36,9,LaborDay,594224.9,561573.08,722120.04,603705.2149999999,42791.29917373606
43,2011-09-16,618877.13,False,C,41062,77.17,3.526,207.8527143,10.641,0.0,0.0,0.0,0.0,0.0,2011,37,9,NoHoliday,649128.23,594224.9,725043.04,617080.6324999998,47524.25453320935
43,2011-09-23,586108.13,False,C,41062,78.98,3.467,208.1642143,10.641,0.0,0.0,0.0,0.0,0.0,2011,38,9,NoHoliday,618877.13,649128.23,650263.95,605950.8349999997,37140.540437273405
43,2011-09-30,555183.72,False,C,41062,78.97,3.355,208.4757143,10.641,0.0,0.0,0.0,0.0,0.0,2011,39,9,NoHoliday,586108.13,618877.13,657108.77,612084.5974999998,28355.56891317392
43,2011-10-07,642828.62,False,C,41062,74.17,3.285,208.7872143,10.148,0.0,0.0,0.0,0.0,0.0,2011,40,10,NoHoliday,555183.72,586108.13,713332.54,602324.3024999998,40619.38164924144
43,2011-10-14,590984.56,False,C,41062,68.09,3.274,209.0752166,10.148,0.0,0.0,0.0,0.0,0.0,2011,41,10,NoHoliday,642828.62,555183.72,699852.68,600749.3999999998,38252.98825746736
43,2011-10-21,594625.96,False,C,41062,70.3,3.353,209.2222327,10.148,0.0,0.0,0.0,0.0,0.0,2011,42,10,NoHoliday,590984.56,642828.62,680943.03,593776.2574999998,36341.49130974887
43,2011-10-28,572516.57,False,C,41062,66.82,3.372,209.3692488,10.148,0.0,0.0,0.0,0.0,0.0,2011,43,10,NoHoliday,594625.96,590984.56,610076.32,595905.7149999999,35990.255300819816
43,2011-11-04,641905.37,False,C,41062,59.08,3.332,209.516265,10.148,0.0,0.0,0.0,0.0,0.0,2011,44,11,NoHoliday,572516.57,594625.96,605960.2,600238.9274999998,29997.553981531597
43,2011-11-11,615975.5,False,C,41062,51.26,3.297,209.6632811,10.148,8783.25,46281.479999999996,149.94,0.0,138976.25,2011,45,11,NoHoliday,641905.37,572516.57,595421.23,600008.1149999998,29560.9943469732
43,2011-11-18,628115.61,False,C,41062,57.75,3.308,209.8651071,10.148,1510.1100000000001,158.39000000000001,120.32000000000001,0.0,47189.88,2011,46,11,NoHoliday,615975.5,641905.37,589467.35,606255.8499999997,29658.91225654499
43,2011-11-25,669965.22,True,C,41062,55.7,3.236,210.0888571,10.148,168.5,0.0,288.0,0.0,10637.5,2011,47,11,Thanksgiving,628115.61,615975.5,633520.34,614628.2624999997,30006.4372554108
43,2011-12-02,585028.26,False,C,41062,47.49,3.172,210.3126071,10.148,696.54,0.0,287.17,0.0,80235.11,2011,48,12,NoHoliday,669965.22,628115.61,557543.62,638990.4249999998,23208.35484420773
43,2011-12-09,617898.07,False,C,41062,34.23,3.158,210.5363571,10.148,1840.3200000000002,0.0,355.68,0.0,81977.76,2011,49,12,NoHoliday,585028.26,669965.22,598679.02,624771.1474999997,35168.878952709245
43,2011-12-16,665007.08,False,C,41062,43.78,3.159,210.7365392,10.148,238.14000000000001,0.0,122.5,0.0,52470.67,2011,50,12,NoHoliday,617898.07,585028.26,615761.77,625251.7899999998,35021.430824075156
43,2011-12-23,676290.46,False,C,41062,42.63,3.112,210.9052972,10.148,3625.92,0.0,180.0,0.0,61255.200000000004,2011,51,12,NoHoliday,665007.08,617898.07,656637.63,634474.6574999997,40462.074132028894
43,2011-12-30,505405.85,True,C,41062,41.83,3.129,211.0740553,10.148,20363.91,94376.45,0.0,2482.3399999999997,41049.26,2011,52,12,Christmas,676290.46,665007.08,534740.3,636055.9674999997,42389.13963145715
43,2012-01-06,670993.01,False,C,41062,47.59,3.157,211.2428134,9.653,1581.6000000000001,81553.44,3376.7999999999997,0.0,56095.68000000001,2012,1,1,NoHoliday,505405.85,676290.46,611796.61,616150.3649999998,78041.03984996794
43,2012-01-13,663529.64,False,C,41062,43.68,3.261,211.4115714,9.653,43807.96,10275.79,1585.6399999999999,0.0,58402.12,2012,2,1,NoHoliday,670993.01,505405.85,614940.07,629424.0999999997,82807.21542035697
43,2012-01-20,619225.65,False,C,41062,52.72,3.268,211.4997811,9.653,15077.6,1144.92,1490.84,0.0,7192.879999999999,2012,3,1,NoHoliday,663529.64,670993.01,601004.79,629054.7399999998,82598.62481259003
43,2012-01-27,587685.38,False,C,41062,52.1,3.29,211.5879908,9.653,5372.84,380.16,1155.44,0.0,23422.52,2012,4,1,NoHoliday,619225.65,663529.64,562558.27,614788.5374999997,76417.48947725583
43,2012-02-03,629176.71,False,C,41062,51.92,3.36,211.6762005,9.653,76594.5,1510.2,2324.7,6876.9,99531.45,2012,5,2,NoHoliday,587685.38,619225.65,651521.77,635358.4199999998,39142.58827888235
43,2012-02-10,662198.65,True,C,41062,46.54,3.409,211.7644101,9.653,27163.199999999997,0.0,1299.3600000000001,0.0,95248.79999999999,2012,6,2,SuperBowl,629176.71,587685.38,635650.98,624904.3449999997,31239.213867319497
43,2012-02-17,660632.0499999999,False,C,41062,49.38,3.51,211.916835,9.653,5167.650000000001,65322.479999999996,24.44,0.0,132769.83,2012,7,2,NoHoliday,662198.65,629176.71,626627.77,624571.5974999997,30692.96519370184
43,2012-02-24,613042.97,False,C,41062,53.53,3.555,212.1174212,9.653,19785.6,16278.300000000001,0.0,0.0,65258.55,2012,8,2,NoHoliday,660632.0499999999,662198.65,592340.01,634923.1974999998,34972.98446294799
43,2012-03-02,693249.98,False,C,41062,56.43,3.63,212.3180074,9.653,16643.52,122.88,760.3199999999999,0.0,68627.04000000001,2012,9,3,NoHoliday,613042.97,660632.0499999999,616345.25,641262.5949999997,24193.043334623297
43,2012-03-09,636677.67,False,C,41062,54.52,3.669,212.5185936,9.653,18428.23,23.5,0.0,0.0,60790.270000000004,2012,10,3,NoHoliday,693249.98,613042.97,629026.75,657280.9124999997,33096.745248608044
43,2012-03-16,661707.02,False,C,41062,57.88,3.734,212.6651567,9.653,12342.72,0.0,97.92,0.0,30314.879999999997,2012,11,3,NoHoliday,636677.67,693249.98,635171.05,650900.6674999997,34271.77163258866
43,2012-03-23,610940.9400000001,False,C,41062,56.28,3.787,212.7396889,9.653,9492.960000000001,0.0,65.28,0.0,71306.4,2012,12,3,NoHoliday,661707.02,636677.67,585989.1,651169.4099999998,34377.56803196254
43,2012-03-30,623258.4,False,C,41062,69.88,3.845,212.8142212,9.653,6952.799999999999,0.0,0.0,0.0,22573.920000000002,2012,13,3,NoHoliday,610940.9400000001,661707.02,611585.54,650643.9024999997,35161.77512732511
43,2012-04-06,658468.27,False,C,41062,64.7,3.891,212.8887535,9.575,7982.549999999999,0.0,547.65,0.0,66593.25,2012,14,4,NoHoliday,623258.4,610940.9400000001,650418.75,633146.0074999998,21748.82280210517
43,2012-04-13,665687.92,False,C,41062,70.18,3.891,212.9632857,9.575,6906.900000000001,51782.66,206.54000000000002,0.0,18727.52,2012,15,4,NoHoliday,658468.27,623258.4,635758.03,638593.6574999997,25357.909061058945
43,2012-04-20,638144.98,False,C,41062,67.28,3.877,213.0130524,9.575,11272.48,83544.84999999999,263.2,4083.83,40918.200000000004,2012,16,4,NoHoliday,665687.92,658468.27,638280.67,639588.8824999998,26614.408998427607
43,2012-04-27,593138.59,False,C,41062,78.27,3.814,213.062819,9.575,12060.48,0.0,95.03999999999999,0.0,34538.88,2012,17,4,NoHoliday,638144.98,665687.92,611464.21,646389.8924999998,19333.439044586114
43,2012-05-04,637964.2,False,C,41062,77.47,3.749,213.1125857,9.575,17143.72,0.0,425.82000000000005,0.0,44641.07,2012,18,5,NoHoliday,593138.59,638144.98,649148.74,638859.9399999997,32635.257671892836
43,2012-05-11,640159.04,False,C,41062,67.59,3.688,213.1623524,9.575,1163.8,0.0,99.36000000000001,0.0,22726.3,2012,19,5,NoHoliday,637964.2,593138.59,684655.91,633733.9224999998,30035.488193414767
43,2012-05-18,648541.8099999999,False,C,41062,72.06,3.63,213.1753618,9.575,43201.36,0.0,0.0,0.0,67987.08,2012,20,5,NoHoliday,640159.04,637964.2,648330.18,627351.7024999998,22830.424898921003
43,2012-05-25,597406.39,False,C,41062,82.41,3.561,213.1736682,9.575,24939.64,0.0,48.400000000000006,0.0,38540.04,2012,21,5,NoHoliday,648541.8099999999,640159.04,578209.63,629950.9099999998,24961.217928037888
43,2012-06-01,605078.62,False,C,41062,80.89,3.501,213.1719747,9.575,13670.89,0.0,37.6,0.0,34079.700000000004,2012,22,6,NoHoliday,597406.39,648541.8099999999,630972.15,631017.8599999998,22866.515186992947
43,2012-06-08,643032.51,False,C,41062,85.73,3.452,213.1702811,9.575,20980.8,0.0,186.12,0.0,81437.37,2012,23,6,NoHoliday,605078.62,597406.39,643041.71,622796.4649999997,25317.05446129989
43,2012-06-15,634815.1,False,C,41062,87.75,3.393,213.1786952,9.575,18916.56,0.0,30.55,0.0,61836.020000000004,2012,24,6,NoHoliday,643032.51,605078.62,665781.74,623514.8324999998,26005.345853884297
43,2012-06-22,613270.79,False,C,41062,87.51,3.346,213.2123786,9.575,8844.48,0.0,153.60000000000002,0.0,62347.200000000004,2012,25,6,NoHoliday,634815.1,643032.51,604925.08,620083.1549999998,22234.169198710195
43,2012-06-29,593128.13,False,C,41062,89.85,3.286,213.2460619,9.575,13295.38,0.0,0.0,0.0,93245.22,2012,26,6,NoHoliday,613270.79,634815.1,586781.78,624049.2549999998,17816.917887768086
43,2012-07-06,645618.59,False,C,41062,82.68,3.227,213.2797452,9.285,9886.5,0.0,135.9,0.0,51350.399999999994,2012,27,7,NoHoliday,593128.13,613270.79,651147.83,621061.6324999997,22456.291733134534
43,2012-07-13,627634.04,False,C,41062,78.82,3.256,213.3134286,9.285,25372.95,0.0,33.37,0.0,111533.35,2012,28,7,NoHoliday,645618.59,593128.13,631827.38,621708.1524999999,23320.290637883732
43,2012-07-20,596554.05,False,C,41062,83.83,3.311,213.3219124,9.285,10987.19,0.0,173.43,0.0,59074.770000000004,2012,29,7,NoHoliday,627634.04,645618.59,597354.39,619912.8874999997,22225.661073934316
43,2012-07-27,572447.52,False,C,41062,82.01,3.407,213.3303963,9.285,1095.15,0.0,58.309999999999995,0.0,71179.36,2012,30,7,NoHoliday,596554.05,627634.04,533917.52,615733.7024999998,25255.99276485625
43,2012-08-03,614378.9400000001,False,C,41062,85.06,3.417,213.3388802,9.285,15013.439999999999,0.0,1163.04,1097.28,63244.799999999996,2012,31,8,NoHoliday,572447.52,596554.05,605956.59,610563.5499999998,32503.103910720125
43,2012-08-10,643558.78,False,C,41062,86.36,3.494,213.3473641,9.285,8175.65,0.0,438.51,0.0,50433.82,2012,32,8,NoHoliday,614378.9400000001,572447.52,595626.56,602753.6374999998,23882.19511067816
43,2012-08-17,640210.85,False,C,41062,85.66,3.571,213.4226959,9.285,11718.04,0.0,547.4,0.0,36462.36,2012,33,8,NoHoliday,643558.78,614378.9400000001,663396.3200000001,606734.8224999998,29964.999692862188
43,2012-08-24,598234.64,False,C,41062,81.65,3.62,213.5481636,9.285,16380.9,0.0,588.15,0.0,58914.9,2012,34,8,NoHoliday,640210.85,643558.78,561573.08,617649.0224999997,32834.03143946396
43,2012-08-31,593141.29,False,C,41062,81.12,3.638,213.6736313,9.285,34974.0,0.0,619.5,30796.499999999996,56101.0,2012,35,8,NoHoliday,598234.64,640210.85,594224.9,624095.8024999998,21615.730320208866
43,2012-09-07,663814.18,True,C,41062,84.99,3.73,213.7990991,9.285,29324.64,0.0,877.92,2424.0,24804.48,2012,36,9,LaborDay,593141.29,598234.64,649128.23,618786.3899999998,26787.586520105364
43,2012-09-14,625196.94,False,C,41062,73.03,3.717,213.9332167,9.285,76882.56,0.0,890.8799999999999,0.0,58533.12,2012,37,9,NoHoliday,663814.18,593141.29,618877.13,623850.2399999998,33980.31112962393
43,2012-09-21,601990.02,False,C,41062,75.87,3.721,214.1192333,9.285,11940.22,0.0,0.0,0.0,82465.58,2012,38,9,NoHoliday,625196.94,663814.18,586108.13,620096.7624999997,32361.367406957135
43,2012-09-28,577792.32,False,C,41062,77.55,3.666,214.30525,9.285,16167.53,0.0,0.0,0.0,51122.840000000004,2012,39,9,NoHoliday,601990.02,625196.94,555183.72,621035.6074999997,31560.261434090142
43,2012-10-05,642614.89,False,C,41062,74.09,3.617,214.4912667,8.839,8640.48,0.0,0.47000000000000003,0.0,145389.33,2012,40,10,NoHoliday,577792.32,601990.02,642828.62,617198.3649999998,36611.20752978146
43,2012-10-12,619369.72,False,C,41062,71.14,3.601,214.6772833,8.839,4325.28,0.0,698.88,0.0,43754.399999999994,2012,41,10,NoHoliday,642614.89,577792.32,590984.56,611898.5424999997,28176.554149397693
43,2012-10-19,623919.23,False,C,41062,71.25,3.594,214.7212488,8.839,6213.84,0.0,568.14,0.0,49164.51,2012,42,10,NoHoliday,619369.72,642614.89,594625.96,610441.7374999998,27399.736039715757
43,2012-10-26,587603.55,False,C,41062,69.17,3.506,214.7415392,8.839,1136.6399999999999,347.52,288.0,0.0,39122.399999999994,2012,43,10,NoHoliday,623919.23,619369.72,572516.57,615924.0399999998,27338.771721493133
44,2011-02-04,293953.08,False,C,39910,23.35,2.974,127.7195806,7.224,0.0,0.0,0.0,0.0,0.0,2011,5,2,NoHoliday,276011.4,276157.8,281090.95,283337.23499999975,8577.387792535608
44,2011-02-11,307486.73,True,C,39910,30.83,3.034,127.859129,7.224,0.0,0.0,0.0,0.0,0.0,2011,6,2,SuperBowl,293953.08,276011.4,286857.13,284745.4099999998,10010.783314024316
44,2011-02-18,280785.76,False,C,39910,40.85,3.062,127.99525,7.224,0.0,0.0,0.0,0.0,0.0,2011,7,2,NoHoliday,307486.73,293953.08,267956.3,288402.25249999977,15258.754974784424
44,2011-02-25,279427.93,False,C,39910,33.17,3.12,128.13,7.224,0.0,0.0,0.0,0.0,0.0,2011,8,2,NoHoliday,280785.76,307486.73,273079.07,289559.24249999976,14156.490239213763
44,2011-03-04,293984.54,False,C,39910,34.23,3.23,128.26475,7.224,0.0,0.0,0.0,0.0,0.0,2011,9,3,NoHoliday,279427.93,280785.76,284617.27,290413.37499999977,13132.655671219536
44,2011-03-11,284496.14,False,C,39910,41.28,3.346,128.3995,7.224,0.0,0.0,0.0,0.0,0.0,2011,10,3,NoHoliday,293984.54,279427.93,272190.83,290421.23999999976,13135.491305032374
44,2011-03-18,281699.68,False,C,39910,44.69,3.407,128.5121935,7.224,0.0,0.0,0.0,0.0,0.0,2011,11,3,NoHoliday,284496.14,293984.54,269624.2,284673.5924999998,6566.5173267346345
44,2011-03-25,285031.81,False,C,39910,42.38,3.435,128.6160645,7.224,0.0,0.0,0.0,0.0,0.0,2011,12,3,NoHoliday,281699.68,284496.14,276279.49,284902.0724999998,6399.936222987084
44,2011-04-01,281514.26,False,C,39910,42.49,3.487,128.7199355,6.906,0.0,0.0,0.0,0.0,0.0,2011,13,4,NoHoliday,285031.81,281699.68,286197.5,286303.04249999975,5325.325621337889
44,2011-04-08,292498.61,False,C,39910,42.75,3.547,128.8238065,6.906,0.0,0.0,0.0,0.0,0.0,2011,14,4,NoHoliday,281514.26,285031.81,257361.3,283185.4724999998,1837.3297735387487
44,2011-04-15,289667.55,False,C,39910,41.72,3.616,128.9107333,6.906,0.0,0.0,0.0,0.0,0.0,2011,15,4,NoHoliday,292498.61,281514.26,280048.74,285186.08999999973,5135.95630054153
44,2011-04-22,280357.3,False,C,39910,47.55,3.655,128.9553,6.906,0.0,0.0,0.0,0.0,0.0,2011,16,4,NoHoliday,289667.55,292498.61,278287.04,287178.05749999976,4871.373260262053
44,2011-04-29,281247.97000000003,False,C,39910,43.85,3.683,128.9998667,6.906,0.0,0.0,0.0,0.0,0.0,2011,17,4,NoHoliday,280357.3,289667.55,272997.65,286009.42999999976,5990.114799400034
44,2011-05-06,299354.67,False,C,39910,47.75,3.744,129.0444333,6.906,0.0,0.0,0.0,0.0,0.0,2011,18,5,NoHoliday,281247.97000000003,280357.3,285379.86,285942.85749999975,6057.822665547198
44,2011-05-13,307095.31,False,C,39910,52.4,3.77,129.089,6.906,0.0,0.0,0.0,0.0,0.0,2011,19,5,NoHoliday,299354.67,281247.97000000003,286515.92,287656.87249999976,8855.113030608612
44,2011-05-20,303559.23,False,C,39910,52.12,3.802,129.0756774,6.906,0.0,0.0,0.0,0.0,0.0,2011,20,5,NoHoliday,307095.31,299354.67,267065.35,292013.81249999977,13330.633945069756
44,2011-05-27,308442.49,False,C,39910,54.62,3.778,129.0623548,6.906,0.0,0.0,0.0,0.0,0.0,2011,21,5,NoHoliday,303559.23,307095.31,291891.01,297814.29499999975,11488.507254171638
44,2011-06-03,308950.04,False,C,39910,52.76,3.752,129.0490323,6.906,0.0,0.0,0.0,0.0,0.0,2011,22,6,NoHoliday,308442.49,303559.23,282351.82,304612.92499999976,4065.6004981598726
44,2011-06-10,308770.42,False,C,39910,61.39,3.732,129.0357097,6.906,0.0,0.0,0.0,0.0,0.0,2011,23,6,NoHoliday,308950.04,308442.49,296818.2,307011.7674999997,2431.108234993836
44,2011-06-17,300255.87,False,C,39910,63.35,3.704,129.0432,6.906,0.0,0.0,0.0,0.0,0.0,2011,24,6,NoHoliday,308770.42,308950.04,293481.36,307430.54499999975,2589.41709265284
44,2011-06-24,296765.59,False,C,39910,66.38,3.668,129.0663,6.906,0.0,0.0,0.0,0.0,0.0,2011,25,6,NoHoliday,300255.87,308770.42,288247.24,306604.7049999997,4237.76974925923
44,2011-07-01,315273.08,False,C,39910,74.29,3.613,129.0894,6.56,0.0,0.0,0.0,0.0,0.0,2011,26,7,NoHoliday,296765.59,300255.87,300628.19,303685.47999999975,6143.270280500941
44,2011-07-08,295339.01,False,C,39910,77.3,3.563,129.1125,6.56,0.0,0.0,0.0,0.0,0.0,2011,27,7,NoHoliday,315273.08,296765.59,280472.78,305266.23999999976,8362.23618963608
44,2011-07-15,289201.21,False,C,39910,75.59,3.553,129.1338387,6.56,0.0,0.0,0.0,0.0,0.0,2011,28,7,NoHoliday,295339.01,315273.08,297099.95,301908.3874999998,9146.053914620323
44,2011-07-22,303108.81,False,C,39910,78.5,3.563,129.1507742,6.56,0.0,0.0,0.0,0.0,0.0,2011,29,7,NoHoliday,289201.21,295339.01,292680.16,299144.7224999998,11241.901909483806
44,2011-07-29,279677.0,False,C,39910,77.62,3.574,129.1677097,6.56,0.0,0.0,0.0,0.0,0.0,2011,30,7,NoHoliday,303108.81,289201.21,275020.96,300730.5274999998,11241.821974073502
44,2011-08-05,298080.45,False,C,39910,75.56,3.595,129.1846452,6.56,0.0,0.0,0.0,0.0,0.0,2011,31,8,NoHoliday,279677.0,303108.81,296804.49,291831.5074999998,9901.694182093996
44,2011-08-12,290399.66,False,C,39910,75.95,3.606,129.2015806,6.56,0.0,0.0,0.0,0.0,0.0,2011,32,8,NoHoliday,298080.45,279677.0,291028.08999999997,292516.86749999976,10311.78093718551
44,2011-08-19,290909.69,False,C,39910,76.68,3.578,129.2405806,6.56,0.0,0.0,0.0,0.0,0.0,2011,33,8,NoHoliday,290399.66,298080.45,284740.5,292816.47999999975,10200.13710086973
44,2011-08-26,324174.79,False,C,39910,81.53,3.57,129.2832581,6.56,0.0,0.0,0.0,0.0,0.0,2011,34,8,NoHoliday,290909.69,290399.66,293155.08,289766.6999999997,7585.678385646058
44,2011-09-02,309543.52,False,C,39910,77.0,3.58,129.3259355,6.56,0.0,0.0,0.0,0.0,0.0,2011,35,9,NoHoliday,324174.79,290909.69,295880.12,300891.14749999973,15913.608770984616
44,2011-09-09,295811.25,True,C,39910,70.19,3.619,129.3686129,6.56,0.0,0.0,0.0,0.0,0.0,2011,36,9,LaborDay,309543.52,324174.79,283455.13,303756.91499999975,16266.959030846887
44,2011-09-16,303974.28,False,C,39910,67.54,3.641,129.4306,6.56,0.0,0.0,0.0,0.0,0.0,2011,37,9,NoHoliday,295811.25,309543.52,279364.13,305109.81249999977,14958.140179724418
44,2011-09-23,307409.13,False,C,39910,63.6,3.648,129.5183333,6.56,0.0,0.0,0.0,0.0,0.0,2011,38,9,NoHoliday,303974.28,295811.25,281313.77999999997,308375.9599999998,11947.286302548853
44,2011-09-30,299757.75,False,C,39910,68.28,3.623,129.6060667,6.56,0.0,0.0,0.0,0.0,0.0,2011,39,9,NoHoliday,307409.13,303974.28,300152.45,304184.54499999975,6035.253158361365
44,2011-10-07,312577.36,False,C,39910,60.62,3.592,129.6938,6.078,0.0,0.0,0.0,0.0,0.0,2011,40,10,NoHoliday,299757.75,307409.13,279524.44,301738.10249999975,5040.185821800401
44,2011-10-14,293031.78,False,C,39910,51.74,3.567,129.7706452,6.078,0.0,0.0,0.0,0.0,0.0,2011,41,10,NoHoliday,312577.36,299757.75,268708.43,305929.6299999998,5425.149178168359
44,2011-10-21,305969.81,False,C,39910,54.66,3.579,129.7821613,6.078,0.0,0.0,0.0,0.0,0.0,2011,42,10,NoHoliday,293031.78,312577.36,270110.3,303194.0049999998,8580.856508410301
44,2011-10-28,306336.07,False,C,39910,47.41,3.567,129.7936774,6.078,0.0,0.0,0.0,0.0,0.0,2011,43,10,NoHoliday,305969.81,293031.78,286497.49,302834.1749999998,8372.8370215955
44,2011-11-04,307126.34,False,C,39910,43.51,3.538,129.8051935,6.078,0.0,0.0,0.0,0.0,0.0,2011,44,11,NoHoliday,306336.07,305969.81,270516.84,304478.7549999998,8211.648305411782
44,2011-11-11,312233.56,False,C,39910,33.8,3.513,129.8167097,6.078,2344.32,10766.880000000001,205.92000000000002,0.0,37366.56,2011,45,11,NoHoliday,307126.34,306336.07,281909.79,303115.99999999977,6740.113804713956
44,2011-11-18,310531.04,False,C,39910,40.65,3.489,129.8268333,6.078,43932.93,0.0,0.0,0.0,47954.79,2011,46,11,NoHoliday,312233.56,307126.34,284322.52,307916.4449999998,2918.2598041950937
44,2011-11-25,309129.01,True,C,39910,38.89,3.445,129.8364,6.078,0.0,0.0,0.0,0.0,12566.05,2011,47,11,Thanksgiving,310531.04,312233.56,307646.5,309056.75249999977,2792.5039699678937
44,2011-12-02,284309.34,False,C,39910,33.94,3.389,129.8459667,6.078,2940.0,0.0,207.27,0.0,58074.310000000005,2011,48,12,NoHoliday,309129.01,310531.04,264214.12,309754.98749999976,2163.886525554113
44,2011-12-09,304300.91,False,C,39910,24.82,3.341,129.8555333,6.078,0.0,0.0,24.439999999999998,0.0,22961.64,2011,49,12,NoHoliday,284309.34,309129.01,278253.28,304050.73749999976,13222.008564658541
44,2011-12-16,311144.16,False,C,39910,27.85,3.282,129.8980645,6.078,1499.3999999999999,0.0,344.25,0.0,53122.619999999995,2011,50,12,NoHoliday,304300.91,284309.34,278646.35,302067.5749999997,12135.853213507993
44,2011-12-23,376233.89,False,C,39910,24.76,3.186,129.9845484,6.078,1900.0,0.0,0.0,0.0,37342.0,2011,51,12,NoHoliday,311144.16,304300.91,365098.24,302220.85499999975,12281.38124807668
44,2011-12-30,263917.85,True,C,39910,31.53,3.119,130.0710323,6.078,20086.08,76754.58,0.0,864.36,7541.1,2011,52,12,Christmas,376233.89,311144.16,241937.11000000002,318997.0749999998,39820.16863573273
44,2012-01-06,325327.93,False,C,39910,33.8,3.08,130.1575161,5.774,97.0,2570.5,2702.5,0.0,40455.0,2012,1,1,NoHoliday,263917.85,376233.89,288320.38,313899.2024999997,46488.229125232036
44,2012-01-13,312361.88,False,C,39910,25.61,3.056,130.244,5.774,55856.840000000004,1435.2,2516.28,0.0,28347.8,2012,2,1,NoHoliday,325327.93,263917.85,292859.36,319155.9574999998,46229.21530242374
44,2012-01-20,316948.39,False,C,39910,32.71,3.047,130.2792258,5.774,18153.6,1076.16,3168.0,0.0,23092.32,2012,3,1,NoHoliday,312361.88,325327.93,276157.8,319460.3874999998,46162.83108674095
44,2012-01-27,308295.38,False,C,39910,34.32,3.058,130.3144516,5.774,888.0000000000001,614.0,3168.0,0.0,11243.0,2012,4,1,NoHoliday,316948.39,312361.88,276011.4,304639.0124999997,27673.13883889143
44,2012-02-03,325986.05,False,C,39910,31.39,3.077,130.3496774,5.774,75926.5,200.0,3877.0000000000005,0.0,58874.0,2012,5,2,NoHoliday,308295.38,316948.39,293953.08,315733.3949999998,7308.043406811936
44,2012-02-10,325377.97000000003,True,C,39910,33.73,3.116,130.3849032,5.774,128084.31999999999,598.0,3969.16,0.0,85045.48,2012,6,2,SuperBowl,325986.05,308295.38,307486.73,315897.92499999976,7597.719998059359
44,2012-02-17,320691.21,False,C,39910,36.57,3.119,130.4546207,5.774,4908.0,54000.5,880.0000000000001,0.0,129170.5,2012,7,2,NoHoliday,325377.97000000003,325986.05,280785.76,319151.9474999998,8330.446901668247
44,2012-02-24,315641.8,False,C,39910,35.38,3.145,130.5502069,5.774,13800.089999999998,945.0300000000001,0.0,0.0,58556.670000000006,2012,8,2,NoHoliday,320691.21,325377.97000000003,279427.93,320087.6524999998,8209.760953574194
44,2012-03-02,316687.22000000003,False,C,39910,32.36,3.242,130.6457931,5.774,32386.179999999997,0.0,179.67000000000002,3137.0699999999997,49066.869999999995,2012,9,3,NoHoliday,315641.8,320691.21,293984.54,321924.2574999998,4810.265646780865
44,2012-03-09,303438.24,False,C,39910,38.24,3.38,130.7413793,5.774,120350.37000000001,73.5,24.009999999999998,1374.9399999999998,33878.6,2012,10,3,NoHoliday,316687.22000000003,315641.8,284496.14,319599.54999999976,4424.451393451524
44,2012-03-16,331965.95,False,C,39910,52.5,3.529,130.8261935,5.774,12513.599999999999,0.0,47.519999999999996,0.0,22534.079999999998,2012,11,3,NoHoliday,303438.24,316687.22000000003,281699.68,314114.61749999976,7442.830453996274
44,2012-03-23,296947.06,False,C,39910,47.83,3.671,130.8966452,5.774,17354.5,150.0,17.0,0.0,15154.0,2012,12,3,NoHoliday,331965.95,303438.24,285031.81,316933.30249999976,11687.967289742297
44,2012-03-30,310027.29,False,C,39910,53.2,3.734,130.9670968,5.774,4480.86,0.0,0.0,120.36,61989.48,2012,13,3,NoHoliday,296947.06,331965.95,281514.26,312259.61749999976,15494.454091092286
44,2012-04-06,320021.1,False,C,39910,48.85,3.793,131.0375484,5.621,12415.619999999999,0.0,576.24,0.0,25100.25,2012,14,4,NoHoliday,310027.29,296947.06,292498.61,310594.6349999998,15215.400947844591
44,2012-04-13,311390.22,False,C,39910,51.7,3.833,131.108,5.621,824.4999999999999,55913.5,903.9999999999999,0.0,73044.5,2012,15,4,NoHoliday,320021.1,310027.29,289667.55,314740.34999999974,14870.795983695636
44,2012-04-20,323233.8,False,C,39910,50.24,3.845,131.1173333,5.621,2975.34,37.23,392.7,0.0,20547.899999999998,2012,16,4,NoHoliday,311390.22,320021.1,280357.3,309596.41749999975,9523.368258570366
44,2012-04-27,330338.36,False,C,39910,64.8,3.842,131.1266667,5.621,122005.1,0.0,195.02,813.4000000000001,40241.74,2012,17,4,NoHoliday,323233.8,311390.22,281247.97000000003,316168.10249999975,6462.904669375185
44,2012-05-04,326053.27999999997,False,C,39910,54.41,3.831,131.136,5.621,25655.0,0.0,430.99999999999994,0.0,26477.499999999996,2012,18,5,NoHoliday,330338.36,323233.8,299354.67,321245.86999999976,7858.3106457634
44,2012-05-11,341381.08,False,C,39910,56.47,3.809,131.1453333,5.621,27518.4,0.0,109.2,0.0,55357.119999999995,2012,19,5,NoHoliday,326053.27999999997,330338.36,307095.31,322753.91499999975,8119.389736570435
44,2012-05-18,334042.43,False,C,39910,65.17,3.808,131.0983226,5.621,41200.61,0.0,0.0,0.0,59266.19,2012,20,5,NoHoliday,341381.08,326053.27999999997,303559.23,330251.6299999998,7973.8794423183535
44,2012-05-25,343268.29000000004,False,C,39910,62.39,3.801,131.0287742,5.621,3215.04,0.0,0.0,0.0,21416.43,2012,21,5,NoHoliday,334042.43,341381.08,308442.49,332953.78749999974,6497.739765836887
44,2012-06-01,323410.94,False,C,39910,61.11,3.788,130.9592258,5.621,18780.5,0.0,0.0,0.0,34345.0,2012,22,6,NoHoliday,343268.29000000004,334042.43,308950.04,336186.2699999998,7840.378276524011
44,2012-06-08,340238.38,False,C,39910,68.4,3.776,130.8896774,5.621,14920.2,0.0,1689.6599999999999,0.0,66164.58,2012,23,6,NoHoliday,323410.94,343268.29000000004,308770.42,335525.68499999976,9003.715430437642
44,2012-06-15,338400.82,False,C,39910,65.97,3.756,130.8295333,5.621,168171.48,0.0,503.88000000000005,1175.04,50687.88,2012,24,6,NoHoliday,340238.38,323410.94,300255.87,335240.0099999998,8771.128346102672
44,2012-06-22,336241.0,False,C,39910,72.89,3.737,130.7929,5.621,26779.84,0.0,41.870000000000005,2326.17,64787.200000000004,2012,25,6,NoHoliday,338400.82,340238.38,296765.59,336329.6074999998,8843.183976808261
44,2012-06-29,338386.08,False,C,39910,82.0,3.681,130.7562667,5.621,9067.24,0.0,0.0,0.0,57969.08,2012,26,6,NoHoliday,336241.0,338400.82,315273.08,334572.7849999998,7618.454432283747
44,2012-07-06,358461.58,False,C,39910,79.23,3.63,130.7196333,5.407,42222.6,0.0,154.98000000000002,0.0,57888.0,2012,27,7,NoHoliday,338386.08,336241.0,295339.01,338316.5699999998,1634.3473986329866
44,2012-07-13,336479.49,False,C,39910,83.68,3.595,130.683,5.407,19383.0,0.0,32.76,0.0,21376.16,2012,28,7,NoHoliday,358461.58,338386.08,289201.21,342872.36999999976,10442.22348483972
44,2012-07-20,337819.16,False,C,39910,75.69,3.556,130.7012903,5.407,10621.52,0.0,63.44,0.0,59324.2,2012,29,7,NoHoliday,336479.49,358461.58,303108.81,342392.03749999974,10755.949856888747
44,2012-07-27,319855.26,False,C,39910,80.42,3.537,130.7195806,5.407,1586.52,0.0,0.0,21.32,90319.32,2012,30,7,NoHoliday,337819.16,336479.49,279677.0,342786.5774999998,10480.532286560234
44,2012-08-03,342385.38,False,C,39910,81.99,3.512,130.737871,5.407,34717.76,0.0,86.24000000000001,4344.48,80069.36,2012,31,8,NoHoliday,319855.26,337819.16,298080.45,338153.87249999976,15813.05149340609
44,2012-08-10,333594.81,False,C,39910,81.69,3.509,130.7561613,5.407,4633.75,0.0,384.45,242.55,45717.65,2012,32,8,NoHoliday,342385.38,319855.26,290399.66,334134.8224999998,9849.693951362964
44,2012-08-17,327389.51,False,C,39910,79.4,3.545,130.7909677,5.407,21377.72,0.0,508.03999999999996,0.0,35836.32,2012,33,8,NoHoliday,333594.81,342385.38,290909.69,333413.65249999973,9725.622789751249
44,2012-08-24,337985.74,False,C,39910,77.37,3.582,130.8381613,5.407,3770.4300000000003,0.0,4476.2699999999995,4577.76,31853.58,2012,34,8,NoHoliday,327389.51,333594.81,324174.79,330806.23999999976,9547.261609013858
44,2012-08-31,339490.69,False,C,39910,79.18,3.624,130.8853548,5.407,18892.91,0.0,2072.83,0.0,42173.16,2012,35,8,NoHoliday,337985.74,327389.51,309543.52,335338.85999999975,6400.346181382421
44,2012-09-07,338737.33,True,C,39910,70.65,3.689,130.9325484,5.407,14976.21,0.0,5634.43,0.0,21545.559999999998,2012,36,9,LaborDay,339490.69,337985.74,295811.25,334615.18749999977,5427.79066208105
44,2012-09-14,347726.67,False,C,39910,68.55,3.749,130.9776667,5.407,54083.32,0.0,1173.9499999999998,0.0,39891.509999999995,2012,37,9,NoHoliday,338737.33,339490.69,303974.28,335900.8174999998,5707.370818344016
44,2012-09-21,336017.6,False,C,39910,67.96,3.821,131.0103333,5.407,2972.84,0.0,0.0,0.0,44431.92,2012,38,9,NoHoliday,347726.67,338737.33,307409.13,340985.10749999975,4536.175251971087
44,2012-09-28,355307.94,False,C,39910,64.8,3.821,131.043,5.407,20571.84,0.0,0.0,0.0,109189.62,2012,39,9,NoHoliday,336017.6,347726.67,299757.75,340493.0724999998,5047.844072717622
44,2012-10-05,337390.44,False,C,39910,61.79,3.815,131.0756667,5.217,22984.5,0.0,1.1,0.0,27308.6,2012,40,10,NoHoliday,355307.94,336017.6,312577.36,344447.3849999998,8800.97283112926
44,2012-10-12,337796.13,False,C,39910,55.1,3.797,131.1083333,5.217,3777.8399999999997,0.0,164.7,0.0,53979.48,2012,41,10,NoHoliday,337390.44,355307.94,293031.78,344110.66249999974,9112.511267205096
44,2012-10-19,323766.77,False,C,39910,52.06,3.781,131.1499677,5.217,6978.5,0.0,175.0,0.0,23601.0,2012,42,10,NoHoliday,337796.13,337390.44,305969.81,341628.0274999998,9151.638998298831
44,2012-10-26,361067.07,False,C,39910,46.97,3.755,131.1930968,5.217,2125.75,143.54999999999998,53.9,0.0,25175.7,2012,43,10,NoHoliday,323766.77,337796.13,306336.07,338565.3199999998,12926.515422340755
45,2011-02-04,759442.33,False,B,118221,28.73,3.231,183.4408542,8.549,0.0,0.0,0.0,0.0,0.0,2011,5,2,NoHoliday,617207.58,644285.33,890689.51,648941.5524999998,26044.81183964519
45,2011-02-11,766456.0,True,B,118221,30.3,3.239,183.7016129,8.549,0.0,0.0,0.0,0.0,0.0,2011,6,2,SuperBowl,759442.33,617207.58,656988.64,668738.5474999998,62442.62211020848
45,2011-02-18,802253.41,False,B,118221,40.7,3.245,183.9371353,8.549,0.0,0.0,0.0,0.0,0.0,2011,7,2,NoHoliday,766456.0,759442.33,841264.04,696847.8099999997,77176.75510874484
45,2011-02-25,733716.78,False,B,118221,35.78,3.274,184.1625632,8.549,0.0,0.0,0.0,0.0,0.0,2011,8,2,NoHoliday,802253.41,766456.0,741891.65,736339.8299999997,81604.33448502475
45,2011-03-04,761880.36,False,B,118221,38.65,3.433,184.3879911,8.549,0.0,0.0,0.0,0.0,0.0,2011,9,3,NoHoliday,733716.78,802253.41,777951.22,765467.1299999999,28275.968597083905
45,2011-03-11,714014.73,False,B,118221,45.01,3.582,184.613419,8.549,0.0,0.0,0.0,0.0,0.0,2011,10,3,NoHoliday,761880.36,733716.78,765687.4199999999,766076.6374999998,28128.70364789004
45,2011-03-18,733564.77,False,B,118221,46.66,3.631,184.809719,8.549,0.0,0.0,0.0,0.0,0.0,2011,11,3,NoHoliday,714014.73,761880.36,773819.49,752966.3199999998,38281.625285777765
45,2011-03-25,719737.25,False,B,118221,41.76,3.625,184.9943679,8.549,0.0,0.0,0.0,0.0,0.0,2011,12,3,NoHoliday,733564.77,714014.73,782563.38,735794.1599999998,19698.72321611236
45,2011-04-01,712425.76,False,B,118221,37.27,3.638,185.1790167,8.521,0.0,0.0,0.0,0.0,0.0,2011,13,4,NoHoliday,719737.25,733564.77,877235.96,732299.2774999999,21360.174198444423
45,2011-04-08,750182.71,False,B,118221,48.71,3.72,185.3636656,8.521,0.0,0.0,0.0,0.0,0.0,2011,14,4,NoHoliday,712425.76,719737.25,833782.7000000001,719935.6274999997,9613.32436474373
45,2011-04-15,765270.02,False,B,118221,53.69,3.821,185.5339821,8.521,0.0,0.0,0.0,0.0,0.0,2011,15,4,NoHoliday,750182.71,712425.76,782221.96,728977.6224999997,16633.76379798079
45,2011-04-22,813630.44,False,B,118221,53.04,3.892,185.6684673,8.521,0.0,0.0,0.0,0.0,0.0,2011,16,4,NoHoliday,765270.02,750182.71,749779.1,736903.9349999997,24998.911769523478
45,2011-04-29,786561.61,False,B,118221,66.18,3.962,185.8029526,8.521,0.0,0.0,0.0,0.0,0.0,2011,17,4,NoHoliday,813630.44,765270.02,737265.57,760377.2324999997,41885.22206583047
45,2011-05-06,810150.64,False,B,118221,58.21,4.046,185.9374378,8.521,0.0,0.0,0.0,0.0,0.0,2011,18,5,NoHoliday,786561.61,813630.44,812190.76,778911.1949999998,27540.045563079297
45,2011-05-13,793889.1,False,B,118221,60.38,4.066,186.0719231,8.521,0.0,0.0,0.0,0.0,0.0,2011,19,5,NoHoliday,810150.64,786561.61,758182.2,793903.1774999998,22560.298795599887
45,2011-05-20,727163.67,False,B,118221,62.28,4.062,185.9661154,8.521,0.0,0.0,0.0,0.0,0.0,2011,20,5,NoHoliday,793889.1,810150.64,747888.25,801057.9474999998,12939.355985834682
45,2011-05-27,817653.25,False,B,118221,69.7,3.985,185.8603077,8.521,0.0,0.0,0.0,0.0,0.0,2011,21,5,NoHoliday,727163.67,793889.1,801098.43,779441.2549999998,36219.01848942454
45,2011-06-03,877423.45,False,B,118221,76.38,3.922,185.7545,8.521,0.0,0.0,0.0,0.0,0.0,2011,22,6,NoHoliday,817653.25,727163.67,837548.62,787214.1649999998,41244.136908951536
45,2011-06-10,814395.17,False,B,118221,73.88,3.881,185.6486923,8.521,0.0,0.0,0.0,0.0,0.0,2011,23,6,NoHoliday,877423.45,817653.25,794698.77,804032.3674999998,62138.184614490965
45,2011-06-17,811153.67,False,B,118221,69.32,3.842,185.6719333,8.521,0.0,0.0,0.0,0.0,0.0,2011,24,6,NoHoliday,814395.17,877423.45,815130.5,809158.8849999998,61867.70572471455
45,2011-06-24,762861.78,False,B,118221,74.85,3.804,185.7919609,8.521,0.0,0.0,0.0,0.0,0.0,2011,25,6,NoHoliday,811153.67,814395.17,792299.15,830156.3849999998,31622.897264579784
45,2011-07-01,791495.25,False,B,118221,74.04,3.748,185.9119885,8.625,0.0,0.0,0.0,0.0,0.0,2011,26,7,NoHoliday,762861.78,811153.67,800147.84,816458.5174999998,46981.315702120024
45,2011-07-08,768718.11,False,B,118221,77.49,3.711,186.032016,8.625,0.0,0.0,0.0,0.0,0.0,2011,27,7,NoHoliday,791495.25,762861.78,787062.0,794976.4674999998,23680.230263836595
45,2011-07-15,748435.2,False,B,118221,78.47,3.76,186.1399808,8.625,0.0,0.0,0.0,0.0,0.0,2011,28,7,NoHoliday,768718.11,791495.25,723708.99,783557.2024999998,22159.097419186342
45,2011-07-22,741625.25,False,B,118221,82.33,3.811,186.2177885,8.625,0.0,0.0,0.0,0.0,0.0,2011,29,7,NoHoliday,748435.2,768718.11,714601.11,767877.5849999997,17904.05183793163
45,2011-07-29,704680.97,False,B,118221,81.31,3.829,186.2955962,8.625,0.0,0.0,0.0,0.0,0.0,2011,30,7,NoHoliday,741625.25,748435.2,716859.27,762568.4524999997,22456.954811299787
45,2011-08-05,765996.92,False,B,118221,78.22,3.842,186.3734038,8.625,0.0,0.0,0.0,0.0,0.0,2011,31,8,NoHoliday,704680.97,741625.25,746517.3200000001,740864.8824999997,26726.80097950134
45,2011-08-12,724180.89,False,B,118221,77.0,3.812,186.4512115,8.625,0.0,0.0,0.0,0.0,0.0,2011,32,8,NoHoliday,765996.92,704680.97,722262.21,740184.5849999997,25800.074158642034
45,2011-08-19,712362.72,False,B,118221,72.98,3.747,186.5093071,8.625,0.0,0.0,0.0,0.0,0.0,2011,33,8,NoHoliday,724180.89,765996.92,708568.29,734121.0074999997,26063.443090245397
45,2011-08-26,833979.01,False,B,118221,72.55,3.704,186.5641172,8.625,0.0,0.0,0.0,0.0,0.0,2011,34,8,NoHoliday,712362.72,724180.89,721744.33,726805.3749999998,27330.96352179698
45,2011-09-02,726482.39,False,B,118221,70.63,3.703,186.6189274,8.625,0.0,0.0,0.0,0.0,0.0,2011,35,9,NoHoliday,833979.01,712362.72,790144.7,759129.8849999998,54948.90856251986
45,2011-09-09,746129.56,True,B,118221,71.48,3.738,186.6737376,8.625,0.0,0.0,0.0,0.0,0.0,2011,36,9,LaborDay,726482.39,833979.01,721460.22,749251.2524999998,56822.826682125415
45,2011-09-16,711367.56,False,B,118221,69.17,3.742,186.8024,8.625,0.0,0.0,0.0,0.0,0.0,2011,37,9,NoHoliday,746129.56,726482.39,716987.5800000001,754738.4199999998,54611.618897847584
45,2011-09-23,714106.42,False,B,118221,63.75,3.711,187.0295321,8.625,0.0,0.0,0.0,0.0,0.0,2011,38,9,NoHoliday,711367.56,746129.56,678228.58,754489.6299999998,54870.668292887996
45,2011-09-30,698986.34,False,B,118221,70.66,3.645,187.2566641,8.625,0.0,0.0,0.0,0.0,0.0,2011,39,9,NoHoliday,714106.42,711367.56,690007.76,724521.4824999998,15835.12314991204
45,2011-10-07,753447.05,False,B,118221,55.82,3.583,187.4837962,8.523,0.0,0.0,0.0,0.0,0.0,2011,40,10,NoHoliday,698986.34,714106.42,745782.1,717647.4699999997,20095.136462919938
45,2011-10-14,720946.99,False,B,118221,63.82,3.541,187.6917481,8.523,0.0,0.0,0.0,0.0,0.0,2011,41,10,NoHoliday,753447.05,698986.34,715263.3,719476.8424999998,23582.745039705766
45,2011-10-21,771686.4,False,B,118221,59.6,3.57,187.7846197,8.523,0.0,0.0,0.0,0.0,0.0,2011,42,10,NoHoliday,720946.99,753447.05,730899.37,721871.6999999997,22962.992633430145
45,2011-10-28,781694.57,False,B,118221,51.78,3.569,187.8774913,8.523,0.0,0.0,0.0,0.0,0.0,2011,43,10,NoHoliday,771686.4,720946.99,732859.76,736266.6949999998,32528.133107919868
45,2011-11-04,833429.22,False,B,118221,43.92,3.551,187.9703629,8.523,0.0,0.0,0.0,0.0,0.0,2011,44,11,NoHoliday,781694.57,771686.4,764014.0599999999,756943.7524999998,26695.458172474202
45,2011-11-11,808624.8200000001,False,B,118221,47.65,3.53,188.0632345,8.523,1567553.0,370574.16,12868.32,228186.92,262792.8,2011,45,11,NoHoliday,833429.22,781694.57,765648.93,776939.2949999997,46102.98396690013
45,2011-11-18,773603.77,False,B,118221,51.34,3.53,188.1983654,8.523,288343.12,9041.28,7596.28,18369.52,480964.0,2011,46,11,NoHoliday,808624.8200000001,833429.22,723987.85,798858.7524999998,27829.475973572808
45,2011-11-25,1170672.94,True,B,118221,48.71,3.492,188.3504,8.523,9579.16,26167.76,1833415.32,1944.12,75488.15999999999,2011,47,11,Thanksgiving,773603.77,808624.8200000001,1182500.16,799338.0949999999,27215.176664579394
45,2011-12-02,875699.81,False,B,118221,50.19,3.452,188.5024346,8.523,478492.69999999995,8453.2,56195.299999999996,174310.5,1250305.0,2011,48,12,NoHoliday,1170672.94,773603.77,879244.9,896582.6874999998,184367.59257656237
45,2011-12-09,957155.3099999999,False,B,118221,46.57,3.415,188.6544692,8.523,420014.92,195.16,25810.76,108353.92,691594.0,2011,49,12,NoHoliday,875699.81,1170672.94,1002364.34,907150.3349999998,180716.40858732295
45,2011-12-16,1078905.68,False,B,118221,39.93,3.413,188.7979349,8.523,314925.68,606.56,54491.12,57686.44,187531.76,2011,50,12,NoHoliday,957155.3099999999,875699.81,1123282.85,944282.9574999998,168575.55655345786
45,2011-12-23,1521957.99,False,B,118221,42.27,3.389,188.9299752,8.523,55797.0,6239.8,137353.30000000002,1190.0,208985.7,2011,51,12,NoHoliday,1078905.68,957155.3099999999,1682862.03,1020608.4349999997,130310.82470662231
45,2011-12-30,869403.63,True,B,118221,37.79,3.389,189.0620155,8.523,245095.8,2988026.08,19546.6,24305.24,51000.68,2011,52,12,Christmas,1521957.99,1078905.68,679156.2,1108429.6974999998,288053.50032970327
45,2012-01-06,714081.0499999999,False,B,118221,35.88,3.422,189.1940558,8.424,498313.52,2269757.72,2352.8,81496.64,463698.80000000005,2012,1,1,NoHoliday,869403.63,1521957.99,680254.35,1106855.6524999996,289761.28513812134
45,2012-01-13,676615.53,False,B,118221,41.18,3.513,189.3260962,8.424,233811.91,751721.24,61.64,32767.69,642951.43,2012,2,1,NoHoliday,714081.0499999999,869403.63,654018.9500000001,1046087.0874999997,350701.7863990568
45,2012-01-20,700392.21,False,B,118221,31.85,3.533,189.4214733,8.424,221207.1,278657.19,151.10999999999999,33715.47,161742.21000000002,2012,3,1,NoHoliday,676615.53,714081.0499999999,644285.33,945514.5499999998,393254.81965324265
45,2012-01-27,624081.64,False,B,118221,37.93,3.567,189.5168505,8.424,126662.83,175438.83,0.0,9317.689999999999,381413.57999999996,2012,4,1,NoHoliday,700392.21,676615.53,617207.58,740123.1049999997,87565.97298192524
45,2012-02-03,757330.95,False,B,118221,42.96,3.617,189.6122277,8.424,2439044.43,301781.16000000003,1452.45,2632895.79,407686.5,2012,5,2,NoHoliday,624081.64,700392.21,759442.33,678792.6074999997,39622.580403508706
45,2012-02-10,803657.12,True,B,118221,37.0,3.64,189.7076048,8.424,1071700.4,415748.6,369.24,384631.80000000005,318619.44,2012,6,2,SuperBowl,757330.95,624081.64,766456.0,689605.0824999998,55272.67329511627
45,2012-02-17,858853.75,False,B,118221,36.85,3.695,189.8424834,8.424,590473.24,504695.32,119.68,617774.56,135674.96,2012,7,2,NoHoliday,803657.12,757330.95,802253.41,721365.4799999997,77393.91153030812
45,2012-02-24,753060.78,False,B,118221,42.86,3.739,190.0069881,8.424,612422.2799999999,393511.92,136.0,291802.96,518599.28,2012,8,2,NoHoliday,858853.75,803657.12,733716.78,760980.8649999998,100258.14022510183
45,2012-03-02,782796.01,False,B,118221,41.55,3.816,190.1714927,8.424,1552601.84,171037.0,272.0,905615.84,174112.64,2012,9,3,NoHoliday,753060.78,858853.75,761880.36,793225.6499999997,49387.9517905889
45,2012-03-09,776968.87,False,B,118221,45.52,3.848,190.3359973,8.424,768614.46,46787.520000000004,137.31,225437.49,343031.43,2012,10,3,NoHoliday,782796.01,753060.78,714014.73,799591.9149999998,44630.856024529974
45,2012-03-16,788340.23,False,B,118221,50.56,3.862,190.4618964,8.424,406800.8,26299.0,258.3,241083.5,189452.9,2012,11,3,NoHoliday,776968.87,782796.01,733564.77,792919.8524999998,45800.11109816106
45,2012-03-23,791835.37,False,B,118221,59.45,3.9,190.5363213,8.424,421848.75,22406.14,305.52,58522.490000000005,80505.19,2012,12,3,NoHoliday,788340.23,776968.87,719737.25,775291.4724999998,15530.67402290271
45,2012-03-30,777254.06,False,B,118221,50.04,3.953,190.6107463,8.424,670898.2,14020.24,221.0,123445.15999999999,106186.08,2012,13,3,NoHoliday,791835.37,788340.23,712425.76,784985.1199999999,6512.427987072719
45,2012-04-06,899479.43,False,B,118221,49.73,3.996,190.6851712,8.567,914630.6000000001,0.0,1808.12,228720.72,269416.68,2012,14,4,NoHoliday,777254.06,791835.37,750182.71,783599.6324999998,7627.449083002101
45,2012-04-13,781970.6,False,B,118221,51.83,4.044,190.7595962,8.567,317374.98,405157.04,1117.56,90792.37,150490.03999999998,2012,15,4,NoHoliday,899479.43,777254.06,765270.02,814227.2724999997,57173.6683796863
45,2012-04-20,776661.74,False,B,118221,63.13,4.027,190.8138013,8.567,635552.1,184026.45,431.25,66952.77,177207.18,2012,16,4,NoHoliday,781970.6,899479.43,813630.44,812634.8649999998,58214.247891623934
45,2012-04-27,711571.88,False,B,118221,53.2,4.004,190.8680064,8.567,195354.48,2.04,2524.16,5097.96,169679.72,2012,17,4,NoHoliday,776661.74,781970.6,786561.61,808841.4574999998,60471.9850865641
45,2012-05-04,782300.68,False,B,118221,55.21,3.951,190.9222115,8.567,802969.54,0.0,3183.84,412092.21,118961.18,2012,18,5,NoHoliday,711571.88,776661.74,810150.64,792420.9124999999,78221.16673200231
45,2012-05-11,770487.37,False,B,118221,61.24,3.889,190.9764167,8.567,857560.24,0.0,1452.48,113382.52,157292.16,2012,19,5,NoHoliday,782300.68,711571.88,793889.1,763126.2249999999,34466.557938646365
45,2012-05-18,800842.28,False,B,118221,66.3,3.848,190.9964479,8.567,463334.32,0.0,942.48,63681.32,200025.40000000002,2012,20,5,NoHoliday,770487.37,782300.68,727163.67,760255.4174999997,32812.29795963966
45,2012-05-25,817741.17,False,B,118221,67.21,3.798,191.0028096,8.567,359816.13,0.0,24201.74,86270.54,164941.27,2012,21,5,NoHoliday,800842.28,770487.37,817653.25,766300.5524999998,38565.49430567528
45,2012-06-01,837144.63,False,B,118221,74.48,3.742,191.0091712,8.567,713122.54,3229.4,13504.52,174156.44999999998,124416.99,2012,22,6,NoHoliday,817741.17,800842.28,877423.45,792842.8749999998,20775.161880756474
45,2012-06-08,795133.0,False,B,118221,64.3,3.689,191.0155329,8.567,556354.26,9807.6,5025.900000000001,96725.64,473944.02,2012,23,6,NoHoliday,837144.63,817741.17,814395.17,806553.8624999998,28251.04694977753
45,2012-06-15,821498.18,False,B,118221,71.93,3.62,191.0299731,8.567,554076.9199999999,17183.6,6123.4,83375.48,200082.52,2012,24,6,NoHoliday,795133.0,837144.63,811153.67,812715.2699999998,18904.650316279523
45,2012-06-22,822569.16,False,B,118221,74.22,3.564,191.0646096,8.567,378441.08,15130.0,78.88,146183.68000000002,508283.68,2012,25,6,NoHoliday,821498.18,795133.0,762861.78,817879.2449999998,17336.497878441918
45,2012-06-29,773367.71,False,B,118221,75.22,3.506,191.0992462,8.567,220521.12,28515.2,0.0,21096.96,151107.78,2012,26,6,NoHoliday,822569.16,821498.18,791495.25,819086.2424999998,17491.05811749895
45,2012-07-06,843361.1,False,B,118221,82.99,3.475,191.1338827,8.684,382075.85000000003,10985.0,4183.4,194770.55,356007.6,2012,27,7,NoHoliday,773367.71,822569.16,768718.11,803142.0124999998,23558.553407002608
45,2012-07-13,749817.08,False,B,118221,79.97,3.523,191.1685192,8.684,196553.28,7847.400000000001,1456.6200000000001,125369.64,342008.04,2012,28,7,NoHoliday,843361.1,773367.71,748435.2,815199.0374999999,29647.707199692995
45,2012-07-20,737613.65,False,B,118221,78.89,3.567,191.1670428,8.684,447744.25,1624.08,859.61,150739.94999999998,153316.1,2012,29,7,NoHoliday,749817.08,843361.1,741625.25,797278.7624999997,43156.82940389646
45,2012-07-27,711671.58,False,B,118221,77.2,3.647,191.1655664,8.684,385505.27,11252.65,82.41,615159.1599999999,211456.02,2012,30,7,NoHoliday,737613.65,749817.08,704680.97,776039.8849999998,47270.48954926574
45,2012-08-03,725729.51,False,B,118221,76.58,3.654,191.16409,8.684,1714860.45,2729.6400000000003,1239.24,768845.61,191014.08000000002,2012,31,8,NoHoliday,711671.58,737613.65,765996.92,760615.8524999997,57410.8950222884
45,2012-08-10,733037.32,False,B,118221,78.65,3.722,191.1626135,8.684,1215081.12,3440.8,3920.8799999999997,176387.24,128560.12,2012,32,8,NoHoliday,725729.51,711671.58,724180.89,731207.9549999997,16319.883266444409
45,2012-08-17,722496.9299999999,False,B,118221,75.71,3.807,191.2284919,8.684,241414.13999999998,396.0,19.8,107613.0,250418.52,2012,33,8,NoHoliday,733037.32,725729.51,712362.72,727013.0149999998,11338.323305123551
45,2012-08-24,718232.26,False,B,118221,72.62,3.834,191.3448865,8.684,531725.4,3911.46,1474.0,369710.69,153561.99,2012,34,8,NoHoliday,722496.9299999999,733037.32,833979.01,723233.8349999997,8880.042821764371
45,2012-08-31,734297.87,False,B,118221,75.09,3.867,191.461281,8.684,1607608.4,408.0,6319.240000000001,475205.08,271464.84,2012,35,8,NoHoliday,718232.26,722496.9299999999,726482.39,724874.0049999998,6248.596184451532
45,2012-09-07,766512.66,True,B,118221,75.7,3.911,191.5776756,8.684,760687.05,883.2,3631.4700000000003,127979.13,141843.3,2012,36,9,LaborDay,734297.87,718232.26,746129.56,727016.0949999997,7892.148150529601
45,2012-09-14,702238.27,False,B,118221,67.87,3.948,191.69985,8.684,787148.55,0.0,296.7,236098.68,363555.48,2012,37,9,NoHoliday,766512.66,734297.87,711367.56,735384.9299999997,21835.99403552938
45,2012-09-21,723086.2,False,B,118221,65.32,4.038,191.8567038,8.684,566297.4,6182.76,4237.08,159217.46000000002,580916.7999999999,2012,38,9,NoHoliday,702238.27,766512.66,714106.42,730320.2649999999,27449.52401205992
45,2012-09-28,713173.95,False,B,118221,64.88,3.997,192.0135577,8.684,300736.25999999995,1362.24,99.0,105666.66,217024.5,2012,39,9,NoHoliday,723086.2,702238.27,698986.34,731533.7499999998,26837.478480843445
45,2012-10-05,733455.0700000001,False,B,118221,64.89,3.985,192.1704115,8.667,343178.32,0.0,1279.76,153233.24,159120.68000000002,2012,40,10,NoHoliday,713173.95,723086.2,753447.05,726252.7699999998,28158.11103544565
45,2012-10-12,734464.36,False,B,118221,54.47,4.0,192.3272654,8.667,129114.48,0.0,520.74,39555.12,263375.64,2012,41,10,NoHoliday,733455.0700000001,713173.95,720946.99,717988.3724999997,13372.247001155378
45,2012-10-19,718125.53,False,B,118221,56.47,3.969,192.3308542,8.667,132265.32,0.0,209.88000000000002,28890.18,101474.34,2012,42,10,NoHoliday,734464.36,733455.0700000001,771686.4,726044.8949999997,10003.552464782586
45,2012-10-26,760281.43,False,B,118221,58.85,3.882,192.3088989,8.667,269266.97,3891.3599999999997,6700.0,14199.98,57508.11,2012,43,10,NoHoliday,718125.53,734464.36,781694.57,724804.7274999998,10770.69465316275
